2026-10-04 08:34;7475.0;7722.72;SPXW  261005C07475000;247.3;248.8;delta=0.994
2026-10-04 08:34;7480.0;7722.72;SPXW  261005C07480000;231.3;254.9;delta=0.993
2026-10-04 08:34;7485.0;7722.72;SPXW  261005C07485000;237.4;238.8;delta=0.993
2026-10-04 08:34;7490.0;7722.72;SPXW  261005C07490000;232.3;233.8;delta=0.993
2026-10-04 08:34;7495.0;7722.72;SPXW  261005C07495000;227.4;228.8;delta=0.993
2026-10-04 08:34;7500.0;7722.72;SPXW  261005C07500000;222.4;223.8;delta=0.993
2026-10-04 08:34;7505.0;7722.72;SPXW  261005C07505000;206.3;230.2;delta=0.992
2026-10-04 08:34;7510.0;7722.72;SPXW  261005C07510000;201.3;225.2;delta=0.991
2026-10-04 08:34;7515.0;7722.72;SPXW  261005C07515000;198.3;218.1;delta=0.99
2026-10-04 08:34;7520.0;7722.72;SPXW  261005C07520000;193.3;213.1;delta=0.991
2026-10-04 08:34;7525.0;7722.72;SPXW  261005C07525000;188.3;208.1;delta=0.991
2026-10-04 08:34;7530.0;7722.72;SPXW  261005C07530000;183.3;203.0;delta=0.99
2026-10-04 08:34;7535.0;7722.72;SPXW  261005C07535000;178.4;189.0;delta=0.989
2026-10-04 08:34;7540.0;7722.72;SPXW  261005C07540000;182.2;184.1;delta=0.988
2026-10-04 08:34;7545.0;7722.72;SPXW  261005C07545000;177.3;179.1;delta=0.988
2026-10-04 08:34;7550.0;7722.72;SPXW  261005C07550000;168.1;174.1;delta=0.987
2026-10-04 08:34;7555.0;7722.72;SPXW  261005C07555000;167.3;169.1;delta=0.986
2026-10-04 08:34;7560.0;7722.72;SPXW  261005C07560000;162.3;164.1;delta=0.985
2026-10-04 08:34;7565.0;7722.72;SPXW  261005C07565000;148.5;159.1;delta=0.984
2026-10-04 08:34;7570.0;7722.72;SPXW  261005C07570000;148.2;154.2;delta=0.982
2026-10-04 08:34;7575.0;7722.72;SPXW  261005C07575000;147.4;149.2;delta=0.981
2026-10-04 08:34;7580.0;7722.72;SPXW  261005C07580000;138.4;144.3;delta=0.979
2026-10-04 08:34;7585.0;7722.72;SPXW  261005C07585000;137.5;139.3;delta=0.977
2026-10-04 08:34;7590.0;7722.72;SPXW  261005C07590000;128.5;134.4;delta=0.974
2026-10-04 08:34;7595.0;7722.72;SPXW  261005C07595000;127.8;129.2;delta=0.972
2026-10-04 08:34;7600.0;7722.72;SPXW  261005C07600000;122.9;124.3;delta=0.969
2026-10-04 08:34;7605.0;7722.72;SPXW  261005C07605000;118.0;119.4;delta=0.966
2026-10-04 08:34;7610.0;7722.72;SPXW  261005C07610000;113.1;114.5;delta=0.961
2026-10-04 08:34;7615.0;7722.72;SPXW  261005C07615000;108.2;109.7;delta=0.956
2026-10-04 08:34;7620.0;7722.72;SPXW  261005C07620000;103.4;104.8;delta=0.95
2026-10-04 08:34;7625.0;7722.72;SPXW  261005C07625000;98.6;100.0;delta=0.943
2026-10-04 08:34;7630.0;7722.72;SPXW  261005C07630000;93.8;95.2;delta=0.936
2026-10-04 08:34;7635.0;7722.72;SPXW  261005C07635000;89.0;90.5;delta=0.927
2026-10-04 08:34;7640.0;7722.72;SPXW  261005C07640000;84.3;85.7;delta=0.917
2026-10-04 08:34;7645.0;7722.72;SPXW  261005C07645000;79.7;81.1;delta=0.906
2026-10-04 08:34;7650.0;7722.72;SPXW  261005C07650000;75.1;76.4;delta=0.893
2026-10-04 08:34;7655.0;7722.72;SPXW  261005C07655000;70.5;71.9;delta=0.879
2026-10-04 08:34;7660.0;7722.72;SPXW  261005C07660000;66.0;67.4;delta=0.863
2026-10-04 08:34;7665.0;7722.72;SPXW  261005C07665000;61.6;63.0;delta=0.846
2026-10-04 08:34;7670.0;7722.72;SPXW  261005C07670000;57.4;58.4;delta=0.825
2026-10-04 08:34;7675.0;7722.72;SPXW  261005C07675000;53.1;54.2;delta=0.803
2026-10-04 08:34;7680.0;7722.72;SPXW  261005C07680000;49.0;50.0;delta=0.779
2026-10-04 08:34;7685.0;7722.72;SPXW  261005C07685000;45.0;46.0;delta=0.753
2026-10-04 08:34;7690.0;7722.72;SPXW  261005C07690000;41.1;42.1;delta=0.724
2026-10-04 08:34;7695.0;7722.72;SPXW  261005C07695000;37.6;38.0;delta=0.693
2026-10-04 08:34;7700.0;7722.72;SPXW  261005C07700000;34.0;34.4;delta=0.659
2026-10-04 08:34;7705.0;7722.72;SPXW  261005C07705000;30.5;30.9;delta=0.623
2026-10-04 08:34;7710.0;7722.72;SPXW  261005C07710000;27.3;27.7;delta=0.585
2026-10-04 08:34;7715.0;7722.72;SPXW  261005C07715000;24.1;24.4;delta=0.546
2026-10-04 08:34;7720.0;7722.72;SPXW  261005C07720000;21.2;21.6;delta=0.504
2026-10-04 08:34;7725.0;7722.72;SPXW  261005C07725000;18.5;18.9;delta=0.466
2026-10-04 08:34;7730.0;7722.72;SPXW  261005C07730000;16.0;16.4;delta=0.427
2026-10-04 08:34;7735.0;7722.72;SPXW  261005C07735000;13.6;14.0;delta=0.388
2026-10-04 08:34;7740.0;7722.72;SPXW  261005C07740000;11.5;11.9;delta=0.349
2026-10-04 08:34;7745.0;7722.72;SPXW  261005C07745000;9.7;10.0;delta=0.311
2026-10-04 08:34;7750.0;7722.72;SPXW  261005C07750000;8.0;8.3;delta=0.273
2026-10-04 08:34;7755.0;7722.72;SPXW  261005C07755000;6.5;6.8;delta=0.237
2026-10-04 08:34;7760.0;7722.72;SPXW  261005C07760000;5.3;5.6;delta=0.204
2026-10-04 08:34;7765.0;7722.72;SPXW  261005C07765000;4.3;4.5;delta=0.174
2026-10-04 08:34;7770.0;7722.72;SPXW  261005C07770000;3.3;3.6;delta=0.145
2026-10-04 08:34;7775.0;7722.72;SPXW  261005C07775000;2.6;2.8;delta=0.119
2026-10-04 08:34;7780.0;7722.72;SPXW  261005C07780000;2.05;2.25;delta=0.099
2026-10-04 08:34;7785.0;7722.72;SPXW  261005C07785000;1.6;1.7;delta=0.08
2026-10-04 08:34;7790.0;7722.72;SPXW  261005C07790000;1.25;1.4;delta=0.066
2026-10-04 08:34;7795.0;7722.72;SPXW  261005C07795000;0.95;1.1;delta=0.053
2026-10-04 08:34;7800.0;7722.72;SPXW  261005C07800000;0.75;0.8;delta=0.042
2026-10-04 08:34;7805.0;7722.72;SPXW  261005C07805000;0.6;0.7;delta=0.035
2026-10-04 08:34;7810.0;7722.72;SPXW  261005C07810000;0.45;0.6;delta=0.029
2026-10-04 08:34;7815.0;7722.72;SPXW  261005C07815000;0.35;0.45;delta=0.023
2026-10-04 08:34;7820.0;7722.72;SPXW  261005C07820000;0.3;0.4;delta=0.02
2026-10-04 08:34;7825.0;7722.72;SPXW  261005C07825000;0.25;0.35;delta=0.017
2026-10-04 08:34;7830.0;7722.72;SPXW  261005C07830000;0.2;0.3;delta=0.014
2026-10-04 08:34;7835.0;7722.72;SPXW  261005C07835000;0.15;0.25;delta=0.012
2026-10-04 08:34;7840.0;7722.72;SPXW  261005C07840000;0.1;0.25;delta=0.01
2026-10-04 08:34;7845.0;7722.72;SPXW  261005C07845000;0.1;0.15;delta=0.007
2026-10-04 08:34;7850.0;7722.72;SPXW  261005C07850000;0.1;0.2;delta=0.008
2026-10-04 08:34;7855.0;7722.72;SPXW  261005C07855000;0.05;0.15;delta=0.006
2026-10-04 08:34;7860.0;7722.72;SPXW  261005C07860000;0.05;0.1;delta=0.005
2026-10-04 08:34;7865.0;7722.72;SPXW  261005C07865000;0.05;0.15;delta=0.006
2026-10-04 08:34;7870.0;7722.72;SPXW  261005C07870000;0.05;0.1;delta=0.004
2026-10-04 08:34;7875.0;7722.72;SPXW  261005C07875000;0.05;0.15;delta=0.005
2026-10-04 08:34;7880.0;7722.72;SPXW  261005C07880000;0.05;0.15;delta=0.005
2026-10-04 08:34;7885.0;7722.72;SPXW  261005C07885000;0.05;0.15;delta=0.005
2026-10-04 08:34;7890.0;7722.72;SPXW  261005C07890000;0.05;0.15;delta=0.005
2026-10-04 08:34;7895.0;7722.72;SPXW  261005C07895000;0.05;0.15;delta=0.004
2026-10-04 08:34;7900.0;7722.72;SPXW  261005C07900000;0.05;0.1;delta=0.003
2026-10-04 08:34;7905.0;7722.72;SPXW  261005C07905000;0.05;0.1;delta=0.003
2026-10-04 08:34;7910.0;7722.72;SPXW  261005C07910000;0.05;0.1;delta=0.003
2026-10-04 08:34;7915.0;7722.72;SPXW  261005C07915000;0.05;0.1;delta=0.002
2026-10-04 08:34;7920.0;7722.72;SPXW  261005C07920000;0.05;0.1;delta=0.002
2026-10-04 08:34;7925.0;7722.72;SPXW  261005C07925000;0.05;0.1;delta=0.003
2026-10-04 08:34;7930.0;7722.72;SPXW  261005C07930000;0.05;0.1;delta=0.002
2026-10-04 08:34;7935.0;7722.72;SPXW  261005C07935000;0.0;0.0;delta=-999.0
2026-10-04 08:34;7940.0;7722.72;SPXW  261005C07940000;0.05;0.2;delta=0.002
2026-10-04 08:34;7945.0;7722.72;SPXW  261005C07945000;0.0;0.0;delta=-999.0
2026-10-04 08:34;7950.0;7722.72;SPXW  261005C07950000;0.05;0.15;delta=0.002
2026-10-04 08:34;7960.0;7722.72;SPXW  261005C07960000;0.05;0.1;delta=0.002
2026-10-04 08:34;7970.0;7722.72;SPXW  261005C07970000;0.05;0.1;delta=0.002
2026-10-04 08:34;7975.0;7722.72;SPXW  261005C07975000;0.05;0.1;delta=0.001
2026-10-04 08:34;7980.0;7722.72;SPXW  261005C07980000;0.05;0.15;delta=0.002
2026-10-04 08:34;7475.0;7722.72;SPXW  261005P07475000;0.15;0.25;delta=-0.006
2026-10-04 08:34;7480.0;7722.72;SPXW  261005P07480000;0.15;0.25;delta=-0.006
2026-10-04 08:34;7485.0;7722.72;SPXW  261005P07485000;0.15;0.25;delta=-0.006
2026-10-04 08:34;7490.0;7722.72;SPXW  261005P07490000;0.15;0.25;delta=-0.007
2026-10-04 08:34;7495.0;7722.72;SPXW  261005P07495000;0.15;0.25;delta=-0.007
2026-10-04 08:34;7500.0;7722.72;SPXW  261005P07500000;0.15;0.25;delta=-0.007
2026-10-04 08:34;7505.0;7722.72;SPXW  261005P07505000;0.15;0.3;delta=-0.008
2026-10-04 08:34;7510.0;7722.72;SPXW  261005P07510000;0.2;0.3;delta=-0.008
2026-10-04 08:34;7515.0;7722.72;SPXW  261005P07515000;0.25;0.3;delta=-0.009
2026-10-04 08:34;7520.0;7722.72;SPXW  261005P07520000;0.2;0.3;delta=-0.009
2026-10-04 08:34;7525.0;7722.72;SPXW  261005P07525000;0.2;0.3;delta=-0.009
2026-10-04 08:34;7530.0;7722.72;SPXW  261005P07530000;0.2;0.35;delta=-0.01
2026-10-04 08:34;7535.0;7722.72;SPXW  261005P07535000;0.25;0.35;delta=-0.011
2026-10-04 08:34;7540.0;7722.72;SPXW  261005P07540000;0.3;0.35;delta=-0.012
2026-10-04 08:34;7545.0;7722.72;SPXW  261005P07545000;0.25;0.4;delta=-0.012
2026-10-04 08:34;7550.0;7722.72;SPXW  261005P07550000;0.25;0.4;delta=-0.012
2026-10-04 08:34;7555.0;7722.72;SPXW  261005P07555000;0.3;0.4;delta=-0.013
2026-10-04 08:34;7560.0;7722.72;SPXW  261005P07560000;0.3;0.45;delta=-0.014
2026-10-04 08:34;7565.0;7722.72;SPXW  261005P07565000;0.4;0.45;delta=-0.016
2026-10-04 08:34;7570.0;7722.72;SPXW  261005P07570000;0.4;0.5;delta=-0.017
2026-10-04 08:34;7575.0;7722.72;SPXW  261005P07575000;0.4;0.55;delta=-0.018
2026-10-04 08:34;7580.0;7722.72;SPXW  261005P07580000;0.45;0.6;delta=-0.02
2026-10-04 08:34;7585.0;7722.72;SPXW  261005P07585000;0.5;0.65;delta=-0.023
2026-10-04 08:34;7590.0;7722.72;SPXW  261005P07590000;0.6;0.7;delta=-0.025
2026-10-04 08:34;7595.0;7722.72;SPXW  261005P07595000;0.65;0.75;delta=-0.028
2026-10-04 08:34;7600.0;7722.72;SPXW  261005P07600000;0.7;0.85;delta=-0.031
2026-10-04 08:34;7605.0;7722.72;SPXW  261005P07605000;0.8;0.9;delta=-0.034
2026-10-04 08:34;7610.0;7722.72;SPXW  261005P07610000;0.9;1.05;delta=-0.038
2026-10-04 08:34;7615.0;7722.72;SPXW  261005P07615000;1.05;1.2;delta=-0.044
2026-10-04 08:34;7620.0;7722.72;SPXW  261005P07620000;1.2;1.35;delta=-0.05
2026-10-04 08:34;7625.0;7722.72;SPXW  261005P07625000;1.4;1.55;delta=-0.057
2026-10-04 08:34;7630.0;7722.72;SPXW  261005P07630000;1.6;1.75;delta=-0.064
2026-10-04 08:34;7635.0;7722.72;SPXW  261005P07635000;1.8;2.0;delta=-0.072
2026-10-04 08:34;7640.0;7722.72;SPXW  261005P07640000;2.15;2.25;delta=-0.082
2026-10-04 08:34;7645.0;7722.72;SPXW  261005P07645000;2.45;2.6;delta=-0.094
2026-10-04 08:34;7650.0;7722.72;SPXW  261005P07650000;2.9;3.0;delta=-0.107
2026-10-04 08:34;7655.0;7722.72;SPXW  261005P07655000;3.2;3.5;delta=-0.121
2026-10-04 08:34;7660.0;7722.72;SPXW  261005P07660000;3.7;4.0;delta=-0.136
2026-10-04 08:34;7665.0;7722.72;SPXW  261005P07665000;4.3;4.5;delta=-0.154
2026-10-04 08:34;7670.0;7722.72;SPXW  261005P07670000;5.0;5.2;delta=-0.174
2026-10-04 08:34;7675.0;7722.72;SPXW  261005P07675000;5.7;6.0;delta=-0.196
2026-10-04 08:34;7680.0;7722.72;SPXW  261005P07680000;6.6;6.9;delta=-0.221
2026-10-04 08:34;7685.0;7722.72;SPXW  261005P07685000;7.5;7.8;delta=-0.247
2026-10-04 08:34;7690.0;7722.72;SPXW  261005P07690000;8.7;8.9;delta=-0.276
2026-10-04 08:34;7695.0;7722.72;SPXW  261005P07695000;9.9;10.1;delta=-0.307
2026-10-04 08:34;7700.0;7722.72;SPXW  261005P07700000;11.2;11.5;delta=-0.34
2026-10-04 08:34;7705.0;7722.72;SPXW  261005P07705000;12.8;13.1;delta=-0.376
2026-10-04 08:34;7710.0;7722.72;SPXW  261005P07710000;14.5;14.8;delta=-0.414
2026-10-04 08:34;7715.0;7722.72;SPXW  261005P07715000;16.3;16.7;delta=-0.454
2026-10-04 08:34;7720.0;7722.72;SPXW  261005P07720000;18.4;18.8;delta=-0.496
2026-10-04 08:34;7725.0;7722.72;SPXW  261005P07725000;20.7;21.1;delta=-0.534
2026-10-04 08:34;7730.0;7722.72;SPXW  261005P07730000;23.1;23.6;delta=-0.572
2026-10-04 08:34;7735.0;7722.72;SPXW  261005P07735000;25.8;26.2;delta=-0.612
2026-10-04 08:34;7740.0;7722.72;SPXW  261005P07740000;28.7;29.1;delta=-0.651
2026-10-04 08:34;7745.0;7722.72;SPXW  261005P07745000;31.8;32.2;delta=-0.689
2026-10-04 08:34;7750.0;7722.72;SPXW  261005P07750000;34.9;35.9;delta=-0.727
2026-10-04 08:34;7755.0;7722.72;SPXW  261005P07755000;38.4;39.4;delta=-0.763
2026-10-04 08:34;7760.0;7722.72;SPXW  261005P07760000;42.1;43.1;delta=-0.796
2026-10-04 08:34;7765.0;7722.72;SPXW  261005P07765000;46.0;47.1;delta=-0.826
2026-10-04 08:34;7770.0;7722.72;SPXW  261005P07770000;49.9;51.3;delta=-0.855
2026-10-04 08:34;7775.0;7722.72;SPXW  261005P07775000;54.2;55.6;delta=-0.88
2026-10-04 08:34;7780.0;7722.72;SPXW  261005P07780000;58.6;60.0;delta=-0.901
2026-10-04 08:34;7785.0;7722.72;SPXW  261005P07785000;63.1;64.5;delta=-0.92
2026-10-04 08:34;7790.0;7722.72;SPXW  261005P07790000;67.7;69.2;delta=-0.934
2026-10-04 08:34;7795.0;7722.72;SPXW  261005P07795000;72.5;73.9;delta=-0.947
2026-10-04 08:34;7800.0;7722.72;SPXW  261005P07800000;77.2;78.7;delta=-0.958
2026-10-04 08:34;7805.0;7722.72;SPXW  261005P07805000;82.1;83.5;delta=-0.964
2026-10-04 08:34;7810.0;7722.72;SPXW  261005P07810000;87.0;88.4;delta=-0.971
2026-10-04 08:34;7815.0;7722.72;SPXW  261005P07815000;91.7;93.4;delta=-0.977
2026-10-04 08:34;7820.0;7722.72;SPXW  261005P07820000;96.6;98.4;delta=-0.98
2026-10-04 08:34;7825.0;7722.72;SPXW  261005P07825000;101.5;105.8;delta=-0.983
2026-10-04 08:34;7830.0;7722.72;SPXW  261005P07830000;106.5;108.3;delta=-0.985
2026-10-04 08:34;7835.0;7722.72;SPXW  261005P07835000;111.4;115.8;delta=-0.988
2026-10-04 08:34;7840.0;7722.72;SPXW  261005P07840000;116.4;120.7;delta=-0.99
2026-10-04 08:34;7845.0;7722.72;SPXW  261005P07845000;121.4;125.3;delta=-0.992
2026-10-04 08:34;7850.0;7722.72;SPXW  261005P07850000;126.5;127.9;delta=-0.991
2026-10-04 08:34;7855.0;7722.72;SPXW  261005P07855000;131.5;132.9;delta=-0.994
2026-10-04 08:34;7860.0;7722.72;SPXW  261005P07860000;136.5;137.9;delta=-0.995
2026-10-04 08:34;7865.0;7722.72;SPXW  261005P07865000;141.5;142.9;delta=-0.994
2026-10-04 08:34;7870.0;7722.72;SPXW  261005P07870000;146.5;147.9;delta=-0.995
2026-10-04 08:34;7875.0;7722.72;SPXW  261005P07875000;151.5;153.0;delta=-0.994
2026-10-04 08:34;7880.0;7722.72;SPXW  261005P07880000;156.5;157.9;delta=-0.995
2026-10-04 08:34;7885.0;7722.72;SPXW  261005P07885000;161.5;163.0;delta=-0.995
2026-10-04 08:34;7890.0;7722.72;SPXW  261005P07890000;146.8;190.2;delta=-0.995
2026-10-04 08:34;7895.0;7722.72;SPXW  261005P07895000;171.5;173.0;delta=-0.996
2026-10-04 08:34;7900.0;7722.72;SPXW  261005P07900000;176.5;178.0;delta=-0.997
2026-10-04 08:34;7905.0;7722.72;SPXW  261005P07905000;181.4;183.0;delta=-0.997
2026-10-04 08:34;7910.0;7722.72;SPXW  261005P07910000;186.4;187.9;delta=-0.997
2026-10-04 08:34;7915.0;7722.72;SPXW  261005P07915000;191.4;192.9;delta=-0.997
2026-10-04 08:34;7920.0;7722.72;SPXW  261005P07920000;196.4;197.9;delta=-0.997
2026-10-04 08:34;7925.0;7722.72;SPXW  261005P07925000;201.4;202.9;delta=-0.996
2026-10-04 08:34;7930.0;7722.72;SPXW  261005P07930000;186.3;230.2;delta=-0.997
2026-10-04 08:34;7935.0;7722.72;SPXW  261005P07935000;0.0;0.0;delta=-999.0
2026-10-04 08:34;7940.0;7722.72;SPXW  261005P07940000;216.4;217.9;delta=-0.997
2026-10-04 08:34;7945.0;7722.72;SPXW  261005P07945000;0.0;0.0;delta=-999.0
2026-10-04 08:34;7950.0;7722.72;SPXW  261005P07950000;226.4;227.9;delta=-0.998
2026-10-04 08:34;7960.0;7722.72;SPXW  261005P07960000;236.4;237.9;delta=-0.998
2026-10-04 08:34;7970.0;7722.72;SPXW  261005P07970000;246.4;247.9;delta=-0.998
2026-10-04 08:34;7975.0;7722.72;SPXW  261005P07975000;251.4;252.9;delta=-0.999
2026-10-04 08:34;7980.0;7722.72;SPXW  261005P07980000;256.4;257.9;delta=-0.998
2026-10-04 08:38;7475.0;7722.72;SPXW  261005C07475000;247.3;248.8;delta=0.994
2026-10-04 08:38;7480.0;7722.72;SPXW  261005C07480000;231.3;254.9;delta=0.993
2026-10-04 08:38;7485.0;7722.72;SPXW  261005C07485000;237.4;238.8;delta=0.993
2026-10-04 08:38;7490.0;7722.72;SPXW  261005C07490000;232.3;233.8;delta=0.993
2026-10-04 08:38;7495.0;7722.72;SPXW  261005C07495000;227.4;228.8;delta=0.993
2026-10-04 08:38;7500.0;7722.72;SPXW  261005C07500000;222.4;223.8;delta=0.993
2026-10-04 08:38;7505.0;7722.72;SPXW  261005C07505000;206.3;230.2;delta=0.992
2026-10-04 08:38;7510.0;7722.72;SPXW  261005C07510000;201.3;225.2;delta=0.991
2026-10-04 08:38;7515.0;7722.72;SPXW  261005C07515000;198.3;218.1;delta=0.99
2026-10-04 08:38;7520.0;7722.72;SPXW  261005C07520000;193.3;213.1;delta=0.991
2026-10-04 08:38;7525.0;7722.72;SPXW  261005C07525000;188.3;208.1;delta=0.991
2026-10-04 08:38;7530.0;7722.72;SPXW  261005C07530000;183.3;203.0;delta=0.99
2026-10-04 08:38;7535.0;7722.72;SPXW  261005C07535000;178.4;189.0;delta=0.989
2026-10-04 08:38;7540.0;7722.72;SPXW  261005C07540000;182.2;184.1;delta=0.988
2026-10-04 08:38;7545.0;7722.72;SPXW  261005C07545000;177.3;179.1;delta=0.988
2026-10-04 08:38;7550.0;7722.72;SPXW  261005C07550000;168.1;174.1;delta=0.987
2026-10-04 08:38;7555.0;7722.72;SPXW  261005C07555000;167.3;169.1;delta=0.986
2026-10-04 08:38;7560.0;7722.72;SPXW  261005C07560000;162.3;164.1;delta=0.985
2026-10-04 08:38;7565.0;7722.72;SPXW  261005C07565000;148.5;159.1;delta=0.984
2026-10-04 08:38;7570.0;7722.72;SPXW  261005C07570000;148.2;154.2;delta=0.982
2026-10-04 08:38;7575.0;7722.72;SPXW  261005C07575000;147.4;149.2;delta=0.981
2026-10-04 08:38;7580.0;7722.72;SPXW  261005C07580000;138.4;144.3;delta=0.979
2026-10-04 08:38;7585.0;7722.72;SPXW  261005C07585000;137.5;139.3;delta=0.977
2026-10-04 08:38;7590.0;7722.72;SPXW  261005C07590000;128.5;134.4;delta=0.974
2026-10-04 08:38;7595.0;7722.72;SPXW  261005C07595000;127.8;129.2;delta=0.972
2026-10-04 08:38;7600.0;7722.72;SPXW  261005C07600000;122.9;124.3;delta=0.969
2026-10-04 08:38;7605.0;7722.72;SPXW  261005C07605000;118.0;119.4;delta=0.966
2026-10-04 08:38;7610.0;7722.72;SPXW  261005C07610000;113.1;114.5;delta=0.961
2026-10-04 08:38;7615.0;7722.72;SPXW  261005C07615000;108.2;109.7;delta=0.956
2026-10-04 08:38;7620.0;7722.72;SPXW  261005C07620000;103.4;104.8;delta=0.95
2026-10-04 08:38;7625.0;7722.72;SPXW  261005C07625000;98.6;100.0;delta=0.943
2026-10-04 08:38;7630.0;7722.72;SPXW  261005C07630000;93.8;95.2;delta=0.936
2026-10-04 08:38;7635.0;7722.72;SPXW  261005C07635000;89.0;90.5;delta=0.927
2026-10-04 08:38;7640.0;7722.72;SPXW  261005C07640000;84.3;85.7;delta=0.917
2026-10-04 08:38;7645.0;7722.72;SPXW  261005C07645000;79.7;81.1;delta=0.906
2026-10-04 08:38;7650.0;7722.72;SPXW  261005C07650000;75.1;76.4;delta=0.893
2026-10-04 08:38;7655.0;7722.72;SPXW  261005C07655000;70.5;71.9;delta=0.879
2026-10-04 08:38;7660.0;7722.72;SPXW  261005C07660000;66.0;67.4;delta=0.863
2026-10-04 08:38;7665.0;7722.72;SPXW  261005C07665000;61.6;63.0;delta=0.846
2026-10-04 08:38;7670.0;7722.72;SPXW  261005C07670000;57.4;58.4;delta=0.825
2026-10-04 08:38;7675.0;7722.72;SPXW  261005C07675000;53.1;54.2;delta=0.803
2026-10-04 08:38;7680.0;7722.72;SPXW  261005C07680000;49.0;50.0;delta=0.779
2026-10-04 08:38;7685.0;7722.72;SPXW  261005C07685000;45.0;46.0;delta=0.753
2026-10-04 08:38;7690.0;7722.72;SPXW  261005C07690000;41.1;42.1;delta=0.724
2026-10-04 08:38;7695.0;7722.72;SPXW  261005C07695000;37.6;38.0;delta=0.693
2026-10-04 08:38;7700.0;7722.72;SPXW  261005C07700000;34.0;34.4;delta=0.659
2026-10-04 08:38;7705.0;7722.72;SPXW  261005C07705000;30.5;30.9;delta=0.623
2026-10-04 08:38;7710.0;7722.72;SPXW  261005C07710000;27.3;27.7;delta=0.585
2026-10-04 08:38;7715.0;7722.72;SPXW  261005C07715000;24.1;24.4;delta=0.546
2026-10-04 08:38;7720.0;7722.72;SPXW  261005C07720000;21.2;21.6;delta=0.504
2026-10-04 08:38;7725.0;7722.72;SPXW  261005C07725000;18.5;18.9;delta=0.466
2026-10-04 08:38;7730.0;7722.72;SPXW  261005C07730000;16.0;16.4;delta=0.427
2026-10-04 08:38;7735.0;7722.72;SPXW  261005C07735000;13.6;14.0;delta=0.388
2026-10-04 08:38;7740.0;7722.72;SPXW  261005C07740000;11.5;11.9;delta=0.349
2026-10-04 08:38;7745.0;7722.72;SPXW  261005C07745000;9.7;10.0;delta=0.311
2026-10-04 08:38;7750.0;7722.72;SPXW  261005C07750000;8.0;8.3;delta=0.273
2026-10-04 08:38;7755.0;7722.72;SPXW  261005C07755000;6.5;6.8;delta=0.237
2026-10-04 08:38;7760.0;7722.72;SPXW  261005C07760000;5.3;5.6;delta=0.204
2026-10-04 08:38;7765.0;7722.72;SPXW  261005C07765000;4.3;4.5;delta=0.174
2026-10-04 08:38;7770.0;7722.72;SPXW  261005C07770000;3.3;3.6;delta=0.145
2026-10-04 08:38;7775.0;7722.72;SPXW  261005C07775000;2.6;2.8;delta=0.119
2026-10-04 08:38;7780.0;7722.72;SPXW  261005C07780000;2.05;2.25;delta=0.099
2026-10-04 08:38;7785.0;7722.72;SPXW  261005C07785000;1.6;1.7;delta=0.08
2026-10-04 08:38;7790.0;7722.72;SPXW  261005C07790000;1.25;1.4;delta=0.066
2026-10-04 08:38;7795.0;7722.72;SPXW  261005C07795000;0.95;1.1;delta=0.053
2026-10-04 08:38;7800.0;7722.72;SPXW  261005C07800000;0.75;0.8;delta=0.042
2026-10-04 08:38;7805.0;7722.72;SPXW  261005C07805000;0.6;0.7;delta=0.035
2026-10-04 08:38;7810.0;7722.72;SPXW  261005C07810000;0.45;0.6;delta=0.029
2026-10-04 08:38;7815.0;7722.72;SPXW  261005C07815000;0.35;0.45;delta=0.023
2026-10-04 08:38;7820.0;7722.72;SPXW  261005C07820000;0.3;0.4;delta=0.02
2026-10-04 08:38;7825.0;7722.72;SPXW  261005C07825000;0.25;0.35;delta=0.017
2026-10-04 08:38;7830.0;7722.72;SPXW  261005C07830000;0.2;0.3;delta=0.014
2026-10-04 08:38;7835.0;7722.72;SPXW  261005C07835000;0.15;0.25;delta=0.012
2026-10-04 08:38;7840.0;7722.72;SPXW  261005C07840000;0.1;0.25;delta=0.01
2026-10-04 08:38;7845.0;7722.72;SPXW  261005C07845000;0.1;0.15;delta=0.007
2026-10-04 08:38;7850.0;7722.72;SPXW  261005C07850000;0.1;0.2;delta=0.008
2026-10-04 08:38;7855.0;7722.72;SPXW  261005C07855000;0.05;0.15;delta=0.006
2026-10-04 08:38;7860.0;7722.72;SPXW  261005C07860000;0.05;0.1;delta=0.005
2026-10-04 08:38;7865.0;7722.72;SPXW  261005C07865000;0.05;0.15;delta=0.006
2026-10-04 08:38;7870.0;7722.72;SPXW  261005C07870000;0.05;0.1;delta=0.004
2026-10-04 08:38;7875.0;7722.72;SPXW  261005C07875000;0.05;0.15;delta=0.005
2026-10-04 08:38;7880.0;7722.72;SPXW  261005C07880000;0.05;0.15;delta=0.005
2026-10-04 08:38;7885.0;7722.72;SPXW  261005C07885000;0.05;0.15;delta=0.005
2026-10-04 08:38;7890.0;7722.72;SPXW  261005C07890000;0.05;0.15;delta=0.005
2026-10-04 08:38;7895.0;7722.72;SPXW  261005C07895000;0.05;0.15;delta=0.004
2026-10-04 08:38;7900.0;7722.72;SPXW  261005C07900000;0.05;0.1;delta=0.003
2026-10-04 08:38;7905.0;7722.72;SPXW  261005C07905000;0.05;0.1;delta=0.003
2026-10-04 08:38;7910.0;7722.72;SPXW  261005C07910000;0.05;0.1;delta=0.003
2026-10-04 08:38;7915.0;7722.72;SPXW  261005C07915000;0.05;0.1;delta=0.002
2026-10-04 08:38;7920.0;7722.72;SPXW  261005C07920000;0.05;0.1;delta=0.002
2026-10-04 08:38;7925.0;7722.72;SPXW  261005C07925000;0.05;0.1;delta=0.003
2026-10-04 08:38;7930.0;7722.72;SPXW  261005C07930000;0.05;0.1;delta=0.002
2026-10-04 08:38;7935.0;7722.72;SPXW  261005C07935000;0.0;0.0;delta=-999.0
2026-10-04 08:38;7940.0;7722.72;SPXW  261005C07940000;0.05;0.2;delta=0.002
2026-10-04 08:38;7945.0;7722.72;SPXW  261005C07945000;0.0;0.0;delta=-999.0
2026-10-04 08:38;7950.0;7722.72;SPXW  261005C07950000;0.05;0.15;delta=0.002
2026-10-04 08:38;7960.0;7722.72;SPXW  261005C07960000;0.05;0.1;delta=0.002
2026-10-04 08:38;7970.0;7722.72;SPXW  261005C07970000;0.05;0.1;delta=0.002
2026-10-04 08:38;7975.0;7722.72;SPXW  261005C07975000;0.05;0.1;delta=0.001
2026-10-04 08:38;7980.0;7722.72;SPXW  261005C07980000;0.05;0.15;delta=0.002
2026-10-04 08:38;7475.0;7722.72;SPXW  261005P07475000;0.15;0.25;delta=-0.006
2026-10-04 08:38;7480.0;7722.72;SPXW  261005P07480000;0.15;0.25;delta=-0.006
2026-10-04 08:38;7485.0;7722.72;SPXW  261005P07485000;0.15;0.25;delta=-0.006
2026-10-04 08:38;7490.0;7722.72;SPXW  261005P07490000;0.15;0.25;delta=-0.007
2026-10-04 08:38;7495.0;7722.72;SPXW  261005P07495000;0.15;0.25;delta=-0.007
2026-10-04 08:38;7500.0;7722.72;SPXW  261005P07500000;0.15;0.25;delta=-0.007
2026-10-04 08:38;7505.0;7722.72;SPXW  261005P07505000;0.15;0.3;delta=-0.008
2026-10-04 08:38;7510.0;7722.72;SPXW  261005P07510000;0.2;0.3;delta=-0.008
2026-10-04 08:38;7515.0;7722.72;SPXW  261005P07515000;0.25;0.3;delta=-0.009
2026-10-04 08:38;7520.0;7722.72;SPXW  261005P07520000;0.2;0.3;delta=-0.009
2026-10-04 08:38;7525.0;7722.72;SPXW  261005P07525000;0.2;0.3;delta=-0.009
2026-10-04 08:38;7530.0;7722.72;SPXW  261005P07530000;0.2;0.35;delta=-0.01
2026-10-04 08:38;7535.0;7722.72;SPXW  261005P07535000;0.25;0.35;delta=-0.011
2026-10-04 08:38;7540.0;7722.72;SPXW  261005P07540000;0.3;0.35;delta=-0.012
2026-10-04 08:38;7545.0;7722.72;SPXW  261005P07545000;0.25;0.4;delta=-0.012
2026-10-04 08:38;7550.0;7722.72;SPXW  261005P07550000;0.25;0.4;delta=-0.012
2026-10-04 08:38;7555.0;7722.72;SPXW  261005P07555000;0.3;0.4;delta=-0.013
2026-10-04 08:38;7560.0;7722.72;SPXW  261005P07560000;0.3;0.45;delta=-0.014
2026-10-04 08:38;7565.0;7722.72;SPXW  261005P07565000;0.4;0.45;delta=-0.016
2026-10-04 08:38;7570.0;7722.72;SPXW  261005P07570000;0.4;0.5;delta=-0.017
2026-10-04 08:38;7575.0;7722.72;SPXW  261005P07575000;0.4;0.55;delta=-0.018
2026-10-04 08:38;7580.0;7722.72;SPXW  261005P07580000;0.45;0.6;delta=-0.02
2026-10-04 08:38;7585.0;7722.72;SPXW  261005P07585000;0.5;0.65;delta=-0.023
2026-10-04 08:38;7590.0;7722.72;SPXW  261005P07590000;0.6;0.7;delta=-0.025
2026-10-04 08:38;7595.0;7722.72;SPXW  261005P07595000;0.65;0.75;delta=-0.028
2026-10-04 08:38;7600.0;7722.72;SPXW  261005P07600000;0.7;0.85;delta=-0.031
2026-10-04 08:38;7605.0;7722.72;SPXW  261005P07605000;0.8;0.9;delta=-0.034
2026-10-04 08:38;7610.0;7722.72;SPXW  261005P07610000;0.9;1.05;delta=-0.038
2026-10-04 08:38;7615.0;7722.72;SPXW  261005P07615000;1.05;1.2;delta=-0.044
2026-10-04 08:38;7620.0;7722.72;SPXW  261005P07620000;1.2;1.35;delta=-0.05
2026-10-04 08:38;7625.0;7722.72;SPXW  261005P07625000;1.4;1.55;delta=-0.057
2026-10-04 08:38;7630.0;7722.72;SPXW  261005P07630000;1.6;1.75;delta=-0.064
2026-10-04 08:38;7635.0;7722.72;SPXW  261005P07635000;1.8;2.0;delta=-0.072
2026-10-04 08:38;7640.0;7722.72;SPXW  261005P07640000;2.15;2.25;delta=-0.082
2026-10-04 08:38;7645.0;7722.72;SPXW  261005P07645000;2.45;2.6;delta=-0.094
2026-10-04 08:38;7650.0;7722.72;SPXW  261005P07650000;2.9;3.0;delta=-0.107
2026-10-04 08:38;7655.0;7722.72;SPXW  261005P07655000;3.2;3.5;delta=-0.121
2026-10-04 08:38;7660.0;7722.72;SPXW  261005P07660000;3.7;4.0;delta=-0.136
2026-10-04 08:38;7665.0;7722.72;SPXW  261005P07665000;4.3;4.5;delta=-0.154
2026-10-04 08:38;7670.0;7722.72;SPXW  261005P07670000;5.0;5.2;delta=-0.174
2026-10-04 08:38;7675.0;7722.72;SPXW  261005P07675000;5.7;6.0;delta=-0.196
2026-10-04 08:38;7680.0;7722.72;SPXW  261005P07680000;6.6;6.9;delta=-0.221
2026-10-04 08:38;7685.0;7722.72;SPXW  261005P07685000;7.5;7.8;delta=-0.247
2026-10-04 08:38;7690.0;7722.72;SPXW  261005P07690000;8.7;8.9;delta=-0.276
2026-10-04 08:38;7695.0;7722.72;SPXW  261005P07695000;9.9;10.1;delta=-0.307
2026-10-04 08:38;7700.0;7722.72;SPXW  261005P07700000;11.2;11.5;delta=-0.34
2026-10-04 08:38;7705.0;7722.72;SPXW  261005P07705000;12.8;13.1;delta=-0.376
2026-10-04 08:38;7710.0;7722.72;SPXW  261005P07710000;14.5;14.8;delta=-0.414
2026-10-04 08:38;7715.0;7722.72;SPXW  261005P07715000;16.3;16.7;delta=-0.454
2026-10-04 08:38;7720.0;7722.72;SPXW  261005P07720000;18.4;18.8;delta=-0.496
2026-10-04 08:38;7725.0;7722.72;SPXW  261005P07725000;20.7;21.1;delta=-0.534
2026-10-04 08:38;7730.0;7722.72;SPXW  261005P07730000;23.1;23.6;delta=-0.572
2026-10-04 08:38;7735.0;7722.72;SPXW  261005P07735000;25.8;26.2;delta=-0.612
2026-10-04 08:38;7740.0;7722.72;SPXW  261005P07740000;28.7;29.1;delta=-0.651
2026-10-04 08:38;7745.0;7722.72;SPXW  261005P07745000;31.8;32.2;delta=-0.689
2026-10-04 08:38;7750.0;7722.72;SPXW  261005P07750000;34.9;35.9;delta=-0.727
2026-10-04 08:38;7755.0;7722.72;SPXW  261005P07755000;38.4;39.4;delta=-0.763
2026-10-04 08:38;7760.0;7722.72;SPXW  261005P07760000;42.1;43.1;delta=-0.796
2026-10-04 08:38;7765.0;7722.72;SPXW  261005P07765000;46.0;47.1;delta=-0.826
2026-10-04 08:38;7770.0;7722.72;SPXW  261005P07770000;49.9;51.3;delta=-0.855
2026-10-04 08:38;7775.0;7722.72;SPXW  261005P07775000;54.2;55.6;delta=-0.88
2026-10-04 08:38;7780.0;7722.72;SPXW  261005P07780000;58.6;60.0;delta=-0.901
2026-10-04 08:38;7785.0;7722.72;SPXW  261005P07785000;63.1;64.5;delta=-0.92
2026-10-04 08:38;7790.0;7722.72;SPXW  261005P07790000;67.7;69.2;delta=-0.934
2026-10-04 08:38;7795.0;7722.72;SPXW  261005P07795000;72.5;73.9;delta=-0.947
2026-10-04 08:38;7800.0;7722.72;SPXW  261005P07800000;77.2;78.7;delta=-0.958
2026-10-04 08:38;7805.0;7722.72;SPXW  261005P07805000;82.1;83.5;delta=-0.964
2026-10-04 08:38;7810.0;7722.72;SPXW  261005P07810000;87.0;88.4;delta=-0.971
2026-10-04 08:38;7815.0;7722.72;SPXW  261005P07815000;91.7;93.4;delta=-0.977
2026-10-04 08:38;7820.0;7722.72;SPXW  261005P07820000;96.6;98.4;delta=-0.98
2026-10-04 08:38;7825.0;7722.72;SPXW  261005P07825000;101.5;105.8;delta=-0.983
2026-10-04 08:38;7830.0;7722.72;SPXW  261005P07830000;106.5;108.3;delta=-0.985
2026-10-04 08:38;7835.0;7722.72;SPXW  261005P07835000;111.4;115.8;delta=-0.988
2026-10-04 08:38;7840.0;7722.72;SPXW  261005P07840000;116.4;120.7;delta=-0.99
2026-10-04 08:38;7845.0;7722.72;SPXW  261005P07845000;121.4;125.3;delta=-0.992
2026-10-04 08:38;7850.0;7722.72;SPXW  261005P07850000;126.5;127.9;delta=-0.991
2026-10-04 08:38;7855.0;7722.72;SPXW  261005P07855000;131.5;132.9;delta=-0.994
2026-10-04 08:38;7860.0;7722.72;SPXW  261005P07860000;136.5;137.9;delta=-0.995
2026-10-04 08:38;7865.0;7722.72;SPXW  261005P07865000;141.5;142.9;delta=-0.994
2026-10-04 08:38;7870.0;7722.72;SPXW  261005P07870000;146.5;147.9;delta=-0.995
2026-10-04 08:38;7875.0;7722.72;SPXW  261005P07875000;151.5;153.0;delta=-0.994
2026-10-04 08:38;7880.0;7722.72;SPXW  261005P07880000;156.5;157.9;delta=-0.995
2026-10-04 08:38;7885.0;7722.72;SPXW  261005P07885000;161.5;163.0;delta=-0.995
2026-10-04 08:38;7890.0;7722.72;SPXW  261005P07890000;146.8;190.2;delta=-0.995
2026-10-04 08:38;7895.0;7722.72;SPXW  261005P07895000;171.5;173.0;delta=-0.996
2026-10-04 08:38;7900.0;7722.72;SPXW  261005P07900000;176.5;178.0;delta=-0.997
2026-10-04 08:38;7905.0;7722.72;SPXW  261005P07905000;181.4;183.0;delta=-0.997
2026-10-04 08:38;7910.0;7722.72;SPXW  261005P07910000;186.4;187.9;delta=-0.997
2026-10-04 08:38;7915.0;7722.72;SPXW  261005P07915000;191.4;192.9;delta=-0.997
2026-10-04 08:38;7920.0;7722.72;SPXW  261005P07920000;196.4;197.9;delta=-0.997
2026-10-04 08:38;7925.0;7722.72;SPXW  261005P07925000;201.4;202.9;delta=-0.996
2026-10-04 08:38;7930.0;7722.72;SPXW  261005P07930000;186.3;230.2;delta=-0.997
2026-10-04 08:38;7935.0;7722.72;SPXW  261005P07935000;0.0;0.0;delta=-999.0
2026-10-04 08:38;7940.0;7722.72;SPXW  261005P07940000;216.4;217.9;delta=-0.997
2026-10-04 08:38;7945.0;7722.72;SPXW  261005P07945000;0.0;0.0;delta=-999.0
2026-10-04 08:38;7950.0;7722.72;SPXW  261005P07950000;226.4;227.9;delta=-0.998
2026-10-04 08:38;7960.0;7722.72;SPXW  261005P07960000;236.4;237.9;delta=-0.998
2026-10-04 08:38;7970.0;7722.72;SPXW  261005P07970000;246.4;247.9;delta=-0.998
2026-10-04 08:38;7975.0;7722.72;SPXW  261005P07975000;251.4;252.9;delta=-0.999
2026-10-04 08:38;7980.0;7722.72;SPXW  261005P07980000;256.4;257.9;delta=-0.998
2026-10-04 08:42;7475.0;7722.72;SPXW  261005C07475000;247.3;248.8;delta=0.994
2026-10-04 08:42;7480.0;7722.72;SPXW  261005C07480000;231.3;254.9;delta=0.993
2026-10-04 08:42;7485.0;7722.72;SPXW  261005C07485000;237.4;238.8;delta=0.993
2026-10-04 08:42;7490.0;7722.72;SPXW  261005C07490000;232.3;233.8;delta=0.993
2026-10-04 08:42;7495.0;7722.72;SPXW  261005C07495000;227.4;228.8;delta=0.993
2026-10-04 08:42;7500.0;7722.72;SPXW  261005C07500000;222.4;223.8;delta=0.993
2026-10-04 08:42;7505.0;7722.72;SPXW  261005C07505000;206.3;230.2;delta=0.992
2026-10-04 08:42;7510.0;7722.72;SPXW  261005C07510000;201.3;225.2;delta=0.991
2026-10-04 08:42;7515.0;7722.72;SPXW  261005C07515000;198.3;218.1;delta=0.99
2026-10-04 08:42;7520.0;7722.72;SPXW  261005C07520000;193.3;213.1;delta=0.991
2026-10-04 08:42;7525.0;7722.72;SPXW  261005C07525000;188.3;208.1;delta=0.991
2026-10-04 08:42;7530.0;7722.72;SPXW  261005C07530000;183.3;203.0;delta=0.99
2026-10-04 08:42;7535.0;7722.72;SPXW  261005C07535000;178.4;189.0;delta=0.989
2026-10-04 08:42;7540.0;7722.72;SPXW  261005C07540000;182.2;184.1;delta=0.988
2026-10-04 08:42;7545.0;7722.72;SPXW  261005C07545000;177.3;179.1;delta=0.988
2026-10-04 08:42;7550.0;7722.72;SPXW  261005C07550000;168.1;174.1;delta=0.987
2026-10-04 08:42;7555.0;7722.72;SPXW  261005C07555000;167.3;169.1;delta=0.986
2026-10-04 08:42;7560.0;7722.72;SPXW  261005C07560000;162.3;164.1;delta=0.985
2026-10-04 08:42;7565.0;7722.72;SPXW  261005C07565000;148.5;159.1;delta=0.984
2026-10-04 08:42;7570.0;7722.72;SPXW  261005C07570000;148.2;154.2;delta=0.982
2026-10-04 08:42;7575.0;7722.72;SPXW  261005C07575000;147.4;149.2;delta=0.981
2026-10-04 08:42;7580.0;7722.72;SPXW  261005C07580000;138.4;144.3;delta=0.979
2026-10-04 08:42;7585.0;7722.72;SPXW  261005C07585000;137.5;139.3;delta=0.977
2026-10-04 08:42;7590.0;7722.72;SPXW  261005C07590000;128.5;134.4;delta=0.974
2026-10-04 08:42;7595.0;7722.72;SPXW  261005C07595000;127.8;129.2;delta=0.972
2026-10-04 08:42;7600.0;7722.72;SPXW  261005C07600000;122.9;124.3;delta=0.969
2026-10-04 08:42;7605.0;7722.72;SPXW  261005C07605000;118.0;119.4;delta=0.966
2026-10-04 08:42;7610.0;7722.72;SPXW  261005C07610000;113.1;114.5;delta=0.961
2026-10-04 08:42;7615.0;7722.72;SPXW  261005C07615000;108.2;109.7;delta=0.956
2026-10-04 08:42;7620.0;7722.72;SPXW  261005C07620000;103.4;104.8;delta=0.95
2026-10-04 08:42;7625.0;7722.72;SPXW  261005C07625000;98.6;100.0;delta=0.943
2026-10-04 08:42;7630.0;7722.72;SPXW  261005C07630000;93.8;95.2;delta=0.936
2026-10-04 08:42;7635.0;7722.72;SPXW  261005C07635000;89.0;90.5;delta=0.927
2026-10-04 08:42;7640.0;7722.72;SPXW  261005C07640000;84.3;85.7;delta=0.917
2026-10-04 08:42;7645.0;7722.72;SPXW  261005C07645000;79.7;81.1;delta=0.906
2026-10-04 08:42;7650.0;7722.72;SPXW  261005C07650000;75.1;76.4;delta=0.893
2026-10-04 08:42;7655.0;7722.72;SPXW  261005C07655000;70.5;71.9;delta=0.879
2026-10-04 08:42;7660.0;7722.72;SPXW  261005C07660000;66.0;67.4;delta=0.863
2026-10-04 08:42;7665.0;7722.72;SPXW  261005C07665000;61.6;63.0;delta=0.846
2026-10-04 08:42;7670.0;7722.72;SPXW  261005C07670000;57.4;58.4;delta=0.825
2026-10-04 08:42;7675.0;7722.72;SPXW  261005C07675000;53.1;54.2;delta=0.803
2026-10-04 08:42;7680.0;7722.72;SPXW  261005C07680000;49.0;50.0;delta=0.779
2026-10-04 08:42;7685.0;7722.72;SPXW  261005C07685000;45.0;46.0;delta=0.753
2026-10-04 08:42;7690.0;7722.72;SPXW  261005C07690000;41.1;42.1;delta=0.724
2026-10-04 08:42;7695.0;7722.72;SPXW  261005C07695000;37.6;38.0;delta=0.693
2026-10-04 08:42;7700.0;7722.72;SPXW  261005C07700000;34.0;34.4;delta=0.659
2026-10-04 08:42;7705.0;7722.72;SPXW  261005C07705000;30.5;30.9;delta=0.623
2026-10-04 08:42;7710.0;7722.72;SPXW  261005C07710000;27.3;27.7;delta=0.585
2026-10-04 08:42;7715.0;7722.72;SPXW  261005C07715000;24.1;24.4;delta=0.546
2026-10-04 08:42;7720.0;7722.72;SPXW  261005C07720000;21.2;21.6;delta=0.504
2026-10-04 08:42;7725.0;7722.72;SPXW  261005C07725000;18.5;18.9;delta=0.466
2026-10-04 08:42;7730.0;7722.72;SPXW  261005C07730000;16.0;16.4;delta=0.427
2026-10-04 08:42;7735.0;7722.72;SPXW  261005C07735000;13.6;14.0;delta=0.388
2026-10-04 08:42;7740.0;7722.72;SPXW  261005C07740000;11.5;11.9;delta=0.349
2026-10-04 08:42;7745.0;7722.72;SPXW  261005C07745000;9.7;10.0;delta=0.311
2026-10-04 08:42;7750.0;7722.72;SPXW  261005C07750000;8.0;8.3;delta=0.273
2026-10-04 08:42;7755.0;7722.72;SPXW  261005C07755000;6.5;6.8;delta=0.237
2026-10-04 08:42;7760.0;7722.72;SPXW  261005C07760000;5.3;5.6;delta=0.204
2026-10-04 08:42;7765.0;7722.72;SPXW  261005C07765000;4.3;4.5;delta=0.174
2026-10-04 08:42;7770.0;7722.72;SPXW  261005C07770000;3.3;3.6;delta=0.145
2026-10-04 08:42;7775.0;7722.72;SPXW  261005C07775000;2.6;2.8;delta=0.119
2026-10-04 08:42;7780.0;7722.72;SPXW  261005C07780000;2.05;2.25;delta=0.099
2026-10-04 08:42;7785.0;7722.72;SPXW  261005C07785000;1.6;1.7;delta=0.08
2026-10-04 08:42;7790.0;7722.72;SPXW  261005C07790000;1.25;1.4;delta=0.066
2026-10-04 08:42;7795.0;7722.72;SPXW  261005C07795000;0.95;1.1;delta=0.053
2026-10-04 08:42;7800.0;7722.72;SPXW  261005C07800000;0.75;0.8;delta=0.042
2026-10-04 08:42;7805.0;7722.72;SPXW  261005C07805000;0.6;0.7;delta=0.035
2026-10-04 08:42;7810.0;7722.72;SPXW  261005C07810000;0.45;0.6;delta=0.029
2026-10-04 08:42;7815.0;7722.72;SPXW  261005C07815000;0.35;0.45;delta=0.023
2026-10-04 08:42;7820.0;7722.72;SPXW  261005C07820000;0.3;0.4;delta=0.02
2026-10-04 08:42;7825.0;7722.72;SPXW  261005C07825000;0.25;0.35;delta=0.017
2026-10-04 08:42;7830.0;7722.72;SPXW  261005C07830000;0.2;0.3;delta=0.014
2026-10-04 08:42;7835.0;7722.72;SPXW  261005C07835000;0.15;0.25;delta=0.012
2026-10-04 08:42;7840.0;7722.72;SPXW  261005C07840000;0.1;0.25;delta=0.01
2026-10-04 08:42;7845.0;7722.72;SPXW  261005C07845000;0.1;0.15;delta=0.007
2026-10-04 08:42;7850.0;7722.72;SPXW  261005C07850000;0.1;0.2;delta=0.008
2026-10-04 08:42;7855.0;7722.72;SPXW  261005C07855000;0.05;0.15;delta=0.006
2026-10-04 08:42;7860.0;7722.72;SPXW  261005C07860000;0.05;0.1;delta=0.005
2026-10-04 08:42;7865.0;7722.72;SPXW  261005C07865000;0.05;0.15;delta=0.006
2026-10-04 08:42;7870.0;7722.72;SPXW  261005C07870000;0.05;0.1;delta=0.004
2026-10-04 08:42;7875.0;7722.72;SPXW  261005C07875000;0.05;0.15;delta=0.005
2026-10-04 08:42;7880.0;7722.72;SPXW  261005C07880000;0.05;0.15;delta=0.005
2026-10-04 08:42;7885.0;7722.72;SPXW  261005C07885000;0.05;0.15;delta=0.005
2026-10-04 08:42;7890.0;7722.72;SPXW  261005C07890000;0.05;0.15;delta=0.005
2026-10-04 08:42;7895.0;7722.72;SPXW  261005C07895000;0.05;0.15;delta=0.004
2026-10-04 08:42;7900.0;7722.72;SPXW  261005C07900000;0.05;0.1;delta=0.003
2026-10-04 08:42;7905.0;7722.72;SPXW  261005C07905000;0.05;0.1;delta=0.003
2026-10-04 08:42;7910.0;7722.72;SPXW  261005C07910000;0.05;0.1;delta=0.003
2026-10-04 08:42;7915.0;7722.72;SPXW  261005C07915000;0.05;0.1;delta=0.002
2026-10-04 08:42;7920.0;7722.72;SPXW  261005C07920000;0.05;0.1;delta=0.002
2026-10-04 08:42;7925.0;7722.72;SPXW  261005C07925000;0.05;0.1;delta=0.003
2026-10-04 08:42;7930.0;7722.72;SPXW  261005C07930000;0.05;0.1;delta=0.002
2026-10-04 08:42;7935.0;7722.72;SPXW  261005C07935000;0.0;0.0;delta=-999.0
2026-10-04 08:42;7940.0;7722.72;SPXW  261005C07940000;0.05;0.2;delta=0.002
2026-10-04 08:42;7945.0;7722.72;SPXW  261005C07945000;0.0;0.0;delta=-999.0
2026-10-04 08:42;7950.0;7722.72;SPXW  261005C07950000;0.05;0.15;delta=0.002
2026-10-04 08:42;7960.0;7722.72;SPXW  261005C07960000;0.05;0.1;delta=0.002
2026-10-04 08:42;7970.0;7722.72;SPXW  261005C07970000;0.05;0.1;delta=0.002
2026-10-04 08:42;7975.0;7722.72;SPXW  261005C07975000;0.05;0.1;delta=0.001
2026-10-04 08:42;7980.0;7722.72;SPXW  261005C07980000;0.05;0.15;delta=0.002
2026-10-04 08:42;7475.0;7722.72;SPXW  261005P07475000;0.15;0.25;delta=-0.006
2026-10-04 08:42;7480.0;7722.72;SPXW  261005P07480000;0.15;0.25;delta=-0.006
2026-10-04 08:42;7485.0;7722.72;SPXW  261005P07485000;0.15;0.25;delta=-0.006
2026-10-04 08:42;7490.0;7722.72;SPXW  261005P07490000;0.15;0.25;delta=-0.007
2026-10-04 08:42;7495.0;7722.72;SPXW  261005P07495000;0.15;0.25;delta=-0.007
2026-10-04 08:42;7500.0;7722.72;SPXW  261005P07500000;0.15;0.25;delta=-0.007
2026-10-04 08:42;7505.0;7722.72;SPXW  261005P07505000;0.15;0.3;delta=-0.008
2026-10-04 08:42;7510.0;7722.72;SPXW  261005P07510000;0.2;0.3;delta=-0.008
2026-10-04 08:42;7515.0;7722.72;SPXW  261005P07515000;0.25;0.3;delta=-0.009
2026-10-04 08:42;7520.0;7722.72;SPXW  261005P07520000;0.2;0.3;delta=-0.009
2026-10-04 08:42;7525.0;7722.72;SPXW  261005P07525000;0.2;0.3;delta=-0.009
2026-10-04 08:42;7530.0;7722.72;SPXW  261005P07530000;0.2;0.35;delta=-0.01
2026-10-04 08:42;7535.0;7722.72;SPXW  261005P07535000;0.25;0.35;delta=-0.011
2026-10-04 08:42;7540.0;7722.72;SPXW  261005P07540000;0.3;0.35;delta=-0.012
2026-10-04 08:42;7545.0;7722.72;SPXW  261005P07545000;0.25;0.4;delta=-0.012
2026-10-04 08:42;7550.0;7722.72;SPXW  261005P07550000;0.25;0.4;delta=-0.012
2026-10-04 08:42;7555.0;7722.72;SPXW  261005P07555000;0.3;0.4;delta=-0.013
2026-10-04 08:42;7560.0;7722.72;SPXW  261005P07560000;0.3;0.45;delta=-0.014
2026-10-04 08:42;7565.0;7722.72;SPXW  261005P07565000;0.4;0.45;delta=-0.016
2026-10-04 08:42;7570.0;7722.72;SPXW  261005P07570000;0.4;0.5;delta=-0.017
2026-10-04 08:42;7575.0;7722.72;SPXW  261005P07575000;0.4;0.55;delta=-0.018
2026-10-04 08:42;7580.0;7722.72;SPXW  261005P07580000;0.45;0.6;delta=-0.02
2026-10-04 08:42;7585.0;7722.72;SPXW  261005P07585000;0.5;0.65;delta=-0.023
2026-10-04 08:42;7590.0;7722.72;SPXW  261005P07590000;0.6;0.7;delta=-0.025
2026-10-04 08:42;7595.0;7722.72;SPXW  261005P07595000;0.65;0.75;delta=-0.028
2026-10-04 08:42;7600.0;7722.72;SPXW  261005P07600000;0.7;0.85;delta=-0.031
2026-10-04 08:42;7605.0;7722.72;SPXW  261005P07605000;0.8;0.9;delta=-0.034
2026-10-04 08:42;7610.0;7722.72;SPXW  261005P07610000;0.9;1.05;delta=-0.038
2026-10-04 08:42;7615.0;7722.72;SPXW  261005P07615000;1.05;1.2;delta=-0.044
2026-10-04 08:42;7620.0;7722.72;SPXW  261005P07620000;1.2;1.35;delta=-0.05
2026-10-04 08:42;7625.0;7722.72;SPXW  261005P07625000;1.4;1.55;delta=-0.057
2026-10-04 08:42;7630.0;7722.72;SPXW  261005P07630000;1.6;1.75;delta=-0.064
2026-10-04 08:42;7635.0;7722.72;SPXW  261005P07635000;1.8;2.0;delta=-0.072
2026-10-04 08:42;7640.0;7722.72;SPXW  261005P07640000;2.15;2.25;delta=-0.082
2026-10-04 08:42;7645.0;7722.72;SPXW  261005P07645000;2.45;2.6;delta=-0.094
2026-10-04 08:42;7650.0;7722.72;SPXW  261005P07650000;2.9;3.0;delta=-0.107
2026-10-04 08:42;7655.0;7722.72;SPXW  261005P07655000;3.2;3.5;delta=-0.121
2026-10-04 08:42;7660.0;7722.72;SPXW  261005P07660000;3.7;4.0;delta=-0.136
2026-10-04 08:42;7665.0;7722.72;SPXW  261005P07665000;4.3;4.5;delta=-0.154
2026-10-04 08:42;7670.0;7722.72;SPXW  261005P07670000;5.0;5.2;delta=-0.174
2026-10-04 08:42;7675.0;7722.72;SPXW  261005P07675000;5.7;6.0;delta=-0.196
2026-10-04 08:42;7680.0;7722.72;SPXW  261005P07680000;6.6;6.9;delta=-0.221
2026-10-04 08:42;7685.0;7722.72;SPXW  261005P07685000;7.5;7.8;delta=-0.247
2026-10-04 08:42;7690.0;7722.72;SPXW  261005P07690000;8.7;8.9;delta=-0.276
2026-10-04 08:42;7695.0;7722.72;SPXW  261005P07695000;9.9;10.1;delta=-0.307
2026-10-04 08:42;7700.0;7722.72;SPXW  261005P07700000;11.2;11.5;delta=-0.34
2026-10-04 08:42;7705.0;7722.72;SPXW  261005P07705000;12.8;13.1;delta=-0.376
2026-10-04 08:42;7710.0;7722.72;SPXW  261005P07710000;14.5;14.8;delta=-0.414
2026-10-04 08:42;7715.0;7722.72;SPXW  261005P07715000;16.3;16.7;delta=-0.454
2026-10-04 08:42;7720.0;7722.72;SPXW  261005P07720000;18.4;18.8;delta=-0.496
2026-10-04 08:42;7725.0;7722.72;SPXW  261005P07725000;20.7;21.1;delta=-0.534
2026-10-04 08:42;7730.0;7722.72;SPXW  261005P07730000;23.1;23.6;delta=-0.572
2026-10-04 08:42;7735.0;7722.72;SPXW  261005P07735000;25.8;26.2;delta=-0.612
2026-10-04 08:42;7740.0;7722.72;SPXW  261005P07740000;28.7;29.1;delta=-0.651
2026-10-04 08:42;7745.0;7722.72;SPXW  261005P07745000;31.8;32.2;delta=-0.689
2026-10-04 08:42;7750.0;7722.72;SPXW  261005P07750000;34.9;35.9;delta=-0.727
2026-10-04 08:42;7755.0;7722.72;SPXW  261005P07755000;38.4;39.4;delta=-0.763
2026-10-04 08:42;7760.0;7722.72;SPXW  261005P07760000;42.1;43.1;delta=-0.796
2026-10-04 08:42;7765.0;7722.72;SPXW  261005P07765000;46.0;47.1;delta=-0.826
2026-10-04 08:42;7770.0;7722.72;SPXW  261005P07770000;49.9;51.3;delta=-0.855
2026-10-04 08:42;7775.0;7722.72;SPXW  261005P07775000;54.2;55.6;delta=-0.88
2026-10-04 08:42;7780.0;7722.72;SPXW  261005P07780000;58.6;60.0;delta=-0.901
2026-10-04 08:42;7785.0;7722.72;SPXW  261005P07785000;63.1;64.5;delta=-0.92
2026-10-04 08:42;7790.0;7722.72;SPXW  261005P07790000;67.7;69.2;delta=-0.934
2026-10-04 08:42;7795.0;7722.72;SPXW  261005P07795000;72.5;73.9;delta=-0.947
2026-10-04 08:42;7800.0;7722.72;SPXW  261005P07800000;77.2;78.7;delta=-0.958
2026-10-04 08:42;7805.0;7722.72;SPXW  261005P07805000;82.1;83.5;delta=-0.964
2026-10-04 08:42;7810.0;7722.72;SPXW  261005P07810000;87.0;88.4;delta=-0.971
2026-10-04 08:42;7815.0;7722.72;SPXW  261005P07815000;91.7;93.4;delta=-0.977
2026-10-04 08:42;7820.0;7722.72;SPXW  261005P07820000;96.6;98.4;delta=-0.98
2026-10-04 08:42;7825.0;7722.72;SPXW  261005P07825000;101.5;105.8;delta=-0.983
2026-10-04 08:42;7830.0;7722.72;SPXW  261005P07830000;106.5;108.3;delta=-0.985
2026-10-04 08:42;7835.0;7722.72;SPXW  261005P07835000;111.4;115.8;delta=-0.988
2026-10-04 08:42;7840.0;7722.72;SPXW  261005P07840000;116.4;120.7;delta=-0.99
2026-10-04 08:42;7845.0;7722.72;SPXW  261005P07845000;121.4;125.3;delta=-0.992
2026-10-04 08:42;7850.0;7722.72;SPXW  261005P07850000;126.5;127.9;delta=-0.991
2026-10-04 08:42;7855.0;7722.72;SPXW  261005P07855000;131.5;132.9;delta=-0.994
2026-10-04 08:42;7860.0;7722.72;SPXW  261005P07860000;136.5;137.9;delta=-0.995
2026-10-04 08:42;7865.0;7722.72;SPXW  261005P07865000;141.5;142.9;delta=-0.994
2026-10-04 08:42;7870.0;7722.72;SPXW  261005P07870000;146.5;147.9;delta=-0.995
2026-10-04 08:42;7875.0;7722.72;SPXW  261005P07875000;151.5;153.0;delta=-0.994
2026-10-04 08:42;7880.0;7722.72;SPXW  261005P07880000;156.5;157.9;delta=-0.995
2026-10-04 08:42;7885.0;7722.72;SPXW  261005P07885000;161.5;163.0;delta=-0.995
2026-10-04 08:42;7890.0;7722.72;SPXW  261005P07890000;146.8;190.2;delta=-0.995
2026-10-04 08:42;7895.0;7722.72;SPXW  261005P07895000;171.5;173.0;delta=-0.996
2026-10-04 08:42;7900.0;7722.72;SPXW  261005P07900000;176.5;178.0;delta=-0.997
2026-10-04 08:42;7905.0;7722.72;SPXW  261005P07905000;181.4;183.0;delta=-0.997
2026-10-04 08:42;7910.0;7722.72;SPXW  261005P07910000;186.4;187.9;delta=-0.997
2026-10-04 08:42;7915.0;7722.72;SPXW  261005P07915000;191.4;192.9;delta=-0.997
2026-10-04 08:42;7920.0;7722.72;SPXW  261005P07920000;196.4;197.9;delta=-0.997
2026-10-04 08:42;7925.0;7722.72;SPXW  261005P07925000;201.4;202.9;delta=-0.996
2026-10-04 08:42;7930.0;7722.72;SPXW  261005P07930000;186.3;230.2;delta=-0.997
2026-10-04 08:42;7935.0;7722.72;SPXW  261005P07935000;0.0;0.0;delta=-999.0
2026-10-04 08:42;7940.0;7722.72;SPXW  261005P07940000;216.4;217.9;delta=-0.997
2026-10-04 08:42;7945.0;7722.72;SPXW  261005P07945000;0.0;0.0;delta=-999.0
2026-10-04 08:42;7950.0;7722.72;SPXW  261005P07950000;226.4;227.9;delta=-0.998
2026-10-04 08:42;7960.0;7722.72;SPXW  261005P07960000;236.4;237.9;delta=-0.998
2026-10-04 08:42;7970.0;7722.72;SPXW  261005P07970000;246.4;247.9;delta=-0.998
2026-10-04 08:42;7975.0;7722.72;SPXW  261005P07975000;251.4;252.9;delta=-0.999
2026-10-04 08:42;7980.0;7722.72;SPXW  261005P07980000;256.4;257.9;delta=-0.998
2026-10-04 08:47;7475.0;7722.72;SPXW  261005C07475000;247.3;248.8;delta=0.994
2026-10-04 08:47;7480.0;7722.72;SPXW  261005C07480000;231.3;254.9;delta=0.993
2026-10-04 08:47;7485.0;7722.72;SPXW  261005C07485000;237.4;238.8;delta=0.993
2026-10-04 08:47;7490.0;7722.72;SPXW  261005C07490000;232.3;233.8;delta=0.993
2026-10-04 08:47;7495.0;7722.72;SPXW  261005C07495000;227.4;228.8;delta=0.993
2026-10-04 08:47;7500.0;7722.72;SPXW  261005C07500000;222.4;223.8;delta=0.993
2026-10-04 08:47;7505.0;7722.72;SPXW  261005C07505000;206.3;230.2;delta=0.992
2026-10-04 08:47;7510.0;7722.72;SPXW  261005C07510000;201.3;225.2;delta=0.991
2026-10-04 08:47;7515.0;7722.72;SPXW  261005C07515000;198.3;218.1;delta=0.99
2026-10-04 08:47;7520.0;7722.72;SPXW  261005C07520000;193.3;213.1;delta=0.991
2026-10-04 08:47;7525.0;7722.72;SPXW  261005C07525000;188.3;208.1;delta=0.991
2026-10-04 08:47;7530.0;7722.72;SPXW  261005C07530000;183.3;203.0;delta=0.99
2026-10-04 08:47;7535.0;7722.72;SPXW  261005C07535000;178.4;189.0;delta=0.989
2026-10-04 08:47;7540.0;7722.72;SPXW  261005C07540000;182.2;184.1;delta=0.988
2026-10-04 08:47;7545.0;7722.72;SPXW  261005C07545000;177.3;179.1;delta=0.988
2026-10-04 08:47;7550.0;7722.72;SPXW  261005C07550000;168.1;174.1;delta=0.987
2026-10-04 08:47;7555.0;7722.72;SPXW  261005C07555000;167.3;169.1;delta=0.986
2026-10-04 08:47;7560.0;7722.72;SPXW  261005C07560000;162.3;164.1;delta=0.985
2026-10-04 08:47;7565.0;7722.72;SPXW  261005C07565000;148.5;159.1;delta=0.984
2026-10-04 08:47;7570.0;7722.72;SPXW  261005C07570000;148.2;154.2;delta=0.982
2026-10-04 08:47;7575.0;7722.72;SPXW  261005C07575000;147.4;149.2;delta=0.981
2026-10-04 08:47;7580.0;7722.72;SPXW  261005C07580000;138.4;144.3;delta=0.979
2026-10-04 08:47;7585.0;7722.72;SPXW  261005C07585000;137.5;139.3;delta=0.977
2026-10-04 08:47;7590.0;7722.72;SPXW  261005C07590000;128.5;134.4;delta=0.974
2026-10-04 08:47;7595.0;7722.72;SPXW  261005C07595000;127.8;129.2;delta=0.972
2026-10-04 08:47;7600.0;7722.72;SPXW  261005C07600000;122.9;124.3;delta=0.969
2026-10-04 08:47;7605.0;7722.72;SPXW  261005C07605000;118.0;119.4;delta=0.966
2026-10-04 08:47;7610.0;7722.72;SPXW  261005C07610000;113.1;114.5;delta=0.961
2026-10-04 08:47;7615.0;7722.72;SPXW  261005C07615000;108.2;109.7;delta=0.956
2026-10-04 08:47;7620.0;7722.72;SPXW  261005C07620000;103.4;104.8;delta=0.95
2026-10-04 08:47;7625.0;7722.72;SPXW  261005C07625000;98.6;100.0;delta=0.943
2026-10-04 08:47;7630.0;7722.72;SPXW  261005C07630000;93.8;95.2;delta=0.936
2026-10-04 08:47;7635.0;7722.72;SPXW  261005C07635000;89.0;90.5;delta=0.927
2026-10-04 08:47;7640.0;7722.72;SPXW  261005C07640000;84.3;85.7;delta=0.917
2026-10-04 08:47;7645.0;7722.72;SPXW  261005C07645000;79.7;81.1;delta=0.906
2026-10-04 08:47;7650.0;7722.72;SPXW  261005C07650000;75.1;76.4;delta=0.893
2026-10-04 08:47;7655.0;7722.72;SPXW  261005C07655000;70.5;71.9;delta=0.879
2026-10-04 08:47;7660.0;7722.72;SPXW  261005C07660000;66.0;67.4;delta=0.863
2026-10-04 08:47;7665.0;7722.72;SPXW  261005C07665000;61.6;63.0;delta=0.846
2026-10-04 08:47;7670.0;7722.72;SPXW  261005C07670000;57.4;58.4;delta=0.825
2026-10-04 08:47;7675.0;7722.72;SPXW  261005C07675000;53.1;54.2;delta=0.803
2026-10-04 08:47;7680.0;7722.72;SPXW  261005C07680000;49.0;50.0;delta=0.779
2026-10-04 08:47;7685.0;7722.72;SPXW  261005C07685000;45.0;46.0;delta=0.753
2026-10-04 08:47;7690.0;7722.72;SPXW  261005C07690000;41.1;42.1;delta=0.724
2026-10-04 08:47;7695.0;7722.72;SPXW  261005C07695000;37.6;38.0;delta=0.693
2026-10-04 08:47;7700.0;7722.72;SPXW  261005C07700000;34.0;34.4;delta=0.659
2026-10-04 08:47;7705.0;7722.72;SPXW  261005C07705000;30.5;30.9;delta=0.623
2026-10-04 08:47;7710.0;7722.72;SPXW  261005C07710000;27.3;27.7;delta=0.585
2026-10-04 08:47;7715.0;7722.72;SPXW  261005C07715000;24.1;24.4;delta=0.546
2026-10-04 08:47;7720.0;7722.72;SPXW  261005C07720000;21.2;21.6;delta=0.504
2026-10-04 08:47;7725.0;7722.72;SPXW  261005C07725000;18.5;18.9;delta=0.466
2026-10-04 08:47;7730.0;7722.72;SPXW  261005C07730000;16.0;16.4;delta=0.427
2026-10-04 08:47;7735.0;7722.72;SPXW  261005C07735000;13.6;14.0;delta=0.388
2026-10-04 08:47;7740.0;7722.72;SPXW  261005C07740000;11.5;11.9;delta=0.349
2026-10-04 08:47;7745.0;7722.72;SPXW  261005C07745000;9.7;10.0;delta=0.311
2026-10-04 08:47;7750.0;7722.72;SPXW  261005C07750000;8.0;8.3;delta=0.273
2026-10-04 08:47;7755.0;7722.72;SPXW  261005C07755000;6.5;6.8;delta=0.237
2026-10-04 08:47;7760.0;7722.72;SPXW  261005C07760000;5.3;5.6;delta=0.204
2026-10-04 08:47;7765.0;7722.72;SPXW  261005C07765000;4.3;4.5;delta=0.174
2026-10-04 08:47;7770.0;7722.72;SPXW  261005C07770000;3.3;3.6;delta=0.145
2026-10-04 08:47;7775.0;7722.72;SPXW  261005C07775000;2.6;2.8;delta=0.119
2026-10-04 08:47;7780.0;7722.72;SPXW  261005C07780000;2.05;2.25;delta=0.099
2026-10-04 08:47;7785.0;7722.72;SPXW  261005C07785000;1.6;1.7;delta=0.08
2026-10-04 08:47;7790.0;7722.72;SPXW  261005C07790000;1.25;1.4;delta=0.066
2026-10-04 08:47;7795.0;7722.72;SPXW  261005C07795000;0.95;1.1;delta=0.053
2026-10-04 08:47;7800.0;7722.72;SPXW  261005C07800000;0.75;0.8;delta=0.042
2026-10-04 08:47;7805.0;7722.72;SPXW  261005C07805000;0.6;0.7;delta=0.035
2026-10-04 08:47;7810.0;7722.72;SPXW  261005C07810000;0.45;0.6;delta=0.029
2026-10-04 08:47;7815.0;7722.72;SPXW  261005C07815000;0.35;0.45;delta=0.023
2026-10-04 08:47;7820.0;7722.72;SPXW  261005C07820000;0.3;0.4;delta=0.02
2026-10-04 08:47;7825.0;7722.72;SPXW  261005C07825000;0.25;0.35;delta=0.017
2026-10-04 08:47;7830.0;7722.72;SPXW  261005C07830000;0.2;0.3;delta=0.014
2026-10-04 08:47;7835.0;7722.72;SPXW  261005C07835000;0.15;0.25;delta=0.012
2026-10-04 08:47;7840.0;7722.72;SPXW  261005C07840000;0.1;0.25;delta=0.01
2026-10-04 08:47;7845.0;7722.72;SPXW  261005C07845000;0.1;0.15;delta=0.007
2026-10-04 08:47;7850.0;7722.72;SPXW  261005C07850000;0.1;0.2;delta=0.008
2026-10-04 08:47;7855.0;7722.72;SPXW  261005C07855000;0.05;0.15;delta=0.006
2026-10-04 08:47;7860.0;7722.72;SPXW  261005C07860000;0.05;0.1;delta=0.005
2026-10-04 08:47;7865.0;7722.72;SPXW  261005C07865000;0.05;0.15;delta=0.006
2026-10-04 08:47;7870.0;7722.72;SPXW  261005C07870000;0.05;0.1;delta=0.004
2026-10-04 08:47;7875.0;7722.72;SPXW  261005C07875000;0.05;0.15;delta=0.005
2026-10-04 08:47;7880.0;7722.72;SPXW  261005C07880000;0.05;0.15;delta=0.005
2026-10-04 08:47;7885.0;7722.72;SPXW  261005C07885000;0.05;0.15;delta=0.005
2026-10-04 08:47;7890.0;7722.72;SPXW  261005C07890000;0.05;0.15;delta=0.005
2026-10-04 08:47;7895.0;7722.72;SPXW  261005C07895000;0.05;0.15;delta=0.004
2026-10-04 08:47;7900.0;7722.72;SPXW  261005C07900000;0.05;0.1;delta=0.003
2026-10-04 08:47;7905.0;7722.72;SPXW  261005C07905000;0.05;0.1;delta=0.003
2026-10-04 08:47;7910.0;7722.72;SPXW  261005C07910000;0.05;0.1;delta=0.003
2026-10-04 08:47;7915.0;7722.72;SPXW  261005C07915000;0.05;0.1;delta=0.002
2026-10-04 08:47;7920.0;7722.72;SPXW  261005C07920000;0.05;0.1;delta=0.002
2026-10-04 08:47;7925.0;7722.72;SPXW  261005C07925000;0.05;0.1;delta=0.003
2026-10-04 08:47;7930.0;7722.72;SPXW  261005C07930000;0.05;0.1;delta=0.002
2026-10-04 08:47;7935.0;7722.72;SPXW  261005C07935000;0.0;0.0;delta=-999.0
2026-10-04 08:47;7940.0;7722.72;SPXW  261005C07940000;0.05;0.2;delta=0.002
2026-10-04 08:47;7945.0;7722.72;SPXW  261005C07945000;0.0;0.0;delta=-999.0
2026-10-04 08:47;7950.0;7722.72;SPXW  261005C07950000;0.05;0.15;delta=0.002
2026-10-04 08:47;7960.0;7722.72;SPXW  261005C07960000;0.05;0.1;delta=0.002
2026-10-04 08:47;7970.0;7722.72;SPXW  261005C07970000;0.05;0.1;delta=0.002
2026-10-04 08:47;7975.0;7722.72;SPXW  261005C07975000;0.05;0.1;delta=0.001
2026-10-04 08:47;7980.0;7722.72;SPXW  261005C07980000;0.05;0.15;delta=0.002
2026-10-04 08:47;7475.0;7722.72;SPXW  261005P07475000;0.15;0.25;delta=-0.006
2026-10-04 08:47;7480.0;7722.72;SPXW  261005P07480000;0.15;0.25;delta=-0.006
2026-10-04 08:47;7485.0;7722.72;SPXW  261005P07485000;0.15;0.25;delta=-0.006
2026-10-04 08:47;7490.0;7722.72;SPXW  261005P07490000;0.15;0.25;delta=-0.007
2026-10-04 08:47;7495.0;7722.72;SPXW  261005P07495000;0.15;0.25;delta=-0.007
2026-10-04 08:47;7500.0;7722.72;SPXW  261005P07500000;0.15;0.25;delta=-0.007
2026-10-04 08:47;7505.0;7722.72;SPXW  261005P07505000;0.15;0.3;delta=-0.008
2026-10-04 08:47;7510.0;7722.72;SPXW  261005P07510000;0.2;0.3;delta=-0.008
2026-10-04 08:47;7515.0;7722.72;SPXW  261005P07515000;0.25;0.3;delta=-0.009
2026-10-04 08:47;7520.0;7722.72;SPXW  261005P07520000;0.2;0.3;delta=-0.009
2026-10-04 08:47;7525.0;7722.72;SPXW  261005P07525000;0.2;0.3;delta=-0.009
2026-10-04 08:47;7530.0;7722.72;SPXW  261005P07530000;0.2;0.35;delta=-0.01
2026-10-04 08:47;7535.0;7722.72;SPXW  261005P07535000;0.25;0.35;delta=-0.011
2026-10-04 08:47;7540.0;7722.72;SPXW  261005P07540000;0.3;0.35;delta=-0.012
2026-10-04 08:47;7545.0;7722.72;SPXW  261005P07545000;0.25;0.4;delta=-0.012
2026-10-04 08:47;7550.0;7722.72;SPXW  261005P07550000;0.25;0.4;delta=-0.012
2026-10-04 08:47;7555.0;7722.72;SPXW  261005P07555000;0.3;0.4;delta=-0.013
2026-10-04 08:47;7560.0;7722.72;SPXW  261005P07560000;0.3;0.45;delta=-0.014
2026-10-04 08:47;7565.0;7722.72;SPXW  261005P07565000;0.4;0.45;delta=-0.016
2026-10-04 08:47;7570.0;7722.72;SPXW  261005P07570000;0.4;0.5;delta=-0.017
2026-10-04 08:47;7575.0;7722.72;SPXW  261005P07575000;0.4;0.55;delta=-0.018
2026-10-04 08:47;7580.0;7722.72;SPXW  261005P07580000;0.45;0.6;delta=-0.02
2026-10-04 08:47;7585.0;7722.72;SPXW  261005P07585000;0.5;0.65;delta=-0.023
2026-10-04 08:47;7590.0;7722.72;SPXW  261005P07590000;0.6;0.7;delta=-0.025
2026-10-04 08:47;7595.0;7722.72;SPXW  261005P07595000;0.65;0.75;delta=-0.028
2026-10-04 08:47;7600.0;7722.72;SPXW  261005P07600000;0.7;0.85;delta=-0.031
2026-10-04 08:47;7605.0;7722.72;SPXW  261005P07605000;0.8;0.9;delta=-0.034
2026-10-04 08:47;7610.0;7722.72;SPXW  261005P07610000;0.9;1.05;delta=-0.038
2026-10-04 08:47;7615.0;7722.72;SPXW  261005P07615000;1.05;1.2;delta=-0.044
2026-10-04 08:47;7620.0;7722.72;SPXW  261005P07620000;1.2;1.35;delta=-0.05
2026-10-04 08:47;7625.0;7722.72;SPXW  261005P07625000;1.4;1.55;delta=-0.057
2026-10-04 08:47;7630.0;7722.72;SPXW  261005P07630000;1.6;1.75;delta=-0.064
2026-10-04 08:47;7635.0;7722.72;SPXW  261005P07635000;1.8;2.0;delta=-0.072
2026-10-04 08:47;7640.0;7722.72;SPXW  261005P07640000;2.15;2.25;delta=-0.082
2026-10-04 08:47;7645.0;7722.72;SPXW  261005P07645000;2.45;2.6;delta=-0.094
2026-10-04 08:47;7650.0;7722.72;SPXW  261005P07650000;2.9;3.0;delta=-0.107
2026-10-04 08:47;7655.0;7722.72;SPXW  261005P07655000;3.2;3.5;delta=-0.121
2026-10-04 08:47;7660.0;7722.72;SPXW  261005P07660000;3.7;4.0;delta=-0.136
2026-10-04 08:47;7665.0;7722.72;SPXW  261005P07665000;4.3;4.5;delta=-0.154
2026-10-04 08:47;7670.0;7722.72;SPXW  261005P07670000;5.0;5.2;delta=-0.174
2026-10-04 08:47;7675.0;7722.72;SPXW  261005P07675000;5.7;6.0;delta=-0.196
2026-10-04 08:47;7680.0;7722.72;SPXW  261005P07680000;6.6;6.9;delta=-0.221
2026-10-04 08:47;7685.0;7722.72;SPXW  261005P07685000;7.5;7.8;delta=-0.247
2026-10-04 08:47;7690.0;7722.72;SPXW  261005P07690000;8.7;8.9;delta=-0.276
2026-10-04 08:47;7695.0;7722.72;SPXW  261005P07695000;9.9;10.1;delta=-0.307
2026-10-04 08:47;7700.0;7722.72;SPXW  261005P07700000;11.2;11.5;delta=-0.34
2026-10-04 08:47;7705.0;7722.72;SPXW  261005P07705000;12.8;13.1;delta=-0.376
2026-10-04 08:47;7710.0;7722.72;SPXW  261005P07710000;14.5;14.8;delta=-0.414
2026-10-04 08:47;7715.0;7722.72;SPXW  261005P07715000;16.3;16.7;delta=-0.454
2026-10-04 08:47;7720.0;7722.72;SPXW  261005P07720000;18.4;18.8;delta=-0.496
2026-10-04 08:47;7725.0;7722.72;SPXW  261005P07725000;20.7;21.1;delta=-0.534
2026-10-04 08:47;7730.0;7722.72;SPXW  261005P07730000;23.1;23.6;delta=-0.572
2026-10-04 08:47;7735.0;7722.72;SPXW  261005P07735000;25.8;26.2;delta=-0.612
2026-10-04 08:47;7740.0;7722.72;SPXW  261005P07740000;28.7;29.1;delta=-0.651
2026-10-04 08:47;7745.0;7722.72;SPXW  261005P07745000;31.8;32.2;delta=-0.689
2026-10-04 08:47;7750.0;7722.72;SPXW  261005P07750000;34.9;35.9;delta=-0.727
2026-10-04 08:47;7755.0;7722.72;SPXW  261005P07755000;38.4;39.4;delta=-0.763
2026-10-04 08:47;7760.0;7722.72;SPXW  261005P07760000;42.1;43.1;delta=-0.796
2026-10-04 08:47;7765.0;7722.72;SPXW  261005P07765000;46.0;47.1;delta=-0.826
2026-10-04 08:47;7770.0;7722.72;SPXW  261005P07770000;49.9;51.3;delta=-0.855
2026-10-04 08:47;7775.0;7722.72;SPXW  261005P07775000;54.2;55.6;delta=-0.88
2026-10-04 08:47;7780.0;7722.72;SPXW  261005P07780000;58.6;60.0;delta=-0.901
2026-10-04 08:47;7785.0;7722.72;SPXW  261005P07785000;63.1;64.5;delta=-0.92
2026-10-04 08:47;7790.0;7722.72;SPXW  261005P07790000;67.7;69.2;delta=-0.934
2026-10-04 08:47;7795.0;7722.72;SPXW  261005P07795000;72.5;73.9;delta=-0.947
2026-10-04 08:47;7800.0;7722.72;SPXW  261005P07800000;77.2;78.7;delta=-0.958
2026-10-04 08:47;7805.0;7722.72;SPXW  261005P07805000;82.1;83.5;delta=-0.964
2026-10-04 08:47;7810.0;7722.72;SPXW  261005P07810000;87.0;88.4;delta=-0.971
2026-10-04 08:47;7815.0;7722.72;SPXW  261005P07815000;91.7;93.4;delta=-0.977
2026-10-04 08:47;7820.0;7722.72;SPXW  261005P07820000;96.6;98.4;delta=-0.98
2026-10-04 08:47;7825.0;7722.72;SPXW  261005P07825000;101.5;105.8;delta=-0.983
2026-10-04 08:47;7830.0;7722.72;SPXW  261005P07830000;106.5;108.3;delta=-0.985
2026-10-04 08:47;7835.0;7722.72;SPXW  261005P07835000;111.4;115.8;delta=-0.988
2026-10-04 08:47;7840.0;7722.72;SPXW  261005P07840000;116.4;120.7;delta=-0.99
2026-10-04 08:47;7845.0;7722.72;SPXW  261005P07845000;121.4;125.3;delta=-0.992
2026-10-04 08:47;7850.0;7722.72;SPXW  261005P07850000;126.5;127.9;delta=-0.991
2026-10-04 08:47;7855.0;7722.72;SPXW  261005P07855000;131.5;132.9;delta=-0.994
2026-10-04 08:47;7860.0;7722.72;SPXW  261005P07860000;136.5;137.9;delta=-0.995
2026-10-04 08:47;7865.0;7722.72;SPXW  261005P07865000;141.5;142.9;delta=-0.994
2026-10-04 08:47;7870.0;7722.72;SPXW  261005P07870000;146.5;147.9;delta=-0.995
2026-10-04 08:47;7875.0;7722.72;SPXW  261005P07875000;151.5;153.0;delta=-0.994
2026-10-04 08:47;7880.0;7722.72;SPXW  261005P07880000;156.5;157.9;delta=-0.995
2026-10-04 08:47;7885.0;7722.72;SPXW  261005P07885000;161.5;163.0;delta=-0.995
2026-10-04 08:47;7890.0;7722.72;SPXW  261005P07890000;146.8;190.2;delta=-0.995
2026-10-04 08:47;7895.0;7722.72;SPXW  261005P07895000;171.5;173.0;delta=-0.996
2026-10-04 08:47;7900.0;7722.72;SPXW  261005P07900000;176.5;178.0;delta=-0.997
2026-10-04 08:47;7905.0;7722.72;SPXW  261005P07905000;181.4;183.0;delta=-0.997
2026-10-04 08:47;7910.0;7722.72;SPXW  261005P07910000;186.4;187.9;delta=-0.997
2026-10-04 08:47;7915.0;7722.72;SPXW  261005P07915000;191.4;192.9;delta=-0.997
2026-10-04 08:47;7920.0;7722.72;SPXW  261005P07920000;196.4;197.9;delta=-0.997
2026-10-04 08:47;7925.0;7722.72;SPXW  261005P07925000;201.4;202.9;delta=-0.996
2026-10-04 08:47;7930.0;7722.72;SPXW  261005P07930000;186.3;230.2;delta=-0.997
2026-10-04 08:47;7935.0;7722.72;SPXW  261005P07935000;0.0;0.0;delta=-999.0
2026-10-04 08:47;7940.0;7722.72;SPXW  261005P07940000;216.4;217.9;delta=-0.997
2026-10-04 08:47;7945.0;7722.72;SPXW  261005P07945000;0.0;0.0;delta=-999.0
2026-10-04 08:47;7950.0;7722.72;SPXW  261005P07950000;226.4;227.9;delta=-0.998
2026-10-04 08:47;7960.0;7722.72;SPXW  261005P07960000;236.4;237.9;delta=-0.998
2026-10-04 08:47;7970.0;7722.72;SPXW  261005P07970000;246.4;247.9;delta=-0.998
2026-10-04 08:47;7975.0;7722.72;SPXW  261005P07975000;251.4;252.9;delta=-0.999
2026-10-04 08:47;7980.0;7722.72;SPXW  261005P07980000;256.4;257.9;delta=-0.998
2026-10-04 08:51;7475.0;7722.72;SPXW  261005C07475000;247.3;248.8;delta=0.994
2026-10-04 08:51;7480.0;7722.72;SPXW  261005C07480000;231.3;254.9;delta=0.993
2026-10-04 08:51;7485.0;7722.72;SPXW  261005C07485000;237.4;238.8;delta=0.993
2026-10-04 08:51;7490.0;7722.72;SPXW  261005C07490000;232.3;233.8;delta=0.993
2026-10-04 08:51;7495.0;7722.72;SPXW  261005C07495000;227.4;228.8;delta=0.993
2026-10-04 08:51;7500.0;7722.72;SPXW  261005C07500000;222.4;223.8;delta=0.993
2026-10-04 08:51;7505.0;7722.72;SPXW  261005C07505000;206.3;230.2;delta=0.992
2026-10-04 08:51;7510.0;7722.72;SPXW  261005C07510000;201.3;225.2;delta=0.991
2026-10-04 08:51;7515.0;7722.72;SPXW  261005C07515000;198.3;218.1;delta=0.99
2026-10-04 08:51;7520.0;7722.72;SPXW  261005C07520000;193.3;213.1;delta=0.991
2026-10-04 08:51;7525.0;7722.72;SPXW  261005C07525000;188.3;208.1;delta=0.991
2026-10-04 08:51;7530.0;7722.72;SPXW  261005C07530000;183.3;203.0;delta=0.99
2026-10-04 08:51;7535.0;7722.72;SPXW  261005C07535000;178.4;189.0;delta=0.989
2026-10-04 08:51;7540.0;7722.72;SPXW  261005C07540000;182.2;184.1;delta=0.988
2026-10-04 08:51;7545.0;7722.72;SPXW  261005C07545000;177.3;179.1;delta=0.988
2026-10-04 08:51;7550.0;7722.72;SPXW  261005C07550000;168.1;174.1;delta=0.987
2026-10-04 08:51;7555.0;7722.72;SPXW  261005C07555000;167.3;169.1;delta=0.986
2026-10-04 08:51;7560.0;7722.72;SPXW  261005C07560000;162.3;164.1;delta=0.985
2026-10-04 08:51;7565.0;7722.72;SPXW  261005C07565000;148.5;159.1;delta=0.984
2026-10-04 08:51;7570.0;7722.72;SPXW  261005C07570000;148.2;154.2;delta=0.982
2026-10-04 08:51;7575.0;7722.72;SPXW  261005C07575000;147.4;149.2;delta=0.981
2026-10-04 08:51;7580.0;7722.72;SPXW  261005C07580000;138.4;144.3;delta=0.979
2026-10-04 08:51;7585.0;7722.72;SPXW  261005C07585000;137.5;139.3;delta=0.977
2026-10-04 08:51;7590.0;7722.72;SPXW  261005C07590000;128.5;134.4;delta=0.974
2026-10-04 08:51;7595.0;7722.72;SPXW  261005C07595000;127.8;129.2;delta=0.972
2026-10-04 08:51;7600.0;7722.72;SPXW  261005C07600000;122.9;124.3;delta=0.969
2026-10-04 08:51;7605.0;7722.72;SPXW  261005C07605000;118.0;119.4;delta=0.966
2026-10-04 08:51;7610.0;7722.72;SPXW  261005C07610000;113.1;114.5;delta=0.961
2026-10-04 08:51;7615.0;7722.72;SPXW  261005C07615000;108.2;109.7;delta=0.956
2026-10-04 08:51;7620.0;7722.72;SPXW  261005C07620000;103.4;104.8;delta=0.95
2026-10-04 08:51;7625.0;7722.72;SPXW  261005C07625000;98.6;100.0;delta=0.943
2026-10-04 08:51;7630.0;7722.72;SPXW  261005C07630000;93.8;95.2;delta=0.936
2026-10-04 08:51;7635.0;7722.72;SPXW  261005C07635000;89.0;90.5;delta=0.927
2026-10-04 08:51;7640.0;7722.72;SPXW  261005C07640000;84.3;85.7;delta=0.917
2026-10-04 08:51;7645.0;7722.72;SPXW  261005C07645000;79.7;81.1;delta=0.906
2026-10-04 08:51;7650.0;7722.72;SPXW  261005C07650000;75.1;76.4;delta=0.893
2026-10-04 08:51;7655.0;7722.72;SPXW  261005C07655000;70.5;71.9;delta=0.879
2026-10-04 08:51;7660.0;7722.72;SPXW  261005C07660000;66.0;67.4;delta=0.863
2026-10-04 08:51;7665.0;7722.72;SPXW  261005C07665000;61.6;63.0;delta=0.846
2026-10-04 08:51;7670.0;7722.72;SPXW  261005C07670000;57.4;58.4;delta=0.825
2026-10-04 08:51;7675.0;7722.72;SPXW  261005C07675000;53.1;54.2;delta=0.803
2026-10-04 08:51;7680.0;7722.72;SPXW  261005C07680000;49.0;50.0;delta=0.779
2026-10-04 08:51;7685.0;7722.72;SPXW  261005C07685000;45.0;46.0;delta=0.753
2026-10-04 08:51;7690.0;7722.72;SPXW  261005C07690000;41.1;42.1;delta=0.724
2026-10-04 08:51;7695.0;7722.72;SPXW  261005C07695000;37.6;38.0;delta=0.693
2026-10-04 08:51;7700.0;7722.72;SPXW  261005C07700000;34.0;34.4;delta=0.659
2026-10-04 08:51;7705.0;7722.72;SPXW  261005C07705000;30.5;30.9;delta=0.623
2026-10-04 08:51;7710.0;7722.72;SPXW  261005C07710000;27.3;27.7;delta=0.585
2026-10-04 08:51;7715.0;7722.72;SPXW  261005C07715000;24.1;24.4;delta=0.546
2026-10-04 08:51;7720.0;7722.72;SPXW  261005C07720000;21.2;21.6;delta=0.504
2026-10-04 08:51;7725.0;7722.72;SPXW  261005C07725000;18.5;18.9;delta=0.466
2026-10-04 08:51;7730.0;7722.72;SPXW  261005C07730000;16.0;16.4;delta=0.427
2026-10-04 08:51;7735.0;7722.72;SPXW  261005C07735000;13.6;14.0;delta=0.388
2026-10-04 08:51;7740.0;7722.72;SPXW  261005C07740000;11.5;11.9;delta=0.349
2026-10-04 08:51;7745.0;7722.72;SPXW  261005C07745000;9.7;10.0;delta=0.311
2026-10-04 08:51;7750.0;7722.72;SPXW  261005C07750000;8.0;8.3;delta=0.273
2026-10-04 08:51;7755.0;7722.72;SPXW  261005C07755000;6.5;6.8;delta=0.237
2026-10-04 08:51;7760.0;7722.72;SPXW  261005C07760000;5.3;5.6;delta=0.204
2026-10-04 08:51;7765.0;7722.72;SPXW  261005C07765000;4.3;4.5;delta=0.174
2026-10-04 08:51;7770.0;7722.72;SPXW  261005C07770000;3.3;3.6;delta=0.145
2026-10-04 08:51;7775.0;7722.72;SPXW  261005C07775000;2.6;2.8;delta=0.119
2026-10-04 08:51;7780.0;7722.72;SPXW  261005C07780000;2.05;2.25;delta=0.099
2026-10-04 08:51;7785.0;7722.72;SPXW  261005C07785000;1.6;1.7;delta=0.08
2026-10-04 08:51;7790.0;7722.72;SPXW  261005C07790000;1.25;1.4;delta=0.066
2026-10-04 08:51;7795.0;7722.72;SPXW  261005C07795000;0.95;1.1;delta=0.053
2026-10-04 08:51;7800.0;7722.72;SPXW  261005C07800000;0.75;0.8;delta=0.042
2026-10-04 08:51;7805.0;7722.72;SPXW  261005C07805000;0.6;0.7;delta=0.035
2026-10-04 08:51;7810.0;7722.72;SPXW  261005C07810000;0.45;0.6;delta=0.029
2026-10-04 08:51;7815.0;7722.72;SPXW  261005C07815000;0.35;0.45;delta=0.023
2026-10-04 08:51;7820.0;7722.72;SPXW  261005C07820000;0.3;0.4;delta=0.02
2026-10-04 08:51;7825.0;7722.72;SPXW  261005C07825000;0.25;0.35;delta=0.017
2026-10-04 08:51;7830.0;7722.72;SPXW  261005C07830000;0.2;0.3;delta=0.014
2026-10-04 08:51;7835.0;7722.72;SPXW  261005C07835000;0.15;0.25;delta=0.012
2026-10-04 08:51;7840.0;7722.72;SPXW  261005C07840000;0.1;0.25;delta=0.01
2026-10-04 08:51;7845.0;7722.72;SPXW  261005C07845000;0.1;0.15;delta=0.007
2026-10-04 08:51;7850.0;7722.72;SPXW  261005C07850000;0.1;0.2;delta=0.008
2026-10-04 08:51;7855.0;7722.72;SPXW  261005C07855000;0.05;0.15;delta=0.006
2026-10-04 08:51;7860.0;7722.72;SPXW  261005C07860000;0.05;0.1;delta=0.005
2026-10-04 08:51;7865.0;7722.72;SPXW  261005C07865000;0.05;0.15;delta=0.006
2026-10-04 08:51;7870.0;7722.72;SPXW  261005C07870000;0.05;0.1;delta=0.004
2026-10-04 08:51;7875.0;7722.72;SPXW  261005C07875000;0.05;0.15;delta=0.005
2026-10-04 08:51;7880.0;7722.72;SPXW  261005C07880000;0.05;0.15;delta=0.005
2026-10-04 08:51;7885.0;7722.72;SPXW  261005C07885000;0.05;0.15;delta=0.005
2026-10-04 08:51;7890.0;7722.72;SPXW  261005C07890000;0.05;0.15;delta=0.005
2026-10-04 08:51;7895.0;7722.72;SPXW  261005C07895000;0.05;0.15;delta=0.004
2026-10-04 08:51;7900.0;7722.72;SPXW  261005C07900000;0.05;0.1;delta=0.003
2026-10-04 08:51;7905.0;7722.72;SPXW  261005C07905000;0.05;0.1;delta=0.003
2026-10-04 08:51;7910.0;7722.72;SPXW  261005C07910000;0.05;0.1;delta=0.003
2026-10-04 08:51;7915.0;7722.72;SPXW  261005C07915000;0.05;0.1;delta=0.002
2026-10-04 08:51;7920.0;7722.72;SPXW  261005C07920000;0.05;0.1;delta=0.002
2026-10-04 08:51;7925.0;7722.72;SPXW  261005C07925000;0.05;0.1;delta=0.003
2026-10-04 08:51;7930.0;7722.72;SPXW  261005C07930000;0.05;0.1;delta=0.002
2026-10-04 08:51;7935.0;7722.72;SPXW  261005C07935000;0.0;0.0;delta=-999.0
2026-10-04 08:51;7940.0;7722.72;SPXW  261005C07940000;0.05;0.2;delta=0.002
2026-10-04 08:51;7945.0;7722.72;SPXW  261005C07945000;0.0;0.0;delta=-999.0
2026-10-04 08:51;7950.0;7722.72;SPXW  261005C07950000;0.05;0.15;delta=0.002
2026-10-04 08:51;7960.0;7722.72;SPXW  261005C07960000;0.05;0.1;delta=0.002
2026-10-04 08:51;7970.0;7722.72;SPXW  261005C07970000;0.05;0.1;delta=0.002
2026-10-04 08:51;7975.0;7722.72;SPXW  261005C07975000;0.05;0.1;delta=0.001
2026-10-04 08:51;7980.0;7722.72;SPXW  261005C07980000;0.05;0.15;delta=0.002
2026-10-04 08:51;7475.0;7722.72;SPXW  261005P07475000;0.15;0.25;delta=-0.006
2026-10-04 08:51;7480.0;7722.72;SPXW  261005P07480000;0.15;0.25;delta=-0.006
2026-10-04 08:51;7485.0;7722.72;SPXW  261005P07485000;0.15;0.25;delta=-0.006
2026-10-04 08:51;7490.0;7722.72;SPXW  261005P07490000;0.15;0.25;delta=-0.007
2026-10-04 08:51;7495.0;7722.72;SPXW  261005P07495000;0.15;0.25;delta=-0.007
2026-10-04 08:51;7500.0;7722.72;SPXW  261005P07500000;0.15;0.25;delta=-0.007
2026-10-04 08:51;7505.0;7722.72;SPXW  261005P07505000;0.15;0.3;delta=-0.008
2026-10-04 08:51;7510.0;7722.72;SPXW  261005P07510000;0.2;0.3;delta=-0.008
2026-10-04 08:51;7515.0;7722.72;SPXW  261005P07515000;0.25;0.3;delta=-0.009
2026-10-04 08:51;7520.0;7722.72;SPXW  261005P07520000;0.2;0.3;delta=-0.009
2026-10-04 08:51;7525.0;7722.72;SPXW  261005P07525000;0.2;0.3;delta=-0.009
2026-10-04 08:51;7530.0;7722.72;SPXW  261005P07530000;0.2;0.35;delta=-0.01
2026-10-04 08:51;7535.0;7722.72;SPXW  261005P07535000;0.25;0.35;delta=-0.011
2026-10-04 08:51;7540.0;7722.72;SPXW  261005P07540000;0.3;0.35;delta=-0.012
2026-10-04 08:51;7545.0;7722.72;SPXW  261005P07545000;0.25;0.4;delta=-0.012
2026-10-04 08:51;7550.0;7722.72;SPXW  261005P07550000;0.25;0.4;delta=-0.012
2026-10-04 08:51;7555.0;7722.72;SPXW  261005P07555000;0.3;0.4;delta=-0.013
2026-10-04 08:51;7560.0;7722.72;SPXW  261005P07560000;0.3;0.45;delta=-0.014
2026-10-04 08:51;7565.0;7722.72;SPXW  261005P07565000;0.4;0.45;delta=-0.016
2026-10-04 08:51;7570.0;7722.72;SPXW  261005P07570000;0.4;0.5;delta=-0.017
2026-10-04 08:51;7575.0;7722.72;SPXW  261005P07575000;0.4;0.55;delta=-0.018
2026-10-04 08:51;7580.0;7722.72;SPXW  261005P07580000;0.45;0.6;delta=-0.02
2026-10-04 08:51;7585.0;7722.72;SPXW  261005P07585000;0.5;0.65;delta=-0.023
2026-10-04 08:51;7590.0;7722.72;SPXW  261005P07590000;0.6;0.7;delta=-0.025
2026-10-04 08:51;7595.0;7722.72;SPXW  261005P07595000;0.65;0.75;delta=-0.028
2026-10-04 08:51;7600.0;7722.72;SPXW  261005P07600000;0.7;0.85;delta=-0.031
2026-10-04 08:51;7605.0;7722.72;SPXW  261005P07605000;0.8;0.9;delta=-0.034
2026-10-04 08:51;7610.0;7722.72;SPXW  261005P07610000;0.9;1.05;delta=-0.038
2026-10-04 08:51;7615.0;7722.72;SPXW  261005P07615000;1.05;1.2;delta=-0.044
2026-10-04 08:51;7620.0;7722.72;SPXW  261005P07620000;1.2;1.35;delta=-0.05
2026-10-04 08:51;7625.0;7722.72;SPXW  261005P07625000;1.4;1.55;delta=-0.057
2026-10-04 08:51;7630.0;7722.72;SPXW  261005P07630000;1.6;1.75;delta=-0.064
2026-10-04 08:51;7635.0;7722.72;SPXW  261005P07635000;1.8;2.0;delta=-0.072
2026-10-04 08:51;7640.0;7722.72;SPXW  261005P07640000;2.15;2.25;delta=-0.082
2026-10-04 08:51;7645.0;7722.72;SPXW  261005P07645000;2.45;2.6;delta=-0.094
2026-10-04 08:51;7650.0;7722.72;SPXW  261005P07650000;2.9;3.0;delta=-0.107
2026-10-04 08:51;7655.0;7722.72;SPXW  261005P07655000;3.2;3.5;delta=-0.121
2026-10-04 08:51;7660.0;7722.72;SPXW  261005P07660000;3.7;4.0;delta=-0.136
2026-10-04 08:51;7665.0;7722.72;SPXW  261005P07665000;4.3;4.5;delta=-0.154
2026-10-04 08:51;7670.0;7722.72;SPXW  261005P07670000;5.0;5.2;delta=-0.174
2026-10-04 08:51;7675.0;7722.72;SPXW  261005P07675000;5.7;6.0;delta=-0.196
2026-10-04 08:51;7680.0;7722.72;SPXW  261005P07680000;6.6;6.9;delta=-0.221
2026-10-04 08:51;7685.0;7722.72;SPXW  261005P07685000;7.5;7.8;delta=-0.247
2026-10-04 08:51;7690.0;7722.72;SPXW  261005P07690000;8.7;8.9;delta=-0.276
2026-10-04 08:51;7695.0;7722.72;SPXW  261005P07695000;9.9;10.1;delta=-0.307
2026-10-04 08:51;7700.0;7722.72;SPXW  261005P07700000;11.2;11.5;delta=-0.34
2026-10-04 08:51;7705.0;7722.72;SPXW  261005P07705000;12.8;13.1;delta=-0.376
2026-10-04 08:51;7710.0;7722.72;SPXW  261005P07710000;14.5;14.8;delta=-0.414
2026-10-04 08:51;7715.0;7722.72;SPXW  261005P07715000;16.3;16.7;delta=-0.454
2026-10-04 08:51;7720.0;7722.72;SPXW  261005P07720000;18.4;18.8;delta=-0.496
2026-10-04 08:51;7725.0;7722.72;SPXW  261005P07725000;20.7;21.1;delta=-0.534
2026-10-04 08:51;7730.0;7722.72;SPXW  261005P07730000;23.1;23.6;delta=-0.572
2026-10-04 08:51;7735.0;7722.72;SPXW  261005P07735000;25.8;26.2;delta=-0.612
2026-10-04 08:51;7740.0;7722.72;SPXW  261005P07740000;28.7;29.1;delta=-0.651
2026-10-04 08:51;7745.0;7722.72;SPXW  261005P07745000;31.8;32.2;delta=-0.689
2026-10-04 08:51;7750.0;7722.72;SPXW  261005P07750000;34.9;35.9;delta=-0.727
2026-10-04 08:51;7755.0;7722.72;SPXW  261005P07755000;38.4;39.4;delta=-0.763
2026-10-04 08:51;7760.0;7722.72;SPXW  261005P07760000;42.1;43.1;delta=-0.796
2026-10-04 08:51;7765.0;7722.72;SPXW  261005P07765000;46.0;47.1;delta=-0.826
2026-10-04 08:51;7770.0;7722.72;SPXW  261005P07770000;49.9;51.3;delta=-0.855
2026-10-04 08:51;7775.0;7722.72;SPXW  261005P07775000;54.2;55.6;delta=-0.88
2026-10-04 08:51;7780.0;7722.72;SPXW  261005P07780000;58.6;60.0;delta=-0.901
2026-10-04 08:51;7785.0;7722.72;SPXW  261005P07785000;63.1;64.5;delta=-0.92
2026-10-04 08:51;7790.0;7722.72;SPXW  261005P07790000;67.7;69.2;delta=-0.934
2026-10-04 08:51;7795.0;7722.72;SPXW  261005P07795000;72.5;73.9;delta=-0.947
2026-10-04 08:51;7800.0;7722.72;SPXW  261005P07800000;77.2;78.7;delta=-0.958
2026-10-04 08:51;7805.0;7722.72;SPXW  261005P07805000;82.1;83.5;delta=-0.964
2026-10-04 08:51;7810.0;7722.72;SPXW  261005P07810000;87.0;88.4;delta=-0.971
2026-10-04 08:51;7815.0;7722.72;SPXW  261005P07815000;91.7;93.4;delta=-0.977
2026-10-04 08:51;7820.0;7722.72;SPXW  261005P07820000;96.6;98.4;delta=-0.98
2026-10-04 08:51;7825.0;7722.72;SPXW  261005P07825000;101.5;105.8;delta=-0.983
2026-10-04 08:51;7830.0;7722.72;SPXW  261005P07830000;106.5;108.3;delta=-0.985
2026-10-04 08:51;7835.0;7722.72;SPXW  261005P07835000;111.4;115.8;delta=-0.988
2026-10-04 08:51;7840.0;7722.72;SPXW  261005P07840000;116.4;120.7;delta=-0.99
2026-10-04 08:51;7845.0;7722.72;SPXW  261005P07845000;121.4;125.3;delta=-0.992
2026-10-04 08:51;7850.0;7722.72;SPXW  261005P07850000;126.5;127.9;delta=-0.991
2026-10-04 08:51;7855.0;7722.72;SPXW  261005P07855000;131.5;132.9;delta=-0.994
2026-10-04 08:51;7860.0;7722.72;SPXW  261005P07860000;136.5;137.9;delta=-0.995
2026-10-04 08:51;7865.0;7722.72;SPXW  261005P07865000;141.5;142.9;delta=-0.994
2026-10-04 08:51;7870.0;7722.72;SPXW  261005P07870000;146.5;147.9;delta=-0.995
2026-10-04 08:51;7875.0;7722.72;SPXW  261005P07875000;151.5;153.0;delta=-0.994
2026-10-04 08:51;7880.0;7722.72;SPXW  261005P07880000;156.5;157.9;delta=-0.995
2026-10-04 08:51;7885.0;7722.72;SPXW  261005P07885000;161.5;163.0;delta=-0.995
2026-10-04 08:51;7890.0;7722.72;SPXW  261005P07890000;146.8;190.2;delta=-0.995
2026-10-04 08:51;7895.0;7722.72;SPXW  261005P07895000;171.5;173.0;delta=-0.996
2026-10-04 08:51;7900.0;7722.72;SPXW  261005P07900000;176.5;178.0;delta=-0.997
2026-10-04 08:51;7905.0;7722.72;SPXW  261005P07905000;181.4;183.0;delta=-0.997
2026-10-04 08:51;7910.0;7722.72;SPXW  261005P07910000;186.4;187.9;delta=-0.997
2026-10-04 08:51;7915.0;7722.72;SPXW  261005P07915000;191.4;192.9;delta=-0.997
2026-10-04 08:51;7920.0;7722.72;SPXW  261005P07920000;196.4;197.9;delta=-0.997
2026-10-04 08:51;7925.0;7722.72;SPXW  261005P07925000;201.4;202.9;delta=-0.996
2026-10-04 08:51;7930.0;7722.72;SPXW  261005P07930000;186.3;230.2;delta=-0.997
2026-10-04 08:51;7935.0;7722.72;SPXW  261005P07935000;0.0;0.0;delta=-999.0
2026-10-04 08:51;7940.0;7722.72;SPXW  261005P07940000;216.4;217.9;delta=-0.997
2026-10-04 08:51;7945.0;7722.72;SPXW  261005P07945000;0.0;0.0;delta=-999.0
2026-10-04 08:51;7950.0;7722.72;SPXW  261005P07950000;226.4;227.9;delta=-0.998
2026-10-04 08:51;7960.0;7722.72;SPXW  261005P07960000;236.4;237.9;delta=-0.998
2026-10-04 08:51;7970.0;7722.72;SPXW  261005P07970000;246.4;247.9;delta=-0.998
2026-10-04 08:51;7975.0;7722.72;SPXW  261005P07975000;251.4;252.9;delta=-0.999
2026-10-04 08:51;7980.0;7722.72;SPXW  261005P07980000;256.4;257.9;delta=-0.998
2026-10-04 08:55;7475.0;7722.72;SPXW  261005C07475000;247.3;248.8;delta=0.994
2026-10-04 08:55;7480.0;7722.72;SPXW  261005C07480000;231.3;254.9;delta=0.993
2026-10-04 08:55;7485.0;7722.72;SPXW  261005C07485000;237.4;238.8;delta=0.993
2026-10-04 08:55;7490.0;7722.72;SPXW  261005C07490000;232.3;233.8;delta=0.993
2026-10-04 08:55;7495.0;7722.72;SPXW  261005C07495000;227.4;228.8;delta=0.993
2026-10-04 08:55;7500.0;7722.72;SPXW  261005C07500000;222.4;223.8;delta=0.993
2026-10-04 08:55;7505.0;7722.72;SPXW  261005C07505000;206.3;230.2;delta=0.992
2026-10-04 08:55;7510.0;7722.72;SPXW  261005C07510000;201.3;225.2;delta=0.991
2026-10-04 08:55;7515.0;7722.72;SPXW  261005C07515000;198.3;218.1;delta=0.99
2026-10-04 08:55;7520.0;7722.72;SPXW  261005C07520000;193.3;213.1;delta=0.991
2026-10-04 08:55;7525.0;7722.72;SPXW  261005C07525000;188.3;208.1;delta=0.991
2026-10-04 08:55;7530.0;7722.72;SPXW  261005C07530000;183.3;203.0;delta=0.99
2026-10-04 08:55;7535.0;7722.72;SPXW  261005C07535000;178.4;189.0;delta=0.989
2026-10-04 08:55;7540.0;7722.72;SPXW  261005C07540000;182.2;184.1;delta=0.988
2026-10-04 08:55;7545.0;7722.72;SPXW  261005C07545000;177.3;179.1;delta=0.988
2026-10-04 08:55;7550.0;7722.72;SPXW  261005C07550000;168.1;174.1;delta=0.987
2026-10-04 08:55;7555.0;7722.72;SPXW  261005C07555000;167.3;169.1;delta=0.986
2026-10-04 08:55;7560.0;7722.72;SPXW  261005C07560000;162.3;164.1;delta=0.985
2026-10-04 08:55;7565.0;7722.72;SPXW  261005C07565000;148.5;159.1;delta=0.984
2026-10-04 08:55;7570.0;7722.72;SPXW  261005C07570000;148.2;154.2;delta=0.982
2026-10-04 08:55;7575.0;7722.72;SPXW  261005C07575000;147.4;149.2;delta=0.981
2026-10-04 08:55;7580.0;7722.72;SPXW  261005C07580000;138.4;144.3;delta=0.979
2026-10-04 08:55;7585.0;7722.72;SPXW  261005C07585000;137.5;139.3;delta=0.977
2026-10-04 08:55;7590.0;7722.72;SPXW  261005C07590000;128.5;134.4;delta=0.974
2026-10-04 08:55;7595.0;7722.72;SPXW  261005C07595000;127.8;129.2;delta=0.972
2026-10-04 08:55;7600.0;7722.72;SPXW  261005C07600000;122.9;124.3;delta=0.969
2026-10-04 08:55;7605.0;7722.72;SPXW  261005C07605000;118.0;119.4;delta=0.966
2026-10-04 08:55;7610.0;7722.72;SPXW  261005C07610000;113.1;114.5;delta=0.961
2026-10-04 08:55;7615.0;7722.72;SPXW  261005C07615000;108.2;109.7;delta=0.956
2026-10-04 08:55;7620.0;7722.72;SPXW  261005C07620000;103.4;104.8;delta=0.95
2026-10-04 08:55;7625.0;7722.72;SPXW  261005C07625000;98.6;100.0;delta=0.943
2026-10-04 08:55;7630.0;7722.72;SPXW  261005C07630000;93.8;95.2;delta=0.936
2026-10-04 08:55;7635.0;7722.72;SPXW  261005C07635000;89.0;90.5;delta=0.927
2026-10-04 08:55;7640.0;7722.72;SPXW  261005C07640000;84.3;85.7;delta=0.917
2026-10-04 08:55;7645.0;7722.72;SPXW  261005C07645000;79.7;81.1;delta=0.906
2026-10-04 08:55;7650.0;7722.72;SPXW  261005C07650000;75.1;76.4;delta=0.893
2026-10-04 08:55;7655.0;7722.72;SPXW  261005C07655000;70.5;71.9;delta=0.879
2026-10-04 08:55;7660.0;7722.72;SPXW  261005C07660000;66.0;67.4;delta=0.863
2026-10-04 08:55;7665.0;7722.72;SPXW  261005C07665000;61.6;63.0;delta=0.846
2026-10-04 08:55;7670.0;7722.72;SPXW  261005C07670000;57.4;58.4;delta=0.825
2026-10-04 08:55;7675.0;7722.72;SPXW  261005C07675000;53.1;54.2;delta=0.803
2026-10-04 08:55;7680.0;7722.72;SPXW  261005C07680000;49.0;50.0;delta=0.779
2026-10-04 08:55;7685.0;7722.72;SPXW  261005C07685000;45.0;46.0;delta=0.753
2026-10-04 08:55;7690.0;7722.72;SPXW  261005C07690000;41.1;42.1;delta=0.724
2026-10-04 08:55;7695.0;7722.72;SPXW  261005C07695000;37.6;38.0;delta=0.693
2026-10-04 08:55;7700.0;7722.72;SPXW  261005C07700000;34.0;34.4;delta=0.659
2026-10-04 08:55;7705.0;7722.72;SPXW  261005C07705000;30.5;30.9;delta=0.623
2026-10-04 08:55;7710.0;7722.72;SPXW  261005C07710000;27.3;27.7;delta=0.585
2026-10-04 08:55;7715.0;7722.72;SPXW  261005C07715000;24.1;24.4;delta=0.546
2026-10-04 08:55;7720.0;7722.72;SPXW  261005C07720000;21.2;21.6;delta=0.504
2026-10-04 08:55;7725.0;7722.72;SPXW  261005C07725000;18.5;18.9;delta=0.466
2026-10-04 08:55;7730.0;7722.72;SPXW  261005C07730000;16.0;16.4;delta=0.427
2026-10-04 08:55;7735.0;7722.72;SPXW  261005C07735000;13.6;14.0;delta=0.388
2026-10-04 08:55;7740.0;7722.72;SPXW  261005C07740000;11.5;11.9;delta=0.349
2026-10-04 08:55;7745.0;7722.72;SPXW  261005C07745000;9.7;10.0;delta=0.311
2026-10-04 08:55;7750.0;7722.72;SPXW  261005C07750000;8.0;8.3;delta=0.273
2026-10-04 08:55;7755.0;7722.72;SPXW  261005C07755000;6.5;6.8;delta=0.237
2026-10-04 08:55;7760.0;7722.72;SPXW  261005C07760000;5.3;5.6;delta=0.204
2026-10-04 08:55;7765.0;7722.72;SPXW  261005C07765000;4.3;4.5;delta=0.174
2026-10-04 08:55;7770.0;7722.72;SPXW  261005C07770000;3.3;3.6;delta=0.145
2026-10-04 08:55;7775.0;7722.72;SPXW  261005C07775000;2.6;2.8;delta=0.119
2026-10-04 08:55;7780.0;7722.72;SPXW  261005C07780000;2.05;2.25;delta=0.099
2026-10-04 08:55;7785.0;7722.72;SPXW  261005C07785000;1.6;1.7;delta=0.08
2026-10-04 08:55;7790.0;7722.72;SPXW  261005C07790000;1.25;1.4;delta=0.066
2026-10-04 08:55;7795.0;7722.72;SPXW  261005C07795000;0.95;1.1;delta=0.053
2026-10-04 08:55;7800.0;7722.72;SPXW  261005C07800000;0.75;0.8;delta=0.042
2026-10-04 08:55;7805.0;7722.72;SPXW  261005C07805000;0.6;0.7;delta=0.035
2026-10-04 08:55;7810.0;7722.72;SPXW  261005C07810000;0.45;0.6;delta=0.029
2026-10-04 08:55;7815.0;7722.72;SPXW  261005C07815000;0.35;0.45;delta=0.023
2026-10-04 08:55;7820.0;7722.72;SPXW  261005C07820000;0.3;0.4;delta=0.02
2026-10-04 08:55;7825.0;7722.72;SPXW  261005C07825000;0.25;0.35;delta=0.017
2026-10-04 08:55;7830.0;7722.72;SPXW  261005C07830000;0.2;0.3;delta=0.014
2026-10-04 08:55;7835.0;7722.72;SPXW  261005C07835000;0.15;0.25;delta=0.012
2026-10-04 08:55;7840.0;7722.72;SPXW  261005C07840000;0.1;0.25;delta=0.01
2026-10-04 08:55;7845.0;7722.72;SPXW  261005C07845000;0.1;0.15;delta=0.007
2026-10-04 08:55;7850.0;7722.72;SPXW  261005C07850000;0.1;0.2;delta=0.008
2026-10-04 08:55;7855.0;7722.72;SPXW  261005C07855000;0.05;0.15;delta=0.006
2026-10-04 08:55;7860.0;7722.72;SPXW  261005C07860000;0.05;0.1;delta=0.005
2026-10-04 08:55;7865.0;7722.72;SPXW  261005C07865000;0.05;0.15;delta=0.006
2026-10-04 08:55;7870.0;7722.72;SPXW  261005C07870000;0.05;0.1;delta=0.004
2026-10-04 08:55;7875.0;7722.72;SPXW  261005C07875000;0.05;0.15;delta=0.005
2026-10-04 08:55;7880.0;7722.72;SPXW  261005C07880000;0.05;0.15;delta=0.005
2026-10-04 08:55;7885.0;7722.72;SPXW  261005C07885000;0.05;0.15;delta=0.005
2026-10-04 08:55;7890.0;7722.72;SPXW  261005C07890000;0.05;0.15;delta=0.005
2026-10-04 08:55;7895.0;7722.72;SPXW  261005C07895000;0.05;0.15;delta=0.004
2026-10-04 08:55;7900.0;7722.72;SPXW  261005C07900000;0.05;0.1;delta=0.003
2026-10-04 08:55;7905.0;7722.72;SPXW  261005C07905000;0.05;0.1;delta=0.003
2026-10-04 08:55;7910.0;7722.72;SPXW  261005C07910000;0.05;0.1;delta=0.003
2026-10-04 08:55;7915.0;7722.72;SPXW  261005C07915000;0.05;0.1;delta=0.002
2026-10-04 08:55;7920.0;7722.72;SPXW  261005C07920000;0.05;0.1;delta=0.002
2026-10-04 08:55;7925.0;7722.72;SPXW  261005C07925000;0.05;0.1;delta=0.003
2026-10-04 08:55;7930.0;7722.72;SPXW  261005C07930000;0.05;0.1;delta=0.002
2026-10-04 08:55;7935.0;7722.72;SPXW  261005C07935000;0.0;0.0;delta=-999.0
2026-10-04 08:55;7940.0;7722.72;SPXW  261005C07940000;0.05;0.2;delta=0.002
2026-10-04 08:55;7945.0;7722.72;SPXW  261005C07945000;0.0;0.0;delta=-999.0
2026-10-04 08:55;7950.0;7722.72;SPXW  261005C07950000;0.05;0.15;delta=0.002
2026-10-04 08:55;7960.0;7722.72;SPXW  261005C07960000;0.05;0.1;delta=0.002
2026-10-04 08:55;7970.0;7722.72;SPXW  261005C07970000;0.05;0.1;delta=0.002
2026-10-04 08:55;7975.0;7722.72;SPXW  261005C07975000;0.05;0.1;delta=0.001
2026-10-04 08:55;7980.0;7722.72;SPXW  261005C07980000;0.05;0.15;delta=0.002
2026-10-04 08:55;7475.0;7722.72;SPXW  261005P07475000;0.15;0.25;delta=-0.006
2026-10-04 08:55;7480.0;7722.72;SPXW  261005P07480000;0.15;0.25;delta=-0.006
2026-10-04 08:55;7485.0;7722.72;SPXW  261005P07485000;0.15;0.25;delta=-0.006
2026-10-04 08:55;7490.0;7722.72;SPXW  261005P07490000;0.15;0.25;delta=-0.007
2026-10-04 08:55;7495.0;7722.72;SPXW  261005P07495000;0.15;0.25;delta=-0.007
2026-10-04 08:55;7500.0;7722.72;SPXW  261005P07500000;0.15;0.25;delta=-0.007
2026-10-04 08:55;7505.0;7722.72;SPXW  261005P07505000;0.15;0.3;delta=-0.008
2026-10-04 08:55;7510.0;7722.72;SPXW  261005P07510000;0.2;0.3;delta=-0.008
2026-10-04 08:55;7515.0;7722.72;SPXW  261005P07515000;0.25;0.3;delta=-0.009
2026-10-04 08:55;7520.0;7722.72;SPXW  261005P07520000;0.2;0.3;delta=-0.009
2026-10-04 08:55;7525.0;7722.72;SPXW  261005P07525000;0.2;0.3;delta=-0.009
2026-10-04 08:55;7530.0;7722.72;SPXW  261005P07530000;0.2;0.35;delta=-0.01
2026-10-04 08:55;7535.0;7722.72;SPXW  261005P07535000;0.25;0.35;delta=-0.011
2026-10-04 08:55;7540.0;7722.72;SPXW  261005P07540000;0.3;0.35;delta=-0.012
2026-10-04 08:55;7545.0;7722.72;SPXW  261005P07545000;0.25;0.4;delta=-0.012
2026-10-04 08:55;7550.0;7722.72;SPXW  261005P07550000;0.25;0.4;delta=-0.012
2026-10-04 08:55;7555.0;7722.72;SPXW  261005P07555000;0.3;0.4;delta=-0.013
2026-10-04 08:55;7560.0;7722.72;SPXW  261005P07560000;0.3;0.45;delta=-0.014
2026-10-04 08:55;7565.0;7722.72;SPXW  261005P07565000;0.4;0.45;delta=-0.016
2026-10-04 08:55;7570.0;7722.72;SPXW  261005P07570000;0.4;0.5;delta=-0.017
2026-10-04 08:55;7575.0;7722.72;SPXW  261005P07575000;0.4;0.55;delta=-0.018
2026-10-04 08:55;7580.0;7722.72;SPXW  261005P07580000;0.45;0.6;delta=-0.02
2026-10-04 08:55;7585.0;7722.72;SPXW  261005P07585000;0.5;0.65;delta=-0.023
2026-10-04 08:55;7590.0;7722.72;SPXW  261005P07590000;0.6;0.7;delta=-0.025
2026-10-04 08:55;7595.0;7722.72;SPXW  261005P07595000;0.65;0.75;delta=-0.028
2026-10-04 08:55;7600.0;7722.72;SPXW  261005P07600000;0.7;0.85;delta=-0.031
2026-10-04 08:55;7605.0;7722.72;SPXW  261005P07605000;0.8;0.9;delta=-0.034
2026-10-04 08:55;7610.0;7722.72;SPXW  261005P07610000;0.9;1.05;delta=-0.038
2026-10-04 08:55;7615.0;7722.72;SPXW  261005P07615000;1.05;1.2;delta=-0.044
2026-10-04 08:55;7620.0;7722.72;SPXW  261005P07620000;1.2;1.35;delta=-0.05
2026-10-04 08:55;7625.0;7722.72;SPXW  261005P07625000;1.4;1.55;delta=-0.057
2026-10-04 08:55;7630.0;7722.72;SPXW  261005P07630000;1.6;1.75;delta=-0.064
2026-10-04 08:55;7635.0;7722.72;SPXW  261005P07635000;1.8;2.0;delta=-0.072
2026-10-04 08:55;7640.0;7722.72;SPXW  261005P07640000;2.15;2.25;delta=-0.082
2026-10-04 08:55;7645.0;7722.72;SPXW  261005P07645000;2.45;2.6;delta=-0.094
2026-10-04 08:55;7650.0;7722.72;SPXW  261005P07650000;2.9;3.0;delta=-0.107
2026-10-04 08:55;7655.0;7722.72;SPXW  261005P07655000;3.2;3.5;delta=-0.121
2026-10-04 08:55;7660.0;7722.72;SPXW  261005P07660000;3.7;4.0;delta=-0.136
2026-10-04 08:55;7665.0;7722.72;SPXW  261005P07665000;4.3;4.5;delta=-0.154
2026-10-04 08:55;7670.0;7722.72;SPXW  261005P07670000;5.0;5.2;delta=-0.174
2026-10-04 08:55;7675.0;7722.72;SPXW  261005P07675000;5.7;6.0;delta=-0.196
2026-10-04 08:55;7680.0;7722.72;SPXW  261005P07680000;6.6;6.9;delta=-0.221
2026-10-04 08:55;7685.0;7722.72;SPXW  261005P07685000;7.5;7.8;delta=-0.247
2026-10-04 08:55;7690.0;7722.72;SPXW  261005P07690000;8.7;8.9;delta=-0.276
2026-10-04 08:55;7695.0;7722.72;SPXW  261005P07695000;9.9;10.1;delta=-0.307
2026-10-04 08:55;7700.0;7722.72;SPXW  261005P07700000;11.2;11.5;delta=-0.34
2026-10-04 08:55;7705.0;7722.72;SPXW  261005P07705000;12.8;13.1;delta=-0.376
2026-10-04 08:55;7710.0;7722.72;SPXW  261005P07710000;14.5;14.8;delta=-0.414
2026-10-04 08:55;7715.0;7722.72;SPXW  261005P07715000;16.3;16.7;delta=-0.454
2026-10-04 08:55;7720.0;7722.72;SPXW  261005P07720000;18.4;18.8;delta=-0.496
2026-10-04 08:55;7725.0;7722.72;SPXW  261005P07725000;20.7;21.1;delta=-0.534
2026-10-04 08:55;7730.0;7722.72;SPXW  261005P07730000;23.1;23.6;delta=-0.572
2026-10-04 08:55;7735.0;7722.72;SPXW  261005P07735000;25.8;26.2;delta=-0.612
2026-10-04 08:55;7740.0;7722.72;SPXW  261005P07740000;28.7;29.1;delta=-0.651
2026-10-04 08:55;7745.0;7722.72;SPXW  261005P07745000;31.8;32.2;delta=-0.689
2026-10-04 08:55;7750.0;7722.72;SPXW  261005P07750000;34.9;35.9;delta=-0.727
2026-10-04 08:55;7755.0;7722.72;SPXW  261005P07755000;38.4;39.4;delta=-0.763
2026-10-04 08:55;7760.0;7722.72;SPXW  261005P07760000;42.1;43.1;delta=-0.796
2026-10-04 08:55;7765.0;7722.72;SPXW  261005P07765000;46.0;47.1;delta=-0.826
2026-10-04 08:55;7770.0;7722.72;SPXW  261005P07770000;49.9;51.3;delta=-0.855
2026-10-04 08:55;7775.0;7722.72;SPXW  261005P07775000;54.2;55.6;delta=-0.88
2026-10-04 08:55;7780.0;7722.72;SPXW  261005P07780000;58.6;60.0;delta=-0.901
2026-10-04 08:55;7785.0;7722.72;SPXW  261005P07785000;63.1;64.5;delta=-0.92
2026-10-04 08:55;7790.0;7722.72;SPXW  261005P07790000;67.7;69.2;delta=-0.934
2026-10-04 08:55;7795.0;7722.72;SPXW  261005P07795000;72.5;73.9;delta=-0.947
2026-10-04 08:55;7800.0;7722.72;SPXW  261005P07800000;77.2;78.7;delta=-0.958
2026-10-04 08:55;7805.0;7722.72;SPXW  261005P07805000;82.1;83.5;delta=-0.964
2026-10-04 08:55;7810.0;7722.72;SPXW  261005P07810000;87.0;88.4;delta=-0.971
2026-10-04 08:55;7815.0;7722.72;SPXW  261005P07815000;91.7;93.4;delta=-0.977
2026-10-04 08:55;7820.0;7722.72;SPXW  261005P07820000;96.6;98.4;delta=-0.98
2026-10-04 08:55;7825.0;7722.72;SPXW  261005P07825000;101.5;105.8;delta=-0.983
2026-10-04 08:55;7830.0;7722.72;SPXW  261005P07830000;106.5;108.3;delta=-0.985
2026-10-04 08:55;7835.0;7722.72;SPXW  261005P07835000;111.4;115.8;delta=-0.988
2026-10-04 08:55;7840.0;7722.72;SPXW  261005P07840000;116.4;120.7;delta=-0.99
2026-10-04 08:55;7845.0;7722.72;SPXW  261005P07845000;121.4;125.3;delta=-0.992
2026-10-04 08:55;7850.0;7722.72;SPXW  261005P07850000;126.5;127.9;delta=-0.991
2026-10-04 08:55;7855.0;7722.72;SPXW  261005P07855000;131.5;132.9;delta=-0.994
2026-10-04 08:55;7860.0;7722.72;SPXW  261005P07860000;136.5;137.9;delta=-0.995
2026-10-04 08:55;7865.0;7722.72;SPXW  261005P07865000;141.5;142.9;delta=-0.994
2026-10-04 08:55;7870.0;7722.72;SPXW  261005P07870000;146.5;147.9;delta=-0.995
2026-10-04 08:55;7875.0;7722.72;SPXW  261005P07875000;151.5;153.0;delta=-0.994
2026-10-04 08:55;7880.0;7722.72;SPXW  261005P07880000;156.5;157.9;delta=-0.995
2026-10-04 08:55;7885.0;7722.72;SPXW  261005P07885000;161.5;163.0;delta=-0.995
2026-10-04 08:55;7890.0;7722.72;SPXW  261005P07890000;146.8;190.2;delta=-0.995
2026-10-04 08:55;7895.0;7722.72;SPXW  261005P07895000;171.5;173.0;delta=-0.996
2026-10-04 08:55;7900.0;7722.72;SPXW  261005P07900000;176.5;178.0;delta=-0.997
2026-10-04 08:55;7905.0;7722.72;SPXW  261005P07905000;181.4;183.0;delta=-0.997
2026-10-04 08:55;7910.0;7722.72;SPXW  261005P07910000;186.4;187.9;delta=-0.997
2026-10-04 08:55;7915.0;7722.72;SPXW  261005P07915000;191.4;192.9;delta=-0.997
2026-10-04 08:55;7920.0;7722.72;SPXW  261005P07920000;196.4;197.9;delta=-0.997
2026-10-04 08:55;7925.0;7722.72;SPXW  261005P07925000;201.4;202.9;delta=-0.996
2026-10-04 08:55;7930.0;7722.72;SPXW  261005P07930000;186.3;230.2;delta=-0.997
2026-10-04 08:55;7935.0;7722.72;SPXW  261005P07935000;0.0;0.0;delta=-999.0
2026-10-04 08:55;7940.0;7722.72;SPXW  261005P07940000;216.4;217.9;delta=-0.997
2026-10-04 08:55;7945.0;7722.72;SPXW  261005P07945000;0.0;0.0;delta=-999.0
2026-10-04 08:55;7950.0;7722.72;SPXW  261005P07950000;226.4;227.9;delta=-0.998
2026-10-04 08:55;7960.0;7722.72;SPXW  261005P07960000;236.4;237.9;delta=-0.998
2026-10-04 08:55;7970.0;7722.72;SPXW  261005P07970000;246.4;247.9;delta=-0.998
2026-10-04 08:55;7975.0;7722.72;SPXW  261005P07975000;251.4;252.9;delta=-0.999
2026-10-04 08:55;7980.0;7722.72;SPXW  261005P07980000;256.4;257.9;delta=-0.998
2026-10-04 09:00;7475.0;7722.72;SPXW  261005C07475000;247.3;248.8;delta=0.994
2026-10-04 09:00;7480.0;7722.72;SPXW  261005C07480000;231.3;254.9;delta=0.993
2026-10-04 09:00;7485.0;7722.72;SPXW  261005C07485000;237.4;238.8;delta=0.993
2026-10-04 09:00;7490.0;7722.72;SPXW  261005C07490000;232.3;233.8;delta=0.993
2026-10-04 09:00;7495.0;7722.72;SPXW  261005C07495000;227.4;228.8;delta=0.993
2026-10-04 09:00;7500.0;7722.72;SPXW  261005C07500000;222.4;223.8;delta=0.993
2026-10-04 09:00;7505.0;7722.72;SPXW  261005C07505000;206.3;230.2;delta=0.992
2026-10-04 09:00;7510.0;7722.72;SPXW  261005C07510000;201.3;225.2;delta=0.991
2026-10-04 09:00;7515.0;7722.72;SPXW  261005C07515000;198.3;218.1;delta=0.99
2026-10-04 09:00;7520.0;7722.72;SPXW  261005C07520000;193.3;213.1;delta=0.991
2026-10-04 09:00;7525.0;7722.72;SPXW  261005C07525000;188.3;208.1;delta=0.991
2026-10-04 09:00;7530.0;7722.72;SPXW  261005C07530000;183.3;203.0;delta=0.99
2026-10-04 09:00;7535.0;7722.72;SPXW  261005C07535000;178.4;189.0;delta=0.989
2026-10-04 09:00;7540.0;7722.72;SPXW  261005C07540000;182.2;184.1;delta=0.988
2026-10-04 09:00;7545.0;7722.72;SPXW  261005C07545000;177.3;179.1;delta=0.988
2026-10-04 09:00;7550.0;7722.72;SPXW  261005C07550000;168.1;174.1;delta=0.987
2026-10-04 09:00;7555.0;7722.72;SPXW  261005C07555000;167.3;169.1;delta=0.986
2026-10-04 09:00;7560.0;7722.72;SPXW  261005C07560000;162.3;164.1;delta=0.985
2026-10-04 09:00;7565.0;7722.72;SPXW  261005C07565000;148.5;159.1;delta=0.984
2026-10-04 09:00;7570.0;7722.72;SPXW  261005C07570000;148.2;154.2;delta=0.982
2026-10-04 09:00;7575.0;7722.72;SPXW  261005C07575000;147.4;149.2;delta=0.981
2026-10-04 09:00;7580.0;7722.72;SPXW  261005C07580000;138.4;144.3;delta=0.979
2026-10-04 09:00;7585.0;7722.72;SPXW  261005C07585000;137.5;139.3;delta=0.977
2026-10-04 09:00;7590.0;7722.72;SPXW  261005C07590000;128.5;134.4;delta=0.974
2026-10-04 09:00;7595.0;7722.72;SPXW  261005C07595000;127.8;129.2;delta=0.972
2026-10-04 09:00;7600.0;7722.72;SPXW  261005C07600000;122.9;124.3;delta=0.969
2026-10-04 09:00;7605.0;7722.72;SPXW  261005C07605000;118.0;119.4;delta=0.966
2026-10-04 09:00;7610.0;7722.72;SPXW  261005C07610000;113.1;114.5;delta=0.961
2026-10-04 09:00;7615.0;7722.72;SPXW  261005C07615000;108.2;109.7;delta=0.956
2026-10-04 09:00;7620.0;7722.72;SPXW  261005C07620000;103.4;104.8;delta=0.95
2026-10-04 09:00;7625.0;7722.72;SPXW  261005C07625000;98.6;100.0;delta=0.943
2026-10-04 09:00;7630.0;7722.72;SPXW  261005C07630000;93.8;95.2;delta=0.936
2026-10-04 09:00;7635.0;7722.72;SPXW  261005C07635000;89.0;90.5;delta=0.927
2026-10-04 09:00;7640.0;7722.72;SPXW  261005C07640000;84.3;85.7;delta=0.917
2026-10-04 09:00;7645.0;7722.72;SPXW  261005C07645000;79.7;81.1;delta=0.906
2026-10-04 09:00;7650.0;7722.72;SPXW  261005C07650000;75.1;76.4;delta=0.893
2026-10-04 09:00;7655.0;7722.72;SPXW  261005C07655000;70.5;71.9;delta=0.879
2026-10-04 09:00;7660.0;7722.72;SPXW  261005C07660000;66.0;67.4;delta=0.863
2026-10-04 09:00;7665.0;7722.72;SPXW  261005C07665000;61.6;63.0;delta=0.846
2026-10-04 09:00;7670.0;7722.72;SPXW  261005C07670000;57.4;58.4;delta=0.825
2026-10-04 09:00;7675.0;7722.72;SPXW  261005C07675000;53.1;54.2;delta=0.803
2026-10-04 09:00;7680.0;7722.72;SPXW  261005C07680000;49.0;50.0;delta=0.779
2026-10-04 09:00;7685.0;7722.72;SPXW  261005C07685000;45.0;46.0;delta=0.753
2026-10-04 09:00;7690.0;7722.72;SPXW  261005C07690000;41.1;42.1;delta=0.724
2026-10-04 09:00;7695.0;7722.72;SPXW  261005C07695000;37.6;38.0;delta=0.693
2026-10-04 09:00;7700.0;7722.72;SPXW  261005C07700000;34.0;34.4;delta=0.659
2026-10-04 09:00;7705.0;7722.72;SPXW  261005C07705000;30.5;30.9;delta=0.623
2026-10-04 09:00;7710.0;7722.72;SPXW  261005C07710000;27.3;27.7;delta=0.585
2026-10-04 09:00;7715.0;7722.72;SPXW  261005C07715000;24.1;24.4;delta=0.546
2026-10-04 09:00;7720.0;7722.72;SPXW  261005C07720000;21.2;21.6;delta=0.504
2026-10-04 09:00;7725.0;7722.72;SPXW  261005C07725000;18.5;18.9;delta=0.466
2026-10-04 09:00;7730.0;7722.72;SPXW  261005C07730000;16.0;16.4;delta=0.427
2026-10-04 09:00;7735.0;7722.72;SPXW  261005C07735000;13.6;14.0;delta=0.388
2026-10-04 09:00;7740.0;7722.72;SPXW  261005C07740000;11.5;11.9;delta=0.349
2026-10-04 09:00;7745.0;7722.72;SPXW  261005C07745000;9.7;10.0;delta=0.311
2026-10-04 09:00;7750.0;7722.72;SPXW  261005C07750000;8.0;8.3;delta=0.273
2026-10-04 09:00;7755.0;7722.72;SPXW  261005C07755000;6.5;6.8;delta=0.237
2026-10-04 09:00;7760.0;7722.72;SPXW  261005C07760000;5.3;5.6;delta=0.204
2026-10-04 09:00;7765.0;7722.72;SPXW  261005C07765000;4.3;4.5;delta=0.174
2026-10-04 09:00;7770.0;7722.72;SPXW  261005C07770000;3.3;3.6;delta=0.145
2026-10-04 09:00;7775.0;7722.72;SPXW  261005C07775000;2.6;2.8;delta=0.119
2026-10-04 09:00;7780.0;7722.72;SPXW  261005C07780000;2.05;2.25;delta=0.099
2026-10-04 09:00;7785.0;7722.72;SPXW  261005C07785000;1.6;1.7;delta=0.08
2026-10-04 09:00;7790.0;7722.72;SPXW  261005C07790000;1.25;1.4;delta=0.066
2026-10-04 09:00;7795.0;7722.72;SPXW  261005C07795000;0.95;1.1;delta=0.053
2026-10-04 09:00;7800.0;7722.72;SPXW  261005C07800000;0.75;0.8;delta=0.042
2026-10-04 09:00;7805.0;7722.72;SPXW  261005C07805000;0.6;0.7;delta=0.035
2026-10-04 09:00;7810.0;7722.72;SPXW  261005C07810000;0.45;0.6;delta=0.029
2026-10-04 09:00;7815.0;7722.72;SPXW  261005C07815000;0.35;0.45;delta=0.023
2026-10-04 09:00;7820.0;7722.72;SPXW  261005C07820000;0.3;0.4;delta=0.02
2026-10-04 09:00;7825.0;7722.72;SPXW  261005C07825000;0.25;0.35;delta=0.017
2026-10-04 09:00;7830.0;7722.72;SPXW  261005C07830000;0.2;0.3;delta=0.014
2026-10-04 09:00;7835.0;7722.72;SPXW  261005C07835000;0.15;0.25;delta=0.012
2026-10-04 09:00;7840.0;7722.72;SPXW  261005C07840000;0.1;0.25;delta=0.01
2026-10-04 09:00;7845.0;7722.72;SPXW  261005C07845000;0.1;0.15;delta=0.007
2026-10-04 09:00;7850.0;7722.72;SPXW  261005C07850000;0.1;0.2;delta=0.008
2026-10-04 09:00;7855.0;7722.72;SPXW  261005C07855000;0.05;0.15;delta=0.006
2026-10-04 09:00;7860.0;7722.72;SPXW  261005C07860000;0.05;0.1;delta=0.005
2026-10-04 09:00;7865.0;7722.72;SPXW  261005C07865000;0.05;0.15;delta=0.006
2026-10-04 09:00;7870.0;7722.72;SPXW  261005C07870000;0.05;0.1;delta=0.004
2026-10-04 09:00;7875.0;7722.72;SPXW  261005C07875000;0.05;0.15;delta=0.005
2026-10-04 09:00;7880.0;7722.72;SPXW  261005C07880000;0.05;0.15;delta=0.005
2026-10-04 09:00;7885.0;7722.72;SPXW  261005C07885000;0.05;0.15;delta=0.005
2026-10-04 09:00;7890.0;7722.72;SPXW  261005C07890000;0.05;0.15;delta=0.005
2026-10-04 09:00;7895.0;7722.72;SPXW  261005C07895000;0.05;0.15;delta=0.004
2026-10-04 09:00;7900.0;7722.72;SPXW  261005C07900000;0.05;0.1;delta=0.003
2026-10-04 09:00;7905.0;7722.72;SPXW  261005C07905000;0.05;0.1;delta=0.003
2026-10-04 09:00;7910.0;7722.72;SPXW  261005C07910000;0.05;0.1;delta=0.003
2026-10-04 09:00;7915.0;7722.72;SPXW  261005C07915000;0.05;0.1;delta=0.002
2026-10-04 09:00;7920.0;7722.72;SPXW  261005C07920000;0.05;0.1;delta=0.002
2026-10-04 09:00;7925.0;7722.72;SPXW  261005C07925000;0.05;0.1;delta=0.003
2026-10-04 09:00;7930.0;7722.72;SPXW  261005C07930000;0.05;0.1;delta=0.002
2026-10-04 09:00;7935.0;7722.72;SPXW  261005C07935000;0.0;0.0;delta=-999.0
2026-10-04 09:00;7940.0;7722.72;SPXW  261005C07940000;0.05;0.2;delta=0.002
2026-10-04 09:00;7945.0;7722.72;SPXW  261005C07945000;0.0;0.0;delta=-999.0
2026-10-04 09:00;7950.0;7722.72;SPXW  261005C07950000;0.05;0.15;delta=0.002
2026-10-04 09:00;7960.0;7722.72;SPXW  261005C07960000;0.05;0.1;delta=0.002
2026-10-04 09:00;7970.0;7722.72;SPXW  261005C07970000;0.05;0.1;delta=0.002
2026-10-04 09:00;7975.0;7722.72;SPXW  261005C07975000;0.05;0.1;delta=0.001
2026-10-04 09:00;7980.0;7722.72;SPXW  261005C07980000;0.05;0.15;delta=0.002
2026-10-04 09:00;7475.0;7722.72;SPXW  261005P07475000;0.15;0.25;delta=-0.006
2026-10-04 09:00;7480.0;7722.72;SPXW  261005P07480000;0.15;0.25;delta=-0.006
2026-10-04 09:00;7485.0;7722.72;SPXW  261005P07485000;0.15;0.25;delta=-0.006
2026-10-04 09:00;7490.0;7722.72;SPXW  261005P07490000;0.15;0.25;delta=-0.007
2026-10-04 09:00;7495.0;7722.72;SPXW  261005P07495000;0.15;0.25;delta=-0.007
2026-10-04 09:00;7500.0;7722.72;SPXW  261005P07500000;0.15;0.25;delta=-0.007
2026-10-04 09:00;7505.0;7722.72;SPXW  261005P07505000;0.15;0.3;delta=-0.008
2026-10-04 09:00;7510.0;7722.72;SPXW  261005P07510000;0.2;0.3;delta=-0.008
2026-10-04 09:00;7515.0;7722.72;SPXW  261005P07515000;0.25;0.3;delta=-0.009
2026-10-04 09:00;7520.0;7722.72;SPXW  261005P07520000;0.2;0.3;delta=-0.009
2026-10-04 09:00;7525.0;7722.72;SPXW  261005P07525000;0.2;0.3;delta=-0.009
2026-10-04 09:00;7530.0;7722.72;SPXW  261005P07530000;0.2;0.35;delta=-0.01
2026-10-04 09:00;7535.0;7722.72;SPXW  261005P07535000;0.25;0.35;delta=-0.011
2026-10-04 09:00;7540.0;7722.72;SPXW  261005P07540000;0.3;0.35;delta=-0.012
2026-10-04 09:00;7545.0;7722.72;SPXW  261005P07545000;0.25;0.4;delta=-0.012
2026-10-04 09:00;7550.0;7722.72;SPXW  261005P07550000;0.25;0.4;delta=-0.012
2026-10-04 09:00;7555.0;7722.72;SPXW  261005P07555000;0.3;0.4;delta=-0.013
2026-10-04 09:00;7560.0;7722.72;SPXW  261005P07560000;0.3;0.45;delta=-0.014
2026-10-04 09:00;7565.0;7722.72;SPXW  261005P07565000;0.4;0.45;delta=-0.016
2026-10-04 09:00;7570.0;7722.72;SPXW  261005P07570000;0.4;0.5;delta=-0.017
2026-10-04 09:00;7575.0;7722.72;SPXW  261005P07575000;0.4;0.55;delta=-0.018
2026-10-04 09:00;7580.0;7722.72;SPXW  261005P07580000;0.45;0.6;delta=-0.02
2026-10-04 09:00;7585.0;7722.72;SPXW  261005P07585000;0.5;0.65;delta=-0.023
2026-10-04 09:00;7590.0;7722.72;SPXW  261005P07590000;0.6;0.7;delta=-0.025
2026-10-04 09:00;7595.0;7722.72;SPXW  261005P07595000;0.65;0.75;delta=-0.028
2026-10-04 09:00;7600.0;7722.72;SPXW  261005P07600000;0.7;0.85;delta=-0.031
2026-10-04 09:00;7605.0;7722.72;SPXW  261005P07605000;0.8;0.9;delta=-0.034
2026-10-04 09:00;7610.0;7722.72;SPXW  261005P07610000;0.9;1.05;delta=-0.038
2026-10-04 09:00;7615.0;7722.72;SPXW  261005P07615000;1.05;1.2;delta=-0.044
2026-10-04 09:00;7620.0;7722.72;SPXW  261005P07620000;1.2;1.35;delta=-0.05
2026-10-04 09:00;7625.0;7722.72;SPXW  261005P07625000;1.4;1.55;delta=-0.057
2026-10-04 09:00;7630.0;7722.72;SPXW  261005P07630000;1.6;1.75;delta=-0.064
2026-10-04 09:00;7635.0;7722.72;SPXW  261005P07635000;1.8;2.0;delta=-0.072
2026-10-04 09:00;7640.0;7722.72;SPXW  261005P07640000;2.15;2.25;delta=-0.082
2026-10-04 09:00;7645.0;7722.72;SPXW  261005P07645000;2.45;2.6;delta=-0.094
2026-10-04 09:00;7650.0;7722.72;SPXW  261005P07650000;2.9;3.0;delta=-0.107
2026-10-04 09:00;7655.0;7722.72;SPXW  261005P07655000;3.2;3.5;delta=-0.121
2026-10-04 09:00;7660.0;7722.72;SPXW  261005P07660000;3.7;4.0;delta=-0.136
2026-10-04 09:00;7665.0;7722.72;SPXW  261005P07665000;4.3;4.5;delta=-0.154
2026-10-04 09:00;7670.0;7722.72;SPXW  261005P07670000;5.0;5.2;delta=-0.174
2026-10-04 09:00;7675.0;7722.72;SPXW  261005P07675000;5.7;6.0;delta=-0.196
2026-10-04 09:00;7680.0;7722.72;SPXW  261005P07680000;6.6;6.9;delta=-0.221
2026-10-04 09:00;7685.0;7722.72;SPXW  261005P07685000;7.5;7.8;delta=-0.247
2026-10-04 09:00;7690.0;7722.72;SPXW  261005P07690000;8.7;8.9;delta=-0.276
2026-10-04 09:00;7695.0;7722.72;SPXW  261005P07695000;9.9;10.1;delta=-0.307
2026-10-04 09:00;7700.0;7722.72;SPXW  261005P07700000;11.2;11.5;delta=-0.34
2026-10-04 09:00;7705.0;7722.72;SPXW  261005P07705000;12.8;13.1;delta=-0.376
2026-10-04 09:00;7710.0;7722.72;SPXW  261005P07710000;14.5;14.8;delta=-0.414
2026-10-04 09:00;7715.0;7722.72;SPXW  261005P07715000;16.3;16.7;delta=-0.454
2026-10-04 09:00;7720.0;7722.72;SPXW  261005P07720000;18.4;18.8;delta=-0.496
2026-10-04 09:00;7725.0;7722.72;SPXW  261005P07725000;20.7;21.1;delta=-0.534
2026-10-04 09:00;7730.0;7722.72;SPXW  261005P07730000;23.1;23.6;delta=-0.572
2026-10-04 09:00;7735.0;7722.72;SPXW  261005P07735000;25.8;26.2;delta=-0.612
2026-10-04 09:00;7740.0;7722.72;SPXW  261005P07740000;28.7;29.1;delta=-0.651
2026-10-04 09:00;7745.0;7722.72;SPXW  261005P07745000;31.8;32.2;delta=-0.689
2026-10-04 09:00;7750.0;7722.72;SPXW  261005P07750000;34.9;35.9;delta=-0.727
2026-10-04 09:00;7755.0;7722.72;SPXW  261005P07755000;38.4;39.4;delta=-0.763
2026-10-04 09:00;7760.0;7722.72;SPXW  261005P07760000;42.1;43.1;delta=-0.796
2026-10-04 09:00;7765.0;7722.72;SPXW  261005P07765000;46.0;47.1;delta=-0.826
2026-10-04 09:00;7770.0;7722.72;SPXW  261005P07770000;49.9;51.3;delta=-0.855
2026-10-04 09:00;7775.0;7722.72;SPXW  261005P07775000;54.2;55.6;delta=-0.88
2026-10-04 09:00;7780.0;7722.72;SPXW  261005P07780000;58.6;60.0;delta=-0.901
2026-10-04 09:00;7785.0;7722.72;SPXW  261005P07785000;63.1;64.5;delta=-0.92
2026-10-04 09:00;7790.0;7722.72;SPXW  261005P07790000;67.7;69.2;delta=-0.934
2026-10-04 09:00;7795.0;7722.72;SPXW  261005P07795000;72.5;73.9;delta=-0.947
2026-10-04 09:00;7800.0;7722.72;SPXW  261005P07800000;77.2;78.7;delta=-0.958
2026-10-04 09:00;7805.0;7722.72;SPXW  261005P07805000;82.1;83.5;delta=-0.964
2026-10-04 09:00;7810.0;7722.72;SPXW  261005P07810000;87.0;88.4;delta=-0.971
2026-10-04 09:00;7815.0;7722.72;SPXW  261005P07815000;91.7;93.4;delta=-0.977
2026-10-04 09:00;7820.0;7722.72;SPXW  261005P07820000;96.6;98.4;delta=-0.98
2026-10-04 09:00;7825.0;7722.72;SPXW  261005P07825000;101.5;105.8;delta=-0.983
2026-10-04 09:00;7830.0;7722.72;SPXW  261005P07830000;106.5;108.3;delta=-0.985
2026-10-04 09:00;7835.0;7722.72;SPXW  261005P07835000;111.4;115.8;delta=-0.988
2026-10-04 09:00;7840.0;7722.72;SPXW  261005P07840000;116.4;120.7;delta=-0.99
2026-10-04 09:00;7845.0;7722.72;SPXW  261005P07845000;121.4;125.3;delta=-0.992
2026-10-04 09:00;7850.0;7722.72;SPXW  261005P07850000;126.5;127.9;delta=-0.991
2026-10-04 09:00;7855.0;7722.72;SPXW  261005P07855000;131.5;132.9;delta=-0.994
2026-10-04 09:00;7860.0;7722.72;SPXW  261005P07860000;136.5;137.9;delta=-0.995
2026-10-04 09:00;7865.0;7722.72;SPXW  261005P07865000;141.5;142.9;delta=-0.994
2026-10-04 09:00;7870.0;7722.72;SPXW  261005P07870000;146.5;147.9;delta=-0.995
2026-10-04 09:00;7875.0;7722.72;SPXW  261005P07875000;151.5;153.0;delta=-0.994
2026-10-04 09:00;7880.0;7722.72;SPXW  261005P07880000;156.5;157.9;delta=-0.995
2026-10-04 09:00;7885.0;7722.72;SPXW  261005P07885000;161.5;163.0;delta=-0.995
2026-10-04 09:00;7890.0;7722.72;SPXW  261005P07890000;146.8;190.2;delta=-0.995
2026-10-04 09:00;7895.0;7722.72;SPXW  261005P07895000;171.5;173.0;delta=-0.996
2026-10-04 09:00;7900.0;7722.72;SPXW  261005P07900000;176.5;178.0;delta=-0.997
2026-10-04 09:00;7905.0;7722.72;SPXW  261005P07905000;181.4;183.0;delta=-0.997
2026-10-04 09:00;7910.0;7722.72;SPXW  261005P07910000;186.4;187.9;delta=-0.997
2026-10-04 09:00;7915.0;7722.72;SPXW  261005P07915000;191.4;192.9;delta=-0.997
2026-10-04 09:00;7920.0;7722.72;SPXW  261005P07920000;196.4;197.9;delta=-0.997
2026-10-04 09:00;7925.0;7722.72;SPXW  261005P07925000;201.4;202.9;delta=-0.996
2026-10-04 09:00;7930.0;7722.72;SPXW  261005P07930000;186.3;230.2;delta=-0.997
2026-10-04 09:00;7935.0;7722.72;SPXW  261005P07935000;0.0;0.0;delta=-999.0
2026-10-04 09:00;7940.0;7722.72;SPXW  261005P07940000;216.4;217.9;delta=-0.997
2026-10-04 09:00;7945.0;7722.72;SPXW  261005P07945000;0.0;0.0;delta=-999.0
2026-10-04 09:00;7950.0;7722.72;SPXW  261005P07950000;226.4;227.9;delta=-0.998
2026-10-04 09:00;7960.0;7722.72;SPXW  261005P07960000;236.4;237.9;delta=-0.998
2026-10-04 09:00;7970.0;7722.72;SPXW  261005P07970000;246.4;247.9;delta=-0.998
2026-10-04 09:00;7975.0;7722.72;SPXW  261005P07975000;251.4;252.9;delta=-0.999
2026-10-04 09:00;7980.0;7722.72;SPXW  261005P07980000;256.4;257.9;delta=-0.998
2026-10-04 09:04;7475.0;7722.72;SPXW  261005C07475000;247.3;248.8;delta=0.994
2026-10-04 09:04;7480.0;7722.72;SPXW  261005C07480000;231.3;254.9;delta=0.993
2026-10-04 09:04;7485.0;7722.72;SPXW  261005C07485000;237.4;238.8;delta=0.993
2026-10-04 09:04;7490.0;7722.72;SPXW  261005C07490000;232.3;233.8;delta=0.993
2026-10-04 09:04;7495.0;7722.72;SPXW  261005C07495000;227.4;228.8;delta=0.993
2026-10-04 09:04;7500.0;7722.72;SPXW  261005C07500000;222.4;223.8;delta=0.993
2026-10-04 09:04;7505.0;7722.72;SPXW  261005C07505000;206.3;230.2;delta=0.992
2026-10-04 09:04;7510.0;7722.72;SPXW  261005C07510000;201.3;225.2;delta=0.991
2026-10-04 09:04;7515.0;7722.72;SPXW  261005C07515000;198.3;218.1;delta=0.99
2026-10-04 09:04;7520.0;7722.72;SPXW  261005C07520000;193.3;213.1;delta=0.991
2026-10-04 09:04;7525.0;7722.72;SPXW  261005C07525000;188.3;208.1;delta=0.991
2026-10-04 09:04;7530.0;7722.72;SPXW  261005C07530000;183.3;203.0;delta=0.99
2026-10-04 09:04;7535.0;7722.72;SPXW  261005C07535000;178.4;189.0;delta=0.989
2026-10-04 09:04;7540.0;7722.72;SPXW  261005C07540000;182.2;184.1;delta=0.988
2026-10-04 09:04;7545.0;7722.72;SPXW  261005C07545000;177.3;179.1;delta=0.988
2026-10-04 09:04;7550.0;7722.72;SPXW  261005C07550000;168.1;174.1;delta=0.987
2026-10-04 09:04;7555.0;7722.72;SPXW  261005C07555000;167.3;169.1;delta=0.986
2026-10-04 09:04;7560.0;7722.72;SPXW  261005C07560000;162.3;164.1;delta=0.985
2026-10-04 09:04;7565.0;7722.72;SPXW  261005C07565000;148.5;159.1;delta=0.984
2026-10-04 09:04;7570.0;7722.72;SPXW  261005C07570000;148.2;154.2;delta=0.982
2026-10-04 09:04;7575.0;7722.72;SPXW  261005C07575000;147.4;149.2;delta=0.981
2026-10-04 09:04;7580.0;7722.72;SPXW  261005C07580000;138.4;144.3;delta=0.979
2026-10-04 09:04;7585.0;7722.72;SPXW  261005C07585000;137.5;139.3;delta=0.977
2026-10-04 09:04;7590.0;7722.72;SPXW  261005C07590000;128.5;134.4;delta=0.974
2026-10-04 09:04;7595.0;7722.72;SPXW  261005C07595000;127.8;129.2;delta=0.972
2026-10-04 09:04;7600.0;7722.72;SPXW  261005C07600000;122.9;124.3;delta=0.969
2026-10-04 09:04;7605.0;7722.72;SPXW  261005C07605000;118.0;119.4;delta=0.966
2026-10-04 09:04;7610.0;7722.72;SPXW  261005C07610000;113.1;114.5;delta=0.961
2026-10-04 09:04;7615.0;7722.72;SPXW  261005C07615000;108.2;109.7;delta=0.956
2026-10-04 09:04;7620.0;7722.72;SPXW  261005C07620000;103.4;104.8;delta=0.95
2026-10-04 09:04;7625.0;7722.72;SPXW  261005C07625000;98.6;100.0;delta=0.943
2026-10-04 09:04;7630.0;7722.72;SPXW  261005C07630000;93.8;95.2;delta=0.936
2026-10-04 09:04;7635.0;7722.72;SPXW  261005C07635000;89.0;90.5;delta=0.927
2026-10-04 09:04;7640.0;7722.72;SPXW  261005C07640000;84.3;85.7;delta=0.917
2026-10-04 09:04;7645.0;7722.72;SPXW  261005C07645000;79.7;81.1;delta=0.906
2026-10-04 09:04;7650.0;7722.72;SPXW  261005C07650000;75.1;76.4;delta=0.893
2026-10-04 09:04;7655.0;7722.72;SPXW  261005C07655000;70.5;71.9;delta=0.879
2026-10-04 09:04;7660.0;7722.72;SPXW  261005C07660000;66.0;67.4;delta=0.863
2026-10-04 09:04;7665.0;7722.72;SPXW  261005C07665000;61.6;63.0;delta=0.846
2026-10-04 09:04;7670.0;7722.72;SPXW  261005C07670000;57.4;58.4;delta=0.825
2026-10-04 09:04;7675.0;7722.72;SPXW  261005C07675000;53.1;54.2;delta=0.803
2026-10-04 09:04;7680.0;7722.72;SPXW  261005C07680000;49.0;50.0;delta=0.779
2026-10-04 09:04;7685.0;7722.72;SPXW  261005C07685000;45.0;46.0;delta=0.753
2026-10-04 09:04;7690.0;7722.72;SPXW  261005C07690000;41.1;42.1;delta=0.724
2026-10-04 09:04;7695.0;7722.72;SPXW  261005C07695000;37.6;38.0;delta=0.693
2026-10-04 09:04;7700.0;7722.72;SPXW  261005C07700000;34.0;34.4;delta=0.659
2026-10-04 09:04;7705.0;7722.72;SPXW  261005C07705000;30.5;30.9;delta=0.623
2026-10-04 09:04;7710.0;7722.72;SPXW  261005C07710000;27.3;27.7;delta=0.585
2026-10-04 09:04;7715.0;7722.72;SPXW  261005C07715000;24.1;24.4;delta=0.546
2026-10-04 09:04;7720.0;7722.72;SPXW  261005C07720000;21.2;21.6;delta=0.504
2026-10-04 09:04;7725.0;7722.72;SPXW  261005C07725000;18.5;18.9;delta=0.466
2026-10-04 09:04;7730.0;7722.72;SPXW  261005C07730000;16.0;16.4;delta=0.427
2026-10-04 09:04;7735.0;7722.72;SPXW  261005C07735000;13.6;14.0;delta=0.388
2026-10-04 09:04;7740.0;7722.72;SPXW  261005C07740000;11.5;11.9;delta=0.349
2026-10-04 09:04;7745.0;7722.72;SPXW  261005C07745000;9.7;10.0;delta=0.311
2026-10-04 09:04;7750.0;7722.72;SPXW  261005C07750000;8.0;8.3;delta=0.273
2026-10-04 09:04;7755.0;7722.72;SPXW  261005C07755000;6.5;6.8;delta=0.237
2026-10-04 09:04;7760.0;7722.72;SPXW  261005C07760000;5.3;5.6;delta=0.204
2026-10-04 09:04;7765.0;7722.72;SPXW  261005C07765000;4.3;4.5;delta=0.174
2026-10-04 09:04;7770.0;7722.72;SPXW  261005C07770000;3.3;3.6;delta=0.145
2026-10-04 09:04;7775.0;7722.72;SPXW  261005C07775000;2.6;2.8;delta=0.119
2026-10-04 09:04;7780.0;7722.72;SPXW  261005C07780000;2.05;2.25;delta=0.099
2026-10-04 09:04;7785.0;7722.72;SPXW  261005C07785000;1.6;1.7;delta=0.08
2026-10-04 09:04;7790.0;7722.72;SPXW  261005C07790000;1.25;1.4;delta=0.066
2026-10-04 09:04;7795.0;7722.72;SPXW  261005C07795000;0.95;1.1;delta=0.053
2026-10-04 09:04;7800.0;7722.72;SPXW  261005C07800000;0.75;0.8;delta=0.042
2026-10-04 09:04;7805.0;7722.72;SPXW  261005C07805000;0.6;0.7;delta=0.035
2026-10-04 09:04;7810.0;7722.72;SPXW  261005C07810000;0.45;0.6;delta=0.029
2026-10-04 09:04;7815.0;7722.72;SPXW  261005C07815000;0.35;0.45;delta=0.023
2026-10-04 09:04;7820.0;7722.72;SPXW  261005C07820000;0.3;0.4;delta=0.02
2026-10-04 09:04;7825.0;7722.72;SPXW  261005C07825000;0.25;0.35;delta=0.017
2026-10-04 09:04;7830.0;7722.72;SPXW  261005C07830000;0.2;0.3;delta=0.014
2026-10-04 09:04;7835.0;7722.72;SPXW  261005C07835000;0.15;0.25;delta=0.012
2026-10-04 09:04;7840.0;7722.72;SPXW  261005C07840000;0.1;0.25;delta=0.01
2026-10-04 09:04;7845.0;7722.72;SPXW  261005C07845000;0.1;0.15;delta=0.007
2026-10-04 09:04;7850.0;7722.72;SPXW  261005C07850000;0.1;0.2;delta=0.008
2026-10-04 09:04;7855.0;7722.72;SPXW  261005C07855000;0.05;0.15;delta=0.006
2026-10-04 09:04;7860.0;7722.72;SPXW  261005C07860000;0.05;0.1;delta=0.005
2026-10-04 09:04;7865.0;7722.72;SPXW  261005C07865000;0.05;0.15;delta=0.006
2026-10-04 09:04;7870.0;7722.72;SPXW  261005C07870000;0.05;0.1;delta=0.004
2026-10-04 09:04;7875.0;7722.72;SPXW  261005C07875000;0.05;0.15;delta=0.005
2026-10-04 09:04;7880.0;7722.72;SPXW  261005C07880000;0.05;0.15;delta=0.005
2026-10-04 09:04;7885.0;7722.72;SPXW  261005C07885000;0.05;0.15;delta=0.005
2026-10-04 09:04;7890.0;7722.72;SPXW  261005C07890000;0.05;0.15;delta=0.005
2026-10-04 09:04;7895.0;7722.72;SPXW  261005C07895000;0.05;0.15;delta=0.004
2026-10-04 09:04;7900.0;7722.72;SPXW  261005C07900000;0.05;0.1;delta=0.003
2026-10-04 09:04;7905.0;7722.72;SPXW  261005C07905000;0.05;0.1;delta=0.003
2026-10-04 09:04;7910.0;7722.72;SPXW  261005C07910000;0.05;0.1;delta=0.003
2026-10-04 09:04;7915.0;7722.72;SPXW  261005C07915000;0.05;0.1;delta=0.002
2026-10-04 09:04;7920.0;7722.72;SPXW  261005C07920000;0.05;0.1;delta=0.002
2026-10-04 09:04;7925.0;7722.72;SPXW  261005C07925000;0.05;0.1;delta=0.003
2026-10-04 09:04;7930.0;7722.72;SPXW  261005C07930000;0.05;0.1;delta=0.002
2026-10-04 09:04;7935.0;7722.72;SPXW  261005C07935000;0.0;0.0;delta=-999.0
2026-10-04 09:04;7940.0;7722.72;SPXW  261005C07940000;0.05;0.2;delta=0.002
2026-10-04 09:04;7945.0;7722.72;SPXW  261005C07945000;0.0;0.0;delta=-999.0
2026-10-04 09:04;7950.0;7722.72;SPXW  261005C07950000;0.05;0.15;delta=0.002
2026-10-04 09:04;7960.0;7722.72;SPXW  261005C07960000;0.05;0.1;delta=0.002
2026-10-04 09:04;7970.0;7722.72;SPXW  261005C07970000;0.05;0.1;delta=0.002
2026-10-04 09:04;7975.0;7722.72;SPXW  261005C07975000;0.05;0.1;delta=0.001
2026-10-04 09:04;7980.0;7722.72;SPXW  261005C07980000;0.05;0.15;delta=0.002
2026-10-04 09:04;7475.0;7722.72;SPXW  261005P07475000;0.15;0.25;delta=-0.006
2026-10-04 09:04;7480.0;7722.72;SPXW  261005P07480000;0.15;0.25;delta=-0.006
2026-10-04 09:04;7485.0;7722.72;SPXW  261005P07485000;0.15;0.25;delta=-0.006
2026-10-04 09:04;7490.0;7722.72;SPXW  261005P07490000;0.15;0.25;delta=-0.007
2026-10-04 09:04;7495.0;7722.72;SPXW  261005P07495000;0.15;0.25;delta=-0.007
2026-10-04 09:04;7500.0;7722.72;SPXW  261005P07500000;0.15;0.25;delta=-0.007
2026-10-04 09:04;7505.0;7722.72;SPXW  261005P07505000;0.15;0.3;delta=-0.008
2026-10-04 09:04;7510.0;7722.72;SPXW  261005P07510000;0.2;0.3;delta=-0.008
2026-10-04 09:04;7515.0;7722.72;SPXW  261005P07515000;0.25;0.3;delta=-0.009
2026-10-04 09:04;7520.0;7722.72;SPXW  261005P07520000;0.2;0.3;delta=-0.009
2026-10-04 09:04;7525.0;7722.72;SPXW  261005P07525000;0.2;0.3;delta=-0.009
2026-10-04 09:04;7530.0;7722.72;SPXW  261005P07530000;0.2;0.35;delta=-0.01
2026-10-04 09:04;7535.0;7722.72;SPXW  261005P07535000;0.25;0.35;delta=-0.011
2026-10-04 09:04;7540.0;7722.72;SPXW  261005P07540000;0.3;0.35;delta=-0.012
2026-10-04 09:04;7545.0;7722.72;SPXW  261005P07545000;0.25;0.4;delta=-0.012
2026-10-04 09:04;7550.0;7722.72;SPXW  261005P07550000;0.25;0.4;delta=-0.012
2026-10-04 09:04;7555.0;7722.72;SPXW  261005P07555000;0.3;0.4;delta=-0.013
2026-10-04 09:04;7560.0;7722.72;SPXW  261005P07560000;0.3;0.45;delta=-0.014
2026-10-04 09:04;7565.0;7722.72;SPXW  261005P07565000;0.4;0.45;delta=-0.016
2026-10-04 09:04;7570.0;7722.72;SPXW  261005P07570000;0.4;0.5;delta=-0.017
2026-10-04 09:04;7575.0;7722.72;SPXW  261005P07575000;0.4;0.55;delta=-0.018
2026-10-04 09:04;7580.0;7722.72;SPXW  261005P07580000;0.45;0.6;delta=-0.02
2026-10-04 09:04;7585.0;7722.72;SPXW  261005P07585000;0.5;0.65;delta=-0.023
2026-10-04 09:04;7590.0;7722.72;SPXW  261005P07590000;0.6;0.7;delta=-0.025
2026-10-04 09:04;7595.0;7722.72;SPXW  261005P07595000;0.65;0.75;delta=-0.028
2026-10-04 09:04;7600.0;7722.72;SPXW  261005P07600000;0.7;0.85;delta=-0.031
2026-10-04 09:04;7605.0;7722.72;SPXW  261005P07605000;0.8;0.9;delta=-0.034
2026-10-04 09:04;7610.0;7722.72;SPXW  261005P07610000;0.9;1.05;delta=-0.038
2026-10-04 09:04;7615.0;7722.72;SPXW  261005P07615000;1.05;1.2;delta=-0.044
2026-10-04 09:04;7620.0;7722.72;SPXW  261005P07620000;1.2;1.35;delta=-0.05
2026-10-04 09:04;7625.0;7722.72;SPXW  261005P07625000;1.4;1.55;delta=-0.057
2026-10-04 09:04;7630.0;7722.72;SPXW  261005P07630000;1.6;1.75;delta=-0.064
2026-10-04 09:04;7635.0;7722.72;SPXW  261005P07635000;1.8;2.0;delta=-0.072
2026-10-04 09:04;7640.0;7722.72;SPXW  261005P07640000;2.15;2.25;delta=-0.082
2026-10-04 09:04;7645.0;7722.72;SPXW  261005P07645000;2.45;2.6;delta=-0.094
2026-10-04 09:04;7650.0;7722.72;SPXW  261005P07650000;2.9;3.0;delta=-0.107
2026-10-04 09:04;7655.0;7722.72;SPXW  261005P07655000;3.2;3.5;delta=-0.121
2026-10-04 09:04;7660.0;7722.72;SPXW  261005P07660000;3.7;4.0;delta=-0.136
2026-10-04 09:04;7665.0;7722.72;SPXW  261005P07665000;4.3;4.5;delta=-0.154
2026-10-04 09:04;7670.0;7722.72;SPXW  261005P07670000;5.0;5.2;delta=-0.174
2026-10-04 09:04;7675.0;7722.72;SPXW  261005P07675000;5.7;6.0;delta=-0.196
2026-10-04 09:04;7680.0;7722.72;SPXW  261005P07680000;6.6;6.9;delta=-0.221
2026-10-04 09:04;7685.0;7722.72;SPXW  261005P07685000;7.5;7.8;delta=-0.247
2026-10-04 09:04;7690.0;7722.72;SPXW  261005P07690000;8.7;8.9;delta=-0.276
2026-10-04 09:04;7695.0;7722.72;SPXW  261005P07695000;9.9;10.1;delta=-0.307
2026-10-04 09:04;7700.0;7722.72;SPXW  261005P07700000;11.2;11.5;delta=-0.34
2026-10-04 09:04;7705.0;7722.72;SPXW  261005P07705000;12.8;13.1;delta=-0.376
2026-10-04 09:04;7710.0;7722.72;SPXW  261005P07710000;14.5;14.8;delta=-0.414
2026-10-04 09:04;7715.0;7722.72;SPXW  261005P07715000;16.3;16.7;delta=-0.454
2026-10-04 09:04;7720.0;7722.72;SPXW  261005P07720000;18.4;18.8;delta=-0.496
2026-10-04 09:04;7725.0;7722.72;SPXW  261005P07725000;20.7;21.1;delta=-0.534
2026-10-04 09:04;7730.0;7722.72;SPXW  261005P07730000;23.1;23.6;delta=-0.572
2026-10-04 09:04;7735.0;7722.72;SPXW  261005P07735000;25.8;26.2;delta=-0.612
2026-10-04 09:04;7740.0;7722.72;SPXW  261005P07740000;28.7;29.1;delta=-0.651
2026-10-04 09:04;7745.0;7722.72;SPXW  261005P07745000;31.8;32.2;delta=-0.689
2026-10-04 09:04;7750.0;7722.72;SPXW  261005P07750000;34.9;35.9;delta=-0.727
2026-10-04 09:04;7755.0;7722.72;SPXW  261005P07755000;38.4;39.4;delta=-0.763
2026-10-04 09:04;7760.0;7722.72;SPXW  261005P07760000;42.1;43.1;delta=-0.796
2026-10-04 09:04;7765.0;7722.72;SPXW  261005P07765000;46.0;47.1;delta=-0.826
2026-10-04 09:04;7770.0;7722.72;SPXW  261005P07770000;49.9;51.3;delta=-0.855
2026-10-04 09:04;7775.0;7722.72;SPXW  261005P07775000;54.2;55.6;delta=-0.88
2026-10-04 09:04;7780.0;7722.72;SPXW  261005P07780000;58.6;60.0;delta=-0.901
2026-10-04 09:04;7785.0;7722.72;SPXW  261005P07785000;63.1;64.5;delta=-0.92
2026-10-04 09:04;7790.0;7722.72;SPXW  261005P07790000;67.7;69.2;delta=-0.934
2026-10-04 09:04;7795.0;7722.72;SPXW  261005P07795000;72.5;73.9;delta=-0.947
2026-10-04 09:04;7800.0;7722.72;SPXW  261005P07800000;77.2;78.7;delta=-0.958
2026-10-04 09:04;7805.0;7722.72;SPXW  261005P07805000;82.1;83.5;delta=-0.964
2026-10-04 09:04;7810.0;7722.72;SPXW  261005P07810000;87.0;88.4;delta=-0.971
2026-10-04 09:04;7815.0;7722.72;SPXW  261005P07815000;91.7;93.4;delta=-0.977
2026-10-04 09:04;7820.0;7722.72;SPXW  261005P07820000;96.6;98.4;delta=-0.98
2026-10-04 09:04;7825.0;7722.72;SPXW  261005P07825000;101.5;105.8;delta=-0.983
2026-10-04 09:04;7830.0;7722.72;SPXW  261005P07830000;106.5;108.3;delta=-0.985
2026-10-04 09:04;7835.0;7722.72;SPXW  261005P07835000;111.4;115.8;delta=-0.988
2026-10-04 09:04;7840.0;7722.72;SPXW  261005P07840000;116.4;120.7;delta=-0.99
2026-10-04 09:04;7845.0;7722.72;SPXW  261005P07845000;121.4;125.3;delta=-0.992
2026-10-04 09:04;7850.0;7722.72;SPXW  261005P07850000;126.5;127.9;delta=-0.991
2026-10-04 09:04;7855.0;7722.72;SPXW  261005P07855000;131.5;132.9;delta=-0.994
2026-10-04 09:04;7860.0;7722.72;SPXW  261005P07860000;136.5;137.9;delta=-0.995
2026-10-04 09:04;7865.0;7722.72;SPXW  261005P07865000;141.5;142.9;delta=-0.994
2026-10-04 09:04;7870.0;7722.72;SPXW  261005P07870000;146.5;147.9;delta=-0.995
2026-10-04 09:04;7875.0;7722.72;SPXW  261005P07875000;151.5;153.0;delta=-0.994
2026-10-04 09:04;7880.0;7722.72;SPXW  261005P07880000;156.5;157.9;delta=-0.995
2026-10-04 09:04;7885.0;7722.72;SPXW  261005P07885000;161.5;163.0;delta=-0.995
2026-10-04 09:04;7890.0;7722.72;SPXW  261005P07890000;146.8;190.2;delta=-0.995
2026-10-04 09:04;7895.0;7722.72;SPXW  261005P07895000;171.5;173.0;delta=-0.996
2026-10-04 09:04;7900.0;7722.72;SPXW  261005P07900000;176.5;178.0;delta=-0.997
2026-10-04 09:04;7905.0;7722.72;SPXW  261005P07905000;181.4;183.0;delta=-0.997
2026-10-04 09:04;7910.0;7722.72;SPXW  261005P07910000;186.4;187.9;delta=-0.997
2026-10-04 09:04;7915.0;7722.72;SPXW  261005P07915000;191.4;192.9;delta=-0.997
2026-10-04 09:04;7920.0;7722.72;SPXW  261005P07920000;196.4;197.9;delta=-0.997
2026-10-04 09:04;7925.0;7722.72;SPXW  261005P07925000;201.4;202.9;delta=-0.996
2026-10-04 09:04;7930.0;7722.72;SPXW  261005P07930000;186.3;230.2;delta=-0.997
2026-10-04 09:04;7935.0;7722.72;SPXW  261005P07935000;0.0;0.0;delta=-999.0
2026-10-04 09:04;7940.0;7722.72;SPXW  261005P07940000;216.4;217.9;delta=-0.997
2026-10-04 09:04;7945.0;7722.72;SPXW  261005P07945000;0.0;0.0;delta=-999.0
2026-10-04 09:04;7950.0;7722.72;SPXW  261005P07950000;226.4;227.9;delta=-0.998
2026-10-04 09:04;7960.0;7722.72;SPXW  261005P07960000;236.4;237.9;delta=-0.998
2026-10-04 09:04;7970.0;7722.72;SPXW  261005P07970000;246.4;247.9;delta=-0.998
2026-10-04 09:04;7975.0;7722.72;SPXW  261005P07975000;251.4;252.9;delta=-0.999
2026-10-04 09:04;7980.0;7722.72;SPXW  261005P07980000;256.4;257.9;delta=-0.998
2026-10-04 09:08;7475.0;7722.72;SPXW  261005C07475000;247.3;248.8;delta=0.994
2026-10-04 09:08;7480.0;7722.72;SPXW  261005C07480000;231.3;254.9;delta=0.993
2026-10-04 09:08;7485.0;7722.72;SPXW  261005C07485000;237.4;238.8;delta=0.993
2026-10-04 09:08;7490.0;7722.72;SPXW  261005C07490000;232.3;233.8;delta=0.993
2026-10-04 09:08;7495.0;7722.72;SPXW  261005C07495000;227.4;228.8;delta=0.993
2026-10-04 09:08;7500.0;7722.72;SPXW  261005C07500000;222.4;223.8;delta=0.993
2026-10-04 09:08;7505.0;7722.72;SPXW  261005C07505000;206.3;230.2;delta=0.992
2026-10-04 09:08;7510.0;7722.72;SPXW  261005C07510000;201.3;225.2;delta=0.991
2026-10-04 09:08;7515.0;7722.72;SPXW  261005C07515000;198.3;218.1;delta=0.99
2026-10-04 09:08;7520.0;7722.72;SPXW  261005C07520000;193.3;213.1;delta=0.991
2026-10-04 09:08;7525.0;7722.72;SPXW  261005C07525000;188.3;208.1;delta=0.991
2026-10-04 09:08;7530.0;7722.72;SPXW  261005C07530000;183.3;203.0;delta=0.99
2026-10-04 09:08;7535.0;7722.72;SPXW  261005C07535000;178.4;189.0;delta=0.989
2026-10-04 09:08;7540.0;7722.72;SPXW  261005C07540000;182.2;184.1;delta=0.988
2026-10-04 09:08;7545.0;7722.72;SPXW  261005C07545000;177.3;179.1;delta=0.988
2026-10-04 09:08;7550.0;7722.72;SPXW  261005C07550000;168.1;174.1;delta=0.987
2026-10-04 09:08;7555.0;7722.72;SPXW  261005C07555000;167.3;169.1;delta=0.986
2026-10-04 09:08;7560.0;7722.72;SPXW  261005C07560000;162.3;164.1;delta=0.985
2026-10-04 09:08;7565.0;7722.72;SPXW  261005C07565000;148.5;159.1;delta=0.984
2026-10-04 09:08;7570.0;7722.72;SPXW  261005C07570000;148.2;154.2;delta=0.982
2026-10-04 09:08;7575.0;7722.72;SPXW  261005C07575000;147.4;149.2;delta=0.981
2026-10-04 09:08;7580.0;7722.72;SPXW  261005C07580000;138.4;144.3;delta=0.979
2026-10-04 09:08;7585.0;7722.72;SPXW  261005C07585000;137.5;139.3;delta=0.977
2026-10-04 09:08;7590.0;7722.72;SPXW  261005C07590000;128.5;134.4;delta=0.974
2026-10-04 09:08;7595.0;7722.72;SPXW  261005C07595000;127.8;129.2;delta=0.972
2026-10-04 09:08;7600.0;7722.72;SPXW  261005C07600000;122.9;124.3;delta=0.969
2026-10-04 09:08;7605.0;7722.72;SPXW  261005C07605000;118.0;119.4;delta=0.966
2026-10-04 09:08;7610.0;7722.72;SPXW  261005C07610000;113.1;114.5;delta=0.961
2026-10-04 09:08;7615.0;7722.72;SPXW  261005C07615000;108.2;109.7;delta=0.956
2026-10-04 09:08;7620.0;7722.72;SPXW  261005C07620000;103.4;104.8;delta=0.95
2026-10-04 09:08;7625.0;7722.72;SPXW  261005C07625000;98.6;100.0;delta=0.943
2026-10-04 09:08;7630.0;7722.72;SPXW  261005C07630000;93.8;95.2;delta=0.936
2026-10-04 09:08;7635.0;7722.72;SPXW  261005C07635000;89.0;90.5;delta=0.927
2026-10-04 09:08;7640.0;7722.72;SPXW  261005C07640000;84.3;85.7;delta=0.917
2026-10-04 09:08;7645.0;7722.72;SPXW  261005C07645000;79.7;81.1;delta=0.906
2026-10-04 09:08;7650.0;7722.72;SPXW  261005C07650000;75.1;76.4;delta=0.893
2026-10-04 09:08;7655.0;7722.72;SPXW  261005C07655000;70.5;71.9;delta=0.879
2026-10-04 09:08;7660.0;7722.72;SPXW  261005C07660000;66.0;67.4;delta=0.863
2026-10-04 09:08;7665.0;7722.72;SPXW  261005C07665000;61.6;63.0;delta=0.846
2026-10-04 09:08;7670.0;7722.72;SPXW  261005C07670000;57.4;58.4;delta=0.825
2026-10-04 09:08;7675.0;7722.72;SPXW  261005C07675000;53.1;54.2;delta=0.803
2026-10-04 09:08;7680.0;7722.72;SPXW  261005C07680000;49.0;50.0;delta=0.779
2026-10-04 09:08;7685.0;7722.72;SPXW  261005C07685000;45.0;46.0;delta=0.753
2026-10-04 09:08;7690.0;7722.72;SPXW  261005C07690000;41.1;42.1;delta=0.724
2026-10-04 09:08;7695.0;7722.72;SPXW  261005C07695000;37.6;38.0;delta=0.693
2026-10-04 09:08;7700.0;7722.72;SPXW  261005C07700000;34.0;34.4;delta=0.659
2026-10-04 09:08;7705.0;7722.72;SPXW  261005C07705000;30.5;30.9;delta=0.623
2026-10-04 09:08;7710.0;7722.72;SPXW  261005C07710000;27.3;27.7;delta=0.585
2026-10-04 09:08;7715.0;7722.72;SPXW  261005C07715000;24.1;24.4;delta=0.546
2026-10-04 09:08;7720.0;7722.72;SPXW  261005C07720000;21.2;21.6;delta=0.504
2026-10-04 09:08;7725.0;7722.72;SPXW  261005C07725000;18.5;18.9;delta=0.466
2026-10-04 09:08;7730.0;7722.72;SPXW  261005C07730000;16.0;16.4;delta=0.427
2026-10-04 09:08;7735.0;7722.72;SPXW  261005C07735000;13.6;14.0;delta=0.388
2026-10-04 09:08;7740.0;7722.72;SPXW  261005C07740000;11.5;11.9;delta=0.349
2026-10-04 09:08;7745.0;7722.72;SPXW  261005C07745000;9.7;10.0;delta=0.311
2026-10-04 09:08;7750.0;7722.72;SPXW  261005C07750000;8.0;8.3;delta=0.273
2026-10-04 09:08;7755.0;7722.72;SPXW  261005C07755000;6.5;6.8;delta=0.237
2026-10-04 09:08;7760.0;7722.72;SPXW  261005C07760000;5.3;5.6;delta=0.204
2026-10-04 09:08;7765.0;7722.72;SPXW  261005C07765000;4.3;4.5;delta=0.174
2026-10-04 09:08;7770.0;7722.72;SPXW  261005C07770000;3.3;3.6;delta=0.145
2026-10-04 09:08;7775.0;7722.72;SPXW  261005C07775000;2.6;2.8;delta=0.119
2026-10-04 09:08;7780.0;7722.72;SPXW  261005C07780000;2.05;2.25;delta=0.099
2026-10-04 09:08;7785.0;7722.72;SPXW  261005C07785000;1.6;1.7;delta=0.08
2026-10-04 09:08;7790.0;7722.72;SPXW  261005C07790000;1.25;1.4;delta=0.066
2026-10-04 09:08;7795.0;7722.72;SPXW  261005C07795000;0.95;1.1;delta=0.053
2026-10-04 09:08;7800.0;7722.72;SPXW  261005C07800000;0.75;0.8;delta=0.042
2026-10-04 09:08;7805.0;7722.72;SPXW  261005C07805000;0.6;0.7;delta=0.035
2026-10-04 09:08;7810.0;7722.72;SPXW  261005C07810000;0.45;0.6;delta=0.029
2026-10-04 09:08;7815.0;7722.72;SPXW  261005C07815000;0.35;0.45;delta=0.023
2026-10-04 09:08;7820.0;7722.72;SPXW  261005C07820000;0.3;0.4;delta=0.02
2026-10-04 09:08;7825.0;7722.72;SPXW  261005C07825000;0.25;0.35;delta=0.017
2026-10-04 09:08;7830.0;7722.72;SPXW  261005C07830000;0.2;0.3;delta=0.014
2026-10-04 09:08;7835.0;7722.72;SPXW  261005C07835000;0.15;0.25;delta=0.012
2026-10-04 09:08;7840.0;7722.72;SPXW  261005C07840000;0.1;0.25;delta=0.01
2026-10-04 09:08;7845.0;7722.72;SPXW  261005C07845000;0.1;0.15;delta=0.007
2026-10-04 09:08;7850.0;7722.72;SPXW  261005C07850000;0.1;0.2;delta=0.008
2026-10-04 09:08;7855.0;7722.72;SPXW  261005C07855000;0.05;0.15;delta=0.006
2026-10-04 09:08;7860.0;7722.72;SPXW  261005C07860000;0.05;0.1;delta=0.005
2026-10-04 09:08;7865.0;7722.72;SPXW  261005C07865000;0.05;0.15;delta=0.006
2026-10-04 09:08;7870.0;7722.72;SPXW  261005C07870000;0.05;0.1;delta=0.004
2026-10-04 09:08;7875.0;7722.72;SPXW  261005C07875000;0.05;0.15;delta=0.005
2026-10-04 09:08;7880.0;7722.72;SPXW  261005C07880000;0.05;0.15;delta=0.005
2026-10-04 09:08;7885.0;7722.72;SPXW  261005C07885000;0.05;0.15;delta=0.005
2026-10-04 09:08;7890.0;7722.72;SPXW  261005C07890000;0.05;0.15;delta=0.005
2026-10-04 09:08;7895.0;7722.72;SPXW  261005C07895000;0.05;0.15;delta=0.004
2026-10-04 09:08;7900.0;7722.72;SPXW  261005C07900000;0.05;0.1;delta=0.003
2026-10-04 09:08;7905.0;7722.72;SPXW  261005C07905000;0.05;0.1;delta=0.003
2026-10-04 09:08;7910.0;7722.72;SPXW  261005C07910000;0.05;0.1;delta=0.003
2026-10-04 09:08;7915.0;7722.72;SPXW  261005C07915000;0.05;0.1;delta=0.002
2026-10-04 09:08;7920.0;7722.72;SPXW  261005C07920000;0.05;0.1;delta=0.002
2026-10-04 09:08;7925.0;7722.72;SPXW  261005C07925000;0.05;0.1;delta=0.003
2026-10-04 09:08;7930.0;7722.72;SPXW  261005C07930000;0.05;0.1;delta=0.002
2026-10-04 09:08;7935.0;7722.72;SPXW  261005C07935000;0.0;0.0;delta=-999.0
2026-10-04 09:08;7940.0;7722.72;SPXW  261005C07940000;0.05;0.2;delta=0.002
2026-10-04 09:08;7945.0;7722.72;SPXW  261005C07945000;0.0;0.0;delta=-999.0
2026-10-04 09:08;7950.0;7722.72;SPXW  261005C07950000;0.05;0.15;delta=0.002
2026-10-04 09:08;7960.0;7722.72;SPXW  261005C07960000;0.05;0.1;delta=0.002
2026-10-04 09:08;7970.0;7722.72;SPXW  261005C07970000;0.05;0.1;delta=0.002
2026-10-04 09:08;7975.0;7722.72;SPXW  261005C07975000;0.05;0.1;delta=0.001
2026-10-04 09:08;7980.0;7722.72;SPXW  261005C07980000;0.05;0.15;delta=0.002
2026-10-04 09:08;7475.0;7722.72;SPXW  261005P07475000;0.15;0.25;delta=-0.006
2026-10-04 09:08;7480.0;7722.72;SPXW  261005P07480000;0.15;0.25;delta=-0.006
2026-10-04 09:08;7485.0;7722.72;SPXW  261005P07485000;0.15;0.25;delta=-0.006
2026-10-04 09:08;7490.0;7722.72;SPXW  261005P07490000;0.15;0.25;delta=-0.007
2026-10-04 09:08;7495.0;7722.72;SPXW  261005P07495000;0.15;0.25;delta=-0.007
2026-10-04 09:08;7500.0;7722.72;SPXW  261005P07500000;0.15;0.25;delta=-0.007
2026-10-04 09:08;7505.0;7722.72;SPXW  261005P07505000;0.15;0.3;delta=-0.008
2026-10-04 09:08;7510.0;7722.72;SPXW  261005P07510000;0.2;0.3;delta=-0.008
2026-10-04 09:08;7515.0;7722.72;SPXW  261005P07515000;0.25;0.3;delta=-0.009
2026-10-04 09:08;7520.0;7722.72;SPXW  261005P07520000;0.2;0.3;delta=-0.009
2026-10-04 09:08;7525.0;7722.72;SPXW  261005P07525000;0.2;0.3;delta=-0.009
2026-10-04 09:08;7530.0;7722.72;SPXW  261005P07530000;0.2;0.35;delta=-0.01
2026-10-04 09:08;7535.0;7722.72;SPXW  261005P07535000;0.25;0.35;delta=-0.011
2026-10-04 09:08;7540.0;7722.72;SPXW  261005P07540000;0.3;0.35;delta=-0.012
2026-10-04 09:08;7545.0;7722.72;SPXW  261005P07545000;0.25;0.4;delta=-0.012
2026-10-04 09:08;7550.0;7722.72;SPXW  261005P07550000;0.25;0.4;delta=-0.012
2026-10-04 09:08;7555.0;7722.72;SPXW  261005P07555000;0.3;0.4;delta=-0.013
2026-10-04 09:08;7560.0;7722.72;SPXW  261005P07560000;0.3;0.45;delta=-0.014
2026-10-04 09:08;7565.0;7722.72;SPXW  261005P07565000;0.4;0.45;delta=-0.016
2026-10-04 09:08;7570.0;7722.72;SPXW  261005P07570000;0.4;0.5;delta=-0.017
2026-10-04 09:08;7575.0;7722.72;SPXW  261005P07575000;0.4;0.55;delta=-0.018
2026-10-04 09:08;7580.0;7722.72;SPXW  261005P07580000;0.45;0.6;delta=-0.02
2026-10-04 09:08;7585.0;7722.72;SPXW  261005P07585000;0.5;0.65;delta=-0.023
2026-10-04 09:08;7590.0;7722.72;SPXW  261005P07590000;0.6;0.7;delta=-0.025
2026-10-04 09:08;7595.0;7722.72;SPXW  261005P07595000;0.65;0.75;delta=-0.028
2026-10-04 09:08;7600.0;7722.72;SPXW  261005P07600000;0.7;0.85;delta=-0.031
2026-10-04 09:08;7605.0;7722.72;SPXW  261005P07605000;0.8;0.9;delta=-0.034
2026-10-04 09:08;7610.0;7722.72;SPXW  261005P07610000;0.9;1.05;delta=-0.038
2026-10-04 09:08;7615.0;7722.72;SPXW  261005P07615000;1.05;1.2;delta=-0.044
2026-10-04 09:08;7620.0;7722.72;SPXW  261005P07620000;1.2;1.35;delta=-0.05
2026-10-04 09:08;7625.0;7722.72;SPXW  261005P07625000;1.4;1.55;delta=-0.057
2026-10-04 09:08;7630.0;7722.72;SPXW  261005P07630000;1.6;1.75;delta=-0.064
2026-10-04 09:08;7635.0;7722.72;SPXW  261005P07635000;1.8;2.0;delta=-0.072
2026-10-04 09:08;7640.0;7722.72;SPXW  261005P07640000;2.15;2.25;delta=-0.082
2026-10-04 09:08;7645.0;7722.72;SPXW  261005P07645000;2.45;2.6;delta=-0.094
2026-10-04 09:08;7650.0;7722.72;SPXW  261005P07650000;2.9;3.0;delta=-0.107
2026-10-04 09:08;7655.0;7722.72;SPXW  261005P07655000;3.2;3.5;delta=-0.121
2026-10-04 09:08;7660.0;7722.72;SPXW  261005P07660000;3.7;4.0;delta=-0.136
2026-10-04 09:08;7665.0;7722.72;SPXW  261005P07665000;4.3;4.5;delta=-0.154
2026-10-04 09:08;7670.0;7722.72;SPXW  261005P07670000;5.0;5.2;delta=-0.174
2026-10-04 09:08;7675.0;7722.72;SPXW  261005P07675000;5.7;6.0;delta=-0.196
2026-10-04 09:08;7680.0;7722.72;SPXW  261005P07680000;6.6;6.9;delta=-0.221
2026-10-04 09:08;7685.0;7722.72;SPXW  261005P07685000;7.5;7.8;delta=-0.247
2026-10-04 09:08;7690.0;7722.72;SPXW  261005P07690000;8.7;8.9;delta=-0.276
2026-10-04 09:08;7695.0;7722.72;SPXW  261005P07695000;9.9;10.1;delta=-0.307
2026-10-04 09:08;7700.0;7722.72;SPXW  261005P07700000;11.2;11.5;delta=-0.34
2026-10-04 09:08;7705.0;7722.72;SPXW  261005P07705000;12.8;13.1;delta=-0.376
2026-10-04 09:08;7710.0;7722.72;SPXW  261005P07710000;14.5;14.8;delta=-0.414
2026-10-04 09:08;7715.0;7722.72;SPXW  261005P07715000;16.3;16.7;delta=-0.454
2026-10-04 09:08;7720.0;7722.72;SPXW  261005P07720000;18.4;18.8;delta=-0.496
2026-10-04 09:08;7725.0;7722.72;SPXW  261005P07725000;20.7;21.1;delta=-0.534
2026-10-04 09:08;7730.0;7722.72;SPXW  261005P07730000;23.1;23.6;delta=-0.572
2026-10-04 09:08;7735.0;7722.72;SPXW  261005P07735000;25.8;26.2;delta=-0.612
2026-10-04 09:08;7740.0;7722.72;SPXW  261005P07740000;28.7;29.1;delta=-0.651
2026-10-04 09:08;7745.0;7722.72;SPXW  261005P07745000;31.8;32.2;delta=-0.689
2026-10-04 09:08;7750.0;7722.72;SPXW  261005P07750000;34.9;35.9;delta=-0.727
2026-10-04 09:08;7755.0;7722.72;SPXW  261005P07755000;38.4;39.4;delta=-0.763
2026-10-04 09:08;7760.0;7722.72;SPXW  261005P07760000;42.1;43.1;delta=-0.796
2026-10-04 09:08;7765.0;7722.72;SPXW  261005P07765000;46.0;47.1;delta=-0.826
2026-10-04 09:08;7770.0;7722.72;SPXW  261005P07770000;49.9;51.3;delta=-0.855
2026-10-04 09:08;7775.0;7722.72;SPXW  261005P07775000;54.2;55.6;delta=-0.88
2026-10-04 09:08;7780.0;7722.72;SPXW  261005P07780000;58.6;60.0;delta=-0.901
2026-10-04 09:08;7785.0;7722.72;SPXW  261005P07785000;63.1;64.5;delta=-0.92
2026-10-04 09:08;7790.0;7722.72;SPXW  261005P07790000;67.7;69.2;delta=-0.934
2026-10-04 09:08;7795.0;7722.72;SPXW  261005P07795000;72.5;73.9;delta=-0.947
2026-10-04 09:08;7800.0;7722.72;SPXW  261005P07800000;77.2;78.7;delta=-0.958
2026-10-04 09:08;7805.0;7722.72;SPXW  261005P07805000;82.1;83.5;delta=-0.964
2026-10-04 09:08;7810.0;7722.72;SPXW  261005P07810000;87.0;88.4;delta=-0.971
2026-10-04 09:08;7815.0;7722.72;SPXW  261005P07815000;91.7;93.4;delta=-0.977
2026-10-04 09:08;7820.0;7722.72;SPXW  261005P07820000;96.6;98.4;delta=-0.98
2026-10-04 09:08;7825.0;7722.72;SPXW  261005P07825000;101.5;105.8;delta=-0.983
2026-10-04 09:08;7830.0;7722.72;SPXW  261005P07830000;106.5;108.3;delta=-0.985
2026-10-04 09:08;7835.0;7722.72;SPXW  261005P07835000;111.4;115.8;delta=-0.988
2026-10-04 09:08;7840.0;7722.72;SPXW  261005P07840000;116.4;120.7;delta=-0.99
2026-10-04 09:08;7845.0;7722.72;SPXW  261005P07845000;121.4;125.3;delta=-0.992
2026-10-04 09:08;7850.0;7722.72;SPXW  261005P07850000;126.5;127.9;delta=-0.991
2026-10-04 09:08;7855.0;7722.72;SPXW  261005P07855000;131.5;132.9;delta=-0.994
2026-10-04 09:08;7860.0;7722.72;SPXW  261005P07860000;136.5;137.9;delta=-0.995
2026-10-04 09:08;7865.0;7722.72;SPXW  261005P07865000;141.5;142.9;delta=-0.994
2026-10-04 09:08;7870.0;7722.72;SPXW  261005P07870000;146.5;147.9;delta=-0.995
2026-10-04 09:08;7875.0;7722.72;SPXW  261005P07875000;151.5;153.0;delta=-0.994
2026-10-04 09:08;7880.0;7722.72;SPXW  261005P07880000;156.5;157.9;delta=-0.995
2026-10-04 09:08;7885.0;7722.72;SPXW  261005P07885000;161.5;163.0;delta=-0.995
2026-10-04 09:08;7890.0;7722.72;SPXW  261005P07890000;146.8;190.2;delta=-0.995
2026-10-04 09:08;7895.0;7722.72;SPXW  261005P07895000;171.5;173.0;delta=-0.996
2026-10-04 09:08;7900.0;7722.72;SPXW  261005P07900000;176.5;178.0;delta=-0.997
2026-10-04 09:08;7905.0;7722.72;SPXW  261005P07905000;181.4;183.0;delta=-0.997
2026-10-04 09:08;7910.0;7722.72;SPXW  261005P07910000;186.4;187.9;delta=-0.997
2026-10-04 09:08;7915.0;7722.72;SPXW  261005P07915000;191.4;192.9;delta=-0.997
2026-10-04 09:08;7920.0;7722.72;SPXW  261005P07920000;196.4;197.9;delta=-0.997
2026-10-04 09:08;7925.0;7722.72;SPXW  261005P07925000;201.4;202.9;delta=-0.996
2026-10-04 09:08;7930.0;7722.72;SPXW  261005P07930000;186.3;230.2;delta=-0.997
2026-10-04 09:08;7935.0;7722.72;SPXW  261005P07935000;0.0;0.0;delta=-999.0
2026-10-04 09:08;7940.0;7722.72;SPXW  261005P07940000;216.4;217.9;delta=-0.997
2026-10-04 09:08;7945.0;7722.72;SPXW  261005P07945000;0.0;0.0;delta=-999.0
2026-10-04 09:08;7950.0;7722.72;SPXW  261005P07950000;226.4;227.9;delta=-0.998
2026-10-04 09:08;7960.0;7722.72;SPXW  261005P07960000;236.4;237.9;delta=-0.998
2026-10-04 09:08;7970.0;7722.72;SPXW  261005P07970000;246.4;247.9;delta=-0.998
2026-10-04 09:08;7975.0;7722.72;SPXW  261005P07975000;251.4;252.9;delta=-0.999
2026-10-04 09:08;7980.0;7722.72;SPXW  261005P07980000;256.4;257.9;delta=-0.998
2026-10-04 09:12;7475.0;7722.72;SPXW  261005C07475000;247.3;248.8;delta=0.994
2026-10-04 09:12;7480.0;7722.72;SPXW  261005C07480000;231.3;254.9;delta=0.993
2026-10-04 09:12;7485.0;7722.72;SPXW  261005C07485000;237.4;238.8;delta=0.993
2026-10-04 09:12;7490.0;7722.72;SPXW  261005C07490000;232.3;233.8;delta=0.993
2026-10-04 09:12;7495.0;7722.72;SPXW  261005C07495000;227.4;228.8;delta=0.993
2026-10-04 09:12;7500.0;7722.72;SPXW  261005C07500000;222.4;223.8;delta=0.993
2026-10-04 09:12;7505.0;7722.72;SPXW  261005C07505000;206.3;230.2;delta=0.992
2026-10-04 09:12;7510.0;7722.72;SPXW  261005C07510000;201.3;225.2;delta=0.991
2026-10-04 09:12;7515.0;7722.72;SPXW  261005C07515000;198.3;218.1;delta=0.99
2026-10-04 09:12;7520.0;7722.72;SPXW  261005C07520000;193.3;213.1;delta=0.991
2026-10-04 09:12;7525.0;7722.72;SPXW  261005C07525000;188.3;208.1;delta=0.991
2026-10-04 09:12;7530.0;7722.72;SPXW  261005C07530000;183.3;203.0;delta=0.99
2026-10-04 09:12;7535.0;7722.72;SPXW  261005C07535000;178.4;189.0;delta=0.989
2026-10-04 09:12;7540.0;7722.72;SPXW  261005C07540000;182.2;184.1;delta=0.988
2026-10-04 09:12;7545.0;7722.72;SPXW  261005C07545000;177.3;179.1;delta=0.988
2026-10-04 09:12;7550.0;7722.72;SPXW  261005C07550000;168.1;174.1;delta=0.987
2026-10-04 09:12;7555.0;7722.72;SPXW  261005C07555000;167.3;169.1;delta=0.986
2026-10-04 09:12;7560.0;7722.72;SPXW  261005C07560000;162.3;164.1;delta=0.985
2026-10-04 09:12;7565.0;7722.72;SPXW  261005C07565000;148.5;159.1;delta=0.984
2026-10-04 09:12;7570.0;7722.72;SPXW  261005C07570000;148.2;154.2;delta=0.982
2026-10-04 09:12;7575.0;7722.72;SPXW  261005C07575000;147.4;149.2;delta=0.981
2026-10-04 09:12;7580.0;7722.72;SPXW  261005C07580000;138.4;144.3;delta=0.979
2026-10-04 09:12;7585.0;7722.72;SPXW  261005C07585000;137.5;139.3;delta=0.977
2026-10-04 09:12;7590.0;7722.72;SPXW  261005C07590000;128.5;134.4;delta=0.974
2026-10-04 09:12;7595.0;7722.72;SPXW  261005C07595000;127.8;129.2;delta=0.972
2026-10-04 09:12;7600.0;7722.72;SPXW  261005C07600000;122.9;124.3;delta=0.969
2026-10-04 09:12;7605.0;7722.72;SPXW  261005C07605000;118.0;119.4;delta=0.966
2026-10-04 09:12;7610.0;7722.72;SPXW  261005C07610000;113.1;114.5;delta=0.961
2026-10-04 09:12;7615.0;7722.72;SPXW  261005C07615000;108.2;109.7;delta=0.956
2026-10-04 09:12;7620.0;7722.72;SPXW  261005C07620000;103.4;104.8;delta=0.95
2026-10-04 09:12;7625.0;7722.72;SPXW  261005C07625000;98.6;100.0;delta=0.943
2026-10-04 09:12;7630.0;7722.72;SPXW  261005C07630000;93.8;95.2;delta=0.936
2026-10-04 09:12;7635.0;7722.72;SPXW  261005C07635000;89.0;90.5;delta=0.927
2026-10-04 09:12;7640.0;7722.72;SPXW  261005C07640000;84.3;85.7;delta=0.917
2026-10-04 09:12;7645.0;7722.72;SPXW  261005C07645000;79.7;81.1;delta=0.906
2026-10-04 09:12;7650.0;7722.72;SPXW  261005C07650000;75.1;76.4;delta=0.893
2026-10-04 09:12;7655.0;7722.72;SPXW  261005C07655000;70.5;71.9;delta=0.879
2026-10-04 09:12;7660.0;7722.72;SPXW  261005C07660000;66.0;67.4;delta=0.863
2026-10-04 09:12;7665.0;7722.72;SPXW  261005C07665000;61.6;63.0;delta=0.846
2026-10-04 09:12;7670.0;7722.72;SPXW  261005C07670000;57.4;58.4;delta=0.825
2026-10-04 09:12;7675.0;7722.72;SPXW  261005C07675000;53.1;54.2;delta=0.803
2026-10-04 09:12;7680.0;7722.72;SPXW  261005C07680000;49.0;50.0;delta=0.779
2026-10-04 09:12;7685.0;7722.72;SPXW  261005C07685000;45.0;46.0;delta=0.753
2026-10-04 09:12;7690.0;7722.72;SPXW  261005C07690000;41.1;42.1;delta=0.724
2026-10-04 09:12;7695.0;7722.72;SPXW  261005C07695000;37.6;38.0;delta=0.693
2026-10-04 09:12;7700.0;7722.72;SPXW  261005C07700000;34.0;34.4;delta=0.659
2026-10-04 09:12;7705.0;7722.72;SPXW  261005C07705000;30.5;30.9;delta=0.623
2026-10-04 09:12;7710.0;7722.72;SPXW  261005C07710000;27.3;27.7;delta=0.585
2026-10-04 09:12;7715.0;7722.72;SPXW  261005C07715000;24.1;24.4;delta=0.546
2026-10-04 09:12;7720.0;7722.72;SPXW  261005C07720000;21.2;21.6;delta=0.504
2026-10-04 09:12;7725.0;7722.72;SPXW  261005C07725000;18.5;18.9;delta=0.466
2026-10-04 09:12;7730.0;7722.72;SPXW  261005C07730000;16.0;16.4;delta=0.427
2026-10-04 09:12;7735.0;7722.72;SPXW  261005C07735000;13.6;14.0;delta=0.388
2026-10-04 09:12;7740.0;7722.72;SPXW  261005C07740000;11.5;11.9;delta=0.349
2026-10-04 09:12;7745.0;7722.72;SPXW  261005C07745000;9.7;10.0;delta=0.311
2026-10-04 09:12;7750.0;7722.72;SPXW  261005C07750000;8.0;8.3;delta=0.273
2026-10-04 09:12;7755.0;7722.72;SPXW  261005C07755000;6.5;6.8;delta=0.237
2026-10-04 09:12;7760.0;7722.72;SPXW  261005C07760000;5.3;5.6;delta=0.204
2026-10-04 09:12;7765.0;7722.72;SPXW  261005C07765000;4.3;4.5;delta=0.174
2026-10-04 09:12;7770.0;7722.72;SPXW  261005C07770000;3.3;3.6;delta=0.145
2026-10-04 09:12;7775.0;7722.72;SPXW  261005C07775000;2.6;2.8;delta=0.119
2026-10-04 09:12;7780.0;7722.72;SPXW  261005C07780000;2.05;2.25;delta=0.099
2026-10-04 09:12;7785.0;7722.72;SPXW  261005C07785000;1.6;1.7;delta=0.08
2026-10-04 09:12;7790.0;7722.72;SPXW  261005C07790000;1.25;1.4;delta=0.066
2026-10-04 09:12;7795.0;7722.72;SPXW  261005C07795000;0.95;1.1;delta=0.053
2026-10-04 09:12;7800.0;7722.72;SPXW  261005C07800000;0.75;0.8;delta=0.042
2026-10-04 09:12;7805.0;7722.72;SPXW  261005C07805000;0.6;0.7;delta=0.035
2026-10-04 09:12;7810.0;7722.72;SPXW  261005C07810000;0.45;0.6;delta=0.029
2026-10-04 09:12;7815.0;7722.72;SPXW  261005C07815000;0.35;0.45;delta=0.023
2026-10-04 09:12;7820.0;7722.72;SPXW  261005C07820000;0.3;0.4;delta=0.02
2026-10-04 09:12;7825.0;7722.72;SPXW  261005C07825000;0.25;0.35;delta=0.017
2026-10-04 09:12;7830.0;7722.72;SPXW  261005C07830000;0.2;0.3;delta=0.014
2026-10-04 09:12;7835.0;7722.72;SPXW  261005C07835000;0.15;0.25;delta=0.012
2026-10-04 09:12;7840.0;7722.72;SPXW  261005C07840000;0.1;0.25;delta=0.01
2026-10-04 09:12;7845.0;7722.72;SPXW  261005C07845000;0.1;0.15;delta=0.007
2026-10-04 09:12;7850.0;7722.72;SPXW  261005C07850000;0.1;0.2;delta=0.008
2026-10-04 09:12;7855.0;7722.72;SPXW  261005C07855000;0.05;0.15;delta=0.006
2026-10-04 09:12;7860.0;7722.72;SPXW  261005C07860000;0.05;0.1;delta=0.005
2026-10-04 09:12;7865.0;7722.72;SPXW  261005C07865000;0.05;0.15;delta=0.006
2026-10-04 09:12;7870.0;7722.72;SPXW  261005C07870000;0.05;0.1;delta=0.004
2026-10-04 09:12;7875.0;7722.72;SPXW  261005C07875000;0.05;0.15;delta=0.005
2026-10-04 09:12;7880.0;7722.72;SPXW  261005C07880000;0.05;0.15;delta=0.005
2026-10-04 09:12;7885.0;7722.72;SPXW  261005C07885000;0.05;0.15;delta=0.005
2026-10-04 09:12;7890.0;7722.72;SPXW  261005C07890000;0.05;0.15;delta=0.005
2026-10-04 09:12;7895.0;7722.72;SPXW  261005C07895000;0.05;0.15;delta=0.004
2026-10-04 09:12;7900.0;7722.72;SPXW  261005C07900000;0.05;0.1;delta=0.003
2026-10-04 09:12;7905.0;7722.72;SPXW  261005C07905000;0.05;0.1;delta=0.003
2026-10-04 09:12;7910.0;7722.72;SPXW  261005C07910000;0.05;0.1;delta=0.003
2026-10-04 09:12;7915.0;7722.72;SPXW  261005C07915000;0.05;0.1;delta=0.002
2026-10-04 09:12;7920.0;7722.72;SPXW  261005C07920000;0.05;0.1;delta=0.002
2026-10-04 09:12;7925.0;7722.72;SPXW  261005C07925000;0.05;0.1;delta=0.003
2026-10-04 09:12;7930.0;7722.72;SPXW  261005C07930000;0.05;0.1;delta=0.002
2026-10-04 09:12;7935.0;7722.72;SPXW  261005C07935000;0.0;0.0;delta=-999.0
2026-10-04 09:12;7940.0;7722.72;SPXW  261005C07940000;0.05;0.2;delta=0.002
2026-10-04 09:12;7945.0;7722.72;SPXW  261005C07945000;0.0;0.0;delta=-999.0
2026-10-04 09:12;7950.0;7722.72;SPXW  261005C07950000;0.05;0.15;delta=0.002
2026-10-04 09:12;7960.0;7722.72;SPXW  261005C07960000;0.05;0.1;delta=0.002
2026-10-04 09:12;7970.0;7722.72;SPXW  261005C07970000;0.05;0.1;delta=0.002
2026-10-04 09:12;7975.0;7722.72;SPXW  261005C07975000;0.05;0.1;delta=0.001
2026-10-04 09:12;7980.0;7722.72;SPXW  261005C07980000;0.05;0.15;delta=0.002
2026-10-04 09:12;7475.0;7722.72;SPXW  261005P07475000;0.15;0.25;delta=-0.006
2026-10-04 09:12;7480.0;7722.72;SPXW  261005P07480000;0.15;0.25;delta=-0.006
2026-10-04 09:12;7485.0;7722.72;SPXW  261005P07485000;0.15;0.25;delta=-0.006
2026-10-04 09:12;7490.0;7722.72;SPXW  261005P07490000;0.15;0.25;delta=-0.007
2026-10-04 09:12;7495.0;7722.72;SPXW  261005P07495000;0.15;0.25;delta=-0.007
2026-10-04 09:12;7500.0;7722.72;SPXW  261005P07500000;0.15;0.25;delta=-0.007
2026-10-04 09:12;7505.0;7722.72;SPXW  261005P07505000;0.15;0.3;delta=-0.008
2026-10-04 09:12;7510.0;7722.72;SPXW  261005P07510000;0.2;0.3;delta=-0.008
2026-10-04 09:12;7515.0;7722.72;SPXW  261005P07515000;0.25;0.3;delta=-0.009
2026-10-04 09:12;7520.0;7722.72;SPXW  261005P07520000;0.2;0.3;delta=-0.009
2026-10-04 09:12;7525.0;7722.72;SPXW  261005P07525000;0.2;0.3;delta=-0.009
2026-10-04 09:12;7530.0;7722.72;SPXW  261005P07530000;0.2;0.35;delta=-0.01
2026-10-04 09:12;7535.0;7722.72;SPXW  261005P07535000;0.25;0.35;delta=-0.011
2026-10-04 09:12;7540.0;7722.72;SPXW  261005P07540000;0.3;0.35;delta=-0.012
2026-10-04 09:12;7545.0;7722.72;SPXW  261005P07545000;0.25;0.4;delta=-0.012
2026-10-04 09:12;7550.0;7722.72;SPXW  261005P07550000;0.25;0.4;delta=-0.012
2026-10-04 09:12;7555.0;7722.72;SPXW  261005P07555000;0.3;0.4;delta=-0.013
2026-10-04 09:12;7560.0;7722.72;SPXW  261005P07560000;0.3;0.45;delta=-0.014
2026-10-04 09:12;7565.0;7722.72;SPXW  261005P07565000;0.4;0.45;delta=-0.016
2026-10-04 09:12;7570.0;7722.72;SPXW  261005P07570000;0.4;0.5;delta=-0.017
2026-10-04 09:12;7575.0;7722.72;SPXW  261005P07575000;0.4;0.55;delta=-0.018
2026-10-04 09:12;7580.0;7722.72;SPXW  261005P07580000;0.45;0.6;delta=-0.02
2026-10-04 09:12;7585.0;7722.72;SPXW  261005P07585000;0.5;0.65;delta=-0.023
2026-10-04 09:12;7590.0;7722.72;SPXW  261005P07590000;0.6;0.7;delta=-0.025
2026-10-04 09:12;7595.0;7722.72;SPXW  261005P07595000;0.65;0.75;delta=-0.028
2026-10-04 09:12;7600.0;7722.72;SPXW  261005P07600000;0.7;0.85;delta=-0.031
2026-10-04 09:12;7605.0;7722.72;SPXW  261005P07605000;0.8;0.9;delta=-0.034
2026-10-04 09:12;7610.0;7722.72;SPXW  261005P07610000;0.9;1.05;delta=-0.038
2026-10-04 09:12;7615.0;7722.72;SPXW  261005P07615000;1.05;1.2;delta=-0.044
2026-10-04 09:12;7620.0;7722.72;SPXW  261005P07620000;1.2;1.35;delta=-0.05
2026-10-04 09:12;7625.0;7722.72;SPXW  261005P07625000;1.4;1.55;delta=-0.057
2026-10-04 09:12;7630.0;7722.72;SPXW  261005P07630000;1.6;1.75;delta=-0.064
2026-10-04 09:12;7635.0;7722.72;SPXW  261005P07635000;1.8;2.0;delta=-0.072
2026-10-04 09:12;7640.0;7722.72;SPXW  261005P07640000;2.15;2.25;delta=-0.082
2026-10-04 09:12;7645.0;7722.72;SPXW  261005P07645000;2.45;2.6;delta=-0.094
2026-10-04 09:12;7650.0;7722.72;SPXW  261005P07650000;2.9;3.0;delta=-0.107
2026-10-04 09:12;7655.0;7722.72;SPXW  261005P07655000;3.2;3.5;delta=-0.121
2026-10-04 09:12;7660.0;7722.72;SPXW  261005P07660000;3.7;4.0;delta=-0.136
2026-10-04 09:12;7665.0;7722.72;SPXW  261005P07665000;4.3;4.5;delta=-0.154
2026-10-04 09:12;7670.0;7722.72;SPXW  261005P07670000;5.0;5.2;delta=-0.174
2026-10-04 09:12;7675.0;7722.72;SPXW  261005P07675000;5.7;6.0;delta=-0.196
2026-10-04 09:12;7680.0;7722.72;SPXW  261005P07680000;6.6;6.9;delta=-0.221
2026-10-04 09:12;7685.0;7722.72;SPXW  261005P07685000;7.5;7.8;delta=-0.247
2026-10-04 09:12;7690.0;7722.72;SPXW  261005P07690000;8.7;8.9;delta=-0.276
2026-10-04 09:12;7695.0;7722.72;SPXW  261005P07695000;9.9;10.1;delta=-0.307
2026-10-04 09:12;7700.0;7722.72;SPXW  261005P07700000;11.2;11.5;delta=-0.34
2026-10-04 09:12;7705.0;7722.72;SPXW  261005P07705000;12.8;13.1;delta=-0.376
2026-10-04 09:12;7710.0;7722.72;SPXW  261005P07710000;14.5;14.8;delta=-0.414
2026-10-04 09:12;7715.0;7722.72;SPXW  261005P07715000;16.3;16.7;delta=-0.454
2026-10-04 09:12;7720.0;7722.72;SPXW  261005P07720000;18.4;18.8;delta=-0.496
2026-10-04 09:12;7725.0;7722.72;SPXW  261005P07725000;20.7;21.1;delta=-0.534
2026-10-04 09:12;7730.0;7722.72;SPXW  261005P07730000;23.1;23.6;delta=-0.572
2026-10-04 09:12;7735.0;7722.72;SPXW  261005P07735000;25.8;26.2;delta=-0.612
2026-10-04 09:12;7740.0;7722.72;SPXW  261005P07740000;28.7;29.1;delta=-0.651
2026-10-04 09:12;7745.0;7722.72;SPXW  261005P07745000;31.8;32.2;delta=-0.689
2026-10-04 09:12;7750.0;7722.72;SPXW  261005P07750000;34.9;35.9;delta=-0.727
2026-10-04 09:12;7755.0;7722.72;SPXW  261005P07755000;38.4;39.4;delta=-0.763
2026-10-04 09:12;7760.0;7722.72;SPXW  261005P07760000;42.1;43.1;delta=-0.796
2026-10-04 09:12;7765.0;7722.72;SPXW  261005P07765000;46.0;47.1;delta=-0.826
2026-10-04 09:12;7770.0;7722.72;SPXW  261005P07770000;49.9;51.3;delta=-0.855
2026-10-04 09:12;7775.0;7722.72;SPXW  261005P07775000;54.2;55.6;delta=-0.88
2026-10-04 09:12;7780.0;7722.72;SPXW  261005P07780000;58.6;60.0;delta=-0.901
2026-10-04 09:12;7785.0;7722.72;SPXW  261005P07785000;63.1;64.5;delta=-0.92
2026-10-04 09:12;7790.0;7722.72;SPXW  261005P07790000;67.7;69.2;delta=-0.934
2026-10-04 09:12;7795.0;7722.72;SPXW  261005P07795000;72.5;73.9;delta=-0.947
2026-10-04 09:12;7800.0;7722.72;SPXW  261005P07800000;77.2;78.7;delta=-0.958
2026-10-04 09:12;7805.0;7722.72;SPXW  261005P07805000;82.1;83.5;delta=-0.964
2026-10-04 09:12;7810.0;7722.72;SPXW  261005P07810000;87.0;88.4;delta=-0.971
2026-10-04 09:12;7815.0;7722.72;SPXW  261005P07815000;91.7;93.4;delta=-0.977
2026-10-04 09:12;7820.0;7722.72;SPXW  261005P07820000;96.6;98.4;delta=-0.98
2026-10-04 09:12;7825.0;7722.72;SPXW  261005P07825000;101.5;105.8;delta=-0.983
2026-10-04 09:12;7830.0;7722.72;SPXW  261005P07830000;106.5;108.3;delta=-0.985
2026-10-04 09:12;7835.0;7722.72;SPXW  261005P07835000;111.4;115.8;delta=-0.988
2026-10-04 09:12;7840.0;7722.72;SPXW  261005P07840000;116.4;120.7;delta=-0.99
2026-10-04 09:12;7845.0;7722.72;SPXW  261005P07845000;121.4;125.3;delta=-0.992
2026-10-04 09:12;7850.0;7722.72;SPXW  261005P07850000;126.5;127.9;delta=-0.991
2026-10-04 09:12;7855.0;7722.72;SPXW  261005P07855000;131.5;132.9;delta=-0.994
2026-10-04 09:12;7860.0;7722.72;SPXW  261005P07860000;136.5;137.9;delta=-0.995
2026-10-04 09:12;7865.0;7722.72;SPXW  261005P07865000;141.5;142.9;delta=-0.994
2026-10-04 09:12;7870.0;7722.72;SPXW  261005P07870000;146.5;147.9;delta=-0.995
2026-10-04 09:12;7875.0;7722.72;SPXW  261005P07875000;151.5;153.0;delta=-0.994
2026-10-04 09:12;7880.0;7722.72;SPXW  261005P07880000;156.5;157.9;delta=-0.995
2026-10-04 09:12;7885.0;7722.72;SPXW  261005P07885000;161.5;163.0;delta=-0.995
2026-10-04 09:12;7890.0;7722.72;SPXW  261005P07890000;146.8;190.2;delta=-0.995
2026-10-04 09:12;7895.0;7722.72;SPXW  261005P07895000;171.5;173.0;delta=-0.996
2026-10-04 09:12;7900.0;7722.72;SPXW  261005P07900000;176.5;178.0;delta=-0.997
2026-10-04 09:12;7905.0;7722.72;SPXW  261005P07905000;181.4;183.0;delta=-0.997
2026-10-04 09:12;7910.0;7722.72;SPXW  261005P07910000;186.4;187.9;delta=-0.997
2026-10-04 09:12;7915.0;7722.72;SPXW  261005P07915000;191.4;192.9;delta=-0.997
2026-10-04 09:12;7920.0;7722.72;SPXW  261005P07920000;196.4;197.9;delta=-0.997
2026-10-04 09:12;7925.0;7722.72;SPXW  261005P07925000;201.4;202.9;delta=-0.996
2026-10-04 09:12;7930.0;7722.72;SPXW  261005P07930000;186.3;230.2;delta=-0.997
2026-10-04 09:12;7935.0;7722.72;SPXW  261005P07935000;0.0;0.0;delta=-999.0
2026-10-04 09:12;7940.0;7722.72;SPXW  261005P07940000;216.4;217.9;delta=-0.997
2026-10-04 09:12;7945.0;7722.72;SPXW  261005P07945000;0.0;0.0;delta=-999.0
2026-10-04 09:12;7950.0;7722.72;SPXW  261005P07950000;226.4;227.9;delta=-0.998
2026-10-04 09:12;7960.0;7722.72;SPXW  261005P07960000;236.4;237.9;delta=-0.998
2026-10-04 09:12;7970.0;7722.72;SPXW  261005P07970000;246.4;247.9;delta=-0.998
2026-10-04 09:12;7975.0;7722.72;SPXW  261005P07975000;251.4;252.9;delta=-0.999
2026-10-04 09:12;7980.0;7722.72;SPXW  261005P07980000;256.4;257.9;delta=-0.998
2026-10-04 09:17;7475.0;7722.72;SPXW  261005C07475000;247.3;248.8;delta=0.994
2026-10-04 09:17;7480.0;7722.72;SPXW  261005C07480000;231.3;254.9;delta=0.993
2026-10-04 09:17;7485.0;7722.72;SPXW  261005C07485000;237.4;238.8;delta=0.993
2026-10-04 09:17;7490.0;7722.72;SPXW  261005C07490000;232.3;233.8;delta=0.993
2026-10-04 09:17;7495.0;7722.72;SPXW  261005C07495000;227.4;228.8;delta=0.993
2026-10-04 09:17;7500.0;7722.72;SPXW  261005C07500000;222.4;223.8;delta=0.993
2026-10-04 09:17;7505.0;7722.72;SPXW  261005C07505000;206.3;230.2;delta=0.992
2026-10-04 09:17;7510.0;7722.72;SPXW  261005C07510000;201.3;225.2;delta=0.991
2026-10-04 09:17;7515.0;7722.72;SPXW  261005C07515000;198.3;218.1;delta=0.99
2026-10-04 09:17;7520.0;7722.72;SPXW  261005C07520000;193.3;213.1;delta=0.991
2026-10-04 09:17;7525.0;7722.72;SPXW  261005C07525000;188.3;208.1;delta=0.991
2026-10-04 09:17;7530.0;7722.72;SPXW  261005C07530000;183.3;203.0;delta=0.99
2026-10-04 09:17;7535.0;7722.72;SPXW  261005C07535000;178.4;189.0;delta=0.989
2026-10-04 09:17;7540.0;7722.72;SPXW  261005C07540000;182.2;184.1;delta=0.988
2026-10-04 09:17;7545.0;7722.72;SPXW  261005C07545000;177.3;179.1;delta=0.988
2026-10-04 09:17;7550.0;7722.72;SPXW  261005C07550000;168.1;174.1;delta=0.987
2026-10-04 09:17;7555.0;7722.72;SPXW  261005C07555000;167.3;169.1;delta=0.986
2026-10-04 09:17;7560.0;7722.72;SPXW  261005C07560000;162.3;164.1;delta=0.985
2026-10-04 09:17;7565.0;7722.72;SPXW  261005C07565000;148.5;159.1;delta=0.984
2026-10-04 09:17;7570.0;7722.72;SPXW  261005C07570000;148.2;154.2;delta=0.982
2026-10-04 09:17;7575.0;7722.72;SPXW  261005C07575000;147.4;149.2;delta=0.981
2026-10-04 09:17;7580.0;7722.72;SPXW  261005C07580000;138.4;144.3;delta=0.979
2026-10-04 09:17;7585.0;7722.72;SPXW  261005C07585000;137.5;139.3;delta=0.977
2026-10-04 09:17;7590.0;7722.72;SPXW  261005C07590000;128.5;134.4;delta=0.974
2026-10-04 09:17;7595.0;7722.72;SPXW  261005C07595000;127.8;129.2;delta=0.972
2026-10-04 09:17;7600.0;7722.72;SPXW  261005C07600000;122.9;124.3;delta=0.969
2026-10-04 09:17;7605.0;7722.72;SPXW  261005C07605000;118.0;119.4;delta=0.966
2026-10-04 09:17;7610.0;7722.72;SPXW  261005C07610000;113.1;114.5;delta=0.961
2026-10-04 09:17;7615.0;7722.72;SPXW  261005C07615000;108.2;109.7;delta=0.956
2026-10-04 09:17;7620.0;7722.72;SPXW  261005C07620000;103.4;104.8;delta=0.95
2026-10-04 09:17;7625.0;7722.72;SPXW  261005C07625000;98.6;100.0;delta=0.943
2026-10-04 09:17;7630.0;7722.72;SPXW  261005C07630000;93.8;95.2;delta=0.936
2026-10-04 09:17;7635.0;7722.72;SPXW  261005C07635000;89.0;90.5;delta=0.927
2026-10-04 09:17;7640.0;7722.72;SPXW  261005C07640000;84.3;85.7;delta=0.917
2026-10-04 09:17;7645.0;7722.72;SPXW  261005C07645000;79.7;81.1;delta=0.906
2026-10-04 09:17;7650.0;7722.72;SPXW  261005C07650000;75.1;76.4;delta=0.893
2026-10-04 09:17;7655.0;7722.72;SPXW  261005C07655000;70.5;71.9;delta=0.879
2026-10-04 09:17;7660.0;7722.72;SPXW  261005C07660000;66.0;67.4;delta=0.863
2026-10-04 09:17;7665.0;7722.72;SPXW  261005C07665000;61.6;63.0;delta=0.846
2026-10-04 09:17;7670.0;7722.72;SPXW  261005C07670000;57.4;58.4;delta=0.825
2026-10-04 09:17;7675.0;7722.72;SPXW  261005C07675000;53.1;54.2;delta=0.803
2026-10-04 09:17;7680.0;7722.72;SPXW  261005C07680000;49.0;50.0;delta=0.779
2026-10-04 09:17;7685.0;7722.72;SPXW  261005C07685000;45.0;46.0;delta=0.753
2026-10-04 09:17;7690.0;7722.72;SPXW  261005C07690000;41.1;42.1;delta=0.724
2026-10-04 09:17;7695.0;7722.72;SPXW  261005C07695000;37.6;38.0;delta=0.693
2026-10-04 09:17;7700.0;7722.72;SPXW  261005C07700000;34.0;34.4;delta=0.659
2026-10-04 09:17;7705.0;7722.72;SPXW  261005C07705000;30.5;30.9;delta=0.623
2026-10-04 09:17;7710.0;7722.72;SPXW  261005C07710000;27.3;27.7;delta=0.585
2026-10-04 09:17;7715.0;7722.72;SPXW  261005C07715000;24.1;24.4;delta=0.546
2026-10-04 09:17;7720.0;7722.72;SPXW  261005C07720000;21.2;21.6;delta=0.504
2026-10-04 09:17;7725.0;7722.72;SPXW  261005C07725000;18.5;18.9;delta=0.466
2026-10-04 09:17;7730.0;7722.72;SPXW  261005C07730000;16.0;16.4;delta=0.427
2026-10-04 09:17;7735.0;7722.72;SPXW  261005C07735000;13.6;14.0;delta=0.388
2026-10-04 09:17;7740.0;7722.72;SPXW  261005C07740000;11.5;11.9;delta=0.349
2026-10-04 09:17;7745.0;7722.72;SPXW  261005C07745000;9.7;10.0;delta=0.311
2026-10-04 09:17;7750.0;7722.72;SPXW  261005C07750000;8.0;8.3;delta=0.273
2026-10-04 09:17;7755.0;7722.72;SPXW  261005C07755000;6.5;6.8;delta=0.237
2026-10-04 09:17;7760.0;7722.72;SPXW  261005C07760000;5.3;5.6;delta=0.204
2026-10-04 09:17;7765.0;7722.72;SPXW  261005C07765000;4.3;4.5;delta=0.174
2026-10-04 09:17;7770.0;7722.72;SPXW  261005C07770000;3.3;3.6;delta=0.145
2026-10-04 09:17;7775.0;7722.72;SPXW  261005C07775000;2.6;2.8;delta=0.119
2026-10-04 09:17;7780.0;7722.72;SPXW  261005C07780000;2.05;2.25;delta=0.099
2026-10-04 09:17;7785.0;7722.72;SPXW  261005C07785000;1.6;1.7;delta=0.08
2026-10-04 09:17;7790.0;7722.72;SPXW  261005C07790000;1.25;1.4;delta=0.066
2026-10-04 09:17;7795.0;7722.72;SPXW  261005C07795000;0.95;1.1;delta=0.053
2026-10-04 09:17;7800.0;7722.72;SPXW  261005C07800000;0.75;0.8;delta=0.042
2026-10-04 09:17;7805.0;7722.72;SPXW  261005C07805000;0.6;0.7;delta=0.035
2026-10-04 09:17;7810.0;7722.72;SPXW  261005C07810000;0.45;0.6;delta=0.029
2026-10-04 09:17;7815.0;7722.72;SPXW  261005C07815000;0.35;0.45;delta=0.023
2026-10-04 09:17;7820.0;7722.72;SPXW  261005C07820000;0.3;0.4;delta=0.02
2026-10-04 09:17;7825.0;7722.72;SPXW  261005C07825000;0.25;0.35;delta=0.017
2026-10-04 09:17;7830.0;7722.72;SPXW  261005C07830000;0.2;0.3;delta=0.014
2026-10-04 09:17;7835.0;7722.72;SPXW  261005C07835000;0.15;0.25;delta=0.012
2026-10-04 09:17;7840.0;7722.72;SPXW  261005C07840000;0.1;0.25;delta=0.01
2026-10-04 09:17;7845.0;7722.72;SPXW  261005C07845000;0.1;0.15;delta=0.007
2026-10-04 09:17;7850.0;7722.72;SPXW  261005C07850000;0.1;0.2;delta=0.008
2026-10-04 09:17;7855.0;7722.72;SPXW  261005C07855000;0.05;0.15;delta=0.006
2026-10-04 09:17;7860.0;7722.72;SPXW  261005C07860000;0.05;0.1;delta=0.005
2026-10-04 09:17;7865.0;7722.72;SPXW  261005C07865000;0.05;0.15;delta=0.006
2026-10-04 09:17;7870.0;7722.72;SPXW  261005C07870000;0.05;0.1;delta=0.004
2026-10-04 09:17;7875.0;7722.72;SPXW  261005C07875000;0.05;0.15;delta=0.005
2026-10-04 09:17;7880.0;7722.72;SPXW  261005C07880000;0.05;0.15;delta=0.005
2026-10-04 09:17;7885.0;7722.72;SPXW  261005C07885000;0.05;0.15;delta=0.005
2026-10-04 09:17;7890.0;7722.72;SPXW  261005C07890000;0.05;0.15;delta=0.005
2026-10-04 09:17;7895.0;7722.72;SPXW  261005C07895000;0.05;0.15;delta=0.004
2026-10-04 09:17;7900.0;7722.72;SPXW  261005C07900000;0.05;0.1;delta=0.003
2026-10-04 09:17;7905.0;7722.72;SPXW  261005C07905000;0.05;0.1;delta=0.003
2026-10-04 09:17;7910.0;7722.72;SPXW  261005C07910000;0.05;0.1;delta=0.003
2026-10-04 09:17;7915.0;7722.72;SPXW  261005C07915000;0.05;0.1;delta=0.002
2026-10-04 09:17;7920.0;7722.72;SPXW  261005C07920000;0.05;0.1;delta=0.002
2026-10-04 09:17;7925.0;7722.72;SPXW  261005C07925000;0.05;0.1;delta=0.003
2026-10-04 09:17;7930.0;7722.72;SPXW  261005C07930000;0.05;0.1;delta=0.002
2026-10-04 09:17;7935.0;7722.72;SPXW  261005C07935000;0.0;0.0;delta=-999.0
2026-10-04 09:17;7940.0;7722.72;SPXW  261005C07940000;0.05;0.2;delta=0.002
2026-10-04 09:17;7945.0;7722.72;SPXW  261005C07945000;0.0;0.0;delta=-999.0
2026-10-04 09:17;7950.0;7722.72;SPXW  261005C07950000;0.05;0.15;delta=0.002
2026-10-04 09:17;7960.0;7722.72;SPXW  261005C07960000;0.05;0.1;delta=0.002
2026-10-04 09:17;7970.0;7722.72;SPXW  261005C07970000;0.05;0.1;delta=0.002
2026-10-04 09:17;7975.0;7722.72;SPXW  261005C07975000;0.05;0.1;delta=0.001
2026-10-04 09:17;7980.0;7722.72;SPXW  261005C07980000;0.05;0.15;delta=0.002
2026-10-04 09:17;7475.0;7722.72;SPXW  261005P07475000;0.15;0.25;delta=-0.006
2026-10-04 09:17;7480.0;7722.72;SPXW  261005P07480000;0.15;0.25;delta=-0.006
2026-10-04 09:17;7485.0;7722.72;SPXW  261005P07485000;0.15;0.25;delta=-0.006
2026-10-04 09:17;7490.0;7722.72;SPXW  261005P07490000;0.15;0.25;delta=-0.007
2026-10-04 09:17;7495.0;7722.72;SPXW  261005P07495000;0.15;0.25;delta=-0.007
2026-10-04 09:17;7500.0;7722.72;SPXW  261005P07500000;0.15;0.25;delta=-0.007
2026-10-04 09:17;7505.0;7722.72;SPXW  261005P07505000;0.15;0.3;delta=-0.008
2026-10-04 09:17;7510.0;7722.72;SPXW  261005P07510000;0.2;0.3;delta=-0.008
2026-10-04 09:17;7515.0;7722.72;SPXW  261005P07515000;0.25;0.3;delta=-0.009
2026-10-04 09:17;7520.0;7722.72;SPXW  261005P07520000;0.2;0.3;delta=-0.009
2026-10-04 09:17;7525.0;7722.72;SPXW  261005P07525000;0.2;0.3;delta=-0.009
2026-10-04 09:17;7530.0;7722.72;SPXW  261005P07530000;0.2;0.35;delta=-0.01
2026-10-04 09:17;7535.0;7722.72;SPXW  261005P07535000;0.25;0.35;delta=-0.011
2026-10-04 09:17;7540.0;7722.72;SPXW  261005P07540000;0.3;0.35;delta=-0.012
2026-10-04 09:17;7545.0;7722.72;SPXW  261005P07545000;0.25;0.4;delta=-0.012
2026-10-04 09:17;7550.0;7722.72;SPXW  261005P07550000;0.25;0.4;delta=-0.012
2026-10-04 09:17;7555.0;7722.72;SPXW  261005P07555000;0.3;0.4;delta=-0.013
2026-10-04 09:17;7560.0;7722.72;SPXW  261005P07560000;0.3;0.45;delta=-0.014
2026-10-04 09:17;7565.0;7722.72;SPXW  261005P07565000;0.4;0.45;delta=-0.016
2026-10-04 09:17;7570.0;7722.72;SPXW  261005P07570000;0.4;0.5;delta=-0.017
2026-10-04 09:17;7575.0;7722.72;SPXW  261005P07575000;0.4;0.55;delta=-0.018
2026-10-04 09:17;7580.0;7722.72;SPXW  261005P07580000;0.45;0.6;delta=-0.02
2026-10-04 09:17;7585.0;7722.72;SPXW  261005P07585000;0.5;0.65;delta=-0.023
2026-10-04 09:17;7590.0;7722.72;SPXW  261005P07590000;0.6;0.7;delta=-0.025
2026-10-04 09:17;7595.0;7722.72;SPXW  261005P07595000;0.65;0.75;delta=-0.028
2026-10-04 09:17;7600.0;7722.72;SPXW  261005P07600000;0.7;0.85;delta=-0.031
2026-10-04 09:17;7605.0;7722.72;SPXW  261005P07605000;0.8;0.9;delta=-0.034
2026-10-04 09:17;7610.0;7722.72;SPXW  261005P07610000;0.9;1.05;delta=-0.038
2026-10-04 09:17;7615.0;7722.72;SPXW  261005P07615000;1.05;1.2;delta=-0.044
2026-10-04 09:17;7620.0;7722.72;SPXW  261005P07620000;1.2;1.35;delta=-0.05
2026-10-04 09:17;7625.0;7722.72;SPXW  261005P07625000;1.4;1.55;delta=-0.057
2026-10-04 09:17;7630.0;7722.72;SPXW  261005P07630000;1.6;1.75;delta=-0.064
2026-10-04 09:17;7635.0;7722.72;SPXW  261005P07635000;1.8;2.0;delta=-0.072
2026-10-04 09:17;7640.0;7722.72;SPXW  261005P07640000;2.15;2.25;delta=-0.082
2026-10-04 09:17;7645.0;7722.72;SPXW  261005P07645000;2.45;2.6;delta=-0.094
2026-10-04 09:17;7650.0;7722.72;SPXW  261005P07650000;2.9;3.0;delta=-0.107
2026-10-04 09:17;7655.0;7722.72;SPXW  261005P07655000;3.2;3.5;delta=-0.121
2026-10-04 09:17;7660.0;7722.72;SPXW  261005P07660000;3.7;4.0;delta=-0.136
2026-10-04 09:17;7665.0;7722.72;SPXW  261005P07665000;4.3;4.5;delta=-0.154
2026-10-04 09:17;7670.0;7722.72;SPXW  261005P07670000;5.0;5.2;delta=-0.174
2026-10-04 09:17;7675.0;7722.72;SPXW  261005P07675000;5.7;6.0;delta=-0.196
2026-10-04 09:17;7680.0;7722.72;SPXW  261005P07680000;6.6;6.9;delta=-0.221
2026-10-04 09:17;7685.0;7722.72;SPXW  261005P07685000;7.5;7.8;delta=-0.247
2026-10-04 09:17;7690.0;7722.72;SPXW  261005P07690000;8.7;8.9;delta=-0.276
2026-10-04 09:17;7695.0;7722.72;SPXW  261005P07695000;9.9;10.1;delta=-0.307
2026-10-04 09:17;7700.0;7722.72;SPXW  261005P07700000;11.2;11.5;delta=-0.34
2026-10-04 09:17;7705.0;7722.72;SPXW  261005P07705000;12.8;13.1;delta=-0.376
2026-10-04 09:17;7710.0;7722.72;SPXW  261005P07710000;14.5;14.8;delta=-0.414
2026-10-04 09:17;7715.0;7722.72;SPXW  261005P07715000;16.3;16.7;delta=-0.454
2026-10-04 09:17;7720.0;7722.72;SPXW  261005P07720000;18.4;18.8;delta=-0.496
2026-10-04 09:17;7725.0;7722.72;SPXW  261005P07725000;20.7;21.1;delta=-0.534
2026-10-04 09:17;7730.0;7722.72;SPXW  261005P07730000;23.1;23.6;delta=-0.572
2026-10-04 09:17;7735.0;7722.72;SPXW  261005P07735000;25.8;26.2;delta=-0.612
2026-10-04 09:17;7740.0;7722.72;SPXW  261005P07740000;28.7;29.1;delta=-0.651
2026-10-04 09:17;7745.0;7722.72;SPXW  261005P07745000;31.8;32.2;delta=-0.689
2026-10-04 09:17;7750.0;7722.72;SPXW  261005P07750000;34.9;35.9;delta=-0.727
2026-10-04 09:17;7755.0;7722.72;SPXW  261005P07755000;38.4;39.4;delta=-0.763
2026-10-04 09:17;7760.0;7722.72;SPXW  261005P07760000;42.1;43.1;delta=-0.796
2026-10-04 09:17;7765.0;7722.72;SPXW  261005P07765000;46.0;47.1;delta=-0.826
2026-10-04 09:17;7770.0;7722.72;SPXW  261005P07770000;49.9;51.3;delta=-0.855
2026-10-04 09:17;7775.0;7722.72;SPXW  261005P07775000;54.2;55.6;delta=-0.88
2026-10-04 09:17;7780.0;7722.72;SPXW  261005P07780000;58.6;60.0;delta=-0.901
2026-10-04 09:17;7785.0;7722.72;SPXW  261005P07785000;63.1;64.5;delta=-0.92
2026-10-04 09:17;7790.0;7722.72;SPXW  261005P07790000;67.7;69.2;delta=-0.934
2026-10-04 09:17;7795.0;7722.72;SPXW  261005P07795000;72.5;73.9;delta=-0.947
2026-10-04 09:17;7800.0;7722.72;SPXW  261005P07800000;77.2;78.7;delta=-0.958
2026-10-04 09:17;7805.0;7722.72;SPXW  261005P07805000;82.1;83.5;delta=-0.964
2026-10-04 09:17;7810.0;7722.72;SPXW  261005P07810000;87.0;88.4;delta=-0.971
2026-10-04 09:17;7815.0;7722.72;SPXW  261005P07815000;91.7;93.4;delta=-0.977
2026-10-04 09:17;7820.0;7722.72;SPXW  261005P07820000;96.6;98.4;delta=-0.98
2026-10-04 09:17;7825.0;7722.72;SPXW  261005P07825000;101.5;105.8;delta=-0.983
2026-10-04 09:17;7830.0;7722.72;SPXW  261005P07830000;106.5;108.3;delta=-0.985
2026-10-04 09:17;7835.0;7722.72;SPXW  261005P07835000;111.4;115.8;delta=-0.988
2026-10-04 09:17;7840.0;7722.72;SPXW  261005P07840000;116.4;120.7;delta=-0.99
2026-10-04 09:17;7845.0;7722.72;SPXW  261005P07845000;121.4;125.3;delta=-0.992
2026-10-04 09:17;7850.0;7722.72;SPXW  261005P07850000;126.5;127.9;delta=-0.991
2026-10-04 09:17;7855.0;7722.72;SPXW  261005P07855000;131.5;132.9;delta=-0.994
2026-10-04 09:17;7860.0;7722.72;SPXW  261005P07860000;136.5;137.9;delta=-0.995
2026-10-04 09:17;7865.0;7722.72;SPXW  261005P07865000;141.5;142.9;delta=-0.994
2026-10-04 09:17;7870.0;7722.72;SPXW  261005P07870000;146.5;147.9;delta=-0.995
2026-10-04 09:17;7875.0;7722.72;SPXW  261005P07875000;151.5;153.0;delta=-0.994
2026-10-04 09:17;7880.0;7722.72;SPXW  261005P07880000;156.5;157.9;delta=-0.995
2026-10-04 09:17;7885.0;7722.72;SPXW  261005P07885000;161.5;163.0;delta=-0.995
2026-10-04 09:17;7890.0;7722.72;SPXW  261005P07890000;146.8;190.2;delta=-0.995
2026-10-04 09:17;7895.0;7722.72;SPXW  261005P07895000;171.5;173.0;delta=-0.996
2026-10-04 09:17;7900.0;7722.72;SPXW  261005P07900000;176.5;178.0;delta=-0.997
2026-10-04 09:17;7905.0;7722.72;SPXW  261005P07905000;181.4;183.0;delta=-0.997
2026-10-04 09:17;7910.0;7722.72;SPXW  261005P07910000;186.4;187.9;delta=-0.997
2026-10-04 09:17;7915.0;7722.72;SPXW  261005P07915000;191.4;192.9;delta=-0.997
2026-10-04 09:17;7920.0;7722.72;SPXW  261005P07920000;196.4;197.9;delta=-0.997
2026-10-04 09:17;7925.0;7722.72;SPXW  261005P07925000;201.4;202.9;delta=-0.996
2026-10-04 09:17;7930.0;7722.72;SPXW  261005P07930000;186.3;230.2;delta=-0.997
2026-10-04 09:17;7935.0;7722.72;SPXW  261005P07935000;0.0;0.0;delta=-999.0
2026-10-04 09:17;7940.0;7722.72;SPXW  261005P07940000;216.4;217.9;delta=-0.997
2026-10-04 09:17;7945.0;7722.72;SPXW  261005P07945000;0.0;0.0;delta=-999.0
2026-10-04 09:17;7950.0;7722.72;SPXW  261005P07950000;226.4;227.9;delta=-0.998
2026-10-04 09:17;7960.0;7722.72;SPXW  261005P07960000;236.4;237.9;delta=-0.998
2026-10-04 09:17;7970.0;7722.72;SPXW  261005P07970000;246.4;247.9;delta=-0.998
2026-10-04 09:17;7975.0;7722.72;SPXW  261005P07975000;251.4;252.9;delta=-0.999
2026-10-04 09:17;7980.0;7722.72;SPXW  261005P07980000;256.4;257.9;delta=-0.998
2026-10-04 09:21;7475.0;7722.72;SPXW  261005C07475000;247.3;248.8;delta=0.994
2026-10-04 09:21;7480.0;7722.72;SPXW  261005C07480000;231.3;254.9;delta=0.993
2026-10-04 09:21;7485.0;7722.72;SPXW  261005C07485000;237.4;238.8;delta=0.993
2026-10-04 09:21;7490.0;7722.72;SPXW  261005C07490000;232.3;233.8;delta=0.993
2026-10-04 09:21;7495.0;7722.72;SPXW  261005C07495000;227.4;228.8;delta=0.993
2026-10-04 09:21;7500.0;7722.72;SPXW  261005C07500000;222.4;223.8;delta=0.993
2026-10-04 09:21;7505.0;7722.72;SPXW  261005C07505000;206.3;230.2;delta=0.992
2026-10-04 09:21;7510.0;7722.72;SPXW  261005C07510000;201.3;225.2;delta=0.991
2026-10-04 09:21;7515.0;7722.72;SPXW  261005C07515000;198.3;218.1;delta=0.99
2026-10-04 09:21;7520.0;7722.72;SPXW  261005C07520000;193.3;213.1;delta=0.991
2026-10-04 09:21;7525.0;7722.72;SPXW  261005C07525000;188.3;208.1;delta=0.991
2026-10-04 09:21;7530.0;7722.72;SPXW  261005C07530000;183.3;203.0;delta=0.99
2026-10-04 09:21;7535.0;7722.72;SPXW  261005C07535000;178.4;189.0;delta=0.989
2026-10-04 09:21;7540.0;7722.72;SPXW  261005C07540000;182.2;184.1;delta=0.988
2026-10-04 09:21;7545.0;7722.72;SPXW  261005C07545000;177.3;179.1;delta=0.988
2026-10-04 09:21;7550.0;7722.72;SPXW  261005C07550000;168.1;174.1;delta=0.987
2026-10-04 09:21;7555.0;7722.72;SPXW  261005C07555000;167.3;169.1;delta=0.986
2026-10-04 09:21;7560.0;7722.72;SPXW  261005C07560000;162.3;164.1;delta=0.985
2026-10-04 09:21;7565.0;7722.72;SPXW  261005C07565000;148.5;159.1;delta=0.984
2026-10-04 09:21;7570.0;7722.72;SPXW  261005C07570000;148.2;154.2;delta=0.982
2026-10-04 09:21;7575.0;7722.72;SPXW  261005C07575000;147.4;149.2;delta=0.981
2026-10-04 09:21;7580.0;7722.72;SPXW  261005C07580000;138.4;144.3;delta=0.979
2026-10-04 09:21;7585.0;7722.72;SPXW  261005C07585000;137.5;139.3;delta=0.977
2026-10-04 09:21;7590.0;7722.72;SPXW  261005C07590000;128.5;134.4;delta=0.974
2026-10-04 09:21;7595.0;7722.72;SPXW  261005C07595000;127.8;129.2;delta=0.972
2026-10-04 09:21;7600.0;7722.72;SPXW  261005C07600000;122.9;124.3;delta=0.969
2026-10-04 09:21;7605.0;7722.72;SPXW  261005C07605000;118.0;119.4;delta=0.966
2026-10-04 09:21;7610.0;7722.72;SPXW  261005C07610000;113.1;114.5;delta=0.961
2026-10-04 09:21;7615.0;7722.72;SPXW  261005C07615000;108.2;109.7;delta=0.956
2026-10-04 09:21;7620.0;7722.72;SPXW  261005C07620000;103.4;104.8;delta=0.95
2026-10-04 09:21;7625.0;7722.72;SPXW  261005C07625000;98.6;100.0;delta=0.943
2026-10-04 09:21;7630.0;7722.72;SPXW  261005C07630000;93.8;95.2;delta=0.936
2026-10-04 09:21;7635.0;7722.72;SPXW  261005C07635000;89.0;90.5;delta=0.927
2026-10-04 09:21;7640.0;7722.72;SPXW  261005C07640000;84.3;85.7;delta=0.917
2026-10-04 09:21;7645.0;7722.72;SPXW  261005C07645000;79.7;81.1;delta=0.906
2026-10-04 09:21;7650.0;7722.72;SPXW  261005C07650000;75.1;76.4;delta=0.893
2026-10-04 09:21;7655.0;7722.72;SPXW  261005C07655000;70.5;71.9;delta=0.879
2026-10-04 09:21;7660.0;7722.72;SPXW  261005C07660000;66.0;67.4;delta=0.863
2026-10-04 09:21;7665.0;7722.72;SPXW  261005C07665000;61.6;63.0;delta=0.846
2026-10-04 09:21;7670.0;7722.72;SPXW  261005C07670000;57.4;58.4;delta=0.825
2026-10-04 09:21;7675.0;7722.72;SPXW  261005C07675000;53.1;54.2;delta=0.803
2026-10-04 09:21;7680.0;7722.72;SPXW  261005C07680000;49.0;50.0;delta=0.779
2026-10-04 09:21;7685.0;7722.72;SPXW  261005C07685000;45.0;46.0;delta=0.753
2026-10-04 09:21;7690.0;7722.72;SPXW  261005C07690000;41.1;42.1;delta=0.724
2026-10-04 09:21;7695.0;7722.72;SPXW  261005C07695000;37.6;38.0;delta=0.693
2026-10-04 09:21;7700.0;7722.72;SPXW  261005C07700000;34.0;34.4;delta=0.659
2026-10-04 09:21;7705.0;7722.72;SPXW  261005C07705000;30.5;30.9;delta=0.623
2026-10-04 09:21;7710.0;7722.72;SPXW  261005C07710000;27.3;27.7;delta=0.585
2026-10-04 09:21;7715.0;7722.72;SPXW  261005C07715000;24.1;24.4;delta=0.546
2026-10-04 09:21;7720.0;7722.72;SPXW  261005C07720000;21.2;21.6;delta=0.504
2026-10-04 09:21;7725.0;7722.72;SPXW  261005C07725000;18.5;18.9;delta=0.466
2026-10-04 09:21;7730.0;7722.72;SPXW  261005C07730000;16.0;16.4;delta=0.427
2026-10-04 09:21;7735.0;7722.72;SPXW  261005C07735000;13.6;14.0;delta=0.388
2026-10-04 09:21;7740.0;7722.72;SPXW  261005C07740000;11.5;11.9;delta=0.349
2026-10-04 09:21;7745.0;7722.72;SPXW  261005C07745000;9.7;10.0;delta=0.311
2026-10-04 09:21;7750.0;7722.72;SPXW  261005C07750000;8.0;8.3;delta=0.273
2026-10-04 09:21;7755.0;7722.72;SPXW  261005C07755000;6.5;6.8;delta=0.237
2026-10-04 09:21;7760.0;7722.72;SPXW  261005C07760000;5.3;5.6;delta=0.204
2026-10-04 09:21;7765.0;7722.72;SPXW  261005C07765000;4.3;4.5;delta=0.174
2026-10-04 09:21;7770.0;7722.72;SPXW  261005C07770000;3.3;3.6;delta=0.145
2026-10-04 09:21;7775.0;7722.72;SPXW  261005C07775000;2.6;2.8;delta=0.119
2026-10-04 09:21;7780.0;7722.72;SPXW  261005C07780000;2.05;2.25;delta=0.099
2026-10-04 09:21;7785.0;7722.72;SPXW  261005C07785000;1.6;1.7;delta=0.08
2026-10-04 09:21;7790.0;7722.72;SPXW  261005C07790000;1.25;1.4;delta=0.066
2026-10-04 09:21;7795.0;7722.72;SPXW  261005C07795000;0.95;1.1;delta=0.053
2026-10-04 09:21;7800.0;7722.72;SPXW  261005C07800000;0.75;0.8;delta=0.042
2026-10-04 09:21;7805.0;7722.72;SPXW  261005C07805000;0.6;0.7;delta=0.035
2026-10-04 09:21;7810.0;7722.72;SPXW  261005C07810000;0.45;0.6;delta=0.029
2026-10-04 09:21;7815.0;7722.72;SPXW  261005C07815000;0.35;0.45;delta=0.023
2026-10-04 09:21;7820.0;7722.72;SPXW  261005C07820000;0.3;0.4;delta=0.02
2026-10-04 09:21;7825.0;7722.72;SPXW  261005C07825000;0.25;0.35;delta=0.017
2026-10-04 09:21;7830.0;7722.72;SPXW  261005C07830000;0.2;0.3;delta=0.014
2026-10-04 09:21;7835.0;7722.72;SPXW  261005C07835000;0.15;0.25;delta=0.012
2026-10-04 09:21;7840.0;7722.72;SPXW  261005C07840000;0.1;0.25;delta=0.01
2026-10-04 09:21;7845.0;7722.72;SPXW  261005C07845000;0.1;0.15;delta=0.007
2026-10-04 09:21;7850.0;7722.72;SPXW  261005C07850000;0.1;0.2;delta=0.008
2026-10-04 09:21;7855.0;7722.72;SPXW  261005C07855000;0.05;0.15;delta=0.006
2026-10-04 09:21;7860.0;7722.72;SPXW  261005C07860000;0.05;0.1;delta=0.005
2026-10-04 09:21;7865.0;7722.72;SPXW  261005C07865000;0.05;0.15;delta=0.006
2026-10-04 09:21;7870.0;7722.72;SPXW  261005C07870000;0.05;0.1;delta=0.004
2026-10-04 09:21;7875.0;7722.72;SPXW  261005C07875000;0.05;0.15;delta=0.005
2026-10-04 09:21;7880.0;7722.72;SPXW  261005C07880000;0.05;0.15;delta=0.005
2026-10-04 09:21;7885.0;7722.72;SPXW  261005C07885000;0.05;0.15;delta=0.005
2026-10-04 09:21;7890.0;7722.72;SPXW  261005C07890000;0.05;0.15;delta=0.005
2026-10-04 09:21;7895.0;7722.72;SPXW  261005C07895000;0.05;0.15;delta=0.004
2026-10-04 09:21;7900.0;7722.72;SPXW  261005C07900000;0.05;0.1;delta=0.003
2026-10-04 09:21;7905.0;7722.72;SPXW  261005C07905000;0.05;0.1;delta=0.003
2026-10-04 09:21;7910.0;7722.72;SPXW  261005C07910000;0.05;0.1;delta=0.003
2026-10-04 09:21;7915.0;7722.72;SPXW  261005C07915000;0.05;0.1;delta=0.002
2026-10-04 09:21;7920.0;7722.72;SPXW  261005C07920000;0.05;0.1;delta=0.002
2026-10-04 09:21;7925.0;7722.72;SPXW  261005C07925000;0.05;0.1;delta=0.003
2026-10-04 09:21;7930.0;7722.72;SPXW  261005C07930000;0.05;0.1;delta=0.002
2026-10-04 09:21;7935.0;7722.72;SPXW  261005C07935000;0.0;0.0;delta=-999.0
2026-10-04 09:21;7940.0;7722.72;SPXW  261005C07940000;0.05;0.2;delta=0.002
2026-10-04 09:21;7945.0;7722.72;SPXW  261005C07945000;0.0;0.0;delta=-999.0
2026-10-04 09:21;7950.0;7722.72;SPXW  261005C07950000;0.05;0.15;delta=0.002
2026-10-04 09:21;7960.0;7722.72;SPXW  261005C07960000;0.05;0.1;delta=0.002
2026-10-04 09:21;7970.0;7722.72;SPXW  261005C07970000;0.05;0.1;delta=0.002
2026-10-04 09:21;7975.0;7722.72;SPXW  261005C07975000;0.05;0.1;delta=0.001
2026-10-04 09:21;7980.0;7722.72;SPXW  261005C07980000;0.05;0.15;delta=0.002
2026-10-04 09:21;7475.0;7722.72;SPXW  261005P07475000;0.15;0.25;delta=-0.006
2026-10-04 09:21;7480.0;7722.72;SPXW  261005P07480000;0.15;0.25;delta=-0.006
2026-10-04 09:21;7485.0;7722.72;SPXW  261005P07485000;0.15;0.25;delta=-0.006
2026-10-04 09:21;7490.0;7722.72;SPXW  261005P07490000;0.15;0.25;delta=-0.007
2026-10-04 09:21;7495.0;7722.72;SPXW  261005P07495000;0.15;0.25;delta=-0.007
2026-10-04 09:21;7500.0;7722.72;SPXW  261005P07500000;0.15;0.25;delta=-0.007
2026-10-04 09:21;7505.0;7722.72;SPXW  261005P07505000;0.15;0.3;delta=-0.008
2026-10-04 09:21;7510.0;7722.72;SPXW  261005P07510000;0.2;0.3;delta=-0.008
2026-10-04 09:21;7515.0;7722.72;SPXW  261005P07515000;0.25;0.3;delta=-0.009
2026-10-04 09:21;7520.0;7722.72;SPXW  261005P07520000;0.2;0.3;delta=-0.009
2026-10-04 09:21;7525.0;7722.72;SPXW  261005P07525000;0.2;0.3;delta=-0.009
2026-10-04 09:21;7530.0;7722.72;SPXW  261005P07530000;0.2;0.35;delta=-0.01
2026-10-04 09:21;7535.0;7722.72;SPXW  261005P07535000;0.25;0.35;delta=-0.011
2026-10-04 09:21;7540.0;7722.72;SPXW  261005P07540000;0.3;0.35;delta=-0.012
2026-10-04 09:21;7545.0;7722.72;SPXW  261005P07545000;0.25;0.4;delta=-0.012
2026-10-04 09:21;7550.0;7722.72;SPXW  261005P07550000;0.25;0.4;delta=-0.012
2026-10-04 09:21;7555.0;7722.72;SPXW  261005P07555000;0.3;0.4;delta=-0.013
2026-10-04 09:21;7560.0;7722.72;SPXW  261005P07560000;0.3;0.45;delta=-0.014
2026-10-04 09:21;7565.0;7722.72;SPXW  261005P07565000;0.4;0.45;delta=-0.016
2026-10-04 09:21;7570.0;7722.72;SPXW  261005P07570000;0.4;0.5;delta=-0.017
2026-10-04 09:21;7575.0;7722.72;SPXW  261005P07575000;0.4;0.55;delta=-0.018
2026-10-04 09:21;7580.0;7722.72;SPXW  261005P07580000;0.45;0.6;delta=-0.02
2026-10-04 09:21;7585.0;7722.72;SPXW  261005P07585000;0.5;0.65;delta=-0.023
2026-10-04 09:21;7590.0;7722.72;SPXW  261005P07590000;0.6;0.7;delta=-0.025
2026-10-04 09:21;7595.0;7722.72;SPXW  261005P07595000;0.65;0.75;delta=-0.028
2026-10-04 09:21;7600.0;7722.72;SPXW  261005P07600000;0.7;0.85;delta=-0.031
2026-10-04 09:21;7605.0;7722.72;SPXW  261005P07605000;0.8;0.9;delta=-0.034
2026-10-04 09:21;7610.0;7722.72;SPXW  261005P07610000;0.9;1.05;delta=-0.038
2026-10-04 09:21;7615.0;7722.72;SPXW  261005P07615000;1.05;1.2;delta=-0.044
2026-10-04 09:21;7620.0;7722.72;SPXW  261005P07620000;1.2;1.35;delta=-0.05
2026-10-04 09:21;7625.0;7722.72;SPXW  261005P07625000;1.4;1.55;delta=-0.057
2026-10-04 09:21;7630.0;7722.72;SPXW  261005P07630000;1.6;1.75;delta=-0.064
2026-10-04 09:21;7635.0;7722.72;SPXW  261005P07635000;1.8;2.0;delta=-0.072
2026-10-04 09:21;7640.0;7722.72;SPXW  261005P07640000;2.15;2.25;delta=-0.082
2026-10-04 09:21;7645.0;7722.72;SPXW  261005P07645000;2.45;2.6;delta=-0.094
2026-10-04 09:21;7650.0;7722.72;SPXW  261005P07650000;2.9;3.0;delta=-0.107
2026-10-04 09:21;7655.0;7722.72;SPXW  261005P07655000;3.2;3.5;delta=-0.121
2026-10-04 09:21;7660.0;7722.72;SPXW  261005P07660000;3.7;4.0;delta=-0.136
2026-10-04 09:21;7665.0;7722.72;SPXW  261005P07665000;4.3;4.5;delta=-0.154
2026-10-04 09:21;7670.0;7722.72;SPXW  261005P07670000;5.0;5.2;delta=-0.174
2026-10-04 09:21;7675.0;7722.72;SPXW  261005P07675000;5.7;6.0;delta=-0.196
2026-10-04 09:21;7680.0;7722.72;SPXW  261005P07680000;6.6;6.9;delta=-0.221
2026-10-04 09:21;7685.0;7722.72;SPXW  261005P07685000;7.5;7.8;delta=-0.247
2026-10-04 09:21;7690.0;7722.72;SPXW  261005P07690000;8.7;8.9;delta=-0.276
2026-10-04 09:21;7695.0;7722.72;SPXW  261005P07695000;9.9;10.1;delta=-0.307
2026-10-04 09:21;7700.0;7722.72;SPXW  261005P07700000;11.2;11.5;delta=-0.34
2026-10-04 09:21;7705.0;7722.72;SPXW  261005P07705000;12.8;13.1;delta=-0.376
2026-10-04 09:21;7710.0;7722.72;SPXW  261005P07710000;14.5;14.8;delta=-0.414
2026-10-04 09:21;7715.0;7722.72;SPXW  261005P07715000;16.3;16.7;delta=-0.454
2026-10-04 09:21;7720.0;7722.72;SPXW  261005P07720000;18.4;18.8;delta=-0.496
2026-10-04 09:21;7725.0;7722.72;SPXW  261005P07725000;20.7;21.1;delta=-0.534
2026-10-04 09:21;7730.0;7722.72;SPXW  261005P07730000;23.1;23.6;delta=-0.572
2026-10-04 09:21;7735.0;7722.72;SPXW  261005P07735000;25.8;26.2;delta=-0.612
2026-10-04 09:21;7740.0;7722.72;SPXW  261005P07740000;28.7;29.1;delta=-0.651
2026-10-04 09:21;7745.0;7722.72;SPXW  261005P07745000;31.8;32.2;delta=-0.689
2026-10-04 09:21;7750.0;7722.72;SPXW  261005P07750000;34.9;35.9;delta=-0.727
2026-10-04 09:21;7755.0;7722.72;SPXW  261005P07755000;38.4;39.4;delta=-0.763
2026-10-04 09:21;7760.0;7722.72;SPXW  261005P07760000;42.1;43.1;delta=-0.796
2026-10-04 09:21;7765.0;7722.72;SPXW  261005P07765000;46.0;47.1;delta=-0.826
2026-10-04 09:21;7770.0;7722.72;SPXW  261005P07770000;49.9;51.3;delta=-0.855
2026-10-04 09:21;7775.0;7722.72;SPXW  261005P07775000;54.2;55.6;delta=-0.88
2026-10-04 09:21;7780.0;7722.72;SPXW  261005P07780000;58.6;60.0;delta=-0.901
2026-10-04 09:21;7785.0;7722.72;SPXW  261005P07785000;63.1;64.5;delta=-0.92
2026-10-04 09:21;7790.0;7722.72;SPXW  261005P07790000;67.7;69.2;delta=-0.934
2026-10-04 09:21;7795.0;7722.72;SPXW  261005P07795000;72.5;73.9;delta=-0.947
2026-10-04 09:21;7800.0;7722.72;SPXW  261005P07800000;77.2;78.7;delta=-0.958
2026-10-04 09:21;7805.0;7722.72;SPXW  261005P07805000;82.1;83.5;delta=-0.964
2026-10-04 09:21;7810.0;7722.72;SPXW  261005P07810000;87.0;88.4;delta=-0.971
2026-10-04 09:21;7815.0;7722.72;SPXW  261005P07815000;91.7;93.4;delta=-0.977
2026-10-04 09:21;7820.0;7722.72;SPXW  261005P07820000;96.6;98.4;delta=-0.98
2026-10-04 09:21;7825.0;7722.72;SPXW  261005P07825000;101.5;105.8;delta=-0.983
2026-10-04 09:21;7830.0;7722.72;SPXW  261005P07830000;106.5;108.3;delta=-0.985
2026-10-04 09:21;7835.0;7722.72;SPXW  261005P07835000;111.4;115.8;delta=-0.988
2026-10-04 09:21;7840.0;7722.72;SPXW  261005P07840000;116.4;120.7;delta=-0.99
2026-10-04 09:21;7845.0;7722.72;SPXW  261005P07845000;121.4;125.3;delta=-0.992
2026-10-04 09:21;7850.0;7722.72;SPXW  261005P07850000;126.5;127.9;delta=-0.991
2026-10-04 09:21;7855.0;7722.72;SPXW  261005P07855000;131.5;132.9;delta=-0.994
2026-10-04 09:21;7860.0;7722.72;SPXW  261005P07860000;136.5;137.9;delta=-0.995
2026-10-04 09:21;7865.0;7722.72;SPXW  261005P07865000;141.5;142.9;delta=-0.994
2026-10-04 09:21;7870.0;7722.72;SPXW  261005P07870000;146.5;147.9;delta=-0.995
2026-10-04 09:21;7875.0;7722.72;SPXW  261005P07875000;151.5;153.0;delta=-0.994
2026-10-04 09:21;7880.0;7722.72;SPXW  261005P07880000;156.5;157.9;delta=-0.995
2026-10-04 09:21;7885.0;7722.72;SPXW  261005P07885000;161.5;163.0;delta=-0.995
2026-10-04 09:21;7890.0;7722.72;SPXW  261005P07890000;146.8;190.2;delta=-0.995
2026-10-04 09:21;7895.0;7722.72;SPXW  261005P07895000;171.5;173.0;delta=-0.996
2026-10-04 09:21;7900.0;7722.72;SPXW  261005P07900000;176.5;178.0;delta=-0.997
2026-10-04 09:21;7905.0;7722.72;SPXW  261005P07905000;181.4;183.0;delta=-0.997
2026-10-04 09:21;7910.0;7722.72;SPXW  261005P07910000;186.4;187.9;delta=-0.997
2026-10-04 09:21;7915.0;7722.72;SPXW  261005P07915000;191.4;192.9;delta=-0.997
2026-10-04 09:21;7920.0;7722.72;SPXW  261005P07920000;196.4;197.9;delta=-0.997
2026-10-04 09:21;7925.0;7722.72;SPXW  261005P07925000;201.4;202.9;delta=-0.996
2026-10-04 09:21;7930.0;7722.72;SPXW  261005P07930000;186.3;230.2;delta=-0.997
2026-10-04 09:21;7935.0;7722.72;SPXW  261005P07935000;0.0;0.0;delta=-999.0
2026-10-04 09:21;7940.0;7722.72;SPXW  261005P07940000;216.4;217.9;delta=-0.997
2026-10-04 09:21;7945.0;7722.72;SPXW  261005P07945000;0.0;0.0;delta=-999.0
2026-10-04 09:21;7950.0;7722.72;SPXW  261005P07950000;226.4;227.9;delta=-0.998
2026-10-04 09:21;7960.0;7722.72;SPXW  261005P07960000;236.4;237.9;delta=-0.998
2026-10-04 09:21;7970.0;7722.72;SPXW  261005P07970000;246.4;247.9;delta=-0.998
2026-10-04 09:21;7975.0;7722.72;SPXW  261005P07975000;251.4;252.9;delta=-0.999
2026-10-04 09:21;7980.0;7722.72;SPXW  261005P07980000;256.4;257.9;delta=-0.998
2026-10-04 09:25;7475.0;7722.72;SPXW  261005C07475000;247.3;248.8;delta=0.994
2026-10-04 09:25;7480.0;7722.72;SPXW  261005C07480000;231.3;254.9;delta=0.993
2026-10-04 09:25;7485.0;7722.72;SPXW  261005C07485000;237.4;238.8;delta=0.993
2026-10-04 09:25;7490.0;7722.72;SPXW  261005C07490000;232.3;233.8;delta=0.993
2026-10-04 09:25;7495.0;7722.72;SPXW  261005C07495000;227.4;228.8;delta=0.993
2026-10-04 09:25;7500.0;7722.72;SPXW  261005C07500000;222.4;223.8;delta=0.993
2026-10-04 09:25;7505.0;7722.72;SPXW  261005C07505000;206.3;230.2;delta=0.992
2026-10-04 09:25;7510.0;7722.72;SPXW  261005C07510000;201.3;225.2;delta=0.991
2026-10-04 09:25;7515.0;7722.72;SPXW  261005C07515000;198.3;218.1;delta=0.99
2026-10-04 09:25;7520.0;7722.72;SPXW  261005C07520000;193.3;213.1;delta=0.991
2026-10-04 09:25;7525.0;7722.72;SPXW  261005C07525000;188.3;208.1;delta=0.991
2026-10-04 09:25;7530.0;7722.72;SPXW  261005C07530000;183.3;203.0;delta=0.99
2026-10-04 09:25;7535.0;7722.72;SPXW  261005C07535000;178.4;189.0;delta=0.989
2026-10-04 09:25;7540.0;7722.72;SPXW  261005C07540000;182.2;184.1;delta=0.988
2026-10-04 09:25;7545.0;7722.72;SPXW  261005C07545000;177.3;179.1;delta=0.988
2026-10-04 09:25;7550.0;7722.72;SPXW  261005C07550000;168.1;174.1;delta=0.987
2026-10-04 09:25;7555.0;7722.72;SPXW  261005C07555000;167.3;169.1;delta=0.986
2026-10-04 09:25;7560.0;7722.72;SPXW  261005C07560000;162.3;164.1;delta=0.985
2026-10-04 09:25;7565.0;7722.72;SPXW  261005C07565000;148.5;159.1;delta=0.984
2026-10-04 09:25;7570.0;7722.72;SPXW  261005C07570000;148.2;154.2;delta=0.982
2026-10-04 09:25;7575.0;7722.72;SPXW  261005C07575000;147.4;149.2;delta=0.981
2026-10-04 09:25;7580.0;7722.72;SPXW  261005C07580000;138.4;144.3;delta=0.979
2026-10-04 09:25;7585.0;7722.72;SPXW  261005C07585000;137.5;139.3;delta=0.977
2026-10-04 09:25;7590.0;7722.72;SPXW  261005C07590000;128.5;134.4;delta=0.974
2026-10-04 09:25;7595.0;7722.72;SPXW  261005C07595000;127.8;129.2;delta=0.972
2026-10-04 09:25;7600.0;7722.72;SPXW  261005C07600000;122.9;124.3;delta=0.969
2026-10-04 09:25;7605.0;7722.72;SPXW  261005C07605000;118.0;119.4;delta=0.966
2026-10-04 09:25;7610.0;7722.72;SPXW  261005C07610000;113.1;114.5;delta=0.961
2026-10-04 09:25;7615.0;7722.72;SPXW  261005C07615000;108.2;109.7;delta=0.956
2026-10-04 09:25;7620.0;7722.72;SPXW  261005C07620000;103.4;104.8;delta=0.95
2026-10-04 09:25;7625.0;7722.72;SPXW  261005C07625000;98.6;100.0;delta=0.943
2026-10-04 09:25;7630.0;7722.72;SPXW  261005C07630000;93.8;95.2;delta=0.936
2026-10-04 09:25;7635.0;7722.72;SPXW  261005C07635000;89.0;90.5;delta=0.927
2026-10-04 09:25;7640.0;7722.72;SPXW  261005C07640000;84.3;85.7;delta=0.917
2026-10-04 09:25;7645.0;7722.72;SPXW  261005C07645000;79.7;81.1;delta=0.906
2026-10-04 09:25;7650.0;7722.72;SPXW  261005C07650000;75.1;76.4;delta=0.893
2026-10-04 09:25;7655.0;7722.72;SPXW  261005C07655000;70.5;71.9;delta=0.879
2026-10-04 09:25;7660.0;7722.72;SPXW  261005C07660000;66.0;67.4;delta=0.863
2026-10-04 09:25;7665.0;7722.72;SPXW  261005C07665000;61.6;63.0;delta=0.846
2026-10-04 09:25;7670.0;7722.72;SPXW  261005C07670000;57.4;58.4;delta=0.825
2026-10-04 09:25;7675.0;7722.72;SPXW  261005C07675000;53.1;54.2;delta=0.803
2026-10-04 09:25;7680.0;7722.72;SPXW  261005C07680000;49.0;50.0;delta=0.779
2026-10-04 09:25;7685.0;7722.72;SPXW  261005C07685000;45.0;46.0;delta=0.753
2026-10-04 09:25;7690.0;7722.72;SPXW  261005C07690000;41.1;42.1;delta=0.724
2026-10-04 09:25;7695.0;7722.72;SPXW  261005C07695000;37.6;38.0;delta=0.693
2026-10-04 09:25;7700.0;7722.72;SPXW  261005C07700000;34.0;34.4;delta=0.659
2026-10-04 09:25;7705.0;7722.72;SPXW  261005C07705000;30.5;30.9;delta=0.623
2026-10-04 09:25;7710.0;7722.72;SPXW  261005C07710000;27.3;27.7;delta=0.585
2026-10-04 09:25;7715.0;7722.72;SPXW  261005C07715000;24.1;24.4;delta=0.546
2026-10-04 09:25;7720.0;7722.72;SPXW  261005C07720000;21.2;21.6;delta=0.504
2026-10-04 09:25;7725.0;7722.72;SPXW  261005C07725000;18.5;18.9;delta=0.466
2026-10-04 09:25;7730.0;7722.72;SPXW  261005C07730000;16.0;16.4;delta=0.427
2026-10-04 09:25;7735.0;7722.72;SPXW  261005C07735000;13.6;14.0;delta=0.388
2026-10-04 09:25;7740.0;7722.72;SPXW  261005C07740000;11.5;11.9;delta=0.349
2026-10-04 09:25;7745.0;7722.72;SPXW  261005C07745000;9.7;10.0;delta=0.311
2026-10-04 09:25;7750.0;7722.72;SPXW  261005C07750000;8.0;8.3;delta=0.273
2026-10-04 09:25;7755.0;7722.72;SPXW  261005C07755000;6.5;6.8;delta=0.237
2026-10-04 09:25;7760.0;7722.72;SPXW  261005C07760000;5.3;5.6;delta=0.204
2026-10-04 09:25;7765.0;7722.72;SPXW  261005C07765000;4.3;4.5;delta=0.174
2026-10-04 09:25;7770.0;7722.72;SPXW  261005C07770000;3.3;3.6;delta=0.145
2026-10-04 09:25;7775.0;7722.72;SPXW  261005C07775000;2.6;2.8;delta=0.119
2026-10-04 09:25;7780.0;7722.72;SPXW  261005C07780000;2.05;2.25;delta=0.099
2026-10-04 09:25;7785.0;7722.72;SPXW  261005C07785000;1.6;1.7;delta=0.08
2026-10-04 09:25;7790.0;7722.72;SPXW  261005C07790000;1.25;1.4;delta=0.066
2026-10-04 09:25;7795.0;7722.72;SPXW  261005C07795000;0.95;1.1;delta=0.053
2026-10-04 09:25;7800.0;7722.72;SPXW  261005C07800000;0.75;0.8;delta=0.042
2026-10-04 09:25;7805.0;7722.72;SPXW  261005C07805000;0.6;0.7;delta=0.035
2026-10-04 09:25;7810.0;7722.72;SPXW  261005C07810000;0.45;0.6;delta=0.029
2026-10-04 09:25;7815.0;7722.72;SPXW  261005C07815000;0.35;0.45;delta=0.023
2026-10-04 09:25;7820.0;7722.72;SPXW  261005C07820000;0.3;0.4;delta=0.02
2026-10-04 09:25;7825.0;7722.72;SPXW  261005C07825000;0.25;0.35;delta=0.017
2026-10-04 09:25;7830.0;7722.72;SPXW  261005C07830000;0.2;0.3;delta=0.014
2026-10-04 09:25;7835.0;7722.72;SPXW  261005C07835000;0.15;0.25;delta=0.012
2026-10-04 09:25;7840.0;7722.72;SPXW  261005C07840000;0.1;0.25;delta=0.01
2026-10-04 09:25;7845.0;7722.72;SPXW  261005C07845000;0.1;0.15;delta=0.007
2026-10-04 09:25;7850.0;7722.72;SPXW  261005C07850000;0.1;0.2;delta=0.008
2026-10-04 09:25;7855.0;7722.72;SPXW  261005C07855000;0.05;0.15;delta=0.006
2026-10-04 09:25;7860.0;7722.72;SPXW  261005C07860000;0.05;0.1;delta=0.005
2026-10-04 09:25;7865.0;7722.72;SPXW  261005C07865000;0.05;0.15;delta=0.006
2026-10-04 09:25;7870.0;7722.72;SPXW  261005C07870000;0.05;0.1;delta=0.004
2026-10-04 09:25;7875.0;7722.72;SPXW  261005C07875000;0.05;0.15;delta=0.005
2026-10-04 09:25;7880.0;7722.72;SPXW  261005C07880000;0.05;0.15;delta=0.005
2026-10-04 09:25;7885.0;7722.72;SPXW  261005C07885000;0.05;0.15;delta=0.005
2026-10-04 09:25;7890.0;7722.72;SPXW  261005C07890000;0.05;0.15;delta=0.005
2026-10-04 09:25;7895.0;7722.72;SPXW  261005C07895000;0.05;0.15;delta=0.004
2026-10-04 09:25;7900.0;7722.72;SPXW  261005C07900000;0.05;0.1;delta=0.003
2026-10-04 09:25;7905.0;7722.72;SPXW  261005C07905000;0.05;0.1;delta=0.003
2026-10-04 09:25;7910.0;7722.72;SPXW  261005C07910000;0.05;0.1;delta=0.003
2026-10-04 09:25;7915.0;7722.72;SPXW  261005C07915000;0.05;0.1;delta=0.002
2026-10-04 09:25;7920.0;7722.72;SPXW  261005C07920000;0.05;0.1;delta=0.002
2026-10-04 09:25;7925.0;7722.72;SPXW  261005C07925000;0.05;0.1;delta=0.003
2026-10-04 09:25;7930.0;7722.72;SPXW  261005C07930000;0.05;0.1;delta=0.002
2026-10-04 09:25;7935.0;7722.72;SPXW  261005C07935000;0.0;0.0;delta=-999.0
2026-10-04 09:25;7940.0;7722.72;SPXW  261005C07940000;0.05;0.2;delta=0.002
2026-10-04 09:25;7945.0;7722.72;SPXW  261005C07945000;0.0;0.0;delta=-999.0
2026-10-04 09:25;7950.0;7722.72;SPXW  261005C07950000;0.05;0.15;delta=0.002
2026-10-04 09:25;7960.0;7722.72;SPXW  261005C07960000;0.05;0.1;delta=0.002
2026-10-04 09:25;7970.0;7722.72;SPXW  261005C07970000;0.05;0.1;delta=0.002
2026-10-04 09:25;7975.0;7722.72;SPXW  261005C07975000;0.05;0.1;delta=0.001
2026-10-04 09:25;7980.0;7722.72;SPXW  261005C07980000;0.05;0.15;delta=0.002
2026-10-04 09:25;7475.0;7722.72;SPXW  261005P07475000;0.15;0.25;delta=-0.006
2026-10-04 09:25;7480.0;7722.72;SPXW  261005P07480000;0.15;0.25;delta=-0.006
2026-10-04 09:25;7485.0;7722.72;SPXW  261005P07485000;0.15;0.25;delta=-0.006
2026-10-04 09:25;7490.0;7722.72;SPXW  261005P07490000;0.15;0.25;delta=-0.007
2026-10-04 09:25;7495.0;7722.72;SPXW  261005P07495000;0.15;0.25;delta=-0.007
2026-10-04 09:25;7500.0;7722.72;SPXW  261005P07500000;0.15;0.25;delta=-0.007
2026-10-04 09:25;7505.0;7722.72;SPXW  261005P07505000;0.15;0.3;delta=-0.008
2026-10-04 09:25;7510.0;7722.72;SPXW  261005P07510000;0.2;0.3;delta=-0.008
2026-10-04 09:25;7515.0;7722.72;SPXW  261005P07515000;0.25;0.3;delta=-0.009
2026-10-04 09:25;7520.0;7722.72;SPXW  261005P07520000;0.2;0.3;delta=-0.009
2026-10-04 09:25;7525.0;7722.72;SPXW  261005P07525000;0.2;0.3;delta=-0.009
2026-10-04 09:25;7530.0;7722.72;SPXW  261005P07530000;0.2;0.35;delta=-0.01
2026-10-04 09:25;7535.0;7722.72;SPXW  261005P07535000;0.25;0.35;delta=-0.011
2026-10-04 09:25;7540.0;7722.72;SPXW  261005P07540000;0.3;0.35;delta=-0.012
2026-10-04 09:25;7545.0;7722.72;SPXW  261005P07545000;0.25;0.4;delta=-0.012
2026-10-04 09:25;7550.0;7722.72;SPXW  261005P07550000;0.25;0.4;delta=-0.012
2026-10-04 09:25;7555.0;7722.72;SPXW  261005P07555000;0.3;0.4;delta=-0.013
2026-10-04 09:25;7560.0;7722.72;SPXW  261005P07560000;0.3;0.45;delta=-0.014
2026-10-04 09:25;7565.0;7722.72;SPXW  261005P07565000;0.4;0.45;delta=-0.016
2026-10-04 09:25;7570.0;7722.72;SPXW  261005P07570000;0.4;0.5;delta=-0.017
2026-10-04 09:25;7575.0;7722.72;SPXW  261005P07575000;0.4;0.55;delta=-0.018
2026-10-04 09:25;7580.0;7722.72;SPXW  261005P07580000;0.45;0.6;delta=-0.02
2026-10-04 09:25;7585.0;7722.72;SPXW  261005P07585000;0.5;0.65;delta=-0.023
2026-10-04 09:25;7590.0;7722.72;SPXW  261005P07590000;0.6;0.7;delta=-0.025
2026-10-04 09:25;7595.0;7722.72;SPXW  261005P07595000;0.65;0.75;delta=-0.028
2026-10-04 09:25;7600.0;7722.72;SPXW  261005P07600000;0.7;0.85;delta=-0.031
2026-10-04 09:25;7605.0;7722.72;SPXW  261005P07605000;0.8;0.9;delta=-0.034
2026-10-04 09:25;7610.0;7722.72;SPXW  261005P07610000;0.9;1.05;delta=-0.038
2026-10-04 09:25;7615.0;7722.72;SPXW  261005P07615000;1.05;1.2;delta=-0.044
2026-10-04 09:25;7620.0;7722.72;SPXW  261005P07620000;1.2;1.35;delta=-0.05
2026-10-04 09:25;7625.0;7722.72;SPXW  261005P07625000;1.4;1.55;delta=-0.057
2026-10-04 09:25;7630.0;7722.72;SPXW  261005P07630000;1.6;1.75;delta=-0.064
2026-10-04 09:25;7635.0;7722.72;SPXW  261005P07635000;1.8;2.0;delta=-0.072
2026-10-04 09:25;7640.0;7722.72;SPXW  261005P07640000;2.15;2.25;delta=-0.082
2026-10-04 09:25;7645.0;7722.72;SPXW  261005P07645000;2.45;2.6;delta=-0.094
2026-10-04 09:25;7650.0;7722.72;SPXW  261005P07650000;2.9;3.0;delta=-0.107
2026-10-04 09:25;7655.0;7722.72;SPXW  261005P07655000;3.2;3.5;delta=-0.121
2026-10-04 09:25;7660.0;7722.72;SPXW  261005P07660000;3.7;4.0;delta=-0.136
2026-10-04 09:25;7665.0;7722.72;SPXW  261005P07665000;4.3;4.5;delta=-0.154
2026-10-04 09:25;7670.0;7722.72;SPXW  261005P07670000;5.0;5.2;delta=-0.174
2026-10-04 09:25;7675.0;7722.72;SPXW  261005P07675000;5.7;6.0;delta=-0.196
2026-10-04 09:25;7680.0;7722.72;SPXW  261005P07680000;6.6;6.9;delta=-0.221
2026-10-04 09:25;7685.0;7722.72;SPXW  261005P07685000;7.5;7.8;delta=-0.247
2026-10-04 09:25;7690.0;7722.72;SPXW  261005P07690000;8.7;8.9;delta=-0.276
2026-10-04 09:25;7695.0;7722.72;SPXW  261005P07695000;9.9;10.1;delta=-0.307
2026-10-04 09:25;7700.0;7722.72;SPXW  261005P07700000;11.2;11.5;delta=-0.34
2026-10-04 09:25;7705.0;7722.72;SPXW  261005P07705000;12.8;13.1;delta=-0.376
2026-10-04 09:25;7710.0;7722.72;SPXW  261005P07710000;14.5;14.8;delta=-0.414
2026-10-04 09:25;7715.0;7722.72;SPXW  261005P07715000;16.3;16.7;delta=-0.454
2026-10-04 09:25;7720.0;7722.72;SPXW  261005P07720000;18.4;18.8;delta=-0.496
2026-10-04 09:25;7725.0;7722.72;SPXW  261005P07725000;20.7;21.1;delta=-0.534
2026-10-04 09:25;7730.0;7722.72;SPXW  261005P07730000;23.1;23.6;delta=-0.572
2026-10-04 09:25;7735.0;7722.72;SPXW  261005P07735000;25.8;26.2;delta=-0.612
2026-10-04 09:25;7740.0;7722.72;SPXW  261005P07740000;28.7;29.1;delta=-0.651
2026-10-04 09:25;7745.0;7722.72;SPXW  261005P07745000;31.8;32.2;delta=-0.689
2026-10-04 09:25;7750.0;7722.72;SPXW  261005P07750000;34.9;35.9;delta=-0.727
2026-10-04 09:25;7755.0;7722.72;SPXW  261005P07755000;38.4;39.4;delta=-0.763
2026-10-04 09:25;7760.0;7722.72;SPXW  261005P07760000;42.1;43.1;delta=-0.796
2026-10-04 09:25;7765.0;7722.72;SPXW  261005P07765000;46.0;47.1;delta=-0.826
2026-10-04 09:25;7770.0;7722.72;SPXW  261005P07770000;49.9;51.3;delta=-0.855
2026-10-04 09:25;7775.0;7722.72;SPXW  261005P07775000;54.2;55.6;delta=-0.88
2026-10-04 09:25;7780.0;7722.72;SPXW  261005P07780000;58.6;60.0;delta=-0.901
2026-10-04 09:25;7785.0;7722.72;SPXW  261005P07785000;63.1;64.5;delta=-0.92
2026-10-04 09:25;7790.0;7722.72;SPXW  261005P07790000;67.7;69.2;delta=-0.934
2026-10-04 09:25;7795.0;7722.72;SPXW  261005P07795000;72.5;73.9;delta=-0.947
2026-10-04 09:25;7800.0;7722.72;SPXW  261005P07800000;77.2;78.7;delta=-0.958
2026-10-04 09:25;7805.0;7722.72;SPXW  261005P07805000;82.1;83.5;delta=-0.964
2026-10-04 09:25;7810.0;7722.72;SPXW  261005P07810000;87.0;88.4;delta=-0.971
2026-10-04 09:25;7815.0;7722.72;SPXW  261005P07815000;91.7;93.4;delta=-0.977
2026-10-04 09:25;7820.0;7722.72;SPXW  261005P07820000;96.6;98.4;delta=-0.98
2026-10-04 09:25;7825.0;7722.72;SPXW  261005P07825000;101.5;105.8;delta=-0.983
2026-10-04 09:25;7830.0;7722.72;SPXW  261005P07830000;106.5;108.3;delta=-0.985
2026-10-04 09:25;7835.0;7722.72;SPXW  261005P07835000;111.4;115.8;delta=-0.988
2026-10-04 09:25;7840.0;7722.72;SPXW  261005P07840000;116.4;120.7;delta=-0.99
2026-10-04 09:25;7845.0;7722.72;SPXW  261005P07845000;121.4;125.3;delta=-0.992
2026-10-04 09:25;7850.0;7722.72;SPXW  261005P07850000;126.5;127.9;delta=-0.991
2026-10-04 09:25;7855.0;7722.72;SPXW  261005P07855000;131.5;132.9;delta=-0.994
2026-10-04 09:25;7860.0;7722.72;SPXW  261005P07860000;136.5;137.9;delta=-0.995
2026-10-04 09:25;7865.0;7722.72;SPXW  261005P07865000;141.5;142.9;delta=-0.994
2026-10-04 09:25;7870.0;7722.72;SPXW  261005P07870000;146.5;147.9;delta=-0.995
2026-10-04 09:25;7875.0;7722.72;SPXW  261005P07875000;151.5;153.0;delta=-0.994
2026-10-04 09:25;7880.0;7722.72;SPXW  261005P07880000;156.5;157.9;delta=-0.995
2026-10-04 09:25;7885.0;7722.72;SPXW  261005P07885000;161.5;163.0;delta=-0.995
2026-10-04 09:25;7890.0;7722.72;SPXW  261005P07890000;146.8;190.2;delta=-0.995
2026-10-04 09:25;7895.0;7722.72;SPXW  261005P07895000;171.5;173.0;delta=-0.996
2026-10-04 09:25;7900.0;7722.72;SPXW  261005P07900000;176.5;178.0;delta=-0.997
2026-10-04 09:25;7905.0;7722.72;SPXW  261005P07905000;181.4;183.0;delta=-0.997
2026-10-04 09:25;7910.0;7722.72;SPXW  261005P07910000;186.4;187.9;delta=-0.997
2026-10-04 09:25;7915.0;7722.72;SPXW  261005P07915000;191.4;192.9;delta=-0.997
2026-10-04 09:25;7920.0;7722.72;SPXW  261005P07920000;196.4;197.9;delta=-0.997
2026-10-04 09:25;7925.0;7722.72;SPXW  261005P07925000;201.4;202.9;delta=-0.996
2026-10-04 09:25;7930.0;7722.72;SPXW  261005P07930000;186.3;230.2;delta=-0.997
2026-10-04 09:25;7935.0;7722.72;SPXW  261005P07935000;0.0;0.0;delta=-999.0
2026-10-04 09:25;7940.0;7722.72;SPXW  261005P07940000;216.4;217.9;delta=-0.997
2026-10-04 09:25;7945.0;7722.72;SPXW  261005P07945000;0.0;0.0;delta=-999.0
2026-10-04 09:25;7950.0;7722.72;SPXW  261005P07950000;226.4;227.9;delta=-0.998
2026-10-04 09:25;7960.0;7722.72;SPXW  261005P07960000;236.4;237.9;delta=-0.998
2026-10-04 09:25;7970.0;7722.72;SPXW  261005P07970000;246.4;247.9;delta=-0.998
2026-10-04 09:25;7975.0;7722.72;SPXW  261005P07975000;251.4;252.9;delta=-0.999
2026-10-04 09:25;7980.0;7722.72;SPXW  261005P07980000;256.4;257.9;delta=-0.998
2026-10-04 09:29;7475.0;7722.72;SPXW  261005C07475000;247.3;248.8;delta=0.994
2026-10-04 09:29;7480.0;7722.72;SPXW  261005C07480000;231.3;254.9;delta=0.993
2026-10-04 09:29;7485.0;7722.72;SPXW  261005C07485000;237.4;238.8;delta=0.993
2026-10-04 09:29;7490.0;7722.72;SPXW  261005C07490000;232.3;233.8;delta=0.993
2026-10-04 09:29;7495.0;7722.72;SPXW  261005C07495000;227.4;228.8;delta=0.993
2026-10-04 09:29;7500.0;7722.72;SPXW  261005C07500000;222.4;223.8;delta=0.993
2026-10-04 09:29;7505.0;7722.72;SPXW  261005C07505000;206.3;230.2;delta=0.992
2026-10-04 09:29;7510.0;7722.72;SPXW  261005C07510000;201.3;225.2;delta=0.991
2026-10-04 09:29;7515.0;7722.72;SPXW  261005C07515000;198.3;218.1;delta=0.99
2026-10-04 09:29;7520.0;7722.72;SPXW  261005C07520000;193.3;213.1;delta=0.991
2026-10-04 09:29;7525.0;7722.72;SPXW  261005C07525000;188.3;208.1;delta=0.991
2026-10-04 09:29;7530.0;7722.72;SPXW  261005C07530000;183.3;203.0;delta=0.99
2026-10-04 09:29;7535.0;7722.72;SPXW  261005C07535000;178.4;189.0;delta=0.989
2026-10-04 09:29;7540.0;7722.72;SPXW  261005C07540000;182.2;184.1;delta=0.988
2026-10-04 09:29;7545.0;7722.72;SPXW  261005C07545000;177.3;179.1;delta=0.988
2026-10-04 09:29;7550.0;7722.72;SPXW  261005C07550000;168.1;174.1;delta=0.987
2026-10-04 09:29;7555.0;7722.72;SPXW  261005C07555000;167.3;169.1;delta=0.986
2026-10-04 09:29;7560.0;7722.72;SPXW  261005C07560000;162.3;164.1;delta=0.985
2026-10-04 09:29;7565.0;7722.72;SPXW  261005C07565000;148.5;159.1;delta=0.984
2026-10-04 09:29;7570.0;7722.72;SPXW  261005C07570000;148.2;154.2;delta=0.982
2026-10-04 09:29;7575.0;7722.72;SPXW  261005C07575000;147.4;149.2;delta=0.981
2026-10-04 09:29;7580.0;7722.72;SPXW  261005C07580000;138.4;144.3;delta=0.979
2026-10-04 09:29;7585.0;7722.72;SPXW  261005C07585000;137.5;139.3;delta=0.977
2026-10-04 09:29;7590.0;7722.72;SPXW  261005C07590000;128.5;134.4;delta=0.974
2026-10-04 09:29;7595.0;7722.72;SPXW  261005C07595000;127.8;129.2;delta=0.972
2026-10-04 09:29;7600.0;7722.72;SPXW  261005C07600000;122.9;124.3;delta=0.969
2026-10-04 09:29;7605.0;7722.72;SPXW  261005C07605000;118.0;119.4;delta=0.966
2026-10-04 09:29;7610.0;7722.72;SPXW  261005C07610000;113.1;114.5;delta=0.961
2026-10-04 09:29;7615.0;7722.72;SPXW  261005C07615000;108.2;109.7;delta=0.956
2026-10-04 09:29;7620.0;7722.72;SPXW  261005C07620000;103.4;104.8;delta=0.95
2026-10-04 09:29;7625.0;7722.72;SPXW  261005C07625000;98.6;100.0;delta=0.943
2026-10-04 09:29;7630.0;7722.72;SPXW  261005C07630000;93.8;95.2;delta=0.936
2026-10-04 09:29;7635.0;7722.72;SPXW  261005C07635000;89.0;90.5;delta=0.927
2026-10-04 09:29;7640.0;7722.72;SPXW  261005C07640000;84.3;85.7;delta=0.917
2026-10-04 09:29;7645.0;7722.72;SPXW  261005C07645000;79.7;81.1;delta=0.906
2026-10-04 09:29;7650.0;7722.72;SPXW  261005C07650000;75.1;76.4;delta=0.893
2026-10-04 09:29;7655.0;7722.72;SPXW  261005C07655000;70.5;71.9;delta=0.879
2026-10-04 09:29;7660.0;7722.72;SPXW  261005C07660000;66.0;67.4;delta=0.863
2026-10-04 09:29;7665.0;7722.72;SPXW  261005C07665000;61.6;63.0;delta=0.846
2026-10-04 09:29;7670.0;7722.72;SPXW  261005C07670000;57.4;58.4;delta=0.825
2026-10-04 09:29;7675.0;7722.72;SPXW  261005C07675000;53.1;54.2;delta=0.803
2026-10-04 09:29;7680.0;7722.72;SPXW  261005C07680000;49.0;50.0;delta=0.779
2026-10-04 09:29;7685.0;7722.72;SPXW  261005C07685000;45.0;46.0;delta=0.753
2026-10-04 09:29;7690.0;7722.72;SPXW  261005C07690000;41.1;42.1;delta=0.724
2026-10-04 09:29;7695.0;7722.72;SPXW  261005C07695000;37.6;38.0;delta=0.693
2026-10-04 09:29;7700.0;7722.72;SPXW  261005C07700000;34.0;34.4;delta=0.659
2026-10-04 09:29;7705.0;7722.72;SPXW  261005C07705000;30.5;30.9;delta=0.623
2026-10-04 09:29;7710.0;7722.72;SPXW  261005C07710000;27.3;27.7;delta=0.585
2026-10-04 09:29;7715.0;7722.72;SPXW  261005C07715000;24.1;24.4;delta=0.546
2026-10-04 09:29;7720.0;7722.72;SPXW  261005C07720000;21.2;21.6;delta=0.504
2026-10-04 09:29;7725.0;7722.72;SPXW  261005C07725000;18.5;18.9;delta=0.466
2026-10-04 09:29;7730.0;7722.72;SPXW  261005C07730000;16.0;16.4;delta=0.427
2026-10-04 09:29;7735.0;7722.72;SPXW  261005C07735000;13.6;14.0;delta=0.388
2026-10-04 09:29;7740.0;7722.72;SPXW  261005C07740000;11.5;11.9;delta=0.349
2026-10-04 09:29;7745.0;7722.72;SPXW  261005C07745000;9.7;10.0;delta=0.311
2026-10-04 09:29;7750.0;7722.72;SPXW  261005C07750000;8.0;8.3;delta=0.273
2026-10-04 09:29;7755.0;7722.72;SPXW  261005C07755000;6.5;6.8;delta=0.237
2026-10-04 09:29;7760.0;7722.72;SPXW  261005C07760000;5.3;5.6;delta=0.204
2026-10-04 09:29;7765.0;7722.72;SPXW  261005C07765000;4.3;4.5;delta=0.174
2026-10-04 09:29;7770.0;7722.72;SPXW  261005C07770000;3.3;3.6;delta=0.145
2026-10-04 09:29;7775.0;7722.72;SPXW  261005C07775000;2.6;2.8;delta=0.119
2026-10-04 09:29;7780.0;7722.72;SPXW  261005C07780000;2.05;2.25;delta=0.099
2026-10-04 09:29;7785.0;7722.72;SPXW  261005C07785000;1.6;1.7;delta=0.08
2026-10-04 09:29;7790.0;7722.72;SPXW  261005C07790000;1.25;1.4;delta=0.066
2026-10-04 09:29;7795.0;7722.72;SPXW  261005C07795000;0.95;1.1;delta=0.053
2026-10-04 09:29;7800.0;7722.72;SPXW  261005C07800000;0.75;0.8;delta=0.042
2026-10-04 09:29;7805.0;7722.72;SPXW  261005C07805000;0.6;0.7;delta=0.035
2026-10-04 09:29;7810.0;7722.72;SPXW  261005C07810000;0.45;0.6;delta=0.029
2026-10-04 09:29;7815.0;7722.72;SPXW  261005C07815000;0.35;0.45;delta=0.023
2026-10-04 09:29;7820.0;7722.72;SPXW  261005C07820000;0.3;0.4;delta=0.02
2026-10-04 09:29;7825.0;7722.72;SPXW  261005C07825000;0.25;0.35;delta=0.017
2026-10-04 09:29;7830.0;7722.72;SPXW  261005C07830000;0.2;0.3;delta=0.014
2026-10-04 09:29;7835.0;7722.72;SPXW  261005C07835000;0.15;0.25;delta=0.012
2026-10-04 09:29;7840.0;7722.72;SPXW  261005C07840000;0.1;0.25;delta=0.01
2026-10-04 09:29;7845.0;7722.72;SPXW  261005C07845000;0.1;0.15;delta=0.007
2026-10-04 09:29;7850.0;7722.72;SPXW  261005C07850000;0.1;0.2;delta=0.008
2026-10-04 09:29;7855.0;7722.72;SPXW  261005C07855000;0.05;0.15;delta=0.006
2026-10-04 09:29;7860.0;7722.72;SPXW  261005C07860000;0.05;0.1;delta=0.005
2026-10-04 09:29;7865.0;7722.72;SPXW  261005C07865000;0.05;0.15;delta=0.006
2026-10-04 09:29;7870.0;7722.72;SPXW  261005C07870000;0.05;0.1;delta=0.004
2026-10-04 09:29;7875.0;7722.72;SPXW  261005C07875000;0.05;0.15;delta=0.005
2026-10-04 09:29;7880.0;7722.72;SPXW  261005C07880000;0.05;0.15;delta=0.005
2026-10-04 09:29;7885.0;7722.72;SPXW  261005C07885000;0.05;0.15;delta=0.005
2026-10-04 09:29;7890.0;7722.72;SPXW  261005C07890000;0.05;0.15;delta=0.005
2026-10-04 09:29;7895.0;7722.72;SPXW  261005C07895000;0.05;0.15;delta=0.004
2026-10-04 09:29;7900.0;7722.72;SPXW  261005C07900000;0.05;0.1;delta=0.003
2026-10-04 09:29;7905.0;7722.72;SPXW  261005C07905000;0.05;0.1;delta=0.003
2026-10-04 09:29;7910.0;7722.72;SPXW  261005C07910000;0.05;0.1;delta=0.003
2026-10-04 09:29;7915.0;7722.72;SPXW  261005C07915000;0.05;0.1;delta=0.002
2026-10-04 09:29;7920.0;7722.72;SPXW  261005C07920000;0.05;0.1;delta=0.002
2026-10-04 09:29;7925.0;7722.72;SPXW  261005C07925000;0.05;0.1;delta=0.003
2026-10-04 09:29;7930.0;7722.72;SPXW  261005C07930000;0.05;0.1;delta=0.002
2026-10-04 09:29;7935.0;7722.72;SPXW  261005C07935000;0.0;0.0;delta=-999.0
2026-10-04 09:29;7940.0;7722.72;SPXW  261005C07940000;0.05;0.2;delta=0.002
2026-10-04 09:29;7945.0;7722.72;SPXW  261005C07945000;0.0;0.0;delta=-999.0
2026-10-04 09:29;7950.0;7722.72;SPXW  261005C07950000;0.05;0.15;delta=0.002
2026-10-04 09:29;7960.0;7722.72;SPXW  261005C07960000;0.05;0.1;delta=0.002
2026-10-04 09:29;7970.0;7722.72;SPXW  261005C07970000;0.05;0.1;delta=0.002
2026-10-04 09:29;7975.0;7722.72;SPXW  261005C07975000;0.05;0.1;delta=0.001
2026-10-04 09:29;7980.0;7722.72;SPXW  261005C07980000;0.05;0.15;delta=0.002
2026-10-04 09:29;7475.0;7722.72;SPXW  261005P07475000;0.15;0.25;delta=-0.006
2026-10-04 09:29;7480.0;7722.72;SPXW  261005P07480000;0.15;0.25;delta=-0.006
2026-10-04 09:29;7485.0;7722.72;SPXW  261005P07485000;0.15;0.25;delta=-0.006
2026-10-04 09:29;7490.0;7722.72;SPXW  261005P07490000;0.15;0.25;delta=-0.007
2026-10-04 09:29;7495.0;7722.72;SPXW  261005P07495000;0.15;0.25;delta=-0.007
2026-10-04 09:29;7500.0;7722.72;SPXW  261005P07500000;0.15;0.25;delta=-0.007
2026-10-04 09:29;7505.0;7722.72;SPXW  261005P07505000;0.15;0.3;delta=-0.008
2026-10-04 09:29;7510.0;7722.72;SPXW  261005P07510000;0.2;0.3;delta=-0.008
2026-10-04 09:29;7515.0;7722.72;SPXW  261005P07515000;0.25;0.3;delta=-0.009
2026-10-04 09:29;7520.0;7722.72;SPXW  261005P07520000;0.2;0.3;delta=-0.009
2026-10-04 09:29;7525.0;7722.72;SPXW  261005P07525000;0.2;0.3;delta=-0.009
2026-10-04 09:29;7530.0;7722.72;SPXW  261005P07530000;0.2;0.35;delta=-0.01
2026-10-04 09:29;7535.0;7722.72;SPXW  261005P07535000;0.25;0.35;delta=-0.011
2026-10-04 09:29;7540.0;7722.72;SPXW  261005P07540000;0.3;0.35;delta=-0.012
2026-10-04 09:29;7545.0;7722.72;SPXW  261005P07545000;0.25;0.4;delta=-0.012
2026-10-04 09:29;7550.0;7722.72;SPXW  261005P07550000;0.25;0.4;delta=-0.012
2026-10-04 09:29;7555.0;7722.72;SPXW  261005P07555000;0.3;0.4;delta=-0.013
2026-10-04 09:29;7560.0;7722.72;SPXW  261005P07560000;0.3;0.45;delta=-0.014
2026-10-04 09:29;7565.0;7722.72;SPXW  261005P07565000;0.4;0.45;delta=-0.016
2026-10-04 09:29;7570.0;7722.72;SPXW  261005P07570000;0.4;0.5;delta=-0.017
2026-10-04 09:29;7575.0;7722.72;SPXW  261005P07575000;0.4;0.55;delta=-0.018
2026-10-04 09:29;7580.0;7722.72;SPXW  261005P07580000;0.45;0.6;delta=-0.02
2026-10-04 09:29;7585.0;7722.72;SPXW  261005P07585000;0.5;0.65;delta=-0.023
2026-10-04 09:29;7590.0;7722.72;SPXW  261005P07590000;0.6;0.7;delta=-0.025
2026-10-04 09:29;7595.0;7722.72;SPXW  261005P07595000;0.65;0.75;delta=-0.028
2026-10-04 09:29;7600.0;7722.72;SPXW  261005P07600000;0.7;0.85;delta=-0.031
2026-10-04 09:29;7605.0;7722.72;SPXW  261005P07605000;0.8;0.9;delta=-0.034
2026-10-04 09:29;7610.0;7722.72;SPXW  261005P07610000;0.9;1.05;delta=-0.038
2026-10-04 09:29;7615.0;7722.72;SPXW  261005P07615000;1.05;1.2;delta=-0.044
2026-10-04 09:29;7620.0;7722.72;SPXW  261005P07620000;1.2;1.35;delta=-0.05
2026-10-04 09:29;7625.0;7722.72;SPXW  261005P07625000;1.4;1.55;delta=-0.057
2026-10-04 09:29;7630.0;7722.72;SPXW  261005P07630000;1.6;1.75;delta=-0.064
2026-10-04 09:29;7635.0;7722.72;SPXW  261005P07635000;1.8;2.0;delta=-0.072
2026-10-04 09:29;7640.0;7722.72;SPXW  261005P07640000;2.15;2.25;delta=-0.082
2026-10-04 09:29;7645.0;7722.72;SPXW  261005P07645000;2.45;2.6;delta=-0.094
2026-10-04 09:29;7650.0;7722.72;SPXW  261005P07650000;2.9;3.0;delta=-0.107
2026-10-04 09:29;7655.0;7722.72;SPXW  261005P07655000;3.2;3.5;delta=-0.121
2026-10-04 09:29;7660.0;7722.72;SPXW  261005P07660000;3.7;4.0;delta=-0.136
2026-10-04 09:29;7665.0;7722.72;SPXW  261005P07665000;4.3;4.5;delta=-0.154
2026-10-04 09:29;7670.0;7722.72;SPXW  261005P07670000;5.0;5.2;delta=-0.174
2026-10-04 09:29;7675.0;7722.72;SPXW  261005P07675000;5.7;6.0;delta=-0.196
2026-10-04 09:29;7680.0;7722.72;SPXW  261005P07680000;6.6;6.9;delta=-0.221
2026-10-04 09:29;7685.0;7722.72;SPXW  261005P07685000;7.5;7.8;delta=-0.247
2026-10-04 09:29;7690.0;7722.72;SPXW  261005P07690000;8.7;8.9;delta=-0.276
2026-10-04 09:29;7695.0;7722.72;SPXW  261005P07695000;9.9;10.1;delta=-0.307
2026-10-04 09:29;7700.0;7722.72;SPXW  261005P07700000;11.2;11.5;delta=-0.34
2026-10-04 09:29;7705.0;7722.72;SPXW  261005P07705000;12.8;13.1;delta=-0.376
2026-10-04 09:29;7710.0;7722.72;SPXW  261005P07710000;14.5;14.8;delta=-0.414
2026-10-04 09:29;7715.0;7722.72;SPXW  261005P07715000;16.3;16.7;delta=-0.454
2026-10-04 09:29;7720.0;7722.72;SPXW  261005P07720000;18.4;18.8;delta=-0.496
2026-10-04 09:29;7725.0;7722.72;SPXW  261005P07725000;20.7;21.1;delta=-0.534
2026-10-04 09:29;7730.0;7722.72;SPXW  261005P07730000;23.1;23.6;delta=-0.572
2026-10-04 09:29;7735.0;7722.72;SPXW  261005P07735000;25.8;26.2;delta=-0.612
2026-10-04 09:29;7740.0;7722.72;SPXW  261005P07740000;28.7;29.1;delta=-0.651
2026-10-04 09:29;7745.0;7722.72;SPXW  261005P07745000;31.8;32.2;delta=-0.689
2026-10-04 09:29;7750.0;7722.72;SPXW  261005P07750000;34.9;35.9;delta=-0.727
2026-10-04 09:29;7755.0;7722.72;SPXW  261005P07755000;38.4;39.4;delta=-0.763
2026-10-04 09:29;7760.0;7722.72;SPXW  261005P07760000;42.1;43.1;delta=-0.796
2026-10-04 09:29;7765.0;7722.72;SPXW  261005P07765000;46.0;47.1;delta=-0.826
2026-10-04 09:29;7770.0;7722.72;SPXW  261005P07770000;49.9;51.3;delta=-0.855
2026-10-04 09:29;7775.0;7722.72;SPXW  261005P07775000;54.2;55.6;delta=-0.88
2026-10-04 09:29;7780.0;7722.72;SPXW  261005P07780000;58.6;60.0;delta=-0.901
2026-10-04 09:29;7785.0;7722.72;SPXW  261005P07785000;63.1;64.5;delta=-0.92
2026-10-04 09:29;7790.0;7722.72;SPXW  261005P07790000;67.7;69.2;delta=-0.934
2026-10-04 09:29;7795.0;7722.72;SPXW  261005P07795000;72.5;73.9;delta=-0.947
2026-10-04 09:29;7800.0;7722.72;SPXW  261005P07800000;77.2;78.7;delta=-0.958
2026-10-04 09:29;7805.0;7722.72;SPXW  261005P07805000;82.1;83.5;delta=-0.964
2026-10-04 09:29;7810.0;7722.72;SPXW  261005P07810000;87.0;88.4;delta=-0.971
2026-10-04 09:29;7815.0;7722.72;SPXW  261005P07815000;91.7;93.4;delta=-0.977
2026-10-04 09:29;7820.0;7722.72;SPXW  261005P07820000;96.6;98.4;delta=-0.98
2026-10-04 09:29;7825.0;7722.72;SPXW  261005P07825000;101.5;105.8;delta=-0.983
2026-10-04 09:29;7830.0;7722.72;SPXW  261005P07830000;106.5;108.3;delta=-0.985
2026-10-04 09:29;7835.0;7722.72;SPXW  261005P07835000;111.4;115.8;delta=-0.988
2026-10-04 09:29;7840.0;7722.72;SPXW  261005P07840000;116.4;120.7;delta=-0.99
2026-10-04 09:29;7845.0;7722.72;SPXW  261005P07845000;121.4;125.3;delta=-0.992
2026-10-04 09:29;7850.0;7722.72;SPXW  261005P07850000;126.5;127.9;delta=-0.991
2026-10-04 09:29;7855.0;7722.72;SPXW  261005P07855000;131.5;132.9;delta=-0.994
2026-10-04 09:29;7860.0;7722.72;SPXW  261005P07860000;136.5;137.9;delta=-0.995
2026-10-04 09:29;7865.0;7722.72;SPXW  261005P07865000;141.5;142.9;delta=-0.994
2026-10-04 09:29;7870.0;7722.72;SPXW  261005P07870000;146.5;147.9;delta=-0.995
2026-10-04 09:29;7875.0;7722.72;SPXW  261005P07875000;151.5;153.0;delta=-0.994
2026-10-04 09:29;7880.0;7722.72;SPXW  261005P07880000;156.5;157.9;delta=-0.995
2026-10-04 09:29;7885.0;7722.72;SPXW  261005P07885000;161.5;163.0;delta=-0.995
2026-10-04 09:29;7890.0;7722.72;SPXW  261005P07890000;146.8;190.2;delta=-0.995
2026-10-04 09:29;7895.0;7722.72;SPXW  261005P07895000;171.5;173.0;delta=-0.996
2026-10-04 09:29;7900.0;7722.72;SPXW  261005P07900000;176.5;178.0;delta=-0.997
2026-10-04 09:29;7905.0;7722.72;SPXW  261005P07905000;181.4;183.0;delta=-0.997
2026-10-04 09:29;7910.0;7722.72;SPXW  261005P07910000;186.4;187.9;delta=-0.997
2026-10-04 09:29;7915.0;7722.72;SPXW  261005P07915000;191.4;192.9;delta=-0.997
2026-10-04 09:29;7920.0;7722.72;SPXW  261005P07920000;196.4;197.9;delta=-0.997
2026-10-04 09:29;7925.0;7722.72;SPXW  261005P07925000;201.4;202.9;delta=-0.996
2026-10-04 09:29;7930.0;7722.72;SPXW  261005P07930000;186.3;230.2;delta=-0.997
2026-10-04 09:29;7935.0;7722.72;SPXW  261005P07935000;0.0;0.0;delta=-999.0
2026-10-04 09:29;7940.0;7722.72;SPXW  261005P07940000;216.4;217.9;delta=-0.997
2026-10-04 09:29;7945.0;7722.72;SPXW  261005P07945000;0.0;0.0;delta=-999.0
2026-10-04 09:29;7950.0;7722.72;SPXW  261005P07950000;226.4;227.9;delta=-0.998
2026-10-04 09:29;7960.0;7722.72;SPXW  261005P07960000;236.4;237.9;delta=-0.998
2026-10-04 09:29;7970.0;7722.72;SPXW  261005P07970000;246.4;247.9;delta=-0.998
2026-10-04 09:29;7975.0;7722.72;SPXW  261005P07975000;251.4;252.9;delta=-0.999
2026-10-04 09:29;7980.0;7722.72;SPXW  261005P07980000;256.4;257.9;delta=-0.998
2026-10-04 09:34;7475.0;7722.72;SPXW  261005C07475000;247.3;248.8;delta=0.994
2026-10-04 09:34;7480.0;7722.72;SPXW  261005C07480000;231.3;254.9;delta=0.993
2026-10-04 09:34;7485.0;7722.72;SPXW  261005C07485000;237.4;238.8;delta=0.993
2026-10-04 09:34;7490.0;7722.72;SPXW  261005C07490000;232.3;233.8;delta=0.993
2026-10-04 09:34;7495.0;7722.72;SPXW  261005C07495000;227.4;228.8;delta=0.993
2026-10-04 09:34;7500.0;7722.72;SPXW  261005C07500000;222.4;223.8;delta=0.993
2026-10-04 09:34;7505.0;7722.72;SPXW  261005C07505000;206.3;230.2;delta=0.992
2026-10-04 09:34;7510.0;7722.72;SPXW  261005C07510000;201.3;225.2;delta=0.991
2026-10-04 09:34;7515.0;7722.72;SPXW  261005C07515000;198.3;218.1;delta=0.99
2026-10-04 09:34;7520.0;7722.72;SPXW  261005C07520000;193.3;213.1;delta=0.991
2026-10-04 09:34;7525.0;7722.72;SPXW  261005C07525000;188.3;208.1;delta=0.991
2026-10-04 09:34;7530.0;7722.72;SPXW  261005C07530000;183.3;203.0;delta=0.99
2026-10-04 09:34;7535.0;7722.72;SPXW  261005C07535000;178.4;189.0;delta=0.989
2026-10-04 09:34;7540.0;7722.72;SPXW  261005C07540000;182.2;184.1;delta=0.988
2026-10-04 09:34;7545.0;7722.72;SPXW  261005C07545000;177.3;179.1;delta=0.988
2026-10-04 09:34;7550.0;7722.72;SPXW  261005C07550000;168.1;174.1;delta=0.987
2026-10-04 09:34;7555.0;7722.72;SPXW  261005C07555000;167.3;169.1;delta=0.986
2026-10-04 09:34;7560.0;7722.72;SPXW  261005C07560000;162.3;164.1;delta=0.985
2026-10-04 09:34;7565.0;7722.72;SPXW  261005C07565000;148.5;159.1;delta=0.984
2026-10-04 09:34;7570.0;7722.72;SPXW  261005C07570000;148.2;154.2;delta=0.982
2026-10-04 09:34;7575.0;7722.72;SPXW  261005C07575000;147.4;149.2;delta=0.981
2026-10-04 09:34;7580.0;7722.72;SPXW  261005C07580000;138.4;144.3;delta=0.979
2026-10-04 09:34;7585.0;7722.72;SPXW  261005C07585000;137.5;139.3;delta=0.977
2026-10-04 09:34;7590.0;7722.72;SPXW  261005C07590000;128.5;134.4;delta=0.974
2026-10-04 09:34;7595.0;7722.72;SPXW  261005C07595000;127.8;129.2;delta=0.972
2026-10-04 09:34;7600.0;7722.72;SPXW  261005C07600000;122.9;124.3;delta=0.969
2026-10-04 09:34;7605.0;7722.72;SPXW  261005C07605000;118.0;119.4;delta=0.966
2026-10-04 09:34;7610.0;7722.72;SPXW  261005C07610000;113.1;114.5;delta=0.961
2026-10-04 09:34;7615.0;7722.72;SPXW  261005C07615000;108.2;109.7;delta=0.956
2026-10-04 09:34;7620.0;7722.72;SPXW  261005C07620000;103.4;104.8;delta=0.95
2026-10-04 09:34;7625.0;7722.72;SPXW  261005C07625000;98.6;100.0;delta=0.943
2026-10-04 09:34;7630.0;7722.72;SPXW  261005C07630000;93.8;95.2;delta=0.936
2026-10-04 09:34;7635.0;7722.72;SPXW  261005C07635000;89.0;90.5;delta=0.927
2026-10-04 09:34;7640.0;7722.72;SPXW  261005C07640000;84.3;85.7;delta=0.917
2026-10-04 09:34;7645.0;7722.72;SPXW  261005C07645000;79.7;81.1;delta=0.906
2026-10-04 09:34;7650.0;7722.72;SPXW  261005C07650000;75.1;76.4;delta=0.893
2026-10-04 09:34;7655.0;7722.72;SPXW  261005C07655000;70.5;71.9;delta=0.879
2026-10-04 09:34;7660.0;7722.72;SPXW  261005C07660000;66.0;67.4;delta=0.863
2026-10-04 09:34;7665.0;7722.72;SPXW  261005C07665000;61.6;63.0;delta=0.846
2026-10-04 09:34;7670.0;7722.72;SPXW  261005C07670000;57.4;58.4;delta=0.825
2026-10-04 09:34;7675.0;7722.72;SPXW  261005C07675000;53.1;54.2;delta=0.803
2026-10-04 09:34;7680.0;7722.72;SPXW  261005C07680000;49.0;50.0;delta=0.779
2026-10-04 09:34;7685.0;7722.72;SPXW  261005C07685000;45.0;46.0;delta=0.753
2026-10-04 09:34;7690.0;7722.72;SPXW  261005C07690000;41.1;42.1;delta=0.724
2026-10-04 09:34;7695.0;7722.72;SPXW  261005C07695000;37.6;38.0;delta=0.693
2026-10-04 09:34;7700.0;7722.72;SPXW  261005C07700000;34.0;34.4;delta=0.659
2026-10-04 09:34;7705.0;7722.72;SPXW  261005C07705000;30.5;30.9;delta=0.623
2026-10-04 09:34;7710.0;7722.72;SPXW  261005C07710000;27.3;27.7;delta=0.585
2026-10-04 09:34;7715.0;7722.72;SPXW  261005C07715000;24.1;24.4;delta=0.546
2026-10-04 09:34;7720.0;7722.72;SPXW  261005C07720000;21.2;21.6;delta=0.504
2026-10-04 09:34;7725.0;7722.72;SPXW  261005C07725000;18.5;18.9;delta=0.466
2026-10-04 09:34;7730.0;7722.72;SPXW  261005C07730000;16.0;16.4;delta=0.427
2026-10-04 09:34;7735.0;7722.72;SPXW  261005C07735000;13.6;14.0;delta=0.388
2026-10-04 09:34;7740.0;7722.72;SPXW  261005C07740000;11.5;11.9;delta=0.349
2026-10-04 09:34;7745.0;7722.72;SPXW  261005C07745000;9.7;10.0;delta=0.311
2026-10-04 09:34;7750.0;7722.72;SPXW  261005C07750000;8.0;8.3;delta=0.273
2026-10-04 09:34;7755.0;7722.72;SPXW  261005C07755000;6.5;6.8;delta=0.237
2026-10-04 09:34;7760.0;7722.72;SPXW  261005C07760000;5.3;5.6;delta=0.204
2026-10-04 09:34;7765.0;7722.72;SPXW  261005C07765000;4.3;4.5;delta=0.174
2026-10-04 09:34;7770.0;7722.72;SPXW  261005C07770000;3.3;3.6;delta=0.145
2026-10-04 09:34;7775.0;7722.72;SPXW  261005C07775000;2.6;2.8;delta=0.119
2026-10-04 09:34;7780.0;7722.72;SPXW  261005C07780000;2.05;2.25;delta=0.099
2026-10-04 09:34;7785.0;7722.72;SPXW  261005C07785000;1.6;1.7;delta=0.08
2026-10-04 09:34;7790.0;7722.72;SPXW  261005C07790000;1.25;1.4;delta=0.066
2026-10-04 09:34;7795.0;7722.72;SPXW  261005C07795000;0.95;1.1;delta=0.053
2026-10-04 09:34;7800.0;7722.72;SPXW  261005C07800000;0.75;0.8;delta=0.042
2026-10-04 09:34;7805.0;7722.72;SPXW  261005C07805000;0.6;0.7;delta=0.035
2026-10-04 09:34;7810.0;7722.72;SPXW  261005C07810000;0.45;0.6;delta=0.029
2026-10-04 09:34;7815.0;7722.72;SPXW  261005C07815000;0.35;0.45;delta=0.023
2026-10-04 09:34;7820.0;7722.72;SPXW  261005C07820000;0.3;0.4;delta=0.02
2026-10-04 09:34;7825.0;7722.72;SPXW  261005C07825000;0.25;0.35;delta=0.017
2026-10-04 09:34;7830.0;7722.72;SPXW  261005C07830000;0.2;0.3;delta=0.014
2026-10-04 09:34;7835.0;7722.72;SPXW  261005C07835000;0.15;0.25;delta=0.012
2026-10-04 09:34;7840.0;7722.72;SPXW  261005C07840000;0.1;0.25;delta=0.01
2026-10-04 09:34;7845.0;7722.72;SPXW  261005C07845000;0.1;0.15;delta=0.007
2026-10-04 09:34;7850.0;7722.72;SPXW  261005C07850000;0.1;0.2;delta=0.008
2026-10-04 09:34;7855.0;7722.72;SPXW  261005C07855000;0.05;0.15;delta=0.006
2026-10-04 09:34;7860.0;7722.72;SPXW  261005C07860000;0.05;0.1;delta=0.005
2026-10-04 09:34;7865.0;7722.72;SPXW  261005C07865000;0.05;0.15;delta=0.006
2026-10-04 09:34;7870.0;7722.72;SPXW  261005C07870000;0.05;0.1;delta=0.004
2026-10-04 09:34;7875.0;7722.72;SPXW  261005C07875000;0.05;0.15;delta=0.005
2026-10-04 09:34;7880.0;7722.72;SPXW  261005C07880000;0.05;0.15;delta=0.005
2026-10-04 09:34;7885.0;7722.72;SPXW  261005C07885000;0.05;0.15;delta=0.005
2026-10-04 09:34;7890.0;7722.72;SPXW  261005C07890000;0.05;0.15;delta=0.005
2026-10-04 09:34;7895.0;7722.72;SPXW  261005C07895000;0.05;0.15;delta=0.004
2026-10-04 09:34;7900.0;7722.72;SPXW  261005C07900000;0.05;0.1;delta=0.003
2026-10-04 09:34;7905.0;7722.72;SPXW  261005C07905000;0.05;0.1;delta=0.003
2026-10-04 09:34;7910.0;7722.72;SPXW  261005C07910000;0.05;0.1;delta=0.003
2026-10-04 09:34;7915.0;7722.72;SPXW  261005C07915000;0.05;0.1;delta=0.002
2026-10-04 09:34;7920.0;7722.72;SPXW  261005C07920000;0.05;0.1;delta=0.002
2026-10-04 09:34;7925.0;7722.72;SPXW  261005C07925000;0.05;0.1;delta=0.003
2026-10-04 09:34;7930.0;7722.72;SPXW  261005C07930000;0.05;0.1;delta=0.002
2026-10-04 09:34;7935.0;7722.72;SPXW  261005C07935000;0.0;0.0;delta=-999.0
2026-10-04 09:34;7940.0;7722.72;SPXW  261005C07940000;0.05;0.2;delta=0.002
2026-10-04 09:34;7945.0;7722.72;SPXW  261005C07945000;0.0;0.0;delta=-999.0
2026-10-04 09:34;7950.0;7722.72;SPXW  261005C07950000;0.05;0.15;delta=0.002
2026-10-04 09:34;7960.0;7722.72;SPXW  261005C07960000;0.05;0.1;delta=0.002
2026-10-04 09:34;7970.0;7722.72;SPXW  261005C07970000;0.05;0.1;delta=0.002
2026-10-04 09:34;7975.0;7722.72;SPXW  261005C07975000;0.05;0.1;delta=0.001
2026-10-04 09:34;7980.0;7722.72;SPXW  261005C07980000;0.05;0.15;delta=0.002
2026-10-04 09:34;7475.0;7722.72;SPXW  261005P07475000;0.15;0.25;delta=-0.006
2026-10-04 09:34;7480.0;7722.72;SPXW  261005P07480000;0.15;0.25;delta=-0.006
2026-10-04 09:34;7485.0;7722.72;SPXW  261005P07485000;0.15;0.25;delta=-0.006
2026-10-04 09:34;7490.0;7722.72;SPXW  261005P07490000;0.15;0.25;delta=-0.007
2026-10-04 09:34;7495.0;7722.72;SPXW  261005P07495000;0.15;0.25;delta=-0.007
2026-10-04 09:34;7500.0;7722.72;SPXW  261005P07500000;0.15;0.25;delta=-0.007
2026-10-04 09:34;7505.0;7722.72;SPXW  261005P07505000;0.15;0.3;delta=-0.008
2026-10-04 09:34;7510.0;7722.72;SPXW  261005P07510000;0.2;0.3;delta=-0.008
2026-10-04 09:34;7515.0;7722.72;SPXW  261005P07515000;0.25;0.3;delta=-0.009
2026-10-04 09:34;7520.0;7722.72;SPXW  261005P07520000;0.2;0.3;delta=-0.009
2026-10-04 09:34;7525.0;7722.72;SPXW  261005P07525000;0.2;0.3;delta=-0.009
2026-10-04 09:34;7530.0;7722.72;SPXW  261005P07530000;0.2;0.35;delta=-0.01
2026-10-04 09:34;7535.0;7722.72;SPXW  261005P07535000;0.25;0.35;delta=-0.011
2026-10-04 09:34;7540.0;7722.72;SPXW  261005P07540000;0.3;0.35;delta=-0.012
2026-10-04 09:34;7545.0;7722.72;SPXW  261005P07545000;0.25;0.4;delta=-0.012
2026-10-04 09:34;7550.0;7722.72;SPXW  261005P07550000;0.25;0.4;delta=-0.012
2026-10-04 09:34;7555.0;7722.72;SPXW  261005P07555000;0.3;0.4;delta=-0.013
2026-10-04 09:34;7560.0;7722.72;SPXW  261005P07560000;0.3;0.45;delta=-0.014
2026-10-04 09:34;7565.0;7722.72;SPXW  261005P07565000;0.4;0.45;delta=-0.016
2026-10-04 09:34;7570.0;7722.72;SPXW  261005P07570000;0.4;0.5;delta=-0.017
2026-10-04 09:34;7575.0;7722.72;SPXW  261005P07575000;0.4;0.55;delta=-0.018
2026-10-04 09:34;7580.0;7722.72;SPXW  261005P07580000;0.45;0.6;delta=-0.02
2026-10-04 09:34;7585.0;7722.72;SPXW  261005P07585000;0.5;0.65;delta=-0.023
2026-10-04 09:34;7590.0;7722.72;SPXW  261005P07590000;0.6;0.7;delta=-0.025
2026-10-04 09:34;7595.0;7722.72;SPXW  261005P07595000;0.65;0.75;delta=-0.028
2026-10-04 09:34;7600.0;7722.72;SPXW  261005P07600000;0.7;0.85;delta=-0.031
2026-10-04 09:34;7605.0;7722.72;SPXW  261005P07605000;0.8;0.9;delta=-0.034
2026-10-04 09:34;7610.0;7722.72;SPXW  261005P07610000;0.9;1.05;delta=-0.038
2026-10-04 09:34;7615.0;7722.72;SPXW  261005P07615000;1.05;1.2;delta=-0.044
2026-10-04 09:34;7620.0;7722.72;SPXW  261005P07620000;1.2;1.35;delta=-0.05
2026-10-04 09:34;7625.0;7722.72;SPXW  261005P07625000;1.4;1.55;delta=-0.057
2026-10-04 09:34;7630.0;7722.72;SPXW  261005P07630000;1.6;1.75;delta=-0.064
2026-10-04 09:34;7635.0;7722.72;SPXW  261005P07635000;1.8;2.0;delta=-0.072
2026-10-04 09:34;7640.0;7722.72;SPXW  261005P07640000;2.15;2.25;delta=-0.082
2026-10-04 09:34;7645.0;7722.72;SPXW  261005P07645000;2.45;2.6;delta=-0.094
2026-10-04 09:34;7650.0;7722.72;SPXW  261005P07650000;2.9;3.0;delta=-0.107
2026-10-04 09:34;7655.0;7722.72;SPXW  261005P07655000;3.2;3.5;delta=-0.121
2026-10-04 09:34;7660.0;7722.72;SPXW  261005P07660000;3.7;4.0;delta=-0.136
2026-10-04 09:34;7665.0;7722.72;SPXW  261005P07665000;4.3;4.5;delta=-0.154
2026-10-04 09:34;7670.0;7722.72;SPXW  261005P07670000;5.0;5.2;delta=-0.174
2026-10-04 09:34;7675.0;7722.72;SPXW  261005P07675000;5.7;6.0;delta=-0.196
2026-10-04 09:34;7680.0;7722.72;SPXW  261005P07680000;6.6;6.9;delta=-0.221
2026-10-04 09:34;7685.0;7722.72;SPXW  261005P07685000;7.5;7.8;delta=-0.247
2026-10-04 09:34;7690.0;7722.72;SPXW  261005P07690000;8.7;8.9;delta=-0.276
2026-10-04 09:34;7695.0;7722.72;SPXW  261005P07695000;9.9;10.1;delta=-0.307
2026-10-04 09:34;7700.0;7722.72;SPXW  261005P07700000;11.2;11.5;delta=-0.34
2026-10-04 09:34;7705.0;7722.72;SPXW  261005P07705000;12.8;13.1;delta=-0.376
2026-10-04 09:34;7710.0;7722.72;SPXW  261005P07710000;14.5;14.8;delta=-0.414
2026-10-04 09:34;7715.0;7722.72;SPXW  261005P07715000;16.3;16.7;delta=-0.454
2026-10-04 09:34;7720.0;7722.72;SPXW  261005P07720000;18.4;18.8;delta=-0.496
2026-10-04 09:34;7725.0;7722.72;SPXW  261005P07725000;20.7;21.1;delta=-0.534
2026-10-04 09:34;7730.0;7722.72;SPXW  261005P07730000;23.1;23.6;delta=-0.572
2026-10-04 09:34;7735.0;7722.72;SPXW  261005P07735000;25.8;26.2;delta=-0.612
2026-10-04 09:34;7740.0;7722.72;SPXW  261005P07740000;28.7;29.1;delta=-0.651
2026-10-04 09:34;7745.0;7722.72;SPXW  261005P07745000;31.8;32.2;delta=-0.689
2026-10-04 09:34;7750.0;7722.72;SPXW  261005P07750000;34.9;35.9;delta=-0.727
2026-10-04 09:34;7755.0;7722.72;SPXW  261005P07755000;38.4;39.4;delta=-0.763
2026-10-04 09:34;7760.0;7722.72;SPXW  261005P07760000;42.1;43.1;delta=-0.796
2026-10-04 09:34;7765.0;7722.72;SPXW  261005P07765000;46.0;47.1;delta=-0.826
2026-10-04 09:34;7770.0;7722.72;SPXW  261005P07770000;49.9;51.3;delta=-0.855
2026-10-04 09:34;7775.0;7722.72;SPXW  261005P07775000;54.2;55.6;delta=-0.88
2026-10-04 09:34;7780.0;7722.72;SPXW  261005P07780000;58.6;60.0;delta=-0.901
2026-10-04 09:34;7785.0;7722.72;SPXW  261005P07785000;63.1;64.5;delta=-0.92
2026-10-04 09:34;7790.0;7722.72;SPXW  261005P07790000;67.7;69.2;delta=-0.934
2026-10-04 09:34;7795.0;7722.72;SPXW  261005P07795000;72.5;73.9;delta=-0.947
2026-10-04 09:34;7800.0;7722.72;SPXW  261005P07800000;77.2;78.7;delta=-0.958
2026-10-04 09:34;7805.0;7722.72;SPXW  261005P07805000;82.1;83.5;delta=-0.964
2026-10-04 09:34;7810.0;7722.72;SPXW  261005P07810000;87.0;88.4;delta=-0.971
2026-10-04 09:34;7815.0;7722.72;SPXW  261005P07815000;91.7;93.4;delta=-0.977
2026-10-04 09:34;7820.0;7722.72;SPXW  261005P07820000;96.6;98.4;delta=-0.98
2026-10-04 09:34;7825.0;7722.72;SPXW  261005P07825000;101.5;105.8;delta=-0.983
2026-10-04 09:34;7830.0;7722.72;SPXW  261005P07830000;106.5;108.3;delta=-0.985
2026-10-04 09:34;7835.0;7722.72;SPXW  261005P07835000;111.4;115.8;delta=-0.988
2026-10-04 09:34;7840.0;7722.72;SPXW  261005P07840000;116.4;120.7;delta=-0.99
2026-10-04 09:34;7845.0;7722.72;SPXW  261005P07845000;121.4;125.3;delta=-0.992
2026-10-04 09:34;7850.0;7722.72;SPXW  261005P07850000;126.5;127.9;delta=-0.991
2026-10-04 09:34;7855.0;7722.72;SPXW  261005P07855000;131.5;132.9;delta=-0.994
2026-10-04 09:34;7860.0;7722.72;SPXW  261005P07860000;136.5;137.9;delta=-0.995
2026-10-04 09:34;7865.0;7722.72;SPXW  261005P07865000;141.5;142.9;delta=-0.994
2026-10-04 09:34;7870.0;7722.72;SPXW  261005P07870000;146.5;147.9;delta=-0.995
2026-10-04 09:34;7875.0;7722.72;SPXW  261005P07875000;151.5;153.0;delta=-0.994
2026-10-04 09:34;7880.0;7722.72;SPXW  261005P07880000;156.5;157.9;delta=-0.995
2026-10-04 09:34;7885.0;7722.72;SPXW  261005P07885000;161.5;163.0;delta=-0.995
2026-10-04 09:34;7890.0;7722.72;SPXW  261005P07890000;146.8;190.2;delta=-0.995
2026-10-04 09:34;7895.0;7722.72;SPXW  261005P07895000;171.5;173.0;delta=-0.996
2026-10-04 09:34;7900.0;7722.72;SPXW  261005P07900000;176.5;178.0;delta=-0.997
2026-10-04 09:34;7905.0;7722.72;SPXW  261005P07905000;181.4;183.0;delta=-0.997
2026-10-04 09:34;7910.0;7722.72;SPXW  261005P07910000;186.4;187.9;delta=-0.997
2026-10-04 09:34;7915.0;7722.72;SPXW  261005P07915000;191.4;192.9;delta=-0.997
2026-10-04 09:34;7920.0;7722.72;SPXW  261005P07920000;196.4;197.9;delta=-0.997
2026-10-04 09:34;7925.0;7722.72;SPXW  261005P07925000;201.4;202.9;delta=-0.996
2026-10-04 09:34;7930.0;7722.72;SPXW  261005P07930000;186.3;230.2;delta=-0.997
2026-10-04 09:34;7935.0;7722.72;SPXW  261005P07935000;0.0;0.0;delta=-999.0
2026-10-04 09:34;7940.0;7722.72;SPXW  261005P07940000;216.4;217.9;delta=-0.997
2026-10-04 09:34;7945.0;7722.72;SPXW  261005P07945000;0.0;0.0;delta=-999.0
2026-10-04 09:34;7950.0;7722.72;SPXW  261005P07950000;226.4;227.9;delta=-0.998
2026-10-04 09:34;7960.0;7722.72;SPXW  261005P07960000;236.4;237.9;delta=-0.998
2026-10-04 09:34;7970.0;7722.72;SPXW  261005P07970000;246.4;247.9;delta=-0.998
2026-10-04 09:34;7975.0;7722.72;SPXW  261005P07975000;251.4;252.9;delta=-0.999
2026-10-04 09:34;7980.0;7722.72;SPXW  261005P07980000;256.4;257.9;delta=-0.998
2026-10-04 09:38;7475.0;7722.72;SPXW  261005C07475000;247.3;248.8;delta=0.994
2026-10-04 09:38;7480.0;7722.72;SPXW  261005C07480000;231.3;254.9;delta=0.993
2026-10-04 09:38;7485.0;7722.72;SPXW  261005C07485000;237.4;238.8;delta=0.993
2026-10-04 09:38;7490.0;7722.72;SPXW  261005C07490000;232.3;233.8;delta=0.993
2026-10-04 09:38;7495.0;7722.72;SPXW  261005C07495000;227.4;228.8;delta=0.993
2026-10-04 09:38;7500.0;7722.72;SPXW  261005C07500000;222.4;223.8;delta=0.993
2026-10-04 09:38;7505.0;7722.72;SPXW  261005C07505000;206.3;230.2;delta=0.992
2026-10-04 09:38;7510.0;7722.72;SPXW  261005C07510000;201.3;225.2;delta=0.991
2026-10-04 09:38;7515.0;7722.72;SPXW  261005C07515000;198.3;218.1;delta=0.99
2026-10-04 09:38;7520.0;7722.72;SPXW  261005C07520000;193.3;213.1;delta=0.991
2026-10-04 09:38;7525.0;7722.72;SPXW  261005C07525000;188.3;208.1;delta=0.991
2026-10-04 09:38;7530.0;7722.72;SPXW  261005C07530000;183.3;203.0;delta=0.99
2026-10-04 09:38;7535.0;7722.72;SPXW  261005C07535000;178.4;189.0;delta=0.989
2026-10-04 09:38;7540.0;7722.72;SPXW  261005C07540000;182.2;184.1;delta=0.988
2026-10-04 09:38;7545.0;7722.72;SPXW  261005C07545000;177.3;179.1;delta=0.988
2026-10-04 09:38;7550.0;7722.72;SPXW  261005C07550000;168.1;174.1;delta=0.987
2026-10-04 09:38;7555.0;7722.72;SPXW  261005C07555000;167.3;169.1;delta=0.986
2026-10-04 09:38;7560.0;7722.72;SPXW  261005C07560000;162.3;164.1;delta=0.985
2026-10-04 09:38;7565.0;7722.72;SPXW  261005C07565000;148.5;159.1;delta=0.984
2026-10-04 09:38;7570.0;7722.72;SPXW  261005C07570000;148.2;154.2;delta=0.982
2026-10-04 09:38;7575.0;7722.72;SPXW  261005C07575000;147.4;149.2;delta=0.981
2026-10-04 09:38;7580.0;7722.72;SPXW  261005C07580000;138.4;144.3;delta=0.979
2026-10-04 09:38;7585.0;7722.72;SPXW  261005C07585000;137.5;139.3;delta=0.977
2026-10-04 09:38;7590.0;7722.72;SPXW  261005C07590000;128.5;134.4;delta=0.974
2026-10-04 09:38;7595.0;7722.72;SPXW  261005C07595000;127.8;129.2;delta=0.972
2026-10-04 09:38;7600.0;7722.72;SPXW  261005C07600000;122.9;124.3;delta=0.969
2026-10-04 09:38;7605.0;7722.72;SPXW  261005C07605000;118.0;119.4;delta=0.966
2026-10-04 09:38;7610.0;7722.72;SPXW  261005C07610000;113.1;114.5;delta=0.961
2026-10-04 09:38;7615.0;7722.72;SPXW  261005C07615000;108.2;109.7;delta=0.956
2026-10-04 09:38;7620.0;7722.72;SPXW  261005C07620000;103.4;104.8;delta=0.95
2026-10-04 09:38;7625.0;7722.72;SPXW  261005C07625000;98.6;100.0;delta=0.943
2026-10-04 09:38;7630.0;7722.72;SPXW  261005C07630000;93.8;95.2;delta=0.936
2026-10-04 09:38;7635.0;7722.72;SPXW  261005C07635000;89.0;90.5;delta=0.927
2026-10-04 09:38;7640.0;7722.72;SPXW  261005C07640000;84.3;85.7;delta=0.917
2026-10-04 09:38;7645.0;7722.72;SPXW  261005C07645000;79.7;81.1;delta=0.906
2026-10-04 09:38;7650.0;7722.72;SPXW  261005C07650000;75.1;76.4;delta=0.893
2026-10-04 09:38;7655.0;7722.72;SPXW  261005C07655000;70.5;71.9;delta=0.879
2026-10-04 09:38;7660.0;7722.72;SPXW  261005C07660000;66.0;67.4;delta=0.863
2026-10-04 09:38;7665.0;7722.72;SPXW  261005C07665000;61.6;63.0;delta=0.846
2026-10-04 09:38;7670.0;7722.72;SPXW  261005C07670000;57.4;58.4;delta=0.825
2026-10-04 09:38;7675.0;7722.72;SPXW  261005C07675000;53.1;54.2;delta=0.803
2026-10-04 09:38;7680.0;7722.72;SPXW  261005C07680000;49.0;50.0;delta=0.779
2026-10-04 09:38;7685.0;7722.72;SPXW  261005C07685000;45.0;46.0;delta=0.753
2026-10-04 09:38;7690.0;7722.72;SPXW  261005C07690000;41.1;42.1;delta=0.724
2026-10-04 09:38;7695.0;7722.72;SPXW  261005C07695000;37.6;38.0;delta=0.693
2026-10-04 09:38;7700.0;7722.72;SPXW  261005C07700000;34.0;34.4;delta=0.659
2026-10-04 09:38;7705.0;7722.72;SPXW  261005C07705000;30.5;30.9;delta=0.623
2026-10-04 09:38;7710.0;7722.72;SPXW  261005C07710000;27.3;27.7;delta=0.585
2026-10-04 09:38;7715.0;7722.72;SPXW  261005C07715000;24.1;24.4;delta=0.546
2026-10-04 09:38;7720.0;7722.72;SPXW  261005C07720000;21.2;21.6;delta=0.504
2026-10-04 09:38;7725.0;7722.72;SPXW  261005C07725000;18.5;18.9;delta=0.466
2026-10-04 09:38;7730.0;7722.72;SPXW  261005C07730000;16.0;16.4;delta=0.427
2026-10-04 09:38;7735.0;7722.72;SPXW  261005C07735000;13.6;14.0;delta=0.388
2026-10-04 09:38;7740.0;7722.72;SPXW  261005C07740000;11.5;11.9;delta=0.349
2026-10-04 09:38;7745.0;7722.72;SPXW  261005C07745000;9.7;10.0;delta=0.311
2026-10-04 09:38;7750.0;7722.72;SPXW  261005C07750000;8.0;8.3;delta=0.273
2026-10-04 09:38;7755.0;7722.72;SPXW  261005C07755000;6.5;6.8;delta=0.237
2026-10-04 09:38;7760.0;7722.72;SPXW  261005C07760000;5.3;5.6;delta=0.204
2026-10-04 09:38;7765.0;7722.72;SPXW  261005C07765000;4.3;4.5;delta=0.174
2026-10-04 09:38;7770.0;7722.72;SPXW  261005C07770000;3.3;3.6;delta=0.145
2026-10-04 09:38;7775.0;7722.72;SPXW  261005C07775000;2.6;2.8;delta=0.119
2026-10-04 09:38;7780.0;7722.72;SPXW  261005C07780000;2.05;2.25;delta=0.099
2026-10-04 09:38;7785.0;7722.72;SPXW  261005C07785000;1.6;1.7;delta=0.08
2026-10-04 09:38;7790.0;7722.72;SPXW  261005C07790000;1.25;1.4;delta=0.066
2026-10-04 09:38;7795.0;7722.72;SPXW  261005C07795000;0.95;1.1;delta=0.053
2026-10-04 09:38;7800.0;7722.72;SPXW  261005C07800000;0.75;0.8;delta=0.042
2026-10-04 09:38;7805.0;7722.72;SPXW  261005C07805000;0.6;0.7;delta=0.035
2026-10-04 09:38;7810.0;7722.72;SPXW  261005C07810000;0.45;0.6;delta=0.029
2026-10-04 09:38;7815.0;7722.72;SPXW  261005C07815000;0.35;0.45;delta=0.023
2026-10-04 09:38;7820.0;7722.72;SPXW  261005C07820000;0.3;0.4;delta=0.02
2026-10-04 09:38;7825.0;7722.72;SPXW  261005C07825000;0.25;0.35;delta=0.017
2026-10-04 09:38;7830.0;7722.72;SPXW  261005C07830000;0.2;0.3;delta=0.014
2026-10-04 09:38;7835.0;7722.72;SPXW  261005C07835000;0.15;0.25;delta=0.012
2026-10-04 09:38;7840.0;7722.72;SPXW  261005C07840000;0.1;0.25;delta=0.01
2026-10-04 09:38;7845.0;7722.72;SPXW  261005C07845000;0.1;0.15;delta=0.007
2026-10-04 09:38;7850.0;7722.72;SPXW  261005C07850000;0.1;0.2;delta=0.008
2026-10-04 09:38;7855.0;7722.72;SPXW  261005C07855000;0.05;0.15;delta=0.006
2026-10-04 09:38;7860.0;7722.72;SPXW  261005C07860000;0.05;0.1;delta=0.005
2026-10-04 09:38;7865.0;7722.72;SPXW  261005C07865000;0.05;0.15;delta=0.006
2026-10-04 09:38;7870.0;7722.72;SPXW  261005C07870000;0.05;0.1;delta=0.004
2026-10-04 09:38;7875.0;7722.72;SPXW  261005C07875000;0.05;0.15;delta=0.005
2026-10-04 09:38;7880.0;7722.72;SPXW  261005C07880000;0.05;0.15;delta=0.005
2026-10-04 09:38;7885.0;7722.72;SPXW  261005C07885000;0.05;0.15;delta=0.005
2026-10-04 09:38;7890.0;7722.72;SPXW  261005C07890000;0.05;0.15;delta=0.005
2026-10-04 09:38;7895.0;7722.72;SPXW  261005C07895000;0.05;0.15;delta=0.004
2026-10-04 09:38;7900.0;7722.72;SPXW  261005C07900000;0.05;0.1;delta=0.003
2026-10-04 09:38;7905.0;7722.72;SPXW  261005C07905000;0.05;0.1;delta=0.003
2026-10-04 09:38;7910.0;7722.72;SPXW  261005C07910000;0.05;0.1;delta=0.003
2026-10-04 09:38;7915.0;7722.72;SPXW  261005C07915000;0.05;0.1;delta=0.002
2026-10-04 09:38;7920.0;7722.72;SPXW  261005C07920000;0.05;0.1;delta=0.002
2026-10-04 09:38;7925.0;7722.72;SPXW  261005C07925000;0.05;0.1;delta=0.003
2026-10-04 09:38;7930.0;7722.72;SPXW  261005C07930000;0.05;0.1;delta=0.002
2026-10-04 09:38;7935.0;7722.72;SPXW  261005C07935000;0.0;0.0;delta=-999.0
2026-10-04 09:38;7940.0;7722.72;SPXW  261005C07940000;0.05;0.2;delta=0.002
2026-10-04 09:38;7945.0;7722.72;SPXW  261005C07945000;0.0;0.0;delta=-999.0
2026-10-04 09:38;7950.0;7722.72;SPXW  261005C07950000;0.05;0.15;delta=0.002
2026-10-04 09:38;7960.0;7722.72;SPXW  261005C07960000;0.05;0.1;delta=0.002
2026-10-04 09:38;7970.0;7722.72;SPXW  261005C07970000;0.05;0.1;delta=0.002
2026-10-04 09:38;7975.0;7722.72;SPXW  261005C07975000;0.05;0.1;delta=0.001
2026-10-04 09:38;7980.0;7722.72;SPXW  261005C07980000;0.05;0.15;delta=0.002
2026-10-04 09:38;7475.0;7722.72;SPXW  261005P07475000;0.15;0.25;delta=-0.006
2026-10-04 09:38;7480.0;7722.72;SPXW  261005P07480000;0.15;0.25;delta=-0.006
2026-10-04 09:38;7485.0;7722.72;SPXW  261005P07485000;0.15;0.25;delta=-0.006
2026-10-04 09:38;7490.0;7722.72;SPXW  261005P07490000;0.15;0.25;delta=-0.007
2026-10-04 09:38;7495.0;7722.72;SPXW  261005P07495000;0.15;0.25;delta=-0.007
2026-10-04 09:38;7500.0;7722.72;SPXW  261005P07500000;0.15;0.25;delta=-0.007
2026-10-04 09:38;7505.0;7722.72;SPXW  261005P07505000;0.15;0.3;delta=-0.008
2026-10-04 09:38;7510.0;7722.72;SPXW  261005P07510000;0.2;0.3;delta=-0.008
2026-10-04 09:38;7515.0;7722.72;SPXW  261005P07515000;0.25;0.3;delta=-0.009
2026-10-04 09:38;7520.0;7722.72;SPXW  261005P07520000;0.2;0.3;delta=-0.009
2026-10-04 09:38;7525.0;7722.72;SPXW  261005P07525000;0.2;0.3;delta=-0.009
2026-10-04 09:38;7530.0;7722.72;SPXW  261005P07530000;0.2;0.35;delta=-0.01
2026-10-04 09:38;7535.0;7722.72;SPXW  261005P07535000;0.25;0.35;delta=-0.011
2026-10-04 09:38;7540.0;7722.72;SPXW  261005P07540000;0.3;0.35;delta=-0.012
2026-10-04 09:38;7545.0;7722.72;SPXW  261005P07545000;0.25;0.4;delta=-0.012
2026-10-04 09:38;7550.0;7722.72;SPXW  261005P07550000;0.25;0.4;delta=-0.012
2026-10-04 09:38;7555.0;7722.72;SPXW  261005P07555000;0.3;0.4;delta=-0.013
2026-10-04 09:38;7560.0;7722.72;SPXW  261005P07560000;0.3;0.45;delta=-0.014
2026-10-04 09:38;7565.0;7722.72;SPXW  261005P07565000;0.4;0.45;delta=-0.016
2026-10-04 09:38;7570.0;7722.72;SPXW  261005P07570000;0.4;0.5;delta=-0.017
2026-10-04 09:38;7575.0;7722.72;SPXW  261005P07575000;0.4;0.55;delta=-0.018
2026-10-04 09:38;7580.0;7722.72;SPXW  261005P07580000;0.45;0.6;delta=-0.02
2026-10-04 09:38;7585.0;7722.72;SPXW  261005P07585000;0.5;0.65;delta=-0.023
2026-10-04 09:38;7590.0;7722.72;SPXW  261005P07590000;0.6;0.7;delta=-0.025
2026-10-04 09:38;7595.0;7722.72;SPXW  261005P07595000;0.65;0.75;delta=-0.028
2026-10-04 09:38;7600.0;7722.72;SPXW  261005P07600000;0.7;0.85;delta=-0.031
2026-10-04 09:38;7605.0;7722.72;SPXW  261005P07605000;0.8;0.9;delta=-0.034
2026-10-04 09:38;7610.0;7722.72;SPXW  261005P07610000;0.9;1.05;delta=-0.038
2026-10-04 09:38;7615.0;7722.72;SPXW  261005P07615000;1.05;1.2;delta=-0.044
2026-10-04 09:38;7620.0;7722.72;SPXW  261005P07620000;1.2;1.35;delta=-0.05
2026-10-04 09:38;7625.0;7722.72;SPXW  261005P07625000;1.4;1.55;delta=-0.057
2026-10-04 09:38;7630.0;7722.72;SPXW  261005P07630000;1.6;1.75;delta=-0.064
2026-10-04 09:38;7635.0;7722.72;SPXW  261005P07635000;1.8;2.0;delta=-0.072
2026-10-04 09:38;7640.0;7722.72;SPXW  261005P07640000;2.15;2.25;delta=-0.082
2026-10-04 09:38;7645.0;7722.72;SPXW  261005P07645000;2.45;2.6;delta=-0.094
2026-10-04 09:38;7650.0;7722.72;SPXW  261005P07650000;2.9;3.0;delta=-0.107
2026-10-04 09:38;7655.0;7722.72;SPXW  261005P07655000;3.2;3.5;delta=-0.121
2026-10-04 09:38;7660.0;7722.72;SPXW  261005P07660000;3.7;4.0;delta=-0.136
2026-10-04 09:38;7665.0;7722.72;SPXW  261005P07665000;4.3;4.5;delta=-0.154
2026-10-04 09:38;7670.0;7722.72;SPXW  261005P07670000;5.0;5.2;delta=-0.174
2026-10-04 09:38;7675.0;7722.72;SPXW  261005P07675000;5.7;6.0;delta=-0.196
2026-10-04 09:38;7680.0;7722.72;SPXW  261005P07680000;6.6;6.9;delta=-0.221
2026-10-04 09:38;7685.0;7722.72;SPXW  261005P07685000;7.5;7.8;delta=-0.247
2026-10-04 09:38;7690.0;7722.72;SPXW  261005P07690000;8.7;8.9;delta=-0.276
2026-10-04 09:38;7695.0;7722.72;SPXW  261005P07695000;9.9;10.1;delta=-0.307
2026-10-04 09:38;7700.0;7722.72;SPXW  261005P07700000;11.2;11.5;delta=-0.34
2026-10-04 09:38;7705.0;7722.72;SPXW  261005P07705000;12.8;13.1;delta=-0.376
2026-10-04 09:38;7710.0;7722.72;SPXW  261005P07710000;14.5;14.8;delta=-0.414
2026-10-04 09:38;7715.0;7722.72;SPXW  261005P07715000;16.3;16.7;delta=-0.454
2026-10-04 09:38;7720.0;7722.72;SPXW  261005P07720000;18.4;18.8;delta=-0.496
2026-10-04 09:38;7725.0;7722.72;SPXW  261005P07725000;20.7;21.1;delta=-0.534
2026-10-04 09:38;7730.0;7722.72;SPXW  261005P07730000;23.1;23.6;delta=-0.572
2026-10-04 09:38;7735.0;7722.72;SPXW  261005P07735000;25.8;26.2;delta=-0.612
2026-10-04 09:38;7740.0;7722.72;SPXW  261005P07740000;28.7;29.1;delta=-0.651
2026-10-04 09:38;7745.0;7722.72;SPXW  261005P07745000;31.8;32.2;delta=-0.689
2026-10-04 09:38;7750.0;7722.72;SPXW  261005P07750000;34.9;35.9;delta=-0.727
2026-10-04 09:38;7755.0;7722.72;SPXW  261005P07755000;38.4;39.4;delta=-0.763
2026-10-04 09:38;7760.0;7722.72;SPXW  261005P07760000;42.1;43.1;delta=-0.796
2026-10-04 09:38;7765.0;7722.72;SPXW  261005P07765000;46.0;47.1;delta=-0.826
2026-10-04 09:38;7770.0;7722.72;SPXW  261005P07770000;49.9;51.3;delta=-0.855
2026-10-04 09:38;7775.0;7722.72;SPXW  261005P07775000;54.2;55.6;delta=-0.88
2026-10-04 09:38;7780.0;7722.72;SPXW  261005P07780000;58.6;60.0;delta=-0.901
2026-10-04 09:38;7785.0;7722.72;SPXW  261005P07785000;63.1;64.5;delta=-0.92
2026-10-04 09:38;7790.0;7722.72;SPXW  261005P07790000;67.7;69.2;delta=-0.934
2026-10-04 09:38;7795.0;7722.72;SPXW  261005P07795000;72.5;73.9;delta=-0.947
2026-10-04 09:38;7800.0;7722.72;SPXW  261005P07800000;77.2;78.7;delta=-0.958
2026-10-04 09:38;7805.0;7722.72;SPXW  261005P07805000;82.1;83.5;delta=-0.964
2026-10-04 09:38;7810.0;7722.72;SPXW  261005P07810000;87.0;88.4;delta=-0.971
2026-10-04 09:38;7815.0;7722.72;SPXW  261005P07815000;91.7;93.4;delta=-0.977
2026-10-04 09:38;7820.0;7722.72;SPXW  261005P07820000;96.6;98.4;delta=-0.98
2026-10-04 09:38;7825.0;7722.72;SPXW  261005P07825000;101.5;105.8;delta=-0.983
2026-10-04 09:38;7830.0;7722.72;SPXW  261005P07830000;106.5;108.3;delta=-0.985
2026-10-04 09:38;7835.0;7722.72;SPXW  261005P07835000;111.4;115.8;delta=-0.988
2026-10-04 09:38;7840.0;7722.72;SPXW  261005P07840000;116.4;120.7;delta=-0.99
2026-10-04 09:38;7845.0;7722.72;SPXW  261005P07845000;121.4;125.3;delta=-0.992
2026-10-04 09:38;7850.0;7722.72;SPXW  261005P07850000;126.5;127.9;delta=-0.991
2026-10-04 09:38;7855.0;7722.72;SPXW  261005P07855000;131.5;132.9;delta=-0.994
2026-10-04 09:38;7860.0;7722.72;SPXW  261005P07860000;136.5;137.9;delta=-0.995
2026-10-04 09:38;7865.0;7722.72;SPXW  261005P07865000;141.5;142.9;delta=-0.994
2026-10-04 09:38;7870.0;7722.72;SPXW  261005P07870000;146.5;147.9;delta=-0.995
2026-10-04 09:38;7875.0;7722.72;SPXW  261005P07875000;151.5;153.0;delta=-0.994
2026-10-04 09:38;7880.0;7722.72;SPXW  261005P07880000;156.5;157.9;delta=-0.995
2026-10-04 09:38;7885.0;7722.72;SPXW  261005P07885000;161.5;163.0;delta=-0.995
2026-10-04 09:38;7890.0;7722.72;SPXW  261005P07890000;146.8;190.2;delta=-0.995
2026-10-04 09:38;7895.0;7722.72;SPXW  261005P07895000;171.5;173.0;delta=-0.996
2026-10-04 09:38;7900.0;7722.72;SPXW  261005P07900000;176.5;178.0;delta=-0.997
2026-10-04 09:38;7905.0;7722.72;SPXW  261005P07905000;181.4;183.0;delta=-0.997
2026-10-04 09:38;7910.0;7722.72;SPXW  261005P07910000;186.4;187.9;delta=-0.997
2026-10-04 09:38;7915.0;7722.72;SPXW  261005P07915000;191.4;192.9;delta=-0.997
2026-10-04 09:38;7920.0;7722.72;SPXW  261005P07920000;196.4;197.9;delta=-0.997
2026-10-04 09:38;7925.0;7722.72;SPXW  261005P07925000;201.4;202.9;delta=-0.996
2026-10-04 09:38;7930.0;7722.72;SPXW  261005P07930000;186.3;230.2;delta=-0.997
2026-10-04 09:38;7935.0;7722.72;SPXW  261005P07935000;0.0;0.0;delta=-999.0
2026-10-04 09:38;7940.0;7722.72;SPXW  261005P07940000;216.4;217.9;delta=-0.997
2026-10-04 09:38;7945.0;7722.72;SPXW  261005P07945000;0.0;0.0;delta=-999.0
2026-10-04 09:38;7950.0;7722.72;SPXW  261005P07950000;226.4;227.9;delta=-0.998
2026-10-04 09:38;7960.0;7722.72;SPXW  261005P07960000;236.4;237.9;delta=-0.998
2026-10-04 09:38;7970.0;7722.72;SPXW  261005P07970000;246.4;247.9;delta=-0.998
2026-10-04 09:38;7975.0;7722.72;SPXW  261005P07975000;251.4;252.9;delta=-0.999
2026-10-04 09:38;7980.0;7722.72;SPXW  261005P07980000;256.4;257.9;delta=-0.998
2026-10-04 09:42;7475.0;7722.72;SPXW  261005C07475000;247.3;248.8;delta=0.994
2026-10-04 09:42;7480.0;7722.72;SPXW  261005C07480000;231.3;254.9;delta=0.993
2026-10-04 09:42;7485.0;7722.72;SPXW  261005C07485000;237.4;238.8;delta=0.993
2026-10-04 09:42;7490.0;7722.72;SPXW  261005C07490000;232.3;233.8;delta=0.993
2026-10-04 09:42;7495.0;7722.72;SPXW  261005C07495000;227.4;228.8;delta=0.993
2026-10-04 09:42;7500.0;7722.72;SPXW  261005C07500000;222.4;223.8;delta=0.993
2026-10-04 09:42;7505.0;7722.72;SPXW  261005C07505000;206.3;230.2;delta=0.992
2026-10-04 09:42;7510.0;7722.72;SPXW  261005C07510000;201.3;225.2;delta=0.991
2026-10-04 09:42;7515.0;7722.72;SPXW  261005C07515000;198.3;218.1;delta=0.99
2026-10-04 09:42;7520.0;7722.72;SPXW  261005C07520000;193.3;213.1;delta=0.991
2026-10-04 09:42;7525.0;7722.72;SPXW  261005C07525000;188.3;208.1;delta=0.991
2026-10-04 09:42;7530.0;7722.72;SPXW  261005C07530000;183.3;203.0;delta=0.99
2026-10-04 09:42;7535.0;7722.72;SPXW  261005C07535000;178.4;189.0;delta=0.989
2026-10-04 09:42;7540.0;7722.72;SPXW  261005C07540000;182.2;184.1;delta=0.988
2026-10-04 09:42;7545.0;7722.72;SPXW  261005C07545000;177.3;179.1;delta=0.988
2026-10-04 09:42;7550.0;7722.72;SPXW  261005C07550000;168.1;174.1;delta=0.987
2026-10-04 09:42;7555.0;7722.72;SPXW  261005C07555000;167.3;169.1;delta=0.986
2026-10-04 09:42;7560.0;7722.72;SPXW  261005C07560000;162.3;164.1;delta=0.985
2026-10-04 09:42;7565.0;7722.72;SPXW  261005C07565000;148.5;159.1;delta=0.984
2026-10-04 09:42;7570.0;7722.72;SPXW  261005C07570000;148.2;154.2;delta=0.982
2026-10-04 09:42;7575.0;7722.72;SPXW  261005C07575000;147.4;149.2;delta=0.981
2026-10-04 09:42;7580.0;7722.72;SPXW  261005C07580000;138.4;144.3;delta=0.979
2026-10-04 09:42;7585.0;7722.72;SPXW  261005C07585000;137.5;139.3;delta=0.977
2026-10-04 09:42;7590.0;7722.72;SPXW  261005C07590000;128.5;134.4;delta=0.974
2026-10-04 09:42;7595.0;7722.72;SPXW  261005C07595000;127.8;129.2;delta=0.972
2026-10-04 09:42;7600.0;7722.72;SPXW  261005C07600000;122.9;124.3;delta=0.969
2026-10-04 09:42;7605.0;7722.72;SPXW  261005C07605000;118.0;119.4;delta=0.966
2026-10-04 09:42;7610.0;7722.72;SPXW  261005C07610000;113.1;114.5;delta=0.961
2026-10-04 09:42;7615.0;7722.72;SPXW  261005C07615000;108.2;109.7;delta=0.956
2026-10-04 09:42;7620.0;7722.72;SPXW  261005C07620000;103.4;104.8;delta=0.95
2026-10-04 09:42;7625.0;7722.72;SPXW  261005C07625000;98.6;100.0;delta=0.943
2026-10-04 09:42;7630.0;7722.72;SPXW  261005C07630000;93.8;95.2;delta=0.936
2026-10-04 09:42;7635.0;7722.72;SPXW  261005C07635000;89.0;90.5;delta=0.927
2026-10-04 09:42;7640.0;7722.72;SPXW  261005C07640000;84.3;85.7;delta=0.917
2026-10-04 09:42;7645.0;7722.72;SPXW  261005C07645000;79.7;81.1;delta=0.906
2026-10-04 09:42;7650.0;7722.72;SPXW  261005C07650000;75.1;76.4;delta=0.893
2026-10-04 09:42;7655.0;7722.72;SPXW  261005C07655000;70.5;71.9;delta=0.879
2026-10-04 09:42;7660.0;7722.72;SPXW  261005C07660000;66.0;67.4;delta=0.863
2026-10-04 09:42;7665.0;7722.72;SPXW  261005C07665000;61.6;63.0;delta=0.846
2026-10-04 09:42;7670.0;7722.72;SPXW  261005C07670000;57.4;58.4;delta=0.825
2026-10-04 09:42;7675.0;7722.72;SPXW  261005C07675000;53.1;54.2;delta=0.803
2026-10-04 09:42;7680.0;7722.72;SPXW  261005C07680000;49.0;50.0;delta=0.779
2026-10-04 09:42;7685.0;7722.72;SPXW  261005C07685000;45.0;46.0;delta=0.753
2026-10-04 09:42;7690.0;7722.72;SPXW  261005C07690000;41.1;42.1;delta=0.724
2026-10-04 09:42;7695.0;7722.72;SPXW  261005C07695000;37.6;38.0;delta=0.693
2026-10-04 09:42;7700.0;7722.72;SPXW  261005C07700000;34.0;34.4;delta=0.659
2026-10-04 09:42;7705.0;7722.72;SPXW  261005C07705000;30.5;30.9;delta=0.623
2026-10-04 09:42;7710.0;7722.72;SPXW  261005C07710000;27.3;27.7;delta=0.585
2026-10-04 09:42;7715.0;7722.72;SPXW  261005C07715000;24.1;24.4;delta=0.546
2026-10-04 09:42;7720.0;7722.72;SPXW  261005C07720000;21.2;21.6;delta=0.504
2026-10-04 09:42;7725.0;7722.72;SPXW  261005C07725000;18.5;18.9;delta=0.466
2026-10-04 09:42;7730.0;7722.72;SPXW  261005C07730000;16.0;16.4;delta=0.427
2026-10-04 09:42;7735.0;7722.72;SPXW  261005C07735000;13.6;14.0;delta=0.388
2026-10-04 09:42;7740.0;7722.72;SPXW  261005C07740000;11.5;11.9;delta=0.349
2026-10-04 09:42;7745.0;7722.72;SPXW  261005C07745000;9.7;10.0;delta=0.311
2026-10-04 09:42;7750.0;7722.72;SPXW  261005C07750000;8.0;8.3;delta=0.273
2026-10-04 09:42;7755.0;7722.72;SPXW  261005C07755000;6.5;6.8;delta=0.237
2026-10-04 09:42;7760.0;7722.72;SPXW  261005C07760000;5.3;5.6;delta=0.204
2026-10-04 09:42;7765.0;7722.72;SPXW  261005C07765000;4.3;4.5;delta=0.174
2026-10-04 09:42;7770.0;7722.72;SPXW  261005C07770000;3.3;3.6;delta=0.145
2026-10-04 09:42;7775.0;7722.72;SPXW  261005C07775000;2.6;2.8;delta=0.119
2026-10-04 09:42;7780.0;7722.72;SPXW  261005C07780000;2.05;2.25;delta=0.099
2026-10-04 09:42;7785.0;7722.72;SPXW  261005C07785000;1.6;1.7;delta=0.08
2026-10-04 09:42;7790.0;7722.72;SPXW  261005C07790000;1.25;1.4;delta=0.066
2026-10-04 09:42;7795.0;7722.72;SPXW  261005C07795000;0.95;1.1;delta=0.053
2026-10-04 09:42;7800.0;7722.72;SPXW  261005C07800000;0.75;0.8;delta=0.042
2026-10-04 09:42;7805.0;7722.72;SPXW  261005C07805000;0.6;0.7;delta=0.035
2026-10-04 09:42;7810.0;7722.72;SPXW  261005C07810000;0.45;0.6;delta=0.029
2026-10-04 09:42;7815.0;7722.72;SPXW  261005C07815000;0.35;0.45;delta=0.023
2026-10-04 09:42;7820.0;7722.72;SPXW  261005C07820000;0.3;0.4;delta=0.02
2026-10-04 09:42;7825.0;7722.72;SPXW  261005C07825000;0.25;0.35;delta=0.017
2026-10-04 09:42;7830.0;7722.72;SPXW  261005C07830000;0.2;0.3;delta=0.014
2026-10-04 09:42;7835.0;7722.72;SPXW  261005C07835000;0.15;0.25;delta=0.012
2026-10-04 09:42;7840.0;7722.72;SPXW  261005C07840000;0.1;0.25;delta=0.01
2026-10-04 09:42;7845.0;7722.72;SPXW  261005C07845000;0.1;0.15;delta=0.007
2026-10-04 09:42;7850.0;7722.72;SPXW  261005C07850000;0.1;0.2;delta=0.008
2026-10-04 09:42;7855.0;7722.72;SPXW  261005C07855000;0.05;0.15;delta=0.006
2026-10-04 09:42;7860.0;7722.72;SPXW  261005C07860000;0.05;0.1;delta=0.005
2026-10-04 09:42;7865.0;7722.72;SPXW  261005C07865000;0.05;0.15;delta=0.006
2026-10-04 09:42;7870.0;7722.72;SPXW  261005C07870000;0.05;0.1;delta=0.004
2026-10-04 09:42;7875.0;7722.72;SPXW  261005C07875000;0.05;0.15;delta=0.005
2026-10-04 09:42;7880.0;7722.72;SPXW  261005C07880000;0.05;0.15;delta=0.005
2026-10-04 09:42;7885.0;7722.72;SPXW  261005C07885000;0.05;0.15;delta=0.005
2026-10-04 09:42;7890.0;7722.72;SPXW  261005C07890000;0.05;0.15;delta=0.005
2026-10-04 09:42;7895.0;7722.72;SPXW  261005C07895000;0.05;0.15;delta=0.004
2026-10-04 09:42;7900.0;7722.72;SPXW  261005C07900000;0.05;0.1;delta=0.003
2026-10-04 09:42;7905.0;7722.72;SPXW  261005C07905000;0.05;0.1;delta=0.003
2026-10-04 09:42;7910.0;7722.72;SPXW  261005C07910000;0.05;0.1;delta=0.003
2026-10-04 09:42;7915.0;7722.72;SPXW  261005C07915000;0.05;0.1;delta=0.002
2026-10-04 09:42;7920.0;7722.72;SPXW  261005C07920000;0.05;0.1;delta=0.002
2026-10-04 09:42;7925.0;7722.72;SPXW  261005C07925000;0.05;0.1;delta=0.003
2026-10-04 09:42;7930.0;7722.72;SPXW  261005C07930000;0.05;0.1;delta=0.002
2026-10-04 09:42;7935.0;7722.72;SPXW  261005C07935000;0.0;0.0;delta=-999.0
2026-10-04 09:42;7940.0;7722.72;SPXW  261005C07940000;0.05;0.2;delta=0.002
2026-10-04 09:42;7945.0;7722.72;SPXW  261005C07945000;0.0;0.0;delta=-999.0
2026-10-04 09:42;7950.0;7722.72;SPXW  261005C07950000;0.05;0.15;delta=0.002
2026-10-04 09:42;7960.0;7722.72;SPXW  261005C07960000;0.05;0.1;delta=0.002
2026-10-04 09:42;7970.0;7722.72;SPXW  261005C07970000;0.05;0.1;delta=0.002
2026-10-04 09:42;7975.0;7722.72;SPXW  261005C07975000;0.05;0.1;delta=0.001
2026-10-04 09:42;7980.0;7722.72;SPXW  261005C07980000;0.05;0.15;delta=0.002
2026-10-04 09:42;7475.0;7722.72;SPXW  261005P07475000;0.15;0.25;delta=-0.006
2026-10-04 09:42;7480.0;7722.72;SPXW  261005P07480000;0.15;0.25;delta=-0.006
2026-10-04 09:42;7485.0;7722.72;SPXW  261005P07485000;0.15;0.25;delta=-0.006
2026-10-04 09:42;7490.0;7722.72;SPXW  261005P07490000;0.15;0.25;delta=-0.007
2026-10-04 09:42;7495.0;7722.72;SPXW  261005P07495000;0.15;0.25;delta=-0.007
2026-10-04 09:42;7500.0;7722.72;SPXW  261005P07500000;0.15;0.25;delta=-0.007
2026-10-04 09:42;7505.0;7722.72;SPXW  261005P07505000;0.15;0.3;delta=-0.008
2026-10-04 09:42;7510.0;7722.72;SPXW  261005P07510000;0.2;0.3;delta=-0.008
2026-10-04 09:42;7515.0;7722.72;SPXW  261005P07515000;0.25;0.3;delta=-0.009
2026-10-04 09:42;7520.0;7722.72;SPXW  261005P07520000;0.2;0.3;delta=-0.009
2026-10-04 09:42;7525.0;7722.72;SPXW  261005P07525000;0.2;0.3;delta=-0.009
2026-10-04 09:42;7530.0;7722.72;SPXW  261005P07530000;0.2;0.35;delta=-0.01
2026-10-04 09:42;7535.0;7722.72;SPXW  261005P07535000;0.25;0.35;delta=-0.011
2026-10-04 09:42;7540.0;7722.72;SPXW  261005P07540000;0.3;0.35;delta=-0.012
2026-10-04 09:42;7545.0;7722.72;SPXW  261005P07545000;0.25;0.4;delta=-0.012
2026-10-04 09:42;7550.0;7722.72;SPXW  261005P07550000;0.25;0.4;delta=-0.012
2026-10-04 09:42;7555.0;7722.72;SPXW  261005P07555000;0.3;0.4;delta=-0.013
2026-10-04 09:42;7560.0;7722.72;SPXW  261005P07560000;0.3;0.45;delta=-0.014
2026-10-04 09:42;7565.0;7722.72;SPXW  261005P07565000;0.4;0.45;delta=-0.016
2026-10-04 09:42;7570.0;7722.72;SPXW  261005P07570000;0.4;0.5;delta=-0.017
2026-10-04 09:42;7575.0;7722.72;SPXW  261005P07575000;0.4;0.55;delta=-0.018
2026-10-04 09:42;7580.0;7722.72;SPXW  261005P07580000;0.45;0.6;delta=-0.02
2026-10-04 09:42;7585.0;7722.72;SPXW  261005P07585000;0.5;0.65;delta=-0.023
2026-10-04 09:42;7590.0;7722.72;SPXW  261005P07590000;0.6;0.7;delta=-0.025
2026-10-04 09:42;7595.0;7722.72;SPXW  261005P07595000;0.65;0.75;delta=-0.028
2026-10-04 09:42;7600.0;7722.72;SPXW  261005P07600000;0.7;0.85;delta=-0.031
2026-10-04 09:42;7605.0;7722.72;SPXW  261005P07605000;0.8;0.9;delta=-0.034
2026-10-04 09:42;7610.0;7722.72;SPXW  261005P07610000;0.9;1.05;delta=-0.038
2026-10-04 09:42;7615.0;7722.72;SPXW  261005P07615000;1.05;1.2;delta=-0.044
2026-10-04 09:42;7620.0;7722.72;SPXW  261005P07620000;1.2;1.35;delta=-0.05
2026-10-04 09:42;7625.0;7722.72;SPXW  261005P07625000;1.4;1.55;delta=-0.057
2026-10-04 09:42;7630.0;7722.72;SPXW  261005P07630000;1.6;1.75;delta=-0.064
2026-10-04 09:42;7635.0;7722.72;SPXW  261005P07635000;1.8;2.0;delta=-0.072
2026-10-04 09:42;7640.0;7722.72;SPXW  261005P07640000;2.15;2.25;delta=-0.082
2026-10-04 09:42;7645.0;7722.72;SPXW  261005P07645000;2.45;2.6;delta=-0.094
2026-10-04 09:42;7650.0;7722.72;SPXW  261005P07650000;2.9;3.0;delta=-0.107
2026-10-04 09:42;7655.0;7722.72;SPXW  261005P07655000;3.2;3.5;delta=-0.121
2026-10-04 09:42;7660.0;7722.72;SPXW  261005P07660000;3.7;4.0;delta=-0.136
2026-10-04 09:42;7665.0;7722.72;SPXW  261005P07665000;4.3;4.5;delta=-0.154
2026-10-04 09:42;7670.0;7722.72;SPXW  261005P07670000;5.0;5.2;delta=-0.174
2026-10-04 09:42;7675.0;7722.72;SPXW  261005P07675000;5.7;6.0;delta=-0.196
2026-10-04 09:42;7680.0;7722.72;SPXW  261005P07680000;6.6;6.9;delta=-0.221
2026-10-04 09:42;7685.0;7722.72;SPXW  261005P07685000;7.5;7.8;delta=-0.247
2026-10-04 09:42;7690.0;7722.72;SPXW  261005P07690000;8.7;8.9;delta=-0.276
2026-10-04 09:42;7695.0;7722.72;SPXW  261005P07695000;9.9;10.1;delta=-0.307
2026-10-04 09:42;7700.0;7722.72;SPXW  261005P07700000;11.2;11.5;delta=-0.34
2026-10-04 09:42;7705.0;7722.72;SPXW  261005P07705000;12.8;13.1;delta=-0.376
2026-10-04 09:42;7710.0;7722.72;SPXW  261005P07710000;14.5;14.8;delta=-0.414
2026-10-04 09:42;7715.0;7722.72;SPXW  261005P07715000;16.3;16.7;delta=-0.454
2026-10-04 09:42;7720.0;7722.72;SPXW  261005P07720000;18.4;18.8;delta=-0.496
2026-10-04 09:42;7725.0;7722.72;SPXW  261005P07725000;20.7;21.1;delta=-0.534
2026-10-04 09:42;7730.0;7722.72;SPXW  261005P07730000;23.1;23.6;delta=-0.572
2026-10-04 09:42;7735.0;7722.72;SPXW  261005P07735000;25.8;26.2;delta=-0.612
2026-10-04 09:42;7740.0;7722.72;SPXW  261005P07740000;28.7;29.1;delta=-0.651
2026-10-04 09:42;7745.0;7722.72;SPXW  261005P07745000;31.8;32.2;delta=-0.689
2026-10-04 09:42;7750.0;7722.72;SPXW  261005P07750000;34.9;35.9;delta=-0.727
2026-10-04 09:42;7755.0;7722.72;SPXW  261005P07755000;38.4;39.4;delta=-0.763
2026-10-04 09:42;7760.0;7722.72;SPXW  261005P07760000;42.1;43.1;delta=-0.796
2026-10-04 09:42;7765.0;7722.72;SPXW  261005P07765000;46.0;47.1;delta=-0.826
2026-10-04 09:42;7770.0;7722.72;SPXW  261005P07770000;49.9;51.3;delta=-0.855
2026-10-04 09:42;7775.0;7722.72;SPXW  261005P07775000;54.2;55.6;delta=-0.88
2026-10-04 09:42;7780.0;7722.72;SPXW  261005P07780000;58.6;60.0;delta=-0.901
2026-10-04 09:42;7785.0;7722.72;SPXW  261005P07785000;63.1;64.5;delta=-0.92
2026-10-04 09:42;7790.0;7722.72;SPXW  261005P07790000;67.7;69.2;delta=-0.934
2026-10-04 09:42;7795.0;7722.72;SPXW  261005P07795000;72.5;73.9;delta=-0.947
2026-10-04 09:42;7800.0;7722.72;SPXW  261005P07800000;77.2;78.7;delta=-0.958
2026-10-04 09:42;7805.0;7722.72;SPXW  261005P07805000;82.1;83.5;delta=-0.964
2026-10-04 09:42;7810.0;7722.72;SPXW  261005P07810000;87.0;88.4;delta=-0.971
2026-10-04 09:42;7815.0;7722.72;SPXW  261005P07815000;91.7;93.4;delta=-0.977
2026-10-04 09:42;7820.0;7722.72;SPXW  261005P07820000;96.6;98.4;delta=-0.98
2026-10-04 09:42;7825.0;7722.72;SPXW  261005P07825000;101.5;105.8;delta=-0.983
2026-10-04 09:42;7830.0;7722.72;SPXW  261005P07830000;106.5;108.3;delta=-0.985
2026-10-04 09:42;7835.0;7722.72;SPXW  261005P07835000;111.4;115.8;delta=-0.988
2026-10-04 09:42;7840.0;7722.72;SPXW  261005P07840000;116.4;120.7;delta=-0.99
2026-10-04 09:42;7845.0;7722.72;SPXW  261005P07845000;121.4;125.3;delta=-0.992
2026-10-04 09:42;7850.0;7722.72;SPXW  261005P07850000;126.5;127.9;delta=-0.991
2026-10-04 09:42;7855.0;7722.72;SPXW  261005P07855000;131.5;132.9;delta=-0.994
2026-10-04 09:42;7860.0;7722.72;SPXW  261005P07860000;136.5;137.9;delta=-0.995
2026-10-04 09:42;7865.0;7722.72;SPXW  261005P07865000;141.5;142.9;delta=-0.994
2026-10-04 09:42;7870.0;7722.72;SPXW  261005P07870000;146.5;147.9;delta=-0.995
2026-10-04 09:42;7875.0;7722.72;SPXW  261005P07875000;151.5;153.0;delta=-0.994
2026-10-04 09:42;7880.0;7722.72;SPXW  261005P07880000;156.5;157.9;delta=-0.995
2026-10-04 09:42;7885.0;7722.72;SPXW  261005P07885000;161.5;163.0;delta=-0.995
2026-10-04 09:42;7890.0;7722.72;SPXW  261005P07890000;146.8;190.2;delta=-0.995
2026-10-04 09:42;7895.0;7722.72;SPXW  261005P07895000;171.5;173.0;delta=-0.996
2026-10-04 09:42;7900.0;7722.72;SPXW  261005P07900000;176.5;178.0;delta=-0.997
2026-10-04 09:42;7905.0;7722.72;SPXW  261005P07905000;181.4;183.0;delta=-0.997
2026-10-04 09:42;7910.0;7722.72;SPXW  261005P07910000;186.4;187.9;delta=-0.997
2026-10-04 09:42;7915.0;7722.72;SPXW  261005P07915000;191.4;192.9;delta=-0.997
2026-10-04 09:42;7920.0;7722.72;SPXW  261005P07920000;196.4;197.9;delta=-0.997
2026-10-04 09:42;7925.0;7722.72;SPXW  261005P07925000;201.4;202.9;delta=-0.996
2026-10-04 09:42;7930.0;7722.72;SPXW  261005P07930000;186.3;230.2;delta=-0.997
2026-10-04 09:42;7935.0;7722.72;SPXW  261005P07935000;0.0;0.0;delta=-999.0
2026-10-04 09:42;7940.0;7722.72;SPXW  261005P07940000;216.4;217.9;delta=-0.997
2026-10-04 09:42;7945.0;7722.72;SPXW  261005P07945000;0.0;0.0;delta=-999.0
2026-10-04 09:42;7950.0;7722.72;SPXW  261005P07950000;226.4;227.9;delta=-0.998
2026-10-04 09:42;7960.0;7722.72;SPXW  261005P07960000;236.4;237.9;delta=-0.998
2026-10-04 09:42;7970.0;7722.72;SPXW  261005P07970000;246.4;247.9;delta=-0.998
2026-10-04 09:42;7975.0;7722.72;SPXW  261005P07975000;251.4;252.9;delta=-0.999
2026-10-04 09:42;7980.0;7722.72;SPXW  261005P07980000;256.4;257.9;delta=-0.998
2026-10-04 09:47;7475.0;7722.72;SPXW  261005C07475000;247.3;248.8;delta=0.994
2026-10-04 09:47;7480.0;7722.72;SPXW  261005C07480000;231.3;254.9;delta=0.993
2026-10-04 09:47;7485.0;7722.72;SPXW  261005C07485000;237.4;238.8;delta=0.993
2026-10-04 09:47;7490.0;7722.72;SPXW  261005C07490000;232.3;233.8;delta=0.993
2026-10-04 09:47;7495.0;7722.72;SPXW  261005C07495000;227.4;228.8;delta=0.993
2026-10-04 09:47;7500.0;7722.72;SPXW  261005C07500000;222.4;223.8;delta=0.993
2026-10-04 09:47;7505.0;7722.72;SPXW  261005C07505000;206.3;230.2;delta=0.992
2026-10-04 09:47;7510.0;7722.72;SPXW  261005C07510000;201.3;225.2;delta=0.991
2026-10-04 09:47;7515.0;7722.72;SPXW  261005C07515000;198.3;218.1;delta=0.99
2026-10-04 09:47;7520.0;7722.72;SPXW  261005C07520000;193.3;213.1;delta=0.991
2026-10-04 09:47;7525.0;7722.72;SPXW  261005C07525000;188.3;208.1;delta=0.991
2026-10-04 09:47;7530.0;7722.72;SPXW  261005C07530000;183.3;203.0;delta=0.99
2026-10-04 09:47;7535.0;7722.72;SPXW  261005C07535000;178.4;189.0;delta=0.989
2026-10-04 09:47;7540.0;7722.72;SPXW  261005C07540000;182.2;184.1;delta=0.988
2026-10-04 09:47;7545.0;7722.72;SPXW  261005C07545000;177.3;179.1;delta=0.988
2026-10-04 09:47;7550.0;7722.72;SPXW  261005C07550000;168.1;174.1;delta=0.987
2026-10-04 09:47;7555.0;7722.72;SPXW  261005C07555000;167.3;169.1;delta=0.986
2026-10-04 09:47;7560.0;7722.72;SPXW  261005C07560000;162.3;164.1;delta=0.985
2026-10-04 09:47;7565.0;7722.72;SPXW  261005C07565000;148.5;159.1;delta=0.984
2026-10-04 09:47;7570.0;7722.72;SPXW  261005C07570000;148.2;154.2;delta=0.982
2026-10-04 09:47;7575.0;7722.72;SPXW  261005C07575000;147.4;149.2;delta=0.981
2026-10-04 09:47;7580.0;7722.72;SPXW  261005C07580000;138.4;144.3;delta=0.979
2026-10-04 09:47;7585.0;7722.72;SPXW  261005C07585000;137.5;139.3;delta=0.977
2026-10-04 09:47;7590.0;7722.72;SPXW  261005C07590000;128.5;134.4;delta=0.974
2026-10-04 09:47;7595.0;7722.72;SPXW  261005C07595000;127.8;129.2;delta=0.972
2026-10-04 09:47;7600.0;7722.72;SPXW  261005C07600000;122.9;124.3;delta=0.969
2026-10-04 09:47;7605.0;7722.72;SPXW  261005C07605000;118.0;119.4;delta=0.966
2026-10-04 09:47;7610.0;7722.72;SPXW  261005C07610000;113.1;114.5;delta=0.961
2026-10-04 09:47;7615.0;7722.72;SPXW  261005C07615000;108.2;109.7;delta=0.956
2026-10-04 09:47;7620.0;7722.72;SPXW  261005C07620000;103.4;104.8;delta=0.95
2026-10-04 09:47;7625.0;7722.72;SPXW  261005C07625000;98.6;100.0;delta=0.943
2026-10-04 09:47;7630.0;7722.72;SPXW  261005C07630000;93.8;95.2;delta=0.936
2026-10-04 09:47;7635.0;7722.72;SPXW  261005C07635000;89.0;90.5;delta=0.927
2026-10-04 09:47;7640.0;7722.72;SPXW  261005C07640000;84.3;85.7;delta=0.917
2026-10-04 09:47;7645.0;7722.72;SPXW  261005C07645000;79.7;81.1;delta=0.906
2026-10-04 09:47;7650.0;7722.72;SPXW  261005C07650000;75.1;76.4;delta=0.893
2026-10-04 09:47;7655.0;7722.72;SPXW  261005C07655000;70.5;71.9;delta=0.879
2026-10-04 09:47;7660.0;7722.72;SPXW  261005C07660000;66.0;67.4;delta=0.863
2026-10-04 09:47;7665.0;7722.72;SPXW  261005C07665000;61.6;63.0;delta=0.846
2026-10-04 09:47;7670.0;7722.72;SPXW  261005C07670000;57.4;58.4;delta=0.825
2026-10-04 09:47;7675.0;7722.72;SPXW  261005C07675000;53.1;54.2;delta=0.803
2026-10-04 09:47;7680.0;7722.72;SPXW  261005C07680000;49.0;50.0;delta=0.779
2026-10-04 09:47;7685.0;7722.72;SPXW  261005C07685000;45.0;46.0;delta=0.753
2026-10-04 09:47;7690.0;7722.72;SPXW  261005C07690000;41.1;42.1;delta=0.724
2026-10-04 09:47;7695.0;7722.72;SPXW  261005C07695000;37.6;38.0;delta=0.693
2026-10-04 09:47;7700.0;7722.72;SPXW  261005C07700000;34.0;34.4;delta=0.659
2026-10-04 09:47;7705.0;7722.72;SPXW  261005C07705000;30.5;30.9;delta=0.623
2026-10-04 09:47;7710.0;7722.72;SPXW  261005C07710000;27.3;27.7;delta=0.585
2026-10-04 09:47;7715.0;7722.72;SPXW  261005C07715000;24.1;24.4;delta=0.546
2026-10-04 09:47;7720.0;7722.72;SPXW  261005C07720000;21.2;21.6;delta=0.504
2026-10-04 09:47;7725.0;7722.72;SPXW  261005C07725000;18.5;18.9;delta=0.466
2026-10-04 09:47;7730.0;7722.72;SPXW  261005C07730000;16.0;16.4;delta=0.427
2026-10-04 09:47;7735.0;7722.72;SPXW  261005C07735000;13.6;14.0;delta=0.388
2026-10-04 09:47;7740.0;7722.72;SPXW  261005C07740000;11.5;11.9;delta=0.349
2026-10-04 09:47;7745.0;7722.72;SPXW  261005C07745000;9.7;10.0;delta=0.311
2026-10-04 09:47;7750.0;7722.72;SPXW  261005C07750000;8.0;8.3;delta=0.273
2026-10-04 09:47;7755.0;7722.72;SPXW  261005C07755000;6.5;6.8;delta=0.237
2026-10-04 09:47;7760.0;7722.72;SPXW  261005C07760000;5.3;5.6;delta=0.204
2026-10-04 09:47;7765.0;7722.72;SPXW  261005C07765000;4.3;4.5;delta=0.174
2026-10-04 09:47;7770.0;7722.72;SPXW  261005C07770000;3.3;3.6;delta=0.145
2026-10-04 09:47;7775.0;7722.72;SPXW  261005C07775000;2.6;2.8;delta=0.119
2026-10-04 09:47;7780.0;7722.72;SPXW  261005C07780000;2.05;2.25;delta=0.099
2026-10-04 09:47;7785.0;7722.72;SPXW  261005C07785000;1.6;1.7;delta=0.08
2026-10-04 09:47;7790.0;7722.72;SPXW  261005C07790000;1.25;1.4;delta=0.066
2026-10-04 09:47;7795.0;7722.72;SPXW  261005C07795000;0.95;1.1;delta=0.053
2026-10-04 09:47;7800.0;7722.72;SPXW  261005C07800000;0.75;0.8;delta=0.042
2026-10-04 09:47;7805.0;7722.72;SPXW  261005C07805000;0.6;0.7;delta=0.035
2026-10-04 09:47;7810.0;7722.72;SPXW  261005C07810000;0.45;0.6;delta=0.029
2026-10-04 09:47;7815.0;7722.72;SPXW  261005C07815000;0.35;0.45;delta=0.023
2026-10-04 09:47;7820.0;7722.72;SPXW  261005C07820000;0.3;0.4;delta=0.02
2026-10-04 09:47;7825.0;7722.72;SPXW  261005C07825000;0.25;0.35;delta=0.017
2026-10-04 09:47;7830.0;7722.72;SPXW  261005C07830000;0.2;0.3;delta=0.014
2026-10-04 09:47;7835.0;7722.72;SPXW  261005C07835000;0.15;0.25;delta=0.012
2026-10-04 09:47;7840.0;7722.72;SPXW  261005C07840000;0.1;0.25;delta=0.01
2026-10-04 09:47;7845.0;7722.72;SPXW  261005C07845000;0.1;0.15;delta=0.007
2026-10-04 09:47;7850.0;7722.72;SPXW  261005C07850000;0.1;0.2;delta=0.008
2026-10-04 09:47;7855.0;7722.72;SPXW  261005C07855000;0.05;0.15;delta=0.006
2026-10-04 09:47;7860.0;7722.72;SPXW  261005C07860000;0.05;0.1;delta=0.005
2026-10-04 09:47;7865.0;7722.72;SPXW  261005C07865000;0.05;0.15;delta=0.006
2026-10-04 09:47;7870.0;7722.72;SPXW  261005C07870000;0.05;0.1;delta=0.004
2026-10-04 09:47;7875.0;7722.72;SPXW  261005C07875000;0.05;0.15;delta=0.005
2026-10-04 09:47;7880.0;7722.72;SPXW  261005C07880000;0.05;0.15;delta=0.005
2026-10-04 09:47;7885.0;7722.72;SPXW  261005C07885000;0.05;0.15;delta=0.005
2026-10-04 09:47;7890.0;7722.72;SPXW  261005C07890000;0.05;0.15;delta=0.005
2026-10-04 09:47;7895.0;7722.72;SPXW  261005C07895000;0.05;0.15;delta=0.004
2026-10-04 09:47;7900.0;7722.72;SPXW  261005C07900000;0.05;0.1;delta=0.003
2026-10-04 09:47;7905.0;7722.72;SPXW  261005C07905000;0.05;0.1;delta=0.003
2026-10-04 09:47;7910.0;7722.72;SPXW  261005C07910000;0.05;0.1;delta=0.003
2026-10-04 09:47;7915.0;7722.72;SPXW  261005C07915000;0.05;0.1;delta=0.002
2026-10-04 09:47;7920.0;7722.72;SPXW  261005C07920000;0.05;0.1;delta=0.002
2026-10-04 09:47;7925.0;7722.72;SPXW  261005C07925000;0.05;0.1;delta=0.003
2026-10-04 09:47;7930.0;7722.72;SPXW  261005C07930000;0.05;0.1;delta=0.002
2026-10-04 09:47;7935.0;7722.72;SPXW  261005C07935000;0.0;0.0;delta=-999.0
2026-10-04 09:47;7940.0;7722.72;SPXW  261005C07940000;0.05;0.2;delta=0.002
2026-10-04 09:47;7945.0;7722.72;SPXW  261005C07945000;0.0;0.0;delta=-999.0
2026-10-04 09:47;7950.0;7722.72;SPXW  261005C07950000;0.05;0.15;delta=0.002
2026-10-04 09:47;7960.0;7722.72;SPXW  261005C07960000;0.05;0.1;delta=0.002
2026-10-04 09:47;7970.0;7722.72;SPXW  261005C07970000;0.05;0.1;delta=0.002
2026-10-04 09:47;7975.0;7722.72;SPXW  261005C07975000;0.05;0.1;delta=0.001
2026-10-04 09:47;7980.0;7722.72;SPXW  261005C07980000;0.05;0.15;delta=0.002
2026-10-04 09:47;7475.0;7722.72;SPXW  261005P07475000;0.15;0.25;delta=-0.006
2026-10-04 09:47;7480.0;7722.72;SPXW  261005P07480000;0.15;0.25;delta=-0.006
2026-10-04 09:47;7485.0;7722.72;SPXW  261005P07485000;0.15;0.25;delta=-0.006
2026-10-04 09:47;7490.0;7722.72;SPXW  261005P07490000;0.15;0.25;delta=-0.007
2026-10-04 09:47;7495.0;7722.72;SPXW  261005P07495000;0.15;0.25;delta=-0.007
2026-10-04 09:47;7500.0;7722.72;SPXW  261005P07500000;0.15;0.25;delta=-0.007
2026-10-04 09:47;7505.0;7722.72;SPXW  261005P07505000;0.15;0.3;delta=-0.008
2026-10-04 09:47;7510.0;7722.72;SPXW  261005P07510000;0.2;0.3;delta=-0.008
2026-10-04 09:47;7515.0;7722.72;SPXW  261005P07515000;0.25;0.3;delta=-0.009
2026-10-04 09:47;7520.0;7722.72;SPXW  261005P07520000;0.2;0.3;delta=-0.009
2026-10-04 09:47;7525.0;7722.72;SPXW  261005P07525000;0.2;0.3;delta=-0.009
2026-10-04 09:47;7530.0;7722.72;SPXW  261005P07530000;0.2;0.35;delta=-0.01
2026-10-04 09:47;7535.0;7722.72;SPXW  261005P07535000;0.25;0.35;delta=-0.011
2026-10-04 09:47;7540.0;7722.72;SPXW  261005P07540000;0.3;0.35;delta=-0.012
2026-10-04 09:47;7545.0;7722.72;SPXW  261005P07545000;0.25;0.4;delta=-0.012
2026-10-04 09:47;7550.0;7722.72;SPXW  261005P07550000;0.25;0.4;delta=-0.012
2026-10-04 09:47;7555.0;7722.72;SPXW  261005P07555000;0.3;0.4;delta=-0.013
2026-10-04 09:47;7560.0;7722.72;SPXW  261005P07560000;0.3;0.45;delta=-0.014
2026-10-04 09:47;7565.0;7722.72;SPXW  261005P07565000;0.4;0.45;delta=-0.016
2026-10-04 09:47;7570.0;7722.72;SPXW  261005P07570000;0.4;0.5;delta=-0.017
2026-10-04 09:47;7575.0;7722.72;SPXW  261005P07575000;0.4;0.55;delta=-0.018
2026-10-04 09:47;7580.0;7722.72;SPXW  261005P07580000;0.45;0.6;delta=-0.02
2026-10-04 09:47;7585.0;7722.72;SPXW  261005P07585000;0.5;0.65;delta=-0.023
2026-10-04 09:47;7590.0;7722.72;SPXW  261005P07590000;0.6;0.7;delta=-0.025
2026-10-04 09:47;7595.0;7722.72;SPXW  261005P07595000;0.65;0.75;delta=-0.028
2026-10-04 09:47;7600.0;7722.72;SPXW  261005P07600000;0.7;0.85;delta=-0.031
2026-10-04 09:47;7605.0;7722.72;SPXW  261005P07605000;0.8;0.9;delta=-0.034
2026-10-04 09:47;7610.0;7722.72;SPXW  261005P07610000;0.9;1.05;delta=-0.038
2026-10-04 09:47;7615.0;7722.72;SPXW  261005P07615000;1.05;1.2;delta=-0.044
2026-10-04 09:47;7620.0;7722.72;SPXW  261005P07620000;1.2;1.35;delta=-0.05
2026-10-04 09:47;7625.0;7722.72;SPXW  261005P07625000;1.4;1.55;delta=-0.057
2026-10-04 09:47;7630.0;7722.72;SPXW  261005P07630000;1.6;1.75;delta=-0.064
2026-10-04 09:47;7635.0;7722.72;SPXW  261005P07635000;1.8;2.0;delta=-0.072
2026-10-04 09:47;7640.0;7722.72;SPXW  261005P07640000;2.15;2.25;delta=-0.082
2026-10-04 09:47;7645.0;7722.72;SPXW  261005P07645000;2.45;2.6;delta=-0.094
2026-10-04 09:47;7650.0;7722.72;SPXW  261005P07650000;2.9;3.0;delta=-0.107
2026-10-04 09:47;7655.0;7722.72;SPXW  261005P07655000;3.2;3.5;delta=-0.121
2026-10-04 09:47;7660.0;7722.72;SPXW  261005P07660000;3.7;4.0;delta=-0.136
2026-10-04 09:47;7665.0;7722.72;SPXW  261005P07665000;4.3;4.5;delta=-0.154
2026-10-04 09:47;7670.0;7722.72;SPXW  261005P07670000;5.0;5.2;delta=-0.174
2026-10-04 09:47;7675.0;7722.72;SPXW  261005P07675000;5.7;6.0;delta=-0.196
2026-10-04 09:47;7680.0;7722.72;SPXW  261005P07680000;6.6;6.9;delta=-0.221
2026-10-04 09:47;7685.0;7722.72;SPXW  261005P07685000;7.5;7.8;delta=-0.247
2026-10-04 09:47;7690.0;7722.72;SPXW  261005P07690000;8.7;8.9;delta=-0.276
2026-10-04 09:47;7695.0;7722.72;SPXW  261005P07695000;9.9;10.1;delta=-0.307
2026-10-04 09:47;7700.0;7722.72;SPXW  261005P07700000;11.2;11.5;delta=-0.34
2026-10-04 09:47;7705.0;7722.72;SPXW  261005P07705000;12.8;13.1;delta=-0.376
2026-10-04 09:47;7710.0;7722.72;SPXW  261005P07710000;14.5;14.8;delta=-0.414
2026-10-04 09:47;7715.0;7722.72;SPXW  261005P07715000;16.3;16.7;delta=-0.454
2026-10-04 09:47;7720.0;7722.72;SPXW  261005P07720000;18.4;18.8;delta=-0.496
2026-10-04 09:47;7725.0;7722.72;SPXW  261005P07725000;20.7;21.1;delta=-0.534
2026-10-04 09:47;7730.0;7722.72;SPXW  261005P07730000;23.1;23.6;delta=-0.572
2026-10-04 09:47;7735.0;7722.72;SPXW  261005P07735000;25.8;26.2;delta=-0.612
2026-10-04 09:47;7740.0;7722.72;SPXW  261005P07740000;28.7;29.1;delta=-0.651
2026-10-04 09:47;7745.0;7722.72;SPXW  261005P07745000;31.8;32.2;delta=-0.689
2026-10-04 09:47;7750.0;7722.72;SPXW  261005P07750000;34.9;35.9;delta=-0.727
2026-10-04 09:47;7755.0;7722.72;SPXW  261005P07755000;38.4;39.4;delta=-0.763
2026-10-04 09:47;7760.0;7722.72;SPXW  261005P07760000;42.1;43.1;delta=-0.796
2026-10-04 09:47;7765.0;7722.72;SPXW  261005P07765000;46.0;47.1;delta=-0.826
2026-10-04 09:47;7770.0;7722.72;SPXW  261005P07770000;49.9;51.3;delta=-0.855
2026-10-04 09:47;7775.0;7722.72;SPXW  261005P07775000;54.2;55.6;delta=-0.88
2026-10-04 09:47;7780.0;7722.72;SPXW  261005P07780000;58.6;60.0;delta=-0.901
2026-10-04 09:47;7785.0;7722.72;SPXW  261005P07785000;63.1;64.5;delta=-0.92
2026-10-04 09:47;7790.0;7722.72;SPXW  261005P07790000;67.7;69.2;delta=-0.934
2026-10-04 09:47;7795.0;7722.72;SPXW  261005P07795000;72.5;73.9;delta=-0.947
2026-10-04 09:47;7800.0;7722.72;SPXW  261005P07800000;77.2;78.7;delta=-0.958
2026-10-04 09:47;7805.0;7722.72;SPXW  261005P07805000;82.1;83.5;delta=-0.964
2026-10-04 09:47;7810.0;7722.72;SPXW  261005P07810000;87.0;88.4;delta=-0.971
2026-10-04 09:47;7815.0;7722.72;SPXW  261005P07815000;91.7;93.4;delta=-0.977
2026-10-04 09:47;7820.0;7722.72;SPXW  261005P07820000;96.6;98.4;delta=-0.98
2026-10-04 09:47;7825.0;7722.72;SPXW  261005P07825000;101.5;105.8;delta=-0.983
2026-10-04 09:47;7830.0;7722.72;SPXW  261005P07830000;106.5;108.3;delta=-0.985
2026-10-04 09:47;7835.0;7722.72;SPXW  261005P07835000;111.4;115.8;delta=-0.988
2026-10-04 09:47;7840.0;7722.72;SPXW  261005P07840000;116.4;120.7;delta=-0.99
2026-10-04 09:47;7845.0;7722.72;SPXW  261005P07845000;121.4;125.3;delta=-0.992
2026-10-04 09:47;7850.0;7722.72;SPXW  261005P07850000;126.5;127.9;delta=-0.991
2026-10-04 09:47;7855.0;7722.72;SPXW  261005P07855000;131.5;132.9;delta=-0.994
2026-10-04 09:47;7860.0;7722.72;SPXW  261005P07860000;136.5;137.9;delta=-0.995
2026-10-04 09:47;7865.0;7722.72;SPXW  261005P07865000;141.5;142.9;delta=-0.994
2026-10-04 09:47;7870.0;7722.72;SPXW  261005P07870000;146.5;147.9;delta=-0.995
2026-10-04 09:47;7875.0;7722.72;SPXW  261005P07875000;151.5;153.0;delta=-0.994
2026-10-04 09:47;7880.0;7722.72;SPXW  261005P07880000;156.5;157.9;delta=-0.995
2026-10-04 09:47;7885.0;7722.72;SPXW  261005P07885000;161.5;163.0;delta=-0.995
2026-10-04 09:47;7890.0;7722.72;SPXW  261005P07890000;146.8;190.2;delta=-0.995
2026-10-04 09:47;7895.0;7722.72;SPXW  261005P07895000;171.5;173.0;delta=-0.996
2026-10-04 09:47;7900.0;7722.72;SPXW  261005P07900000;176.5;178.0;delta=-0.997
2026-10-04 09:47;7905.0;7722.72;SPXW  261005P07905000;181.4;183.0;delta=-0.997
2026-10-04 09:47;7910.0;7722.72;SPXW  261005P07910000;186.4;187.9;delta=-0.997
2026-10-04 09:47;7915.0;7722.72;SPXW  261005P07915000;191.4;192.9;delta=-0.997
2026-10-04 09:47;7920.0;7722.72;SPXW  261005P07920000;196.4;197.9;delta=-0.997
2026-10-04 09:47;7925.0;7722.72;SPXW  261005P07925000;201.4;202.9;delta=-0.996
2026-10-04 09:47;7930.0;7722.72;SPXW  261005P07930000;186.3;230.2;delta=-0.997
2026-10-04 09:47;7935.0;7722.72;SPXW  261005P07935000;0.0;0.0;delta=-999.0
2026-10-04 09:47;7940.0;7722.72;SPXW  261005P07940000;216.4;217.9;delta=-0.997
2026-10-04 09:47;7945.0;7722.72;SPXW  261005P07945000;0.0;0.0;delta=-999.0
2026-10-04 09:47;7950.0;7722.72;SPXW  261005P07950000;226.4;227.9;delta=-0.998
2026-10-04 09:47;7960.0;7722.72;SPXW  261005P07960000;236.4;237.9;delta=-0.998
2026-10-04 09:47;7970.0;7722.72;SPXW  261005P07970000;246.4;247.9;delta=-0.998
2026-10-04 09:47;7975.0;7722.72;SPXW  261005P07975000;251.4;252.9;delta=-0.999
2026-10-04 09:47;7980.0;7722.72;SPXW  261005P07980000;256.4;257.9;delta=-0.998
2026-10-04 09:51;7475.0;7722.72;SPXW  261005C07475000;247.3;248.8;delta=0.994
2026-10-04 09:51;7480.0;7722.72;SPXW  261005C07480000;231.3;254.9;delta=0.993
2026-10-04 09:51;7485.0;7722.72;SPXW  261005C07485000;237.4;238.8;delta=0.993
2026-10-04 09:51;7490.0;7722.72;SPXW  261005C07490000;232.3;233.8;delta=0.993
2026-10-04 09:51;7495.0;7722.72;SPXW  261005C07495000;227.4;228.8;delta=0.993
2026-10-04 09:51;7500.0;7722.72;SPXW  261005C07500000;222.4;223.8;delta=0.993
2026-10-04 09:51;7505.0;7722.72;SPXW  261005C07505000;206.3;230.2;delta=0.992
2026-10-04 09:51;7510.0;7722.72;SPXW  261005C07510000;201.3;225.2;delta=0.991
2026-10-04 09:51;7515.0;7722.72;SPXW  261005C07515000;198.3;218.1;delta=0.99
2026-10-04 09:51;7520.0;7722.72;SPXW  261005C07520000;193.3;213.1;delta=0.991
2026-10-04 09:51;7525.0;7722.72;SPXW  261005C07525000;188.3;208.1;delta=0.991
2026-10-04 09:51;7530.0;7722.72;SPXW  261005C07530000;183.3;203.0;delta=0.99
2026-10-04 09:51;7535.0;7722.72;SPXW  261005C07535000;178.4;189.0;delta=0.989
2026-10-04 09:51;7540.0;7722.72;SPXW  261005C07540000;182.2;184.1;delta=0.988
2026-10-04 09:51;7545.0;7722.72;SPXW  261005C07545000;177.3;179.1;delta=0.988
2026-10-04 09:51;7550.0;7722.72;SPXW  261005C07550000;168.1;174.1;delta=0.987
2026-10-04 09:51;7555.0;7722.72;SPXW  261005C07555000;167.3;169.1;delta=0.986
2026-10-04 09:51;7560.0;7722.72;SPXW  261005C07560000;162.3;164.1;delta=0.985
2026-10-04 09:51;7565.0;7722.72;SPXW  261005C07565000;148.5;159.1;delta=0.984
2026-10-04 09:51;7570.0;7722.72;SPXW  261005C07570000;148.2;154.2;delta=0.982
2026-10-04 09:51;7575.0;7722.72;SPXW  261005C07575000;147.4;149.2;delta=0.981
2026-10-04 09:51;7580.0;7722.72;SPXW  261005C07580000;138.4;144.3;delta=0.979
2026-10-04 09:51;7585.0;7722.72;SPXW  261005C07585000;137.5;139.3;delta=0.977
2026-10-04 09:51;7590.0;7722.72;SPXW  261005C07590000;128.5;134.4;delta=0.974
2026-10-04 09:51;7595.0;7722.72;SPXW  261005C07595000;127.8;129.2;delta=0.972
2026-10-04 09:51;7600.0;7722.72;SPXW  261005C07600000;122.9;124.3;delta=0.969
2026-10-04 09:51;7605.0;7722.72;SPXW  261005C07605000;118.0;119.4;delta=0.966
2026-10-04 09:51;7610.0;7722.72;SPXW  261005C07610000;113.1;114.5;delta=0.961
2026-10-04 09:51;7615.0;7722.72;SPXW  261005C07615000;108.2;109.7;delta=0.956
2026-10-04 09:51;7620.0;7722.72;SPXW  261005C07620000;103.4;104.8;delta=0.95
2026-10-04 09:51;7625.0;7722.72;SPXW  261005C07625000;98.6;100.0;delta=0.943
2026-10-04 09:51;7630.0;7722.72;SPXW  261005C07630000;93.8;95.2;delta=0.936
2026-10-04 09:51;7635.0;7722.72;SPXW  261005C07635000;89.0;90.5;delta=0.927
2026-10-04 09:51;7640.0;7722.72;SPXW  261005C07640000;84.3;85.7;delta=0.917
2026-10-04 09:51;7645.0;7722.72;SPXW  261005C07645000;79.7;81.1;delta=0.906
2026-10-04 09:51;7650.0;7722.72;SPXW  261005C07650000;75.1;76.4;delta=0.893
2026-10-04 09:51;7655.0;7722.72;SPXW  261005C07655000;70.5;71.9;delta=0.879
2026-10-04 09:51;7660.0;7722.72;SPXW  261005C07660000;66.0;67.4;delta=0.863
2026-10-04 09:51;7665.0;7722.72;SPXW  261005C07665000;61.6;63.0;delta=0.846
2026-10-04 09:51;7670.0;7722.72;SPXW  261005C07670000;57.4;58.4;delta=0.825
2026-10-04 09:51;7675.0;7722.72;SPXW  261005C07675000;53.1;54.2;delta=0.803
2026-10-04 09:51;7680.0;7722.72;SPXW  261005C07680000;49.0;50.0;delta=0.779
2026-10-04 09:51;7685.0;7722.72;SPXW  261005C07685000;45.0;46.0;delta=0.753
2026-10-04 09:51;7690.0;7722.72;SPXW  261005C07690000;41.1;42.1;delta=0.724
2026-10-04 09:51;7695.0;7722.72;SPXW  261005C07695000;37.6;38.0;delta=0.693
2026-10-04 09:51;7700.0;7722.72;SPXW  261005C07700000;34.0;34.4;delta=0.659
2026-10-04 09:51;7705.0;7722.72;SPXW  261005C07705000;30.5;30.9;delta=0.623
2026-10-04 09:51;7710.0;7722.72;SPXW  261005C07710000;27.3;27.7;delta=0.585
2026-10-04 09:51;7715.0;7722.72;SPXW  261005C07715000;24.1;24.4;delta=0.546
2026-10-04 09:51;7720.0;7722.72;SPXW  261005C07720000;21.2;21.6;delta=0.504
2026-10-04 09:51;7725.0;7722.72;SPXW  261005C07725000;18.5;18.9;delta=0.466
2026-10-04 09:51;7730.0;7722.72;SPXW  261005C07730000;16.0;16.4;delta=0.427
2026-10-04 09:51;7735.0;7722.72;SPXW  261005C07735000;13.6;14.0;delta=0.388
2026-10-04 09:51;7740.0;7722.72;SPXW  261005C07740000;11.5;11.9;delta=0.349
2026-10-04 09:51;7745.0;7722.72;SPXW  261005C07745000;9.7;10.0;delta=0.311
2026-10-04 09:51;7750.0;7722.72;SPXW  261005C07750000;8.0;8.3;delta=0.273
2026-10-04 09:51;7755.0;7722.72;SPXW  261005C07755000;6.5;6.8;delta=0.237
2026-10-04 09:51;7760.0;7722.72;SPXW  261005C07760000;5.3;5.6;delta=0.204
2026-10-04 09:51;7765.0;7722.72;SPXW  261005C07765000;4.3;4.5;delta=0.174
2026-10-04 09:51;7770.0;7722.72;SPXW  261005C07770000;3.3;3.6;delta=0.145
2026-10-04 09:51;7775.0;7722.72;SPXW  261005C07775000;2.6;2.8;delta=0.119
2026-10-04 09:51;7780.0;7722.72;SPXW  261005C07780000;2.05;2.25;delta=0.099
2026-10-04 09:51;7785.0;7722.72;SPXW  261005C07785000;1.6;1.7;delta=0.08
2026-10-04 09:51;7790.0;7722.72;SPXW  261005C07790000;1.25;1.4;delta=0.066
2026-10-04 09:51;7795.0;7722.72;SPXW  261005C07795000;0.95;1.1;delta=0.053
2026-10-04 09:51;7800.0;7722.72;SPXW  261005C07800000;0.75;0.8;delta=0.042
2026-10-04 09:51;7805.0;7722.72;SPXW  261005C07805000;0.6;0.7;delta=0.035
2026-10-04 09:51;7810.0;7722.72;SPXW  261005C07810000;0.45;0.6;delta=0.029
2026-10-04 09:51;7815.0;7722.72;SPXW  261005C07815000;0.35;0.45;delta=0.023
2026-10-04 09:51;7820.0;7722.72;SPXW  261005C07820000;0.3;0.4;delta=0.02
2026-10-04 09:51;7825.0;7722.72;SPXW  261005C07825000;0.25;0.35;delta=0.017
2026-10-04 09:51;7830.0;7722.72;SPXW  261005C07830000;0.2;0.3;delta=0.014
2026-10-04 09:51;7835.0;7722.72;SPXW  261005C07835000;0.15;0.25;delta=0.012
2026-10-04 09:51;7840.0;7722.72;SPXW  261005C07840000;0.1;0.25;delta=0.01
2026-10-04 09:51;7845.0;7722.72;SPXW  261005C07845000;0.1;0.15;delta=0.007
2026-10-04 09:51;7850.0;7722.72;SPXW  261005C07850000;0.1;0.2;delta=0.008
2026-10-04 09:51;7855.0;7722.72;SPXW  261005C07855000;0.05;0.15;delta=0.006
2026-10-04 09:51;7860.0;7722.72;SPXW  261005C07860000;0.05;0.1;delta=0.005
2026-10-04 09:51;7865.0;7722.72;SPXW  261005C07865000;0.05;0.15;delta=0.006
2026-10-04 09:51;7870.0;7722.72;SPXW  261005C07870000;0.05;0.1;delta=0.004
2026-10-04 09:51;7875.0;7722.72;SPXW  261005C07875000;0.05;0.15;delta=0.005
2026-10-04 09:51;7880.0;7722.72;SPXW  261005C07880000;0.05;0.15;delta=0.005
2026-10-04 09:51;7885.0;7722.72;SPXW  261005C07885000;0.05;0.15;delta=0.005
2026-10-04 09:51;7890.0;7722.72;SPXW  261005C07890000;0.05;0.15;delta=0.005
2026-10-04 09:51;7895.0;7722.72;SPXW  261005C07895000;0.05;0.15;delta=0.004
2026-10-04 09:51;7900.0;7722.72;SPXW  261005C07900000;0.05;0.1;delta=0.003
2026-10-04 09:51;7905.0;7722.72;SPXW  261005C07905000;0.05;0.1;delta=0.003
2026-10-04 09:51;7910.0;7722.72;SPXW  261005C07910000;0.05;0.1;delta=0.003
2026-10-04 09:51;7915.0;7722.72;SPXW  261005C07915000;0.05;0.1;delta=0.002
2026-10-04 09:51;7920.0;7722.72;SPXW  261005C07920000;0.05;0.1;delta=0.002
2026-10-04 09:51;7925.0;7722.72;SPXW  261005C07925000;0.05;0.1;delta=0.003
2026-10-04 09:51;7930.0;7722.72;SPXW  261005C07930000;0.05;0.1;delta=0.002
2026-10-04 09:51;7935.0;7722.72;SPXW  261005C07935000;0.0;0.0;delta=-999.0
2026-10-04 09:51;7940.0;7722.72;SPXW  261005C07940000;0.05;0.2;delta=0.002
2026-10-04 09:51;7945.0;7722.72;SPXW  261005C07945000;0.0;0.0;delta=-999.0
2026-10-04 09:51;7950.0;7722.72;SPXW  261005C07950000;0.05;0.15;delta=0.002
2026-10-04 09:51;7960.0;7722.72;SPXW  261005C07960000;0.05;0.1;delta=0.002
2026-10-04 09:51;7970.0;7722.72;SPXW  261005C07970000;0.05;0.1;delta=0.002
2026-10-04 09:51;7975.0;7722.72;SPXW  261005C07975000;0.05;0.1;delta=0.001
2026-10-04 09:51;7980.0;7722.72;SPXW  261005C07980000;0.05;0.15;delta=0.002
2026-10-04 09:51;7475.0;7722.72;SPXW  261005P07475000;0.15;0.25;delta=-0.006
2026-10-04 09:51;7480.0;7722.72;SPXW  261005P07480000;0.15;0.25;delta=-0.006
2026-10-04 09:51;7485.0;7722.72;SPXW  261005P07485000;0.15;0.25;delta=-0.006
2026-10-04 09:51;7490.0;7722.72;SPXW  261005P07490000;0.15;0.25;delta=-0.007
2026-10-04 09:51;7495.0;7722.72;SPXW  261005P07495000;0.15;0.25;delta=-0.007
2026-10-04 09:51;7500.0;7722.72;SPXW  261005P07500000;0.15;0.25;delta=-0.007
2026-10-04 09:51;7505.0;7722.72;SPXW  261005P07505000;0.15;0.3;delta=-0.008
2026-10-04 09:51;7510.0;7722.72;SPXW  261005P07510000;0.2;0.3;delta=-0.008
2026-10-04 09:51;7515.0;7722.72;SPXW  261005P07515000;0.25;0.3;delta=-0.009
2026-10-04 09:51;7520.0;7722.72;SPXW  261005P07520000;0.2;0.3;delta=-0.009
2026-10-04 09:51;7525.0;7722.72;SPXW  261005P07525000;0.2;0.3;delta=-0.009
2026-10-04 09:51;7530.0;7722.72;SPXW  261005P07530000;0.2;0.35;delta=-0.01
2026-10-04 09:51;7535.0;7722.72;SPXW  261005P07535000;0.25;0.35;delta=-0.011
2026-10-04 09:51;7540.0;7722.72;SPXW  261005P07540000;0.3;0.35;delta=-0.012
2026-10-04 09:51;7545.0;7722.72;SPXW  261005P07545000;0.25;0.4;delta=-0.012
2026-10-04 09:51;7550.0;7722.72;SPXW  261005P07550000;0.25;0.4;delta=-0.012
2026-10-04 09:51;7555.0;7722.72;SPXW  261005P07555000;0.3;0.4;delta=-0.013
2026-10-04 09:51;7560.0;7722.72;SPXW  261005P07560000;0.3;0.45;delta=-0.014
2026-10-04 09:51;7565.0;7722.72;SPXW  261005P07565000;0.4;0.45;delta=-0.016
2026-10-04 09:51;7570.0;7722.72;SPXW  261005P07570000;0.4;0.5;delta=-0.017
2026-10-04 09:51;7575.0;7722.72;SPXW  261005P07575000;0.4;0.55;delta=-0.018
2026-10-04 09:51;7580.0;7722.72;SPXW  261005P07580000;0.45;0.6;delta=-0.02
2026-10-04 09:51;7585.0;7722.72;SPXW  261005P07585000;0.5;0.65;delta=-0.023
2026-10-04 09:51;7590.0;7722.72;SPXW  261005P07590000;0.6;0.7;delta=-0.025
2026-10-04 09:51;7595.0;7722.72;SPXW  261005P07595000;0.65;0.75;delta=-0.028
2026-10-04 09:51;7600.0;7722.72;SPXW  261005P07600000;0.7;0.85;delta=-0.031
2026-10-04 09:51;7605.0;7722.72;SPXW  261005P07605000;0.8;0.9;delta=-0.034
2026-10-04 09:51;7610.0;7722.72;SPXW  261005P07610000;0.9;1.05;delta=-0.038
2026-10-04 09:51;7615.0;7722.72;SPXW  261005P07615000;1.05;1.2;delta=-0.044
2026-10-04 09:51;7620.0;7722.72;SPXW  261005P07620000;1.2;1.35;delta=-0.05
2026-10-04 09:51;7625.0;7722.72;SPXW  261005P07625000;1.4;1.55;delta=-0.057
2026-10-04 09:51;7630.0;7722.72;SPXW  261005P07630000;1.6;1.75;delta=-0.064
2026-10-04 09:51;7635.0;7722.72;SPXW  261005P07635000;1.8;2.0;delta=-0.072
2026-10-04 09:51;7640.0;7722.72;SPXW  261005P07640000;2.15;2.25;delta=-0.082
2026-10-04 09:51;7645.0;7722.72;SPXW  261005P07645000;2.45;2.6;delta=-0.094
2026-10-04 09:51;7650.0;7722.72;SPXW  261005P07650000;2.9;3.0;delta=-0.107
2026-10-04 09:51;7655.0;7722.72;SPXW  261005P07655000;3.2;3.5;delta=-0.121
2026-10-04 09:51;7660.0;7722.72;SPXW  261005P07660000;3.7;4.0;delta=-0.136
2026-10-04 09:51;7665.0;7722.72;SPXW  261005P07665000;4.3;4.5;delta=-0.154
2026-10-04 09:51;7670.0;7722.72;SPXW  261005P07670000;5.0;5.2;delta=-0.174
2026-10-04 09:51;7675.0;7722.72;SPXW  261005P07675000;5.7;6.0;delta=-0.196
2026-10-04 09:51;7680.0;7722.72;SPXW  261005P07680000;6.6;6.9;delta=-0.221
2026-10-04 09:51;7685.0;7722.72;SPXW  261005P07685000;7.5;7.8;delta=-0.247
2026-10-04 09:51;7690.0;7722.72;SPXW  261005P07690000;8.7;8.9;delta=-0.276
2026-10-04 09:51;7695.0;7722.72;SPXW  261005P07695000;9.9;10.1;delta=-0.307
2026-10-04 09:51;7700.0;7722.72;SPXW  261005P07700000;11.2;11.5;delta=-0.34
2026-10-04 09:51;7705.0;7722.72;SPXW  261005P07705000;12.8;13.1;delta=-0.376
2026-10-04 09:51;7710.0;7722.72;SPXW  261005P07710000;14.5;14.8;delta=-0.414
2026-10-04 09:51;7715.0;7722.72;SPXW  261005P07715000;16.3;16.7;delta=-0.454
2026-10-04 09:51;7720.0;7722.72;SPXW  261005P07720000;18.4;18.8;delta=-0.496
2026-10-04 09:51;7725.0;7722.72;SPXW  261005P07725000;20.7;21.1;delta=-0.534
2026-10-04 09:51;7730.0;7722.72;SPXW  261005P07730000;23.1;23.6;delta=-0.572
2026-10-04 09:51;7735.0;7722.72;SPXW  261005P07735000;25.8;26.2;delta=-0.612
2026-10-04 09:51;7740.0;7722.72;SPXW  261005P07740000;28.7;29.1;delta=-0.651
2026-10-04 09:51;7745.0;7722.72;SPXW  261005P07745000;31.8;32.2;delta=-0.689
2026-10-04 09:51;7750.0;7722.72;SPXW  261005P07750000;34.9;35.9;delta=-0.727
2026-10-04 09:51;7755.0;7722.72;SPXW  261005P07755000;38.4;39.4;delta=-0.763
2026-10-04 09:51;7760.0;7722.72;SPXW  261005P07760000;42.1;43.1;delta=-0.796
2026-10-04 09:51;7765.0;7722.72;SPXW  261005P07765000;46.0;47.1;delta=-0.826
2026-10-04 09:51;7770.0;7722.72;SPXW  261005P07770000;49.9;51.3;delta=-0.855
2026-10-04 09:51;7775.0;7722.72;SPXW  261005P07775000;54.2;55.6;delta=-0.88
2026-10-04 09:51;7780.0;7722.72;SPXW  261005P07780000;58.6;60.0;delta=-0.901
2026-10-04 09:51;7785.0;7722.72;SPXW  261005P07785000;63.1;64.5;delta=-0.92
2026-10-04 09:51;7790.0;7722.72;SPXW  261005P07790000;67.7;69.2;delta=-0.934
2026-10-04 09:51;7795.0;7722.72;SPXW  261005P07795000;72.5;73.9;delta=-0.947
2026-10-04 09:51;7800.0;7722.72;SPXW  261005P07800000;77.2;78.7;delta=-0.958
2026-10-04 09:51;7805.0;7722.72;SPXW  261005P07805000;82.1;83.5;delta=-0.964
2026-10-04 09:51;7810.0;7722.72;SPXW  261005P07810000;87.0;88.4;delta=-0.971
2026-10-04 09:51;7815.0;7722.72;SPXW  261005P07815000;91.7;93.4;delta=-0.977
2026-10-04 09:51;7820.0;7722.72;SPXW  261005P07820000;96.6;98.4;delta=-0.98
2026-10-04 09:51;7825.0;7722.72;SPXW  261005P07825000;101.5;105.8;delta=-0.983
2026-10-04 09:51;7830.0;7722.72;SPXW  261005P07830000;106.5;108.3;delta=-0.985
2026-10-04 09:51;7835.0;7722.72;SPXW  261005P07835000;111.4;115.8;delta=-0.988
2026-10-04 09:51;7840.0;7722.72;SPXW  261005P07840000;116.4;120.7;delta=-0.99
2026-10-04 09:51;7845.0;7722.72;SPXW  261005P07845000;121.4;125.3;delta=-0.992
2026-10-04 09:51;7850.0;7722.72;SPXW  261005P07850000;126.5;127.9;delta=-0.991
2026-10-04 09:51;7855.0;7722.72;SPXW  261005P07855000;131.5;132.9;delta=-0.994
2026-10-04 09:51;7860.0;7722.72;SPXW  261005P07860000;136.5;137.9;delta=-0.995
2026-10-04 09:51;7865.0;7722.72;SPXW  261005P07865000;141.5;142.9;delta=-0.994
2026-10-04 09:51;7870.0;7722.72;SPXW  261005P07870000;146.5;147.9;delta=-0.995
2026-10-04 09:51;7875.0;7722.72;SPXW  261005P07875000;151.5;153.0;delta=-0.994
2026-10-04 09:51;7880.0;7722.72;SPXW  261005P07880000;156.5;157.9;delta=-0.995
2026-10-04 09:51;7885.0;7722.72;SPXW  261005P07885000;161.5;163.0;delta=-0.995
2026-10-04 09:51;7890.0;7722.72;SPXW  261005P07890000;146.8;190.2;delta=-0.995
2026-10-04 09:51;7895.0;7722.72;SPXW  261005P07895000;171.5;173.0;delta=-0.996
2026-10-04 09:51;7900.0;7722.72;SPXW  261005P07900000;176.5;178.0;delta=-0.997
2026-10-04 09:51;7905.0;7722.72;SPXW  261005P07905000;181.4;183.0;delta=-0.997
2026-10-04 09:51;7910.0;7722.72;SPXW  261005P07910000;186.4;187.9;delta=-0.997
2026-10-04 09:51;7915.0;7722.72;SPXW  261005P07915000;191.4;192.9;delta=-0.997
2026-10-04 09:51;7920.0;7722.72;SPXW  261005P07920000;196.4;197.9;delta=-0.997
2026-10-04 09:51;7925.0;7722.72;SPXW  261005P07925000;201.4;202.9;delta=-0.996
2026-10-04 09:51;7930.0;7722.72;SPXW  261005P07930000;186.3;230.2;delta=-0.997
2026-10-04 09:51;7935.0;7722.72;SPXW  261005P07935000;0.0;0.0;delta=-999.0
2026-10-04 09:51;7940.0;7722.72;SPXW  261005P07940000;216.4;217.9;delta=-0.997
2026-10-04 09:51;7945.0;7722.72;SPXW  261005P07945000;0.0;0.0;delta=-999.0
2026-10-04 09:51;7950.0;7722.72;SPXW  261005P07950000;226.4;227.9;delta=-0.998
2026-10-04 09:51;7960.0;7722.72;SPXW  261005P07960000;236.4;237.9;delta=-0.998
2026-10-04 09:51;7970.0;7722.72;SPXW  261005P07970000;246.4;247.9;delta=-0.998
2026-10-04 09:51;7975.0;7722.72;SPXW  261005P07975000;251.4;252.9;delta=-0.999
2026-10-04 09:51;7980.0;7722.72;SPXW  261005P07980000;256.4;257.9;delta=-0.998
2026-10-04 09:55;7475.0;7722.72;SPXW  261005C07475000;247.3;248.8;delta=0.994
2026-10-04 09:55;7480.0;7722.72;SPXW  261005C07480000;231.3;254.9;delta=0.993
2026-10-04 09:55;7485.0;7722.72;SPXW  261005C07485000;237.4;238.8;delta=0.993
2026-10-04 09:55;7490.0;7722.72;SPXW  261005C07490000;232.3;233.8;delta=0.993
2026-10-04 09:55;7495.0;7722.72;SPXW  261005C07495000;227.4;228.8;delta=0.993
2026-10-04 09:55;7500.0;7722.72;SPXW  261005C07500000;222.4;223.8;delta=0.993
2026-10-04 09:55;7505.0;7722.72;SPXW  261005C07505000;206.3;230.2;delta=0.992
2026-10-04 09:55;7510.0;7722.72;SPXW  261005C07510000;201.3;225.2;delta=0.991
2026-10-04 09:55;7515.0;7722.72;SPXW  261005C07515000;198.3;218.1;delta=0.99
2026-10-04 09:55;7520.0;7722.72;SPXW  261005C07520000;193.3;213.1;delta=0.991
2026-10-04 09:55;7525.0;7722.72;SPXW  261005C07525000;188.3;208.1;delta=0.991
2026-10-04 09:55;7530.0;7722.72;SPXW  261005C07530000;183.3;203.0;delta=0.99
2026-10-04 09:55;7535.0;7722.72;SPXW  261005C07535000;178.4;189.0;delta=0.989
2026-10-04 09:55;7540.0;7722.72;SPXW  261005C07540000;182.2;184.1;delta=0.988
2026-10-04 09:55;7545.0;7722.72;SPXW  261005C07545000;177.3;179.1;delta=0.988
2026-10-04 09:55;7550.0;7722.72;SPXW  261005C07550000;168.1;174.1;delta=0.987
2026-10-04 09:55;7555.0;7722.72;SPXW  261005C07555000;167.3;169.1;delta=0.986
2026-10-04 09:55;7560.0;7722.72;SPXW  261005C07560000;162.3;164.1;delta=0.985
2026-10-04 09:55;7565.0;7722.72;SPXW  261005C07565000;148.5;159.1;delta=0.984
2026-10-04 09:55;7570.0;7722.72;SPXW  261005C07570000;148.2;154.2;delta=0.982
2026-10-04 09:55;7575.0;7722.72;SPXW  261005C07575000;147.4;149.2;delta=0.981
2026-10-04 09:55;7580.0;7722.72;SPXW  261005C07580000;138.4;144.3;delta=0.979
2026-10-04 09:55;7585.0;7722.72;SPXW  261005C07585000;137.5;139.3;delta=0.977
2026-10-04 09:55;7590.0;7722.72;SPXW  261005C07590000;128.5;134.4;delta=0.974
2026-10-04 09:55;7595.0;7722.72;SPXW  261005C07595000;127.8;129.2;delta=0.972
2026-10-04 09:55;7600.0;7722.72;SPXW  261005C07600000;122.9;124.3;delta=0.969
2026-10-04 09:55;7605.0;7722.72;SPXW  261005C07605000;118.0;119.4;delta=0.966
2026-10-04 09:55;7610.0;7722.72;SPXW  261005C07610000;113.1;114.5;delta=0.961
2026-10-04 09:55;7615.0;7722.72;SPXW  261005C07615000;108.2;109.7;delta=0.956
2026-10-04 09:55;7620.0;7722.72;SPXW  261005C07620000;103.4;104.8;delta=0.95
2026-10-04 09:55;7625.0;7722.72;SPXW  261005C07625000;98.6;100.0;delta=0.943
2026-10-04 09:55;7630.0;7722.72;SPXW  261005C07630000;93.8;95.2;delta=0.936
2026-10-04 09:55;7635.0;7722.72;SPXW  261005C07635000;89.0;90.5;delta=0.927
2026-10-04 09:55;7640.0;7722.72;SPXW  261005C07640000;84.3;85.7;delta=0.917
2026-10-04 09:55;7645.0;7722.72;SPXW  261005C07645000;79.7;81.1;delta=0.906
2026-10-04 09:55;7650.0;7722.72;SPXW  261005C07650000;75.1;76.4;delta=0.893
2026-10-04 09:55;7655.0;7722.72;SPXW  261005C07655000;70.5;71.9;delta=0.879
2026-10-04 09:55;7660.0;7722.72;SPXW  261005C07660000;66.0;67.4;delta=0.863
2026-10-04 09:55;7665.0;7722.72;SPXW  261005C07665000;61.6;63.0;delta=0.846
2026-10-04 09:55;7670.0;7722.72;SPXW  261005C07670000;57.4;58.4;delta=0.825
2026-10-04 09:55;7675.0;7722.72;SPXW  261005C07675000;53.1;54.2;delta=0.803
2026-10-04 09:55;7680.0;7722.72;SPXW  261005C07680000;49.0;50.0;delta=0.779
2026-10-04 09:55;7685.0;7722.72;SPXW  261005C07685000;45.0;46.0;delta=0.753
2026-10-04 09:55;7690.0;7722.72;SPXW  261005C07690000;41.1;42.1;delta=0.724
2026-10-04 09:55;7695.0;7722.72;SPXW  261005C07695000;37.6;38.0;delta=0.693
2026-10-04 09:55;7700.0;7722.72;SPXW  261005C07700000;34.0;34.4;delta=0.659
2026-10-04 09:55;7705.0;7722.72;SPXW  261005C07705000;30.5;30.9;delta=0.623
2026-10-04 09:55;7710.0;7722.72;SPXW  261005C07710000;27.3;27.7;delta=0.585
2026-10-04 09:55;7715.0;7722.72;SPXW  261005C07715000;24.1;24.4;delta=0.546
2026-10-04 09:55;7720.0;7722.72;SPXW  261005C07720000;21.2;21.6;delta=0.504
2026-10-04 09:55;7725.0;7722.72;SPXW  261005C07725000;18.5;18.9;delta=0.466
2026-10-04 09:55;7730.0;7722.72;SPXW  261005C07730000;16.0;16.4;delta=0.427
2026-10-04 09:55;7735.0;7722.72;SPXW  261005C07735000;13.6;14.0;delta=0.388
2026-10-04 09:55;7740.0;7722.72;SPXW  261005C07740000;11.5;11.9;delta=0.349
2026-10-04 09:55;7745.0;7722.72;SPXW  261005C07745000;9.7;10.0;delta=0.311
2026-10-04 09:55;7750.0;7722.72;SPXW  261005C07750000;8.0;8.3;delta=0.273
2026-10-04 09:55;7755.0;7722.72;SPXW  261005C07755000;6.5;6.8;delta=0.237
2026-10-04 09:55;7760.0;7722.72;SPXW  261005C07760000;5.3;5.6;delta=0.204
2026-10-04 09:55;7765.0;7722.72;SPXW  261005C07765000;4.3;4.5;delta=0.174
2026-10-04 09:55;7770.0;7722.72;SPXW  261005C07770000;3.3;3.6;delta=0.145
2026-10-04 09:55;7775.0;7722.72;SPXW  261005C07775000;2.6;2.8;delta=0.119
2026-10-04 09:55;7780.0;7722.72;SPXW  261005C07780000;2.05;2.25;delta=0.099
2026-10-04 09:55;7785.0;7722.72;SPXW  261005C07785000;1.6;1.7;delta=0.08
2026-10-04 09:55;7790.0;7722.72;SPXW  261005C07790000;1.25;1.4;delta=0.066
2026-10-04 09:55;7795.0;7722.72;SPXW  261005C07795000;0.95;1.1;delta=0.053
2026-10-04 09:55;7800.0;7722.72;SPXW  261005C07800000;0.75;0.8;delta=0.042
2026-10-04 09:55;7805.0;7722.72;SPXW  261005C07805000;0.6;0.7;delta=0.035
2026-10-04 09:55;7810.0;7722.72;SPXW  261005C07810000;0.45;0.6;delta=0.029
2026-10-04 09:55;7815.0;7722.72;SPXW  261005C07815000;0.35;0.45;delta=0.023
2026-10-04 09:55;7820.0;7722.72;SPXW  261005C07820000;0.3;0.4;delta=0.02
2026-10-04 09:55;7825.0;7722.72;SPXW  261005C07825000;0.25;0.35;delta=0.017
2026-10-04 09:55;7830.0;7722.72;SPXW  261005C07830000;0.2;0.3;delta=0.014
2026-10-04 09:55;7835.0;7722.72;SPXW  261005C07835000;0.15;0.25;delta=0.012
2026-10-04 09:55;7840.0;7722.72;SPXW  261005C07840000;0.1;0.25;delta=0.01
2026-10-04 09:55;7845.0;7722.72;SPXW  261005C07845000;0.1;0.15;delta=0.007
2026-10-04 09:55;7850.0;7722.72;SPXW  261005C07850000;0.1;0.2;delta=0.008
2026-10-04 09:55;7855.0;7722.72;SPXW  261005C07855000;0.05;0.15;delta=0.006
2026-10-04 09:55;7860.0;7722.72;SPXW  261005C07860000;0.05;0.1;delta=0.005
2026-10-04 09:55;7865.0;7722.72;SPXW  261005C07865000;0.05;0.15;delta=0.006
2026-10-04 09:55;7870.0;7722.72;SPXW  261005C07870000;0.05;0.1;delta=0.004
2026-10-04 09:55;7875.0;7722.72;SPXW  261005C07875000;0.05;0.15;delta=0.005
2026-10-04 09:55;7880.0;7722.72;SPXW  261005C07880000;0.05;0.15;delta=0.005
2026-10-04 09:55;7885.0;7722.72;SPXW  261005C07885000;0.05;0.15;delta=0.005
2026-10-04 09:55;7890.0;7722.72;SPXW  261005C07890000;0.05;0.15;delta=0.005
2026-10-04 09:55;7895.0;7722.72;SPXW  261005C07895000;0.05;0.15;delta=0.004
2026-10-04 09:55;7900.0;7722.72;SPXW  261005C07900000;0.05;0.1;delta=0.003
2026-10-04 09:55;7905.0;7722.72;SPXW  261005C07905000;0.05;0.1;delta=0.003
2026-10-04 09:55;7910.0;7722.72;SPXW  261005C07910000;0.05;0.1;delta=0.003
2026-10-04 09:55;7915.0;7722.72;SPXW  261005C07915000;0.05;0.1;delta=0.002
2026-10-04 09:55;7920.0;7722.72;SPXW  261005C07920000;0.05;0.1;delta=0.002
2026-10-04 09:55;7925.0;7722.72;SPXW  261005C07925000;0.05;0.1;delta=0.003
2026-10-04 09:55;7930.0;7722.72;SPXW  261005C07930000;0.05;0.1;delta=0.002
2026-10-04 09:55;7935.0;7722.72;SPXW  261005C07935000;0.0;0.0;delta=-999.0
2026-10-04 09:55;7940.0;7722.72;SPXW  261005C07940000;0.05;0.2;delta=0.002
2026-10-04 09:55;7945.0;7722.72;SPXW  261005C07945000;0.0;0.0;delta=-999.0
2026-10-04 09:55;7950.0;7722.72;SPXW  261005C07950000;0.05;0.15;delta=0.002
2026-10-04 09:55;7960.0;7722.72;SPXW  261005C07960000;0.05;0.1;delta=0.002
2026-10-04 09:55;7970.0;7722.72;SPXW  261005C07970000;0.05;0.1;delta=0.002
2026-10-04 09:55;7975.0;7722.72;SPXW  261005C07975000;0.05;0.1;delta=0.001
2026-10-04 09:55;7980.0;7722.72;SPXW  261005C07980000;0.05;0.15;delta=0.002
2026-10-04 09:55;7475.0;7722.72;SPXW  261005P07475000;0.15;0.25;delta=-0.006
2026-10-04 09:55;7480.0;7722.72;SPXW  261005P07480000;0.15;0.25;delta=-0.006
2026-10-04 09:55;7485.0;7722.72;SPXW  261005P07485000;0.15;0.25;delta=-0.006
2026-10-04 09:55;7490.0;7722.72;SPXW  261005P07490000;0.15;0.25;delta=-0.007
2026-10-04 09:55;7495.0;7722.72;SPXW  261005P07495000;0.15;0.25;delta=-0.007
2026-10-04 09:55;7500.0;7722.72;SPXW  261005P07500000;0.15;0.25;delta=-0.007
2026-10-04 09:55;7505.0;7722.72;SPXW  261005P07505000;0.15;0.3;delta=-0.008
2026-10-04 09:55;7510.0;7722.72;SPXW  261005P07510000;0.2;0.3;delta=-0.008
2026-10-04 09:55;7515.0;7722.72;SPXW  261005P07515000;0.25;0.3;delta=-0.009
2026-10-04 09:55;7520.0;7722.72;SPXW  261005P07520000;0.2;0.3;delta=-0.009
2026-10-04 09:55;7525.0;7722.72;SPXW  261005P07525000;0.2;0.3;delta=-0.009
2026-10-04 09:55;7530.0;7722.72;SPXW  261005P07530000;0.2;0.35;delta=-0.01
2026-10-04 09:55;7535.0;7722.72;SPXW  261005P07535000;0.25;0.35;delta=-0.011
2026-10-04 09:55;7540.0;7722.72;SPXW  261005P07540000;0.3;0.35;delta=-0.012
2026-10-04 09:55;7545.0;7722.72;SPXW  261005P07545000;0.25;0.4;delta=-0.012
2026-10-04 09:55;7550.0;7722.72;SPXW  261005P07550000;0.25;0.4;delta=-0.012
2026-10-04 09:55;7555.0;7722.72;SPXW  261005P07555000;0.3;0.4;delta=-0.013
2026-10-04 09:55;7560.0;7722.72;SPXW  261005P07560000;0.3;0.45;delta=-0.014
2026-10-04 09:55;7565.0;7722.72;SPXW  261005P07565000;0.4;0.45;delta=-0.016
2026-10-04 09:55;7570.0;7722.72;SPXW  261005P07570000;0.4;0.5;delta=-0.017
2026-10-04 09:55;7575.0;7722.72;SPXW  261005P07575000;0.4;0.55;delta=-0.018
2026-10-04 09:55;7580.0;7722.72;SPXW  261005P07580000;0.45;0.6;delta=-0.02
2026-10-04 09:55;7585.0;7722.72;SPXW  261005P07585000;0.5;0.65;delta=-0.023
2026-10-04 09:55;7590.0;7722.72;SPXW  261005P07590000;0.6;0.7;delta=-0.025
2026-10-04 09:55;7595.0;7722.72;SPXW  261005P07595000;0.65;0.75;delta=-0.028
2026-10-04 09:55;7600.0;7722.72;SPXW  261005P07600000;0.7;0.85;delta=-0.031
2026-10-04 09:55;7605.0;7722.72;SPXW  261005P07605000;0.8;0.9;delta=-0.034
2026-10-04 09:55;7610.0;7722.72;SPXW  261005P07610000;0.9;1.05;delta=-0.038
2026-10-04 09:55;7615.0;7722.72;SPXW  261005P07615000;1.05;1.2;delta=-0.044
2026-10-04 09:55;7620.0;7722.72;SPXW  261005P07620000;1.2;1.35;delta=-0.05
2026-10-04 09:55;7625.0;7722.72;SPXW  261005P07625000;1.4;1.55;delta=-0.057
2026-10-04 09:55;7630.0;7722.72;SPXW  261005P07630000;1.6;1.75;delta=-0.064
2026-10-04 09:55;7635.0;7722.72;SPXW  261005P07635000;1.8;2.0;delta=-0.072
2026-10-04 09:55;7640.0;7722.72;SPXW  261005P07640000;2.15;2.25;delta=-0.082
2026-10-04 09:55;7645.0;7722.72;SPXW  261005P07645000;2.45;2.6;delta=-0.094
2026-10-04 09:55;7650.0;7722.72;SPXW  261005P07650000;2.9;3.0;delta=-0.107
2026-10-04 09:55;7655.0;7722.72;SPXW  261005P07655000;3.2;3.5;delta=-0.121
2026-10-04 09:55;7660.0;7722.72;SPXW  261005P07660000;3.7;4.0;delta=-0.136
2026-10-04 09:55;7665.0;7722.72;SPXW  261005P07665000;4.3;4.5;delta=-0.154
2026-10-04 09:55;7670.0;7722.72;SPXW  261005P07670000;5.0;5.2;delta=-0.174
2026-10-04 09:55;7675.0;7722.72;SPXW  261005P07675000;5.7;6.0;delta=-0.196
2026-10-04 09:55;7680.0;7722.72;SPXW  261005P07680000;6.6;6.9;delta=-0.221
2026-10-04 09:55;7685.0;7722.72;SPXW  261005P07685000;7.5;7.8;delta=-0.247
2026-10-04 09:55;7690.0;7722.72;SPXW  261005P07690000;8.7;8.9;delta=-0.276
2026-10-04 09:55;7695.0;7722.72;SPXW  261005P07695000;9.9;10.1;delta=-0.307
2026-10-04 09:55;7700.0;7722.72;SPXW  261005P07700000;11.2;11.5;delta=-0.34
2026-10-04 09:55;7705.0;7722.72;SPXW  261005P07705000;12.8;13.1;delta=-0.376
2026-10-04 09:55;7710.0;7722.72;SPXW  261005P07710000;14.5;14.8;delta=-0.414
2026-10-04 09:55;7715.0;7722.72;SPXW  261005P07715000;16.3;16.7;delta=-0.454
2026-10-04 09:55;7720.0;7722.72;SPXW  261005P07720000;18.4;18.8;delta=-0.496
2026-10-04 09:55;7725.0;7722.72;SPXW  261005P07725000;20.7;21.1;delta=-0.534
2026-10-04 09:55;7730.0;7722.72;SPXW  261005P07730000;23.1;23.6;delta=-0.572
2026-10-04 09:55;7735.0;7722.72;SPXW  261005P07735000;25.8;26.2;delta=-0.612
2026-10-04 09:55;7740.0;7722.72;SPXW  261005P07740000;28.7;29.1;delta=-0.651
2026-10-04 09:55;7745.0;7722.72;SPXW  261005P07745000;31.8;32.2;delta=-0.689
2026-10-04 09:55;7750.0;7722.72;SPXW  261005P07750000;34.9;35.9;delta=-0.727
2026-10-04 09:55;7755.0;7722.72;SPXW  261005P07755000;38.4;39.4;delta=-0.763
2026-10-04 09:55;7760.0;7722.72;SPXW  261005P07760000;42.1;43.1;delta=-0.796
2026-10-04 09:55;7765.0;7722.72;SPXW  261005P07765000;46.0;47.1;delta=-0.826
2026-10-04 09:55;7770.0;7722.72;SPXW  261005P07770000;49.9;51.3;delta=-0.855
2026-10-04 09:55;7775.0;7722.72;SPXW  261005P07775000;54.2;55.6;delta=-0.88
2026-10-04 09:55;7780.0;7722.72;SPXW  261005P07780000;58.6;60.0;delta=-0.901
2026-10-04 09:55;7785.0;7722.72;SPXW  261005P07785000;63.1;64.5;delta=-0.92
2026-10-04 09:55;7790.0;7722.72;SPXW  261005P07790000;67.7;69.2;delta=-0.934
2026-10-04 09:55;7795.0;7722.72;SPXW  261005P07795000;72.5;73.9;delta=-0.947
2026-10-04 09:55;7800.0;7722.72;SPXW  261005P07800000;77.2;78.7;delta=-0.958
2026-10-04 09:55;7805.0;7722.72;SPXW  261005P07805000;82.1;83.5;delta=-0.964
2026-10-04 09:55;7810.0;7722.72;SPXW  261005P07810000;87.0;88.4;delta=-0.971
2026-10-04 09:55;7815.0;7722.72;SPXW  261005P07815000;91.7;93.4;delta=-0.977
2026-10-04 09:55;7820.0;7722.72;SPXW  261005P07820000;96.6;98.4;delta=-0.98
2026-10-04 09:55;7825.0;7722.72;SPXW  261005P07825000;101.5;105.8;delta=-0.983
2026-10-04 09:55;7830.0;7722.72;SPXW  261005P07830000;106.5;108.3;delta=-0.985
2026-10-04 09:55;7835.0;7722.72;SPXW  261005P07835000;111.4;115.8;delta=-0.988
2026-10-04 09:55;7840.0;7722.72;SPXW  261005P07840000;116.4;120.7;delta=-0.99
2026-10-04 09:55;7845.0;7722.72;SPXW  261005P07845000;121.4;125.3;delta=-0.992
2026-10-04 09:55;7850.0;7722.72;SPXW  261005P07850000;126.5;127.9;delta=-0.991
2026-10-04 09:55;7855.0;7722.72;SPXW  261005P07855000;131.5;132.9;delta=-0.994
2026-10-04 09:55;7860.0;7722.72;SPXW  261005P07860000;136.5;137.9;delta=-0.995
2026-10-04 09:55;7865.0;7722.72;SPXW  261005P07865000;141.5;142.9;delta=-0.994
2026-10-04 09:55;7870.0;7722.72;SPXW  261005P07870000;146.5;147.9;delta=-0.995
2026-10-04 09:55;7875.0;7722.72;SPXW  261005P07875000;151.5;153.0;delta=-0.994
2026-10-04 09:55;7880.0;7722.72;SPXW  261005P07880000;156.5;157.9;delta=-0.995
2026-10-04 09:55;7885.0;7722.72;SPXW  261005P07885000;161.5;163.0;delta=-0.995
2026-10-04 09:55;7890.0;7722.72;SPXW  261005P07890000;146.8;190.2;delta=-0.995
2026-10-04 09:55;7895.0;7722.72;SPXW  261005P07895000;171.5;173.0;delta=-0.996
2026-10-04 09:55;7900.0;7722.72;SPXW  261005P07900000;176.5;178.0;delta=-0.997
2026-10-04 09:55;7905.0;7722.72;SPXW  261005P07905000;181.4;183.0;delta=-0.997
2026-10-04 09:55;7910.0;7722.72;SPXW  261005P07910000;186.4;187.9;delta=-0.997
2026-10-04 09:55;7915.0;7722.72;SPXW  261005P07915000;191.4;192.9;delta=-0.997
2026-10-04 09:55;7920.0;7722.72;SPXW  261005P07920000;196.4;197.9;delta=-0.997
2026-10-04 09:55;7925.0;7722.72;SPXW  261005P07925000;201.4;202.9;delta=-0.996
2026-10-04 09:55;7930.0;7722.72;SPXW  261005P07930000;186.3;230.2;delta=-0.997
2026-10-04 09:55;7935.0;7722.72;SPXW  261005P07935000;0.0;0.0;delta=-999.0
2026-10-04 09:55;7940.0;7722.72;SPXW  261005P07940000;216.4;217.9;delta=-0.997
2026-10-04 09:55;7945.0;7722.72;SPXW  261005P07945000;0.0;0.0;delta=-999.0
2026-10-04 09:55;7950.0;7722.72;SPXW  261005P07950000;226.4;227.9;delta=-0.998
2026-10-04 09:55;7960.0;7722.72;SPXW  261005P07960000;236.4;237.9;delta=-0.998
2026-10-04 09:55;7970.0;7722.72;SPXW  261005P07970000;246.4;247.9;delta=-0.998
2026-10-04 09:55;7975.0;7722.72;SPXW  261005P07975000;251.4;252.9;delta=-0.999
2026-10-04 09:55;7980.0;7722.72;SPXW  261005P07980000;256.4;257.9;delta=-0.998
2026-10-04 09:59;7475.0;7722.72;SPXW  261005C07475000;247.3;248.8;delta=0.994
2026-10-04 09:59;7480.0;7722.72;SPXW  261005C07480000;231.3;254.9;delta=0.993
2026-10-04 09:59;7485.0;7722.72;SPXW  261005C07485000;237.4;238.8;delta=0.993
2026-10-04 09:59;7490.0;7722.72;SPXW  261005C07490000;232.3;233.8;delta=0.993
2026-10-04 09:59;7495.0;7722.72;SPXW  261005C07495000;227.4;228.8;delta=0.993
2026-10-04 09:59;7500.0;7722.72;SPXW  261005C07500000;222.4;223.8;delta=0.993
2026-10-04 09:59;7505.0;7722.72;SPXW  261005C07505000;206.3;230.2;delta=0.992
2026-10-04 09:59;7510.0;7722.72;SPXW  261005C07510000;201.3;225.2;delta=0.991
2026-10-04 09:59;7515.0;7722.72;SPXW  261005C07515000;198.3;218.1;delta=0.99
2026-10-04 09:59;7520.0;7722.72;SPXW  261005C07520000;193.3;213.1;delta=0.991
2026-10-04 09:59;7525.0;7722.72;SPXW  261005C07525000;188.3;208.1;delta=0.991
2026-10-04 09:59;7530.0;7722.72;SPXW  261005C07530000;183.3;203.0;delta=0.99
2026-10-04 09:59;7535.0;7722.72;SPXW  261005C07535000;178.4;189.0;delta=0.989
2026-10-04 09:59;7540.0;7722.72;SPXW  261005C07540000;182.2;184.1;delta=0.988
2026-10-04 09:59;7545.0;7722.72;SPXW  261005C07545000;177.3;179.1;delta=0.988
2026-10-04 09:59;7550.0;7722.72;SPXW  261005C07550000;168.1;174.1;delta=0.987
2026-10-04 09:59;7555.0;7722.72;SPXW  261005C07555000;167.3;169.1;delta=0.986
2026-10-04 09:59;7560.0;7722.72;SPXW  261005C07560000;162.3;164.1;delta=0.985
2026-10-04 09:59;7565.0;7722.72;SPXW  261005C07565000;148.5;159.1;delta=0.984
2026-10-04 09:59;7570.0;7722.72;SPXW  261005C07570000;148.2;154.2;delta=0.982
2026-10-04 09:59;7575.0;7722.72;SPXW  261005C07575000;147.4;149.2;delta=0.981
2026-10-04 09:59;7580.0;7722.72;SPXW  261005C07580000;138.4;144.3;delta=0.979
2026-10-04 09:59;7585.0;7722.72;SPXW  261005C07585000;137.5;139.3;delta=0.977
2026-10-04 09:59;7590.0;7722.72;SPXW  261005C07590000;128.5;134.4;delta=0.974
2026-10-04 09:59;7595.0;7722.72;SPXW  261005C07595000;127.8;129.2;delta=0.972
2026-10-04 09:59;7600.0;7722.72;SPXW  261005C07600000;122.9;124.3;delta=0.969
2026-10-04 09:59;7605.0;7722.72;SPXW  261005C07605000;118.0;119.4;delta=0.966
2026-10-04 09:59;7610.0;7722.72;SPXW  261005C07610000;113.1;114.5;delta=0.961
2026-10-04 09:59;7615.0;7722.72;SPXW  261005C07615000;108.2;109.7;delta=0.956
2026-10-04 09:59;7620.0;7722.72;SPXW  261005C07620000;103.4;104.8;delta=0.95
2026-10-04 09:59;7625.0;7722.72;SPXW  261005C07625000;98.6;100.0;delta=0.943
2026-10-04 09:59;7630.0;7722.72;SPXW  261005C07630000;93.8;95.2;delta=0.936
2026-10-04 09:59;7635.0;7722.72;SPXW  261005C07635000;89.0;90.5;delta=0.927
2026-10-04 09:59;7640.0;7722.72;SPXW  261005C07640000;84.3;85.7;delta=0.917
2026-10-04 09:59;7645.0;7722.72;SPXW  261005C07645000;79.7;81.1;delta=0.906
2026-10-04 09:59;7650.0;7722.72;SPXW  261005C07650000;75.1;76.4;delta=0.893
2026-10-04 09:59;7655.0;7722.72;SPXW  261005C07655000;70.5;71.9;delta=0.879
2026-10-04 09:59;7660.0;7722.72;SPXW  261005C07660000;66.0;67.4;delta=0.863
2026-10-04 09:59;7665.0;7722.72;SPXW  261005C07665000;61.6;63.0;delta=0.846
2026-10-04 09:59;7670.0;7722.72;SPXW  261005C07670000;57.4;58.4;delta=0.825
2026-10-04 09:59;7675.0;7722.72;SPXW  261005C07675000;53.1;54.2;delta=0.803
2026-10-04 09:59;7680.0;7722.72;SPXW  261005C07680000;49.0;50.0;delta=0.779
2026-10-04 09:59;7685.0;7722.72;SPXW  261005C07685000;45.0;46.0;delta=0.753
2026-10-04 09:59;7690.0;7722.72;SPXW  261005C07690000;41.1;42.1;delta=0.724
2026-10-04 09:59;7695.0;7722.72;SPXW  261005C07695000;37.6;38.0;delta=0.693
2026-10-04 09:59;7700.0;7722.72;SPXW  261005C07700000;34.0;34.4;delta=0.659
2026-10-04 09:59;7705.0;7722.72;SPXW  261005C07705000;30.5;30.9;delta=0.623
2026-10-04 09:59;7710.0;7722.72;SPXW  261005C07710000;27.3;27.7;delta=0.585
2026-10-04 09:59;7715.0;7722.72;SPXW  261005C07715000;24.1;24.4;delta=0.546
2026-10-04 09:59;7720.0;7722.72;SPXW  261005C07720000;21.2;21.6;delta=0.504
2026-10-04 09:59;7725.0;7722.72;SPXW  261005C07725000;18.5;18.9;delta=0.466
2026-10-04 09:59;7730.0;7722.72;SPXW  261005C07730000;16.0;16.4;delta=0.427
2026-10-04 09:59;7735.0;7722.72;SPXW  261005C07735000;13.6;14.0;delta=0.388
2026-10-04 09:59;7740.0;7722.72;SPXW  261005C07740000;11.5;11.9;delta=0.349
2026-10-04 09:59;7745.0;7722.72;SPXW  261005C07745000;9.7;10.0;delta=0.311
2026-10-04 09:59;7750.0;7722.72;SPXW  261005C07750000;8.0;8.3;delta=0.273
2026-10-04 09:59;7755.0;7722.72;SPXW  261005C07755000;6.5;6.8;delta=0.237
2026-10-04 09:59;7760.0;7722.72;SPXW  261005C07760000;5.3;5.6;delta=0.204
2026-10-04 09:59;7765.0;7722.72;SPXW  261005C07765000;4.3;4.5;delta=0.174
2026-10-04 09:59;7770.0;7722.72;SPXW  261005C07770000;3.3;3.6;delta=0.145
2026-10-04 09:59;7775.0;7722.72;SPXW  261005C07775000;2.6;2.8;delta=0.119
2026-10-04 09:59;7780.0;7722.72;SPXW  261005C07780000;2.05;2.25;delta=0.099
2026-10-04 09:59;7785.0;7722.72;SPXW  261005C07785000;1.6;1.7;delta=0.08
2026-10-04 09:59;7790.0;7722.72;SPXW  261005C07790000;1.25;1.4;delta=0.066
2026-10-04 09:59;7795.0;7722.72;SPXW  261005C07795000;0.95;1.1;delta=0.053
2026-10-04 09:59;7800.0;7722.72;SPXW  261005C07800000;0.75;0.8;delta=0.042
2026-10-04 09:59;7805.0;7722.72;SPXW  261005C07805000;0.6;0.7;delta=0.035
2026-10-04 09:59;7810.0;7722.72;SPXW  261005C07810000;0.45;0.6;delta=0.029
2026-10-04 09:59;7815.0;7722.72;SPXW  261005C07815000;0.35;0.45;delta=0.023
2026-10-04 09:59;7820.0;7722.72;SPXW  261005C07820000;0.3;0.4;delta=0.02
2026-10-04 09:59;7825.0;7722.72;SPXW  261005C07825000;0.25;0.35;delta=0.017
2026-10-04 09:59;7830.0;7722.72;SPXW  261005C07830000;0.2;0.3;delta=0.014
2026-10-04 09:59;7835.0;7722.72;SPXW  261005C07835000;0.15;0.25;delta=0.012
2026-10-04 09:59;7840.0;7722.72;SPXW  261005C07840000;0.1;0.25;delta=0.01
2026-10-04 09:59;7845.0;7722.72;SPXW  261005C07845000;0.1;0.15;delta=0.007
2026-10-04 09:59;7850.0;7722.72;SPXW  261005C07850000;0.1;0.2;delta=0.008
2026-10-04 09:59;7855.0;7722.72;SPXW  261005C07855000;0.05;0.15;delta=0.006
2026-10-04 09:59;7860.0;7722.72;SPXW  261005C07860000;0.05;0.1;delta=0.005
2026-10-04 09:59;7865.0;7722.72;SPXW  261005C07865000;0.05;0.15;delta=0.006
2026-10-04 09:59;7870.0;7722.72;SPXW  261005C07870000;0.05;0.1;delta=0.004
2026-10-04 09:59;7875.0;7722.72;SPXW  261005C07875000;0.05;0.15;delta=0.005
2026-10-04 09:59;7880.0;7722.72;SPXW  261005C07880000;0.05;0.15;delta=0.005
2026-10-04 09:59;7885.0;7722.72;SPXW  261005C07885000;0.05;0.15;delta=0.005
2026-10-04 09:59;7890.0;7722.72;SPXW  261005C07890000;0.05;0.15;delta=0.005
2026-10-04 09:59;7895.0;7722.72;SPXW  261005C07895000;0.05;0.15;delta=0.004
2026-10-04 09:59;7900.0;7722.72;SPXW  261005C07900000;0.05;0.1;delta=0.003
2026-10-04 09:59;7905.0;7722.72;SPXW  261005C07905000;0.05;0.1;delta=0.003
2026-10-04 09:59;7910.0;7722.72;SPXW  261005C07910000;0.05;0.1;delta=0.003
2026-10-04 09:59;7915.0;7722.72;SPXW  261005C07915000;0.05;0.1;delta=0.002
2026-10-04 09:59;7920.0;7722.72;SPXW  261005C07920000;0.05;0.1;delta=0.002
2026-10-04 09:59;7925.0;7722.72;SPXW  261005C07925000;0.05;0.1;delta=0.003
2026-10-04 09:59;7930.0;7722.72;SPXW  261005C07930000;0.05;0.1;delta=0.002
2026-10-04 09:59;7935.0;7722.72;SPXW  261005C07935000;0.0;0.0;delta=-999.0
2026-10-04 09:59;7940.0;7722.72;SPXW  261005C07940000;0.05;0.2;delta=0.002
2026-10-04 09:59;7945.0;7722.72;SPXW  261005C07945000;0.0;0.0;delta=-999.0
2026-10-04 09:59;7950.0;7722.72;SPXW  261005C07950000;0.05;0.15;delta=0.002
2026-10-04 09:59;7960.0;7722.72;SPXW  261005C07960000;0.05;0.1;delta=0.002
2026-10-04 09:59;7970.0;7722.72;SPXW  261005C07970000;0.05;0.1;delta=0.002
2026-10-04 09:59;7975.0;7722.72;SPXW  261005C07975000;0.05;0.1;delta=0.001
2026-10-04 09:59;7980.0;7722.72;SPXW  261005C07980000;0.05;0.15;delta=0.002
2026-10-04 09:59;7475.0;7722.72;SPXW  261005P07475000;0.15;0.25;delta=-0.006
2026-10-04 09:59;7480.0;7722.72;SPXW  261005P07480000;0.15;0.25;delta=-0.006
2026-10-04 09:59;7485.0;7722.72;SPXW  261005P07485000;0.15;0.25;delta=-0.006
2026-10-04 09:59;7490.0;7722.72;SPXW  261005P07490000;0.15;0.25;delta=-0.007
2026-10-04 09:59;7495.0;7722.72;SPXW  261005P07495000;0.15;0.25;delta=-0.007
2026-10-04 09:59;7500.0;7722.72;SPXW  261005P07500000;0.15;0.25;delta=-0.007
2026-10-04 09:59;7505.0;7722.72;SPXW  261005P07505000;0.15;0.3;delta=-0.008
2026-10-04 09:59;7510.0;7722.72;SPXW  261005P07510000;0.2;0.3;delta=-0.008
2026-10-04 09:59;7515.0;7722.72;SPXW  261005P07515000;0.25;0.3;delta=-0.009
2026-10-04 09:59;7520.0;7722.72;SPXW  261005P07520000;0.2;0.3;delta=-0.009
2026-10-04 09:59;7525.0;7722.72;SPXW  261005P07525000;0.2;0.3;delta=-0.009
2026-10-04 09:59;7530.0;7722.72;SPXW  261005P07530000;0.2;0.35;delta=-0.01
2026-10-04 09:59;7535.0;7722.72;SPXW  261005P07535000;0.25;0.35;delta=-0.011
2026-10-04 09:59;7540.0;7722.72;SPXW  261005P07540000;0.3;0.35;delta=-0.012
2026-10-04 09:59;7545.0;7722.72;SPXW  261005P07545000;0.25;0.4;delta=-0.012
2026-10-04 09:59;7550.0;7722.72;SPXW  261005P07550000;0.25;0.4;delta=-0.012
2026-10-04 09:59;7555.0;7722.72;SPXW  261005P07555000;0.3;0.4;delta=-0.013
2026-10-04 09:59;7560.0;7722.72;SPXW  261005P07560000;0.3;0.45;delta=-0.014
2026-10-04 09:59;7565.0;7722.72;SPXW  261005P07565000;0.4;0.45;delta=-0.016
2026-10-04 09:59;7570.0;7722.72;SPXW  261005P07570000;0.4;0.5;delta=-0.017
2026-10-04 09:59;7575.0;7722.72;SPXW  261005P07575000;0.4;0.55;delta=-0.018
2026-10-04 09:59;7580.0;7722.72;SPXW  261005P07580000;0.45;0.6;delta=-0.02
2026-10-04 09:59;7585.0;7722.72;SPXW  261005P07585000;0.5;0.65;delta=-0.023
2026-10-04 09:59;7590.0;7722.72;SPXW  261005P07590000;0.6;0.7;delta=-0.025
2026-10-04 09:59;7595.0;7722.72;SPXW  261005P07595000;0.65;0.75;delta=-0.028
2026-10-04 09:59;7600.0;7722.72;SPXW  261005P07600000;0.7;0.85;delta=-0.031
2026-10-04 09:59;7605.0;7722.72;SPXW  261005P07605000;0.8;0.9;delta=-0.034
2026-10-04 09:59;7610.0;7722.72;SPXW  261005P07610000;0.9;1.05;delta=-0.038
2026-10-04 09:59;7615.0;7722.72;SPXW  261005P07615000;1.05;1.2;delta=-0.044
2026-10-04 09:59;7620.0;7722.72;SPXW  261005P07620000;1.2;1.35;delta=-0.05
2026-10-04 09:59;7625.0;7722.72;SPXW  261005P07625000;1.4;1.55;delta=-0.057
2026-10-04 09:59;7630.0;7722.72;SPXW  261005P07630000;1.6;1.75;delta=-0.064
2026-10-04 09:59;7635.0;7722.72;SPXW  261005P07635000;1.8;2.0;delta=-0.072
2026-10-04 09:59;7640.0;7722.72;SPXW  261005P07640000;2.15;2.25;delta=-0.082
2026-10-04 09:59;7645.0;7722.72;SPXW  261005P07645000;2.45;2.6;delta=-0.094
2026-10-04 09:59;7650.0;7722.72;SPXW  261005P07650000;2.9;3.0;delta=-0.107
2026-10-04 09:59;7655.0;7722.72;SPXW  261005P07655000;3.2;3.5;delta=-0.121
2026-10-04 09:59;7660.0;7722.72;SPXW  261005P07660000;3.7;4.0;delta=-0.136
2026-10-04 09:59;7665.0;7722.72;SPXW  261005P07665000;4.3;4.5;delta=-0.154
2026-10-04 09:59;7670.0;7722.72;SPXW  261005P07670000;5.0;5.2;delta=-0.174
2026-10-04 09:59;7675.0;7722.72;SPXW  261005P07675000;5.7;6.0;delta=-0.196
2026-10-04 09:59;7680.0;7722.72;SPXW  261005P07680000;6.6;6.9;delta=-0.221
2026-10-04 09:59;7685.0;7722.72;SPXW  261005P07685000;7.5;7.8;delta=-0.247
2026-10-04 09:59;7690.0;7722.72;SPXW  261005P07690000;8.7;8.9;delta=-0.276
2026-10-04 09:59;7695.0;7722.72;SPXW  261005P07695000;9.9;10.1;delta=-0.307
2026-10-04 09:59;7700.0;7722.72;SPXW  261005P07700000;11.2;11.5;delta=-0.34
2026-10-04 09:59;7705.0;7722.72;SPXW  261005P07705000;12.8;13.1;delta=-0.376
2026-10-04 09:59;7710.0;7722.72;SPXW  261005P07710000;14.5;14.8;delta=-0.414
2026-10-04 09:59;7715.0;7722.72;SPXW  261005P07715000;16.3;16.7;delta=-0.454
2026-10-04 09:59;7720.0;7722.72;SPXW  261005P07720000;18.4;18.8;delta=-0.496
2026-10-04 09:59;7725.0;7722.72;SPXW  261005P07725000;20.7;21.1;delta=-0.534
2026-10-04 09:59;7730.0;7722.72;SPXW  261005P07730000;23.1;23.6;delta=-0.572
2026-10-04 09:59;7735.0;7722.72;SPXW  261005P07735000;25.8;26.2;delta=-0.612
2026-10-04 09:59;7740.0;7722.72;SPXW  261005P07740000;28.7;29.1;delta=-0.651
2026-10-04 09:59;7745.0;7722.72;SPXW  261005P07745000;31.8;32.2;delta=-0.689
2026-10-04 09:59;7750.0;7722.72;SPXW  261005P07750000;34.9;35.9;delta=-0.727
2026-10-04 09:59;7755.0;7722.72;SPXW  261005P07755000;38.4;39.4;delta=-0.763
2026-10-04 09:59;7760.0;7722.72;SPXW  261005P07760000;42.1;43.1;delta=-0.796
2026-10-04 09:59;7765.0;7722.72;SPXW  261005P07765000;46.0;47.1;delta=-0.826
2026-10-04 09:59;7770.0;7722.72;SPXW  261005P07770000;49.9;51.3;delta=-0.855
2026-10-04 09:59;7775.0;7722.72;SPXW  261005P07775000;54.2;55.6;delta=-0.88
2026-10-04 09:59;7780.0;7722.72;SPXW  261005P07780000;58.6;60.0;delta=-0.901
2026-10-04 09:59;7785.0;7722.72;SPXW  261005P07785000;63.1;64.5;delta=-0.92
2026-10-04 09:59;7790.0;7722.72;SPXW  261005P07790000;67.7;69.2;delta=-0.934
2026-10-04 09:59;7795.0;7722.72;SPXW  261005P07795000;72.5;73.9;delta=-0.947
2026-10-04 09:59;7800.0;7722.72;SPXW  261005P07800000;77.2;78.7;delta=-0.958
2026-10-04 09:59;7805.0;7722.72;SPXW  261005P07805000;82.1;83.5;delta=-0.964
2026-10-04 09:59;7810.0;7722.72;SPXW  261005P07810000;87.0;88.4;delta=-0.971
2026-10-04 09:59;7815.0;7722.72;SPXW  261005P07815000;91.7;93.4;delta=-0.977
2026-10-04 09:59;7820.0;7722.72;SPXW  261005P07820000;96.6;98.4;delta=-0.98
2026-10-04 09:59;7825.0;7722.72;SPXW  261005P07825000;101.5;105.8;delta=-0.983
2026-10-04 09:59;7830.0;7722.72;SPXW  261005P07830000;106.5;108.3;delta=-0.985
2026-10-04 09:59;7835.0;7722.72;SPXW  261005P07835000;111.4;115.8;delta=-0.988
2026-10-04 09:59;7840.0;7722.72;SPXW  261005P07840000;116.4;120.7;delta=-0.99
2026-10-04 09:59;7845.0;7722.72;SPXW  261005P07845000;121.4;125.3;delta=-0.992
2026-10-04 09:59;7850.0;7722.72;SPXW  261005P07850000;126.5;127.9;delta=-0.991
2026-10-04 09:59;7855.0;7722.72;SPXW  261005P07855000;131.5;132.9;delta=-0.994
2026-10-04 09:59;7860.0;7722.72;SPXW  261005P07860000;136.5;137.9;delta=-0.995
2026-10-04 09:59;7865.0;7722.72;SPXW  261005P07865000;141.5;142.9;delta=-0.994
2026-10-04 09:59;7870.0;7722.72;SPXW  261005P07870000;146.5;147.9;delta=-0.995
2026-10-04 09:59;7875.0;7722.72;SPXW  261005P07875000;151.5;153.0;delta=-0.994
2026-10-04 09:59;7880.0;7722.72;SPXW  261005P07880000;156.5;157.9;delta=-0.995
2026-10-04 09:59;7885.0;7722.72;SPXW  261005P07885000;161.5;163.0;delta=-0.995
2026-10-04 09:59;7890.0;7722.72;SPXW  261005P07890000;146.8;190.2;delta=-0.995
2026-10-04 09:59;7895.0;7722.72;SPXW  261005P07895000;171.5;173.0;delta=-0.996
2026-10-04 09:59;7900.0;7722.72;SPXW  261005P07900000;176.5;178.0;delta=-0.997
2026-10-04 09:59;7905.0;7722.72;SPXW  261005P07905000;181.4;183.0;delta=-0.997
2026-10-04 09:59;7910.0;7722.72;SPXW  261005P07910000;186.4;187.9;delta=-0.997
2026-10-04 09:59;7915.0;7722.72;SPXW  261005P07915000;191.4;192.9;delta=-0.997
2026-10-04 09:59;7920.0;7722.72;SPXW  261005P07920000;196.4;197.9;delta=-0.997
2026-10-04 09:59;7925.0;7722.72;SPXW  261005P07925000;201.4;202.9;delta=-0.996
2026-10-04 09:59;7930.0;7722.72;SPXW  261005P07930000;186.3;230.2;delta=-0.997
2026-10-04 09:59;7935.0;7722.72;SPXW  261005P07935000;0.0;0.0;delta=-999.0
2026-10-04 09:59;7940.0;7722.72;SPXW  261005P07940000;216.4;217.9;delta=-0.997
2026-10-04 09:59;7945.0;7722.72;SPXW  261005P07945000;0.0;0.0;delta=-999.0
2026-10-04 09:59;7950.0;7722.72;SPXW  261005P07950000;226.4;227.9;delta=-0.998
2026-10-04 09:59;7960.0;7722.72;SPXW  261005P07960000;236.4;237.9;delta=-0.998
2026-10-04 09:59;7970.0;7722.72;SPXW  261005P07970000;246.4;247.9;delta=-0.998
2026-10-04 09:59;7975.0;7722.72;SPXW  261005P07975000;251.4;252.9;delta=-0.999
2026-10-04 09:59;7980.0;7722.72;SPXW  261005P07980000;256.4;257.9;delta=-0.998
2026-10-04 10:04;7475.0;7722.72;SPXW  261005C07475000;247.3;248.8;delta=0.994
2026-10-04 10:04;7480.0;7722.72;SPXW  261005C07480000;231.3;254.9;delta=0.993
2026-10-04 10:04;7485.0;7722.72;SPXW  261005C07485000;237.4;238.8;delta=0.993
2026-10-04 10:04;7490.0;7722.72;SPXW  261005C07490000;232.3;233.8;delta=0.993
2026-10-04 10:04;7495.0;7722.72;SPXW  261005C07495000;227.4;228.8;delta=0.993
2026-10-04 10:04;7500.0;7722.72;SPXW  261005C07500000;222.4;223.8;delta=0.993
2026-10-04 10:04;7505.0;7722.72;SPXW  261005C07505000;206.3;230.2;delta=0.992
2026-10-04 10:04;7510.0;7722.72;SPXW  261005C07510000;201.3;225.2;delta=0.991
2026-10-04 10:04;7515.0;7722.72;SPXW  261005C07515000;198.3;218.1;delta=0.99
2026-10-04 10:04;7520.0;7722.72;SPXW  261005C07520000;193.3;213.1;delta=0.991
2026-10-04 10:04;7525.0;7722.72;SPXW  261005C07525000;188.3;208.1;delta=0.991
2026-10-04 10:04;7530.0;7722.72;SPXW  261005C07530000;183.3;203.0;delta=0.99
2026-10-04 10:04;7535.0;7722.72;SPXW  261005C07535000;178.4;189.0;delta=0.989
2026-10-04 10:04;7540.0;7722.72;SPXW  261005C07540000;182.2;184.1;delta=0.988
2026-10-04 10:04;7545.0;7722.72;SPXW  261005C07545000;177.3;179.1;delta=0.988
2026-10-04 10:04;7550.0;7722.72;SPXW  261005C07550000;168.1;174.1;delta=0.987
2026-10-04 10:04;7555.0;7722.72;SPXW  261005C07555000;167.3;169.1;delta=0.986
2026-10-04 10:04;7560.0;7722.72;SPXW  261005C07560000;162.3;164.1;delta=0.985
2026-10-04 10:04;7565.0;7722.72;SPXW  261005C07565000;148.5;159.1;delta=0.984
2026-10-04 10:04;7570.0;7722.72;SPXW  261005C07570000;148.2;154.2;delta=0.982
2026-10-04 10:04;7575.0;7722.72;SPXW  261005C07575000;147.4;149.2;delta=0.981
2026-10-04 10:04;7580.0;7722.72;SPXW  261005C07580000;138.4;144.3;delta=0.979
2026-10-04 10:04;7585.0;7722.72;SPXW  261005C07585000;137.5;139.3;delta=0.977
2026-10-04 10:04;7590.0;7722.72;SPXW  261005C07590000;128.5;134.4;delta=0.974
2026-10-04 10:04;7595.0;7722.72;SPXW  261005C07595000;127.8;129.2;delta=0.972
2026-10-04 10:04;7600.0;7722.72;SPXW  261005C07600000;122.9;124.3;delta=0.969
2026-10-04 10:04;7605.0;7722.72;SPXW  261005C07605000;118.0;119.4;delta=0.966
2026-10-04 10:04;7610.0;7722.72;SPXW  261005C07610000;113.1;114.5;delta=0.961
2026-10-04 10:04;7615.0;7722.72;SPXW  261005C07615000;108.2;109.7;delta=0.956
2026-10-04 10:04;7620.0;7722.72;SPXW  261005C07620000;103.4;104.8;delta=0.95
2026-10-04 10:04;7625.0;7722.72;SPXW  261005C07625000;98.6;100.0;delta=0.943
2026-10-04 10:04;7630.0;7722.72;SPXW  261005C07630000;93.8;95.2;delta=0.936
2026-10-04 10:04;7635.0;7722.72;SPXW  261005C07635000;89.0;90.5;delta=0.927
2026-10-04 10:04;7640.0;7722.72;SPXW  261005C07640000;84.3;85.7;delta=0.917
2026-10-04 10:04;7645.0;7722.72;SPXW  261005C07645000;79.7;81.1;delta=0.906
2026-10-04 10:04;7650.0;7722.72;SPXW  261005C07650000;75.1;76.4;delta=0.893
2026-10-04 10:04;7655.0;7722.72;SPXW  261005C07655000;70.5;71.9;delta=0.879
2026-10-04 10:04;7660.0;7722.72;SPXW  261005C07660000;66.0;67.4;delta=0.863
2026-10-04 10:04;7665.0;7722.72;SPXW  261005C07665000;61.6;63.0;delta=0.846
2026-10-04 10:04;7670.0;7722.72;SPXW  261005C07670000;57.4;58.4;delta=0.825
2026-10-04 10:04;7675.0;7722.72;SPXW  261005C07675000;53.1;54.2;delta=0.803
2026-10-04 10:04;7680.0;7722.72;SPXW  261005C07680000;49.0;50.0;delta=0.779
2026-10-04 10:04;7685.0;7722.72;SPXW  261005C07685000;45.0;46.0;delta=0.753
2026-10-04 10:04;7690.0;7722.72;SPXW  261005C07690000;41.1;42.1;delta=0.724
2026-10-04 10:04;7695.0;7722.72;SPXW  261005C07695000;37.6;38.0;delta=0.693
2026-10-04 10:04;7700.0;7722.72;SPXW  261005C07700000;34.0;34.4;delta=0.659
2026-10-04 10:04;7705.0;7722.72;SPXW  261005C07705000;30.5;30.9;delta=0.623
2026-10-04 10:04;7710.0;7722.72;SPXW  261005C07710000;27.3;27.7;delta=0.585
2026-10-04 10:04;7715.0;7722.72;SPXW  261005C07715000;24.1;24.4;delta=0.546
2026-10-04 10:04;7720.0;7722.72;SPXW  261005C07720000;21.2;21.6;delta=0.504
2026-10-04 10:04;7725.0;7722.72;SPXW  261005C07725000;18.5;18.9;delta=0.466
2026-10-04 10:04;7730.0;7722.72;SPXW  261005C07730000;16.0;16.4;delta=0.427
2026-10-04 10:04;7735.0;7722.72;SPXW  261005C07735000;13.6;14.0;delta=0.388
2026-10-04 10:04;7740.0;7722.72;SPXW  261005C07740000;11.5;11.9;delta=0.349
2026-10-04 10:04;7745.0;7722.72;SPXW  261005C07745000;9.7;10.0;delta=0.311
2026-10-04 10:04;7750.0;7722.72;SPXW  261005C07750000;8.0;8.3;delta=0.273
2026-10-04 10:04;7755.0;7722.72;SPXW  261005C07755000;6.5;6.8;delta=0.237
2026-10-04 10:04;7760.0;7722.72;SPXW  261005C07760000;5.3;5.6;delta=0.204
2026-10-04 10:04;7765.0;7722.72;SPXW  261005C07765000;4.3;4.5;delta=0.174
2026-10-04 10:04;7770.0;7722.72;SPXW  261005C07770000;3.3;3.6;delta=0.145
2026-10-04 10:04;7775.0;7722.72;SPXW  261005C07775000;2.6;2.8;delta=0.119
2026-10-04 10:04;7780.0;7722.72;SPXW  261005C07780000;2.05;2.25;delta=0.099
2026-10-04 10:04;7785.0;7722.72;SPXW  261005C07785000;1.6;1.7;delta=0.08
2026-10-04 10:04;7790.0;7722.72;SPXW  261005C07790000;1.25;1.4;delta=0.066
2026-10-04 10:04;7795.0;7722.72;SPXW  261005C07795000;0.95;1.1;delta=0.053
2026-10-04 10:04;7800.0;7722.72;SPXW  261005C07800000;0.75;0.8;delta=0.042
2026-10-04 10:04;7805.0;7722.72;SPXW  261005C07805000;0.6;0.7;delta=0.035
2026-10-04 10:04;7810.0;7722.72;SPXW  261005C07810000;0.45;0.6;delta=0.029
2026-10-04 10:04;7815.0;7722.72;SPXW  261005C07815000;0.35;0.45;delta=0.023
2026-10-04 10:04;7820.0;7722.72;SPXW  261005C07820000;0.3;0.4;delta=0.02
2026-10-04 10:04;7825.0;7722.72;SPXW  261005C07825000;0.25;0.35;delta=0.017
2026-10-04 10:04;7830.0;7722.72;SPXW  261005C07830000;0.2;0.3;delta=0.014
2026-10-04 10:04;7835.0;7722.72;SPXW  261005C07835000;0.15;0.25;delta=0.012
2026-10-04 10:04;7840.0;7722.72;SPXW  261005C07840000;0.1;0.25;delta=0.01
2026-10-04 10:04;7845.0;7722.72;SPXW  261005C07845000;0.1;0.15;delta=0.007
2026-10-04 10:04;7850.0;7722.72;SPXW  261005C07850000;0.1;0.2;delta=0.008
2026-10-04 10:04;7855.0;7722.72;SPXW  261005C07855000;0.05;0.15;delta=0.006
2026-10-04 10:04;7860.0;7722.72;SPXW  261005C07860000;0.05;0.1;delta=0.005
2026-10-04 10:04;7865.0;7722.72;SPXW  261005C07865000;0.05;0.15;delta=0.006
2026-10-04 10:04;7870.0;7722.72;SPXW  261005C07870000;0.05;0.1;delta=0.004
2026-10-04 10:04;7875.0;7722.72;SPXW  261005C07875000;0.05;0.15;delta=0.005
2026-10-04 10:04;7880.0;7722.72;SPXW  261005C07880000;0.05;0.15;delta=0.005
2026-10-04 10:04;7885.0;7722.72;SPXW  261005C07885000;0.05;0.15;delta=0.005
2026-10-04 10:04;7890.0;7722.72;SPXW  261005C07890000;0.05;0.15;delta=0.005
2026-10-04 10:04;7895.0;7722.72;SPXW  261005C07895000;0.05;0.15;delta=0.004
2026-10-04 10:04;7900.0;7722.72;SPXW  261005C07900000;0.05;0.1;delta=0.003
2026-10-04 10:04;7905.0;7722.72;SPXW  261005C07905000;0.05;0.1;delta=0.003
2026-10-04 10:04;7910.0;7722.72;SPXW  261005C07910000;0.05;0.1;delta=0.003
2026-10-04 10:04;7915.0;7722.72;SPXW  261005C07915000;0.05;0.1;delta=0.002
2026-10-04 10:04;7920.0;7722.72;SPXW  261005C07920000;0.05;0.1;delta=0.002
2026-10-04 10:04;7925.0;7722.72;SPXW  261005C07925000;0.05;0.1;delta=0.003
2026-10-04 10:04;7930.0;7722.72;SPXW  261005C07930000;0.05;0.1;delta=0.002
2026-10-04 10:04;7935.0;7722.72;SPXW  261005C07935000;0.0;0.0;delta=-999.0
2026-10-04 10:04;7940.0;7722.72;SPXW  261005C07940000;0.05;0.2;delta=0.002
2026-10-04 10:04;7945.0;7722.72;SPXW  261005C07945000;0.0;0.0;delta=-999.0
2026-10-04 10:04;7950.0;7722.72;SPXW  261005C07950000;0.05;0.15;delta=0.002
2026-10-04 10:04;7960.0;7722.72;SPXW  261005C07960000;0.05;0.1;delta=0.002
2026-10-04 10:04;7970.0;7722.72;SPXW  261005C07970000;0.05;0.1;delta=0.002
2026-10-04 10:04;7975.0;7722.72;SPXW  261005C07975000;0.05;0.1;delta=0.001
2026-10-04 10:04;7980.0;7722.72;SPXW  261005C07980000;0.05;0.15;delta=0.002
2026-10-04 10:04;7475.0;7722.72;SPXW  261005P07475000;0.15;0.25;delta=-0.006
2026-10-04 10:04;7480.0;7722.72;SPXW  261005P07480000;0.15;0.25;delta=-0.006
2026-10-04 10:04;7485.0;7722.72;SPXW  261005P07485000;0.15;0.25;delta=-0.006
2026-10-04 10:04;7490.0;7722.72;SPXW  261005P07490000;0.15;0.25;delta=-0.007
2026-10-04 10:04;7495.0;7722.72;SPXW  261005P07495000;0.15;0.25;delta=-0.007
2026-10-04 10:04;7500.0;7722.72;SPXW  261005P07500000;0.15;0.25;delta=-0.007
2026-10-04 10:04;7505.0;7722.72;SPXW  261005P07505000;0.15;0.3;delta=-0.008
2026-10-04 10:04;7510.0;7722.72;SPXW  261005P07510000;0.2;0.3;delta=-0.008
2026-10-04 10:04;7515.0;7722.72;SPXW  261005P07515000;0.25;0.3;delta=-0.009
2026-10-04 10:04;7520.0;7722.72;SPXW  261005P07520000;0.2;0.3;delta=-0.009
2026-10-04 10:04;7525.0;7722.72;SPXW  261005P07525000;0.2;0.3;delta=-0.009
2026-10-04 10:04;7530.0;7722.72;SPXW  261005P07530000;0.2;0.35;delta=-0.01
2026-10-04 10:04;7535.0;7722.72;SPXW  261005P07535000;0.25;0.35;delta=-0.011
2026-10-04 10:04;7540.0;7722.72;SPXW  261005P07540000;0.3;0.35;delta=-0.012
2026-10-04 10:04;7545.0;7722.72;SPXW  261005P07545000;0.25;0.4;delta=-0.012
2026-10-04 10:04;7550.0;7722.72;SPXW  261005P07550000;0.25;0.4;delta=-0.012
2026-10-04 10:04;7555.0;7722.72;SPXW  261005P07555000;0.3;0.4;delta=-0.013
2026-10-04 10:04;7560.0;7722.72;SPXW  261005P07560000;0.3;0.45;delta=-0.014
2026-10-04 10:04;7565.0;7722.72;SPXW  261005P07565000;0.4;0.45;delta=-0.016
2026-10-04 10:04;7570.0;7722.72;SPXW  261005P07570000;0.4;0.5;delta=-0.017
2026-10-04 10:04;7575.0;7722.72;SPXW  261005P07575000;0.4;0.55;delta=-0.018
2026-10-04 10:04;7580.0;7722.72;SPXW  261005P07580000;0.45;0.6;delta=-0.02
2026-10-04 10:04;7585.0;7722.72;SPXW  261005P07585000;0.5;0.65;delta=-0.023
2026-10-04 10:04;7590.0;7722.72;SPXW  261005P07590000;0.6;0.7;delta=-0.025
2026-10-04 10:04;7595.0;7722.72;SPXW  261005P07595000;0.65;0.75;delta=-0.028
2026-10-04 10:04;7600.0;7722.72;SPXW  261005P07600000;0.7;0.85;delta=-0.031
2026-10-04 10:04;7605.0;7722.72;SPXW  261005P07605000;0.8;0.9;delta=-0.034
2026-10-04 10:04;7610.0;7722.72;SPXW  261005P07610000;0.9;1.05;delta=-0.038
2026-10-04 10:04;7615.0;7722.72;SPXW  261005P07615000;1.05;1.2;delta=-0.044
2026-10-04 10:04;7620.0;7722.72;SPXW  261005P07620000;1.2;1.35;delta=-0.05
2026-10-04 10:04;7625.0;7722.72;SPXW  261005P07625000;1.4;1.55;delta=-0.057
2026-10-04 10:04;7630.0;7722.72;SPXW  261005P07630000;1.6;1.75;delta=-0.064
2026-10-04 10:04;7635.0;7722.72;SPXW  261005P07635000;1.8;2.0;delta=-0.072
2026-10-04 10:04;7640.0;7722.72;SPXW  261005P07640000;2.15;2.25;delta=-0.082
2026-10-04 10:04;7645.0;7722.72;SPXW  261005P07645000;2.45;2.6;delta=-0.094
2026-10-04 10:04;7650.0;7722.72;SPXW  261005P07650000;2.9;3.0;delta=-0.107
2026-10-04 10:04;7655.0;7722.72;SPXW  261005P07655000;3.2;3.5;delta=-0.121
2026-10-04 10:04;7660.0;7722.72;SPXW  261005P07660000;3.7;4.0;delta=-0.136
2026-10-04 10:04;7665.0;7722.72;SPXW  261005P07665000;4.3;4.5;delta=-0.154
2026-10-04 10:04;7670.0;7722.72;SPXW  261005P07670000;5.0;5.2;delta=-0.174
2026-10-04 10:04;7675.0;7722.72;SPXW  261005P07675000;5.7;6.0;delta=-0.196
2026-10-04 10:04;7680.0;7722.72;SPXW  261005P07680000;6.6;6.9;delta=-0.221
2026-10-04 10:04;7685.0;7722.72;SPXW  261005P07685000;7.5;7.8;delta=-0.247
2026-10-04 10:04;7690.0;7722.72;SPXW  261005P07690000;8.7;8.9;delta=-0.276
2026-10-04 10:04;7695.0;7722.72;SPXW  261005P07695000;9.9;10.1;delta=-0.307
2026-10-04 10:04;7700.0;7722.72;SPXW  261005P07700000;11.2;11.5;delta=-0.34
2026-10-04 10:04;7705.0;7722.72;SPXW  261005P07705000;12.8;13.1;delta=-0.376
2026-10-04 10:04;7710.0;7722.72;SPXW  261005P07710000;14.5;14.8;delta=-0.414
2026-10-04 10:04;7715.0;7722.72;SPXW  261005P07715000;16.3;16.7;delta=-0.454
2026-10-04 10:04;7720.0;7722.72;SPXW  261005P07720000;18.4;18.8;delta=-0.496
2026-10-04 10:04;7725.0;7722.72;SPXW  261005P07725000;20.7;21.1;delta=-0.534
2026-10-04 10:04;7730.0;7722.72;SPXW  261005P07730000;23.1;23.6;delta=-0.572
2026-10-04 10:04;7735.0;7722.72;SPXW  261005P07735000;25.8;26.2;delta=-0.612
2026-10-04 10:04;7740.0;7722.72;SPXW  261005P07740000;28.7;29.1;delta=-0.651
2026-10-04 10:04;7745.0;7722.72;SPXW  261005P07745000;31.8;32.2;delta=-0.689
2026-10-04 10:04;7750.0;7722.72;SPXW  261005P07750000;34.9;35.9;delta=-0.727
2026-10-04 10:04;7755.0;7722.72;SPXW  261005P07755000;38.4;39.4;delta=-0.763
2026-10-04 10:04;7760.0;7722.72;SPXW  261005P07760000;42.1;43.1;delta=-0.796
2026-10-04 10:04;7765.0;7722.72;SPXW  261005P07765000;46.0;47.1;delta=-0.826
2026-10-04 10:04;7770.0;7722.72;SPXW  261005P07770000;49.9;51.3;delta=-0.855
2026-10-04 10:04;7775.0;7722.72;SPXW  261005P07775000;54.2;55.6;delta=-0.88
2026-10-04 10:04;7780.0;7722.72;SPXW  261005P07780000;58.6;60.0;delta=-0.901
2026-10-04 10:04;7785.0;7722.72;SPXW  261005P07785000;63.1;64.5;delta=-0.92
2026-10-04 10:04;7790.0;7722.72;SPXW  261005P07790000;67.7;69.2;delta=-0.934
2026-10-04 10:04;7795.0;7722.72;SPXW  261005P07795000;72.5;73.9;delta=-0.947
2026-10-04 10:04;7800.0;7722.72;SPXW  261005P07800000;77.2;78.7;delta=-0.958
2026-10-04 10:04;7805.0;7722.72;SPXW  261005P07805000;82.1;83.5;delta=-0.964
2026-10-04 10:04;7810.0;7722.72;SPXW  261005P07810000;87.0;88.4;delta=-0.971
2026-10-04 10:04;7815.0;7722.72;SPXW  261005P07815000;91.7;93.4;delta=-0.977
2026-10-04 10:04;7820.0;7722.72;SPXW  261005P07820000;96.6;98.4;delta=-0.98
2026-10-04 10:04;7825.0;7722.72;SPXW  261005P07825000;101.5;105.8;delta=-0.983
2026-10-04 10:04;7830.0;7722.72;SPXW  261005P07830000;106.5;108.3;delta=-0.985
2026-10-04 10:04;7835.0;7722.72;SPXW  261005P07835000;111.4;115.8;delta=-0.988
2026-10-04 10:04;7840.0;7722.72;SPXW  261005P07840000;116.4;120.7;delta=-0.99
2026-10-04 10:04;7845.0;7722.72;SPXW  261005P07845000;121.4;125.3;delta=-0.992
2026-10-04 10:04;7850.0;7722.72;SPXW  261005P07850000;126.5;127.9;delta=-0.991
2026-10-04 10:04;7855.0;7722.72;SPXW  261005P07855000;131.5;132.9;delta=-0.994
2026-10-04 10:04;7860.0;7722.72;SPXW  261005P07860000;136.5;137.9;delta=-0.995
2026-10-04 10:04;7865.0;7722.72;SPXW  261005P07865000;141.5;142.9;delta=-0.994
2026-10-04 10:04;7870.0;7722.72;SPXW  261005P07870000;146.5;147.9;delta=-0.995
2026-10-04 10:04;7875.0;7722.72;SPXW  261005P07875000;151.5;153.0;delta=-0.994
2026-10-04 10:04;7880.0;7722.72;SPXW  261005P07880000;156.5;157.9;delta=-0.995
2026-10-04 10:04;7885.0;7722.72;SPXW  261005P07885000;161.5;163.0;delta=-0.995
2026-10-04 10:04;7890.0;7722.72;SPXW  261005P07890000;146.8;190.2;delta=-0.995
2026-10-04 10:04;7895.0;7722.72;SPXW  261005P07895000;171.5;173.0;delta=-0.996
2026-10-04 10:04;7900.0;7722.72;SPXW  261005P07900000;176.5;178.0;delta=-0.997
2026-10-04 10:04;7905.0;7722.72;SPXW  261005P07905000;181.4;183.0;delta=-0.997
2026-10-04 10:04;7910.0;7722.72;SPXW  261005P07910000;186.4;187.9;delta=-0.997
2026-10-04 10:04;7915.0;7722.72;SPXW  261005P07915000;191.4;192.9;delta=-0.997
2026-10-04 10:04;7920.0;7722.72;SPXW  261005P07920000;196.4;197.9;delta=-0.997
2026-10-04 10:04;7925.0;7722.72;SPXW  261005P07925000;201.4;202.9;delta=-0.996
2026-10-04 10:04;7930.0;7722.72;SPXW  261005P07930000;186.3;230.2;delta=-0.997
2026-10-04 10:04;7935.0;7722.72;SPXW  261005P07935000;0.0;0.0;delta=-999.0
2026-10-04 10:04;7940.0;7722.72;SPXW  261005P07940000;216.4;217.9;delta=-0.997
2026-10-04 10:04;7945.0;7722.72;SPXW  261005P07945000;0.0;0.0;delta=-999.0
2026-10-04 10:04;7950.0;7722.72;SPXW  261005P07950000;226.4;227.9;delta=-0.998
2026-10-04 10:04;7960.0;7722.72;SPXW  261005P07960000;236.4;237.9;delta=-0.998
2026-10-04 10:04;7970.0;7722.72;SPXW  261005P07970000;246.4;247.9;delta=-0.998
2026-10-04 10:04;7975.0;7722.72;SPXW  261005P07975000;251.4;252.9;delta=-0.999
2026-10-04 10:04;7980.0;7722.72;SPXW  261005P07980000;256.4;257.9;delta=-0.998
2026-10-04 10:08;7475.0;7722.72;SPXW  261005C07475000;247.3;248.8;delta=0.994
2026-10-04 10:08;7480.0;7722.72;SPXW  261005C07480000;231.3;254.9;delta=0.993
2026-10-04 10:08;7485.0;7722.72;SPXW  261005C07485000;237.4;238.8;delta=0.993
2026-10-04 10:08;7490.0;7722.72;SPXW  261005C07490000;232.3;233.8;delta=0.993
2026-10-04 10:08;7495.0;7722.72;SPXW  261005C07495000;227.4;228.8;delta=0.993
2026-10-04 10:08;7500.0;7722.72;SPXW  261005C07500000;222.4;223.8;delta=0.993
2026-10-04 10:08;7505.0;7722.72;SPXW  261005C07505000;206.3;230.2;delta=0.992
2026-10-04 10:08;7510.0;7722.72;SPXW  261005C07510000;201.3;225.2;delta=0.991
2026-10-04 10:08;7515.0;7722.72;SPXW  261005C07515000;198.3;218.1;delta=0.99
2026-10-04 10:08;7520.0;7722.72;SPXW  261005C07520000;193.3;213.1;delta=0.991
2026-10-04 10:08;7525.0;7722.72;SPXW  261005C07525000;188.3;208.1;delta=0.991
2026-10-04 10:08;7530.0;7722.72;SPXW  261005C07530000;183.3;203.0;delta=0.99
2026-10-04 10:08;7535.0;7722.72;SPXW  261005C07535000;178.4;189.0;delta=0.989
2026-10-04 10:08;7540.0;7722.72;SPXW  261005C07540000;182.2;184.1;delta=0.988
2026-10-04 10:08;7545.0;7722.72;SPXW  261005C07545000;177.3;179.1;delta=0.988
2026-10-04 10:08;7550.0;7722.72;SPXW  261005C07550000;168.1;174.1;delta=0.987
2026-10-04 10:08;7555.0;7722.72;SPXW  261005C07555000;167.3;169.1;delta=0.986
2026-10-04 10:08;7560.0;7722.72;SPXW  261005C07560000;162.3;164.1;delta=0.985
2026-10-04 10:08;7565.0;7722.72;SPXW  261005C07565000;148.5;159.1;delta=0.984
2026-10-04 10:08;7570.0;7722.72;SPXW  261005C07570000;148.2;154.2;delta=0.982
2026-10-04 10:08;7575.0;7722.72;SPXW  261005C07575000;147.4;149.2;delta=0.981
2026-10-04 10:08;7580.0;7722.72;SPXW  261005C07580000;138.4;144.3;delta=0.979
2026-10-04 10:08;7585.0;7722.72;SPXW  261005C07585000;137.5;139.3;delta=0.977
2026-10-04 10:08;7590.0;7722.72;SPXW  261005C07590000;128.5;134.4;delta=0.974
2026-10-04 10:08;7595.0;7722.72;SPXW  261005C07595000;127.8;129.2;delta=0.972
2026-10-04 10:08;7600.0;7722.72;SPXW  261005C07600000;122.9;124.3;delta=0.969
2026-10-04 10:08;7605.0;7722.72;SPXW  261005C07605000;118.0;119.4;delta=0.966
2026-10-04 10:08;7610.0;7722.72;SPXW  261005C07610000;113.1;114.5;delta=0.961
2026-10-04 10:08;7615.0;7722.72;SPXW  261005C07615000;108.2;109.7;delta=0.956
2026-10-04 10:08;7620.0;7722.72;SPXW  261005C07620000;103.4;104.8;delta=0.95
2026-10-04 10:08;7625.0;7722.72;SPXW  261005C07625000;98.6;100.0;delta=0.943
2026-10-04 10:08;7630.0;7722.72;SPXW  261005C07630000;93.8;95.2;delta=0.936
2026-10-04 10:08;7635.0;7722.72;SPXW  261005C07635000;89.0;90.5;delta=0.927
2026-10-04 10:08;7640.0;7722.72;SPXW  261005C07640000;84.3;85.7;delta=0.917
2026-10-04 10:08;7645.0;7722.72;SPXW  261005C07645000;79.7;81.1;delta=0.906
2026-10-04 10:08;7650.0;7722.72;SPXW  261005C07650000;75.1;76.4;delta=0.893
2026-10-04 10:08;7655.0;7722.72;SPXW  261005C07655000;70.5;71.9;delta=0.879
2026-10-04 10:08;7660.0;7722.72;SPXW  261005C07660000;66.0;67.4;delta=0.863
2026-10-04 10:08;7665.0;7722.72;SPXW  261005C07665000;61.6;63.0;delta=0.846
2026-10-04 10:08;7670.0;7722.72;SPXW  261005C07670000;57.4;58.4;delta=0.825
2026-10-04 10:08;7675.0;7722.72;SPXW  261005C07675000;53.1;54.2;delta=0.803
2026-10-04 10:08;7680.0;7722.72;SPXW  261005C07680000;49.0;50.0;delta=0.779
2026-10-04 10:08;7685.0;7722.72;SPXW  261005C07685000;45.0;46.0;delta=0.753
2026-10-04 10:08;7690.0;7722.72;SPXW  261005C07690000;41.1;42.1;delta=0.724
2026-10-04 10:08;7695.0;7722.72;SPXW  261005C07695000;37.6;38.0;delta=0.693
2026-10-04 10:08;7700.0;7722.72;SPXW  261005C07700000;34.0;34.4;delta=0.659
2026-10-04 10:08;7705.0;7722.72;SPXW  261005C07705000;30.5;30.9;delta=0.623
2026-10-04 10:08;7710.0;7722.72;SPXW  261005C07710000;27.3;27.7;delta=0.585
2026-10-04 10:08;7715.0;7722.72;SPXW  261005C07715000;24.1;24.4;delta=0.546
2026-10-04 10:08;7720.0;7722.72;SPXW  261005C07720000;21.2;21.6;delta=0.504
2026-10-04 10:08;7725.0;7722.72;SPXW  261005C07725000;18.5;18.9;delta=0.466
2026-10-04 10:08;7730.0;7722.72;SPXW  261005C07730000;16.0;16.4;delta=0.427
2026-10-04 10:08;7735.0;7722.72;SPXW  261005C07735000;13.6;14.0;delta=0.388
2026-10-04 10:08;7740.0;7722.72;SPXW  261005C07740000;11.5;11.9;delta=0.349
2026-10-04 10:08;7745.0;7722.72;SPXW  261005C07745000;9.7;10.0;delta=0.311
2026-10-04 10:08;7750.0;7722.72;SPXW  261005C07750000;8.0;8.3;delta=0.273
2026-10-04 10:08;7755.0;7722.72;SPXW  261005C07755000;6.5;6.8;delta=0.237
2026-10-04 10:08;7760.0;7722.72;SPXW  261005C07760000;5.3;5.6;delta=0.204
2026-10-04 10:08;7765.0;7722.72;SPXW  261005C07765000;4.3;4.5;delta=0.174
2026-10-04 10:08;7770.0;7722.72;SPXW  261005C07770000;3.3;3.6;delta=0.145
2026-10-04 10:08;7775.0;7722.72;SPXW  261005C07775000;2.6;2.8;delta=0.119
2026-10-04 10:08;7780.0;7722.72;SPXW  261005C07780000;2.05;2.25;delta=0.099
2026-10-04 10:08;7785.0;7722.72;SPXW  261005C07785000;1.6;1.7;delta=0.08
2026-10-04 10:08;7790.0;7722.72;SPXW  261005C07790000;1.25;1.4;delta=0.066
2026-10-04 10:08;7795.0;7722.72;SPXW  261005C07795000;0.95;1.1;delta=0.053
2026-10-04 10:08;7800.0;7722.72;SPXW  261005C07800000;0.75;0.8;delta=0.042
2026-10-04 10:08;7805.0;7722.72;SPXW  261005C07805000;0.6;0.7;delta=0.035
2026-10-04 10:08;7810.0;7722.72;SPXW  261005C07810000;0.45;0.6;delta=0.029
2026-10-04 10:08;7815.0;7722.72;SPXW  261005C07815000;0.35;0.45;delta=0.023
2026-10-04 10:08;7820.0;7722.72;SPXW  261005C07820000;0.3;0.4;delta=0.02
2026-10-04 10:08;7825.0;7722.72;SPXW  261005C07825000;0.25;0.35;delta=0.017
2026-10-04 10:08;7830.0;7722.72;SPXW  261005C07830000;0.2;0.3;delta=0.014
2026-10-04 10:08;7835.0;7722.72;SPXW  261005C07835000;0.15;0.25;delta=0.012
2026-10-04 10:08;7840.0;7722.72;SPXW  261005C07840000;0.1;0.25;delta=0.01
2026-10-04 10:08;7845.0;7722.72;SPXW  261005C07845000;0.1;0.15;delta=0.007
2026-10-04 10:08;7850.0;7722.72;SPXW  261005C07850000;0.1;0.2;delta=0.008
2026-10-04 10:08;7855.0;7722.72;SPXW  261005C07855000;0.05;0.15;delta=0.006
2026-10-04 10:08;7860.0;7722.72;SPXW  261005C07860000;0.05;0.1;delta=0.005
2026-10-04 10:08;7865.0;7722.72;SPXW  261005C07865000;0.05;0.15;delta=0.006
2026-10-04 10:08;7870.0;7722.72;SPXW  261005C07870000;0.05;0.1;delta=0.004
2026-10-04 10:08;7875.0;7722.72;SPXW  261005C07875000;0.05;0.15;delta=0.005
2026-10-04 10:08;7880.0;7722.72;SPXW  261005C07880000;0.05;0.15;delta=0.005
2026-10-04 10:08;7885.0;7722.72;SPXW  261005C07885000;0.05;0.15;delta=0.005
2026-10-04 10:08;7890.0;7722.72;SPXW  261005C07890000;0.05;0.15;delta=0.005
2026-10-04 10:08;7895.0;7722.72;SPXW  261005C07895000;0.05;0.15;delta=0.004
2026-10-04 10:08;7900.0;7722.72;SPXW  261005C07900000;0.05;0.1;delta=0.003
2026-10-04 10:08;7905.0;7722.72;SPXW  261005C07905000;0.05;0.1;delta=0.003
2026-10-04 10:08;7910.0;7722.72;SPXW  261005C07910000;0.05;0.1;delta=0.003
2026-10-04 10:08;7915.0;7722.72;SPXW  261005C07915000;0.05;0.1;delta=0.002
2026-10-04 10:08;7920.0;7722.72;SPXW  261005C07920000;0.05;0.1;delta=0.002
2026-10-04 10:08;7925.0;7722.72;SPXW  261005C07925000;0.05;0.1;delta=0.003
2026-10-04 10:08;7930.0;7722.72;SPXW  261005C07930000;0.05;0.1;delta=0.002
2026-10-04 10:08;7935.0;7722.72;SPXW  261005C07935000;0.0;0.0;delta=-999.0
2026-10-04 10:08;7940.0;7722.72;SPXW  261005C07940000;0.05;0.2;delta=0.002
2026-10-04 10:08;7945.0;7722.72;SPXW  261005C07945000;0.0;0.0;delta=-999.0
2026-10-04 10:08;7950.0;7722.72;SPXW  261005C07950000;0.05;0.15;delta=0.002
2026-10-04 10:08;7960.0;7722.72;SPXW  261005C07960000;0.05;0.1;delta=0.002
2026-10-04 10:08;7970.0;7722.72;SPXW  261005C07970000;0.05;0.1;delta=0.002
2026-10-04 10:08;7975.0;7722.72;SPXW  261005C07975000;0.05;0.1;delta=0.001
2026-10-04 10:08;7980.0;7722.72;SPXW  261005C07980000;0.05;0.15;delta=0.002
2026-10-04 10:08;7475.0;7722.72;SPXW  261005P07475000;0.15;0.25;delta=-0.006
2026-10-04 10:08;7480.0;7722.72;SPXW  261005P07480000;0.15;0.25;delta=-0.006
2026-10-04 10:08;7485.0;7722.72;SPXW  261005P07485000;0.15;0.25;delta=-0.006
2026-10-04 10:08;7490.0;7722.72;SPXW  261005P07490000;0.15;0.25;delta=-0.007
2026-10-04 10:08;7495.0;7722.72;SPXW  261005P07495000;0.15;0.25;delta=-0.007
2026-10-04 10:08;7500.0;7722.72;SPXW  261005P07500000;0.15;0.25;delta=-0.007
2026-10-04 10:08;7505.0;7722.72;SPXW  261005P07505000;0.15;0.3;delta=-0.008
2026-10-04 10:08;7510.0;7722.72;SPXW  261005P07510000;0.2;0.3;delta=-0.008
2026-10-04 10:08;7515.0;7722.72;SPXW  261005P07515000;0.25;0.3;delta=-0.009
2026-10-04 10:08;7520.0;7722.72;SPXW  261005P07520000;0.2;0.3;delta=-0.009
2026-10-04 10:08;7525.0;7722.72;SPXW  261005P07525000;0.2;0.3;delta=-0.009
2026-10-04 10:08;7530.0;7722.72;SPXW  261005P07530000;0.2;0.35;delta=-0.01
2026-10-04 10:08;7535.0;7722.72;SPXW  261005P07535000;0.25;0.35;delta=-0.011
2026-10-04 10:08;7540.0;7722.72;SPXW  261005P07540000;0.3;0.35;delta=-0.012
2026-10-04 10:08;7545.0;7722.72;SPXW  261005P07545000;0.25;0.4;delta=-0.012
2026-10-04 10:08;7550.0;7722.72;SPXW  261005P07550000;0.25;0.4;delta=-0.012
2026-10-04 10:08;7555.0;7722.72;SPXW  261005P07555000;0.3;0.4;delta=-0.013
2026-10-04 10:08;7560.0;7722.72;SPXW  261005P07560000;0.3;0.45;delta=-0.014
2026-10-04 10:08;7565.0;7722.72;SPXW  261005P07565000;0.4;0.45;delta=-0.016
2026-10-04 10:08;7570.0;7722.72;SPXW  261005P07570000;0.4;0.5;delta=-0.017
2026-10-04 10:08;7575.0;7722.72;SPXW  261005P07575000;0.4;0.55;delta=-0.018
2026-10-04 10:08;7580.0;7722.72;SPXW  261005P07580000;0.45;0.6;delta=-0.02
2026-10-04 10:08;7585.0;7722.72;SPXW  261005P07585000;0.5;0.65;delta=-0.023
2026-10-04 10:08;7590.0;7722.72;SPXW  261005P07590000;0.6;0.7;delta=-0.025
2026-10-04 10:08;7595.0;7722.72;SPXW  261005P07595000;0.65;0.75;delta=-0.028
2026-10-04 10:08;7600.0;7722.72;SPXW  261005P07600000;0.7;0.85;delta=-0.031
2026-10-04 10:08;7605.0;7722.72;SPXW  261005P07605000;0.8;0.9;delta=-0.034
2026-10-04 10:08;7610.0;7722.72;SPXW  261005P07610000;0.9;1.05;delta=-0.038
2026-10-04 10:08;7615.0;7722.72;SPXW  261005P07615000;1.05;1.2;delta=-0.044
2026-10-04 10:08;7620.0;7722.72;SPXW  261005P07620000;1.2;1.35;delta=-0.05
2026-10-04 10:08;7625.0;7722.72;SPXW  261005P07625000;1.4;1.55;delta=-0.057
2026-10-04 10:08;7630.0;7722.72;SPXW  261005P07630000;1.6;1.75;delta=-0.064
2026-10-04 10:08;7635.0;7722.72;SPXW  261005P07635000;1.8;2.0;delta=-0.072
2026-10-04 10:08;7640.0;7722.72;SPXW  261005P07640000;2.15;2.25;delta=-0.082
2026-10-04 10:08;7645.0;7722.72;SPXW  261005P07645000;2.45;2.6;delta=-0.094
2026-10-04 10:08;7650.0;7722.72;SPXW  261005P07650000;2.9;3.0;delta=-0.107
2026-10-04 10:08;7655.0;7722.72;SPXW  261005P07655000;3.2;3.5;delta=-0.121
2026-10-04 10:08;7660.0;7722.72;SPXW  261005P07660000;3.7;4.0;delta=-0.136
2026-10-04 10:08;7665.0;7722.72;SPXW  261005P07665000;4.3;4.5;delta=-0.154
2026-10-04 10:08;7670.0;7722.72;SPXW  261005P07670000;5.0;5.2;delta=-0.174
2026-10-04 10:08;7675.0;7722.72;SPXW  261005P07675000;5.7;6.0;delta=-0.196
2026-10-04 10:08;7680.0;7722.72;SPXW  261005P07680000;6.6;6.9;delta=-0.221
2026-10-04 10:08;7685.0;7722.72;SPXW  261005P07685000;7.5;7.8;delta=-0.247
2026-10-04 10:08;7690.0;7722.72;SPXW  261005P07690000;8.7;8.9;delta=-0.276
2026-10-04 10:08;7695.0;7722.72;SPXW  261005P07695000;9.9;10.1;delta=-0.307
2026-10-04 10:08;7700.0;7722.72;SPXW  261005P07700000;11.2;11.5;delta=-0.34
2026-10-04 10:08;7705.0;7722.72;SPXW  261005P07705000;12.8;13.1;delta=-0.376
2026-10-04 10:08;7710.0;7722.72;SPXW  261005P07710000;14.5;14.8;delta=-0.414
2026-10-04 10:08;7715.0;7722.72;SPXW  261005P07715000;16.3;16.7;delta=-0.454
2026-10-04 10:08;7720.0;7722.72;SPXW  261005P07720000;18.4;18.8;delta=-0.496
2026-10-04 10:08;7725.0;7722.72;SPXW  261005P07725000;20.7;21.1;delta=-0.534
2026-10-04 10:08;7730.0;7722.72;SPXW  261005P07730000;23.1;23.6;delta=-0.572
2026-10-04 10:08;7735.0;7722.72;SPXW  261005P07735000;25.8;26.2;delta=-0.612
2026-10-04 10:08;7740.0;7722.72;SPXW  261005P07740000;28.7;29.1;delta=-0.651
2026-10-04 10:08;7745.0;7722.72;SPXW  261005P07745000;31.8;32.2;delta=-0.689
2026-10-04 10:08;7750.0;7722.72;SPXW  261005P07750000;34.9;35.9;delta=-0.727
2026-10-04 10:08;7755.0;7722.72;SPXW  261005P07755000;38.4;39.4;delta=-0.763
2026-10-04 10:08;7760.0;7722.72;SPXW  261005P07760000;42.1;43.1;delta=-0.796
2026-10-04 10:08;7765.0;7722.72;SPXW  261005P07765000;46.0;47.1;delta=-0.826
2026-10-04 10:08;7770.0;7722.72;SPXW  261005P07770000;49.9;51.3;delta=-0.855
2026-10-04 10:08;7775.0;7722.72;SPXW  261005P07775000;54.2;55.6;delta=-0.88
2026-10-04 10:08;7780.0;7722.72;SPXW  261005P07780000;58.6;60.0;delta=-0.901
2026-10-04 10:08;7785.0;7722.72;SPXW  261005P07785000;63.1;64.5;delta=-0.92
2026-10-04 10:08;7790.0;7722.72;SPXW  261005P07790000;67.7;69.2;delta=-0.934
2026-10-04 10:08;7795.0;7722.72;SPXW  261005P07795000;72.5;73.9;delta=-0.947
2026-10-04 10:08;7800.0;7722.72;SPXW  261005P07800000;77.2;78.7;delta=-0.958
2026-10-04 10:08;7805.0;7722.72;SPXW  261005P07805000;82.1;83.5;delta=-0.964
2026-10-04 10:08;7810.0;7722.72;SPXW  261005P07810000;87.0;88.4;delta=-0.971
2026-10-04 10:08;7815.0;7722.72;SPXW  261005P07815000;91.7;93.4;delta=-0.977
2026-10-04 11:44;7475.0;7722.72;SPXW  261005C07475000;247.3;248.8;delta=0.994
2026-10-04 11:44;7480.0;7722.72;SPXW  261005C07480000;231.3;254.9;delta=0.993
2026-10-04 11:44;7485.0;7722.72;SPXW  261005C07485000;237.4;238.8;delta=0.993
2026-10-04 11:44;7490.0;7722.72;SPXW  261005C07490000;232.3;233.8;delta=0.993
2026-10-04 11:44;7495.0;7722.72;SPXW  261005C07495000;227.4;228.8;delta=0.993
2026-10-04 11:44;7500.0;7722.72;SPXW  261005C07500000;222.4;223.8;delta=0.993
2026-10-04 11:44;7505.0;7722.72;SPXW  261005C07505000;206.3;230.2;delta=0.992
2026-10-04 11:44;7510.0;7722.72;SPXW  261005C07510000;201.3;225.2;delta=0.991
2026-10-04 11:44;7515.0;7722.72;SPXW  261005C07515000;198.3;218.1;delta=0.99
2026-10-04 11:44;7520.0;7722.72;SPXW  261005C07520000;193.3;213.1;delta=0.991
2026-10-04 11:44;7525.0;7722.72;SPXW  261005C07525000;188.3;208.1;delta=0.991
2026-10-04 11:44;7530.0;7722.72;SPXW  261005C07530000;183.3;203.0;delta=0.99
2026-10-04 11:44;7535.0;7722.72;SPXW  261005C07535000;178.4;189.0;delta=0.989
2026-10-04 11:44;7540.0;7722.72;SPXW  261005C07540000;182.2;184.1;delta=0.988
2026-10-04 11:44;7545.0;7722.72;SPXW  261005C07545000;177.3;179.1;delta=0.988
2026-10-04 11:44;7550.0;7722.72;SPXW  261005C07550000;168.1;174.1;delta=0.987
2026-10-04 11:44;7555.0;7722.72;SPXW  261005C07555000;167.3;169.1;delta=0.986
2026-10-04 11:44;7560.0;7722.72;SPXW  261005C07560000;162.3;164.1;delta=0.985
2026-10-04 11:44;7565.0;7722.72;SPXW  261005C07565000;148.5;159.1;delta=0.984
2026-10-04 11:44;7570.0;7722.72;SPXW  261005C07570000;148.2;154.2;delta=0.982
2026-10-04 11:44;7575.0;7722.72;SPXW  261005C07575000;147.4;149.2;delta=0.981
2026-10-04 11:44;7580.0;7722.72;SPXW  261005C07580000;138.4;144.3;delta=0.979
2026-10-04 11:44;7585.0;7722.72;SPXW  261005C07585000;137.5;139.3;delta=0.977
2026-10-04 11:44;7590.0;7722.72;SPXW  261005C07590000;128.5;134.4;delta=0.974
2026-10-04 11:44;7595.0;7722.72;SPXW  261005C07595000;127.8;129.2;delta=0.972
2026-10-04 11:44;7600.0;7722.72;SPXW  261005C07600000;122.9;124.3;delta=0.969
2026-10-04 11:44;7605.0;7722.72;SPXW  261005C07605000;118.0;119.4;delta=0.966
2026-10-04 11:44;7610.0;7722.72;SPXW  261005C07610000;113.1;114.5;delta=0.961
2026-10-04 11:44;7615.0;7722.72;SPXW  261005C07615000;108.2;109.7;delta=0.956
2026-10-04 11:44;7620.0;7722.72;SPXW  261005C07620000;103.4;104.8;delta=0.95
2026-10-04 11:44;7625.0;7722.72;SPXW  261005C07625000;98.6;100.0;delta=0.943
2026-10-04 11:44;7630.0;7722.72;SPXW  261005C07630000;93.8;95.2;delta=0.936
2026-10-04 11:44;7635.0;7722.72;SPXW  261005C07635000;89.0;90.5;delta=0.927
2026-10-04 11:44;7640.0;7722.72;SPXW  261005C07640000;84.3;85.7;delta=0.917
2026-10-04 11:44;7645.0;7722.72;SPXW  261005C07645000;79.7;81.1;delta=0.906
2026-10-04 11:44;7650.0;7722.72;SPXW  261005C07650000;75.1;76.4;delta=0.893
2026-10-04 11:44;7655.0;7722.72;SPXW  261005C07655000;70.5;71.9;delta=0.879
2026-10-04 11:44;7660.0;7722.72;SPXW  261005C07660000;66.0;67.4;delta=0.863
2026-10-04 11:44;7665.0;7722.72;SPXW  261005C07665000;61.6;63.0;delta=0.846
2026-10-04 11:44;7670.0;7722.72;SPXW  261005C07670000;57.4;58.4;delta=0.825
2026-10-04 11:44;7675.0;7722.72;SPXW  261005C07675000;53.1;54.2;delta=0.803
2026-10-04 11:44;7680.0;7722.72;SPXW  261005C07680000;49.0;50.0;delta=0.779
2026-10-04 11:44;7685.0;7722.72;SPXW  261005C07685000;45.0;46.0;delta=0.753
2026-10-04 11:44;7690.0;7722.72;SPXW  261005C07690000;41.1;42.1;delta=0.724
2026-10-04 11:44;7695.0;7722.72;SPXW  261005C07695000;37.6;38.0;delta=0.693
2026-10-04 11:44;7700.0;7722.72;SPXW  261005C07700000;34.0;34.4;delta=0.659
2026-10-04 11:44;7705.0;7722.72;SPXW  261005C07705000;30.5;30.9;delta=0.623
2026-10-04 11:44;7710.0;7722.72;SPXW  261005C07710000;27.3;27.7;delta=0.585
2026-10-04 11:44;7715.0;7722.72;SPXW  261005C07715000;24.1;24.4;delta=0.546
2026-10-04 11:44;7720.0;7722.72;SPXW  261005C07720000;21.2;21.6;delta=0.504
2026-10-04 11:44;7725.0;7722.72;SPXW  261005C07725000;18.5;18.9;delta=0.466
2026-10-04 11:44;7730.0;7722.72;SPXW  261005C07730000;16.0;16.4;delta=0.427
2026-10-04 11:44;7735.0;7722.72;SPXW  261005C07735000;13.6;14.0;delta=0.388
2026-10-04 11:44;7740.0;7722.72;SPXW  261005C07740000;11.5;11.9;delta=0.349
2026-10-04 11:44;7745.0;7722.72;SPXW  261005C07745000;9.7;10.0;delta=0.311
2026-10-04 11:44;7750.0;7722.72;SPXW  261005C07750000;8.0;8.3;delta=0.273
2026-10-04 11:44;7755.0;7722.72;SPXW  261005C07755000;6.5;6.8;delta=0.237
2026-10-04 11:44;7760.0;7722.72;SPXW  261005C07760000;5.3;5.6;delta=0.204
2026-10-04 11:44;7765.0;7722.72;SPXW  261005C07765000;4.3;4.5;delta=0.174
2026-10-04 11:44;7770.0;7722.72;SPXW  261005C07770000;3.3;3.6;delta=0.145
2026-10-04 11:44;7775.0;7722.72;SPXW  261005C07775000;2.6;2.8;delta=0.119
2026-10-04 11:44;7780.0;7722.72;SPXW  261005C07780000;2.05;2.25;delta=0.099
2026-10-04 11:44;7785.0;7722.72;SPXW  261005C07785000;1.6;1.7;delta=0.08
2026-10-04 11:44;7790.0;7722.72;SPXW  261005C07790000;1.25;1.4;delta=0.066
2026-10-04 11:44;7795.0;7722.72;SPXW  261005C07795000;0.95;1.1;delta=0.053
2026-10-04 11:44;7800.0;7722.72;SPXW  261005C07800000;0.75;0.8;delta=0.042
2026-10-04 11:44;7805.0;7722.72;SPXW  261005C07805000;0.6;0.7;delta=0.035
2026-10-04 11:44;7810.0;7722.72;SPXW  261005C07810000;0.45;0.6;delta=0.029
2026-10-04 11:44;7815.0;7722.72;SPXW  261005C07815000;0.35;0.45;delta=0.023
2026-10-04 11:44;7820.0;7722.72;SPXW  261005C07820000;0.3;0.4;delta=0.02
2026-10-04 11:44;7825.0;7722.72;SPXW  261005C07825000;0.25;0.35;delta=0.017
2026-10-04 11:44;7830.0;7722.72;SPXW  261005C07830000;0.2;0.3;delta=0.014
2026-10-04 11:44;7835.0;7722.72;SPXW  261005C07835000;0.15;0.25;delta=0.012
2026-10-04 11:44;7840.0;7722.72;SPXW  261005C07840000;0.1;0.25;delta=0.01
2026-10-04 11:44;7845.0;7722.72;SPXW  261005C07845000;0.1;0.15;delta=0.007
2026-10-04 11:44;7850.0;7722.72;SPXW  261005C07850000;0.1;0.2;delta=0.008
2026-10-04 11:44;7855.0;7722.72;SPXW  261005C07855000;0.05;0.15;delta=0.006
2026-10-04 11:44;7860.0;7722.72;SPXW  261005C07860000;0.05;0.1;delta=0.005
2026-10-04 11:44;7865.0;7722.72;SPXW  261005C07865000;0.05;0.15;delta=0.006
2026-10-04 11:44;7870.0;7722.72;SPXW  261005C07870000;0.05;0.1;delta=0.004
2026-10-04 11:44;7875.0;7722.72;SPXW  261005C07875000;0.05;0.15;delta=0.005
2026-10-04 11:44;7880.0;7722.72;SPXW  261005C07880000;0.05;0.15;delta=0.005
2026-10-04 11:44;7885.0;7722.72;SPXW  261005C07885000;0.05;0.15;delta=0.005
2026-10-04 11:44;7890.0;7722.72;SPXW  261005C07890000;0.05;0.15;delta=0.005
2026-10-04 11:44;7895.0;7722.72;SPXW  261005C07895000;0.05;0.15;delta=0.004
2026-10-04 11:44;7900.0;7722.72;SPXW  261005C07900000;0.05;0.1;delta=0.003
2026-10-04 11:44;7905.0;7722.72;SPXW  261005C07905000;0.05;0.1;delta=0.003
2026-10-04 11:44;7910.0;7722.72;SPXW  261005C07910000;0.05;0.1;delta=0.003
2026-10-04 11:44;7915.0;7722.72;SPXW  261005C07915000;0.05;0.1;delta=0.002
2026-10-04 11:44;7920.0;7722.72;SPXW  261005C07920000;0.05;0.1;delta=0.002
2026-10-04 11:44;7925.0;7722.72;SPXW  261005C07925000;0.05;0.1;delta=0.003
2026-10-04 11:44;7930.0;7722.72;SPXW  261005C07930000;0.05;0.1;delta=0.002
2026-10-04 11:44;7935.0;7722.72;SPXW  261005C07935000;0.0;0.0;delta=-999.0
2026-10-04 11:44;7940.0;7722.72;SPXW  261005C07940000;0.05;0.2;delta=0.002
2026-10-04 11:44;7945.0;7722.72;SPXW  261005C07945000;0.0;0.0;delta=-999.0
2026-10-04 11:44;7950.0;7722.72;SPXW  261005C07950000;0.05;0.15;delta=0.002
2026-10-04 11:44;7960.0;7722.72;SPXW  261005C07960000;0.05;0.1;delta=0.002
2026-10-04 11:44;7970.0;7722.72;SPXW  261005C07970000;0.05;0.1;delta=0.002
2026-10-04 11:44;7975.0;7722.72;SPXW  261005C07975000;0.05;0.1;delta=0.001
2026-10-04 11:44;7980.0;7722.72;SPXW  261005C07980000;0.05;0.15;delta=0.002
2026-10-04 11:44;7475.0;7722.72;SPXW  261005P07475000;0.15;0.25;delta=-0.006
2026-10-04 11:44;7480.0;7722.72;SPXW  261005P07480000;0.15;0.25;delta=-0.006
2026-10-04 11:44;7485.0;7722.72;SPXW  261005P07485000;0.15;0.25;delta=-0.006
2026-10-04 11:44;7490.0;7722.72;SPXW  261005P07490000;0.15;0.25;delta=-0.007
2026-10-04 11:44;7495.0;7722.72;SPXW  261005P07495000;0.15;0.25;delta=-0.007
2026-10-04 11:44;7500.0;7722.72;SPXW  261005P07500000;0.15;0.25;delta=-0.007
2026-10-04 11:44;7505.0;7722.72;SPXW  261005P07505000;0.15;0.3;delta=-0.008
2026-10-04 11:44;7510.0;7722.72;SPXW  261005P07510000;0.2;0.3;delta=-0.008
2026-10-04 11:44;7515.0;7722.72;SPXW  261005P07515000;0.25;0.3;delta=-0.009
2026-10-04 11:44;7520.0;7722.72;SPXW  261005P07520000;0.2;0.3;delta=-0.009
2026-10-04 11:44;7525.0;7722.72;SPXW  261005P07525000;0.2;0.3;delta=-0.009
2026-10-04 11:44;7530.0;7722.72;SPXW  261005P07530000;0.2;0.35;delta=-0.01
2026-10-04 11:44;7535.0;7722.72;SPXW  261005P07535000;0.25;0.35;delta=-0.011
2026-10-04 11:44;7540.0;7722.72;SPXW  261005P07540000;0.3;0.35;delta=-0.012
2026-10-04 11:44;7545.0;7722.72;SPXW  261005P07545000;0.25;0.4;delta=-0.012
2026-10-04 11:44;7550.0;7722.72;SPXW  261005P07550000;0.25;0.4;delta=-0.012
2026-10-04 11:44;7555.0;7722.72;SPXW  261005P07555000;0.3;0.4;delta=-0.013
2026-10-04 11:44;7560.0;7722.72;SPXW  261005P07560000;0.3;0.45;delta=-0.014
2026-10-04 11:44;7565.0;7722.72;SPXW  261005P07565000;0.4;0.45;delta=-0.016
2026-10-04 11:44;7570.0;7722.72;SPXW  261005P07570000;0.4;0.5;delta=-0.017
2026-10-04 11:44;7575.0;7722.72;SPXW  261005P07575000;0.4;0.55;delta=-0.018
2026-10-04 11:44;7580.0;7722.72;SPXW  261005P07580000;0.45;0.6;delta=-0.02
2026-10-04 11:44;7585.0;7722.72;SPXW  261005P07585000;0.5;0.65;delta=-0.023
2026-10-04 11:44;7590.0;7722.72;SPXW  261005P07590000;0.6;0.7;delta=-0.025
2026-10-04 11:44;7595.0;7722.72;SPXW  261005P07595000;0.65;0.75;delta=-0.028
2026-10-04 11:44;7600.0;7722.72;SPXW  261005P07600000;0.7;0.85;delta=-0.031
2026-10-04 11:44;7605.0;7722.72;SPXW  261005P07605000;0.8;0.9;delta=-0.034
2026-10-04 11:44;7610.0;7722.72;SPXW  261005P07610000;0.9;1.05;delta=-0.038
2026-10-04 11:44;7615.0;7722.72;SPXW  261005P07615000;1.05;1.2;delta=-0.044
2026-10-04 11:44;7620.0;7722.72;SPXW  261005P07620000;1.2;1.35;delta=-0.05
2026-10-04 11:44;7625.0;7722.72;SPXW  261005P07625000;1.4;1.55;delta=-0.057
2026-10-04 11:44;7630.0;7722.72;SPXW  261005P07630000;1.6;1.75;delta=-0.064
2026-10-04 11:44;7635.0;7722.72;SPXW  261005P07635000;1.8;2.0;delta=-0.072
2026-10-04 11:44;7640.0;7722.72;SPXW  261005P07640000;2.15;2.25;delta=-0.082
2026-10-04 11:44;7645.0;7722.72;SPXW  261005P07645000;2.45;2.6;delta=-0.094
2026-10-04 11:44;7650.0;7722.72;SPXW  261005P07650000;2.9;3.0;delta=-0.107
2026-10-04 11:44;7655.0;7722.72;SPXW  261005P07655000;3.2;3.5;delta=-0.121
2026-10-04 11:44;7660.0;7722.72;SPXW  261005P07660000;3.7;4.0;delta=-0.136
2026-10-04 11:44;7665.0;7722.72;SPXW  261005P07665000;4.3;4.5;delta=-0.154
2026-10-04 11:44;7670.0;7722.72;SPXW  261005P07670000;5.0;5.2;delta=-0.174
2026-10-04 11:44;7675.0;7722.72;SPXW  261005P07675000;5.7;6.0;delta=-0.196
2026-10-04 11:44;7680.0;7722.72;SPXW  261005P07680000;6.6;6.9;delta=-0.221
2026-10-04 11:44;7685.0;7722.72;SPXW  261005P07685000;7.5;7.8;delta=-0.247
2026-10-04 11:44;7690.0;7722.72;SPXW  261005P07690000;8.7;8.9;delta=-0.276
2026-10-04 11:44;7695.0;7722.72;SPXW  261005P07695000;9.9;10.1;delta=-0.307
2026-10-04 11:44;7700.0;7722.72;SPXW  261005P07700000;11.2;11.5;delta=-0.34
2026-10-04 11:44;7705.0;7722.72;SPXW  261005P07705000;12.8;13.1;delta=-0.376
2026-10-04 11:44;7710.0;7722.72;SPXW  261005P07710000;14.5;14.8;delta=-0.414
2026-10-04 11:44;7715.0;7722.72;SPXW  261005P07715000;16.3;16.7;delta=-0.454
2026-10-04 11:44;7720.0;7722.72;SPXW  261005P07720000;18.4;18.8;delta=-0.496
2026-10-04 11:44;7725.0;7722.72;SPXW  261005P07725000;20.7;21.1;delta=-0.534
2026-10-04 11:44;7730.0;7722.72;SPXW  261005P07730000;23.1;23.6;delta=-0.572
2026-10-04 11:44;7735.0;7722.72;SPXW  261005P07735000;25.8;26.2;delta=-0.612
2026-10-04 11:44;7740.0;7722.72;SPXW  261005P07740000;28.7;29.1;delta=-0.651
2026-10-04 11:44;7745.0;7722.72;SPXW  261005P07745000;31.8;32.2;delta=-0.689
2026-10-04 11:44;7750.0;7722.72;SPXW  261005P07750000;34.9;35.9;delta=-0.727
2026-10-04 11:44;7755.0;7722.72;SPXW  261005P07755000;38.4;39.4;delta=-0.763
2026-10-04 11:44;7760.0;7722.72;SPXW  261005P07760000;42.1;43.1;delta=-0.796
2026-10-04 11:44;7765.0;7722.72;SPXW  261005P07765000;46.0;47.1;delta=-0.826
2026-10-04 11:44;7770.0;7722.72;SPXW  261005P07770000;49.9;51.3;delta=-0.855
2026-10-04 11:44;7775.0;7722.72;SPXW  261005P07775000;54.2;55.6;delta=-0.88
2026-10-04 11:44;7780.0;7722.72;SPXW  261005P07780000;58.6;60.0;delta=-0.901
2026-10-04 11:44;7785.0;7722.72;SPXW  261005P07785000;63.1;64.5;delta=-0.92
2026-10-04 11:44;7790.0;7722.72;SPXW  261005P07790000;67.7;69.2;delta=-0.934
2026-10-04 11:44;7795.0;7722.72;SPXW  261005P07795000;72.5;73.9;delta=-0.947
2026-10-04 11:44;7800.0;7722.72;SPXW  261005P07800000;77.2;78.7;delta=-0.958
2026-10-04 11:44;7805.0;7722.72;SPXW  261005P07805000;82.1;83.5;delta=-0.964
2026-10-04 11:44;7810.0;7722.72;SPXW  261005P07810000;87.0;88.4;delta=-0.971
2026-10-04 11:44;7815.0;7722.72;SPXW  261005P07815000;91.7;93.4;delta=-0.977
2026-10-04 11:44;7820.0;7722.72;SPXW  261005P07820000;96.6;98.4;delta=-0.98
2026-10-04 11:44;7825.0;7722.72;SPXW  261005P07825000;101.5;105.8;delta=-0.983
2026-10-04 11:44;7830.0;7722.72;SPXW  261005P07830000;106.5;108.3;delta=-0.985
2026-10-04 11:44;7835.0;7722.72;SPXW  261005P07835000;111.4;115.8;delta=-0.988
2026-10-04 11:44;7840.0;7722.72;SPXW  261005P07840000;116.4;120.7;delta=-0.99
2026-10-04 11:44;7845.0;7722.72;SPXW  261005P07845000;121.4;125.3;delta=-0.992
2026-10-04 11:44;7850.0;7722.72;SPXW  261005P07850000;126.5;127.9;delta=-0.991
2026-10-04 11:44;7855.0;7722.72;SPXW  261005P07855000;131.5;132.9;delta=-0.994
2026-10-04 11:44;7860.0;7722.72;SPXW  261005P07860000;136.5;137.9;delta=-0.995
2026-10-04 11:44;7865.0;7722.72;SPXW  261005P07865000;141.5;142.9;delta=-0.994
2026-10-04 11:44;7870.0;7722.72;SPXW  261005P07870000;146.5;147.9;delta=-0.995
2026-10-04 11:44;7875.0;7722.72;SPXW  261005P07875000;151.5;153.0;delta=-0.994
2026-10-04 11:44;7880.0;7722.72;SPXW  261005P07880000;156.5;157.9;delta=-0.995
2026-10-04 11:44;7885.0;7722.72;SPXW  261005P07885000;161.5;163.0;delta=-0.995
2026-10-04 11:44;7890.0;7722.72;SPXW  261005P07890000;146.8;190.2;delta=-0.995
2026-10-04 11:44;7895.0;7722.72;SPXW  261005P07895000;171.5;173.0;delta=-0.996
2026-10-04 11:44;7900.0;7722.72;SPXW  261005P07900000;176.5;178.0;delta=-0.997
2026-10-04 11:44;7905.0;7722.72;SPXW  261005P07905000;181.4;183.0;delta=-0.997
2026-10-04 11:44;7910.0;7722.72;SPXW  261005P07910000;186.4;187.9;delta=-0.997
2026-10-04 11:44;7915.0;7722.72;SPXW  261005P07915000;191.4;192.9;delta=-0.997
2026-10-04 11:44;7920.0;7722.72;SPXW  261005P07920000;196.4;197.9;delta=-0.997
2026-10-04 11:44;7925.0;7722.72;SPXW  261005P07925000;201.4;202.9;delta=-0.996
2026-10-04 11:44;7930.0;7722.72;SPXW  261005P07930000;186.3;230.2;delta=-0.997
2026-10-04 11:44;7935.0;7722.72;SPXW  261005P07935000;0.0;0.0;delta=-999.0
2026-10-04 11:44;7940.0;7722.72;SPXW  261005P07940000;216.4;217.9;delta=-0.997
2026-10-04 11:44;7945.0;7722.72;SPXW  261005P07945000;0.0;0.0;delta=-999.0
2026-10-04 11:44;7950.0;7722.72;SPXW  261005P07950000;226.4;227.9;delta=-0.998
2026-10-04 11:44;7960.0;7722.72;SPXW  261005P07960000;236.4;237.9;delta=-0.998
2026-10-04 11:44;7970.0;7722.72;SPXW  261005P07970000;246.4;247.9;delta=-0.998
2026-10-04 11:44;7975.0;7722.72;SPXW  261005P07975000;251.4;252.9;delta=-0.999
2026-10-04 11:44;7980.0;7722.72;SPXW  261005P07980000;256.4;257.9;delta=-0.998
2026-10-04 11:49;7475.0;7722.72;SPXW  261005C07475000;247.3;248.8;delta=0.994
2026-10-04 11:49;7480.0;7722.72;SPXW  261005C07480000;231.3;254.9;delta=0.993
2026-10-04 11:49;7485.0;7722.72;SPXW  261005C07485000;237.4;238.8;delta=0.993
2026-10-04 11:49;7490.0;7722.72;SPXW  261005C07490000;232.3;233.8;delta=0.993
2026-10-04 11:49;7495.0;7722.72;SPXW  261005C07495000;227.4;228.8;delta=0.993
2026-10-04 11:49;7500.0;7722.72;SPXW  261005C07500000;222.4;223.8;delta=0.993
2026-10-04 11:49;7505.0;7722.72;SPXW  261005C07505000;206.3;230.2;delta=0.992
2026-10-04 11:49;7510.0;7722.72;SPXW  261005C07510000;201.3;225.2;delta=0.991
2026-10-04 11:49;7515.0;7722.72;SPXW  261005C07515000;198.3;218.1;delta=0.99
2026-10-04 11:49;7520.0;7722.72;SPXW  261005C07520000;193.3;213.1;delta=0.991
2026-10-04 11:49;7525.0;7722.72;SPXW  261005C07525000;188.3;208.1;delta=0.991
2026-10-04 11:49;7530.0;7722.72;SPXW  261005C07530000;183.3;203.0;delta=0.99
2026-10-04 11:49;7535.0;7722.72;SPXW  261005C07535000;178.4;189.0;delta=0.989
2026-10-04 11:49;7540.0;7722.72;SPXW  261005C07540000;182.2;184.1;delta=0.988
2026-10-04 11:49;7545.0;7722.72;SPXW  261005C07545000;177.3;179.1;delta=0.988
2026-10-04 11:49;7550.0;7722.72;SPXW  261005C07550000;168.1;174.1;delta=0.987
2026-10-04 11:49;7555.0;7722.72;SPXW  261005C07555000;167.3;169.1;delta=0.986
2026-10-04 11:49;7560.0;7722.72;SPXW  261005C07560000;162.3;164.1;delta=0.985
2026-10-04 11:49;7565.0;7722.72;SPXW  261005C07565000;148.5;159.1;delta=0.984
2026-10-04 11:49;7570.0;7722.72;SPXW  261005C07570000;148.2;154.2;delta=0.982
2026-10-04 11:49;7575.0;7722.72;SPXW  261005C07575000;147.4;149.2;delta=0.981
2026-10-04 11:49;7580.0;7722.72;SPXW  261005C07580000;138.4;144.3;delta=0.979
2026-10-04 11:49;7585.0;7722.72;SPXW  261005C07585000;137.5;139.3;delta=0.977
2026-10-04 11:49;7590.0;7722.72;SPXW  261005C07590000;128.5;134.4;delta=0.974
2026-10-04 11:49;7595.0;7722.72;SPXW  261005C07595000;127.8;129.2;delta=0.972
2026-10-04 11:49;7600.0;7722.72;SPXW  261005C07600000;122.9;124.3;delta=0.969
2026-10-04 11:49;7605.0;7722.72;SPXW  261005C07605000;118.0;119.4;delta=0.966
2026-10-04 11:49;7610.0;7722.72;SPXW  261005C07610000;113.1;114.5;delta=0.961
2026-10-04 11:49;7615.0;7722.72;SPXW  261005C07615000;108.2;109.7;delta=0.956
2026-10-04 11:49;7620.0;7722.72;SPXW  261005C07620000;103.4;104.8;delta=0.95
2026-10-04 11:49;7625.0;7722.72;SPXW  261005C07625000;98.6;100.0;delta=0.943
2026-10-04 11:49;7630.0;7722.72;SPXW  261005C07630000;93.8;95.2;delta=0.936
2026-10-04 11:49;7635.0;7722.72;SPXW  261005C07635000;89.0;90.5;delta=0.927
2026-10-04 11:49;7640.0;7722.72;SPXW  261005C07640000;84.3;85.7;delta=0.917
2026-10-04 11:49;7645.0;7722.72;SPXW  261005C07645000;79.7;81.1;delta=0.906
2026-10-04 11:49;7650.0;7722.72;SPXW  261005C07650000;75.1;76.4;delta=0.893
2026-10-04 11:49;7655.0;7722.72;SPXW  261005C07655000;70.5;71.9;delta=0.879
2026-10-04 11:49;7660.0;7722.72;SPXW  261005C07660000;66.0;67.4;delta=0.863
2026-10-04 11:49;7665.0;7722.72;SPXW  261005C07665000;61.6;63.0;delta=0.846
2026-10-04 11:49;7670.0;7722.72;SPXW  261005C07670000;57.4;58.4;delta=0.825
2026-10-04 11:49;7675.0;7722.72;SPXW  261005C07675000;53.1;54.2;delta=0.803
2026-10-04 11:49;7680.0;7722.72;SPXW  261005C07680000;49.0;50.0;delta=0.779
2026-10-04 11:49;7685.0;7722.72;SPXW  261005C07685000;45.0;46.0;delta=0.753
2026-10-04 11:49;7690.0;7722.72;SPXW  261005C07690000;41.1;42.1;delta=0.724
2026-10-04 11:49;7695.0;7722.72;SPXW  261005C07695000;37.6;38.0;delta=0.693
2026-10-04 11:49;7700.0;7722.72;SPXW  261005C07700000;34.0;34.4;delta=0.659
2026-10-04 11:49;7705.0;7722.72;SPXW  261005C07705000;30.5;30.9;delta=0.623
2026-10-04 11:49;7710.0;7722.72;SPXW  261005C07710000;27.3;27.7;delta=0.585
2026-10-04 11:49;7715.0;7722.72;SPXW  261005C07715000;24.1;24.4;delta=0.546
2026-10-04 11:49;7720.0;7722.72;SPXW  261005C07720000;21.2;21.6;delta=0.504
2026-10-04 11:49;7725.0;7722.72;SPXW  261005C07725000;18.5;18.9;delta=0.466
2026-10-04 11:49;7730.0;7722.72;SPXW  261005C07730000;16.0;16.4;delta=0.427
2026-10-04 11:49;7735.0;7722.72;SPXW  261005C07735000;13.6;14.0;delta=0.388
2026-10-04 11:49;7740.0;7722.72;SPXW  261005C07740000;11.5;11.9;delta=0.349
2026-10-04 11:49;7745.0;7722.72;SPXW  261005C07745000;9.7;10.0;delta=0.311
2026-10-04 11:49;7750.0;7722.72;SPXW  261005C07750000;8.0;8.3;delta=0.273
2026-10-04 11:49;7755.0;7722.72;SPXW  261005C07755000;6.5;6.8;delta=0.237
2026-10-04 11:49;7760.0;7722.72;SPXW  261005C07760000;5.3;5.6;delta=0.204
2026-10-04 11:49;7765.0;7722.72;SPXW  261005C07765000;4.3;4.5;delta=0.174
2026-10-04 11:49;7770.0;7722.72;SPXW  261005C07770000;3.3;3.6;delta=0.145
2026-10-04 11:49;7775.0;7722.72;SPXW  261005C07775000;2.6;2.8;delta=0.119
2026-10-04 11:49;7780.0;7722.72;SPXW  261005C07780000;2.05;2.25;delta=0.099
2026-10-04 11:49;7785.0;7722.72;SPXW  261005C07785000;1.6;1.7;delta=0.08
2026-10-04 11:49;7790.0;7722.72;SPXW  261005C07790000;1.25;1.4;delta=0.066
2026-10-04 11:49;7795.0;7722.72;SPXW  261005C07795000;0.95;1.1;delta=0.053
2026-10-04 11:49;7800.0;7722.72;SPXW  261005C07800000;0.75;0.8;delta=0.042
2026-10-04 11:49;7805.0;7722.72;SPXW  261005C07805000;0.6;0.7;delta=0.035
2026-10-04 11:49;7810.0;7722.72;SPXW  261005C07810000;0.45;0.6;delta=0.029
2026-10-04 11:49;7815.0;7722.72;SPXW  261005C07815000;0.35;0.45;delta=0.023
2026-10-04 11:49;7820.0;7722.72;SPXW  261005C07820000;0.3;0.4;delta=0.02
2026-10-04 11:49;7825.0;7722.72;SPXW  261005C07825000;0.25;0.35;delta=0.017
2026-10-04 11:49;7830.0;7722.72;SPXW  261005C07830000;0.2;0.3;delta=0.014
2026-10-04 11:49;7835.0;7722.72;SPXW  261005C07835000;0.15;0.25;delta=0.012
2026-10-04 11:49;7840.0;7722.72;SPXW  261005C07840000;0.1;0.25;delta=0.01
2026-10-04 11:49;7845.0;7722.72;SPXW  261005C07845000;0.1;0.15;delta=0.007
2026-10-04 11:49;7850.0;7722.72;SPXW  261005C07850000;0.1;0.2;delta=0.008
2026-10-04 11:49;7855.0;7722.72;SPXW  261005C07855000;0.05;0.15;delta=0.006
2026-10-04 11:49;7860.0;7722.72;SPXW  261005C07860000;0.05;0.1;delta=0.005
2026-10-04 11:49;7865.0;7722.72;SPXW  261005C07865000;0.05;0.15;delta=0.006
2026-10-04 11:49;7870.0;7722.72;SPXW  261005C07870000;0.05;0.1;delta=0.004
2026-10-04 11:49;7875.0;7722.72;SPXW  261005C07875000;0.05;0.15;delta=0.005
2026-10-04 11:49;7880.0;7722.72;SPXW  261005C07880000;0.05;0.15;delta=0.005
2026-10-04 11:49;7885.0;7722.72;SPXW  261005C07885000;0.05;0.15;delta=0.005
2026-10-04 11:49;7890.0;7722.72;SPXW  261005C07890000;0.05;0.15;delta=0.005
2026-10-04 11:49;7895.0;7722.72;SPXW  261005C07895000;0.05;0.15;delta=0.004
2026-10-04 11:49;7900.0;7722.72;SPXW  261005C07900000;0.05;0.1;delta=0.003
2026-10-04 11:49;7905.0;7722.72;SPXW  261005C07905000;0.05;0.1;delta=0.003
2026-10-04 11:49;7910.0;7722.72;SPXW  261005C07910000;0.05;0.1;delta=0.003
2026-10-04 11:49;7915.0;7722.72;SPXW  261005C07915000;0.05;0.1;delta=0.002
2026-10-04 11:49;7920.0;7722.72;SPXW  261005C07920000;0.05;0.1;delta=0.002
2026-10-04 11:49;7925.0;7722.72;SPXW  261005C07925000;0.05;0.1;delta=0.003
2026-10-04 11:49;7930.0;7722.72;SPXW  261005C07930000;0.05;0.1;delta=0.002
2026-10-04 11:49;7935.0;7722.72;SPXW  261005C07935000;0.0;0.0;delta=-999.0
2026-10-04 11:49;7940.0;7722.72;SPXW  261005C07940000;0.05;0.2;delta=0.002
2026-10-04 11:49;7945.0;7722.72;SPXW  261005C07945000;0.0;0.0;delta=-999.0
2026-10-04 11:49;7950.0;7722.72;SPXW  261005C07950000;0.05;0.15;delta=0.002
2026-10-04 11:49;7960.0;7722.72;SPXW  261005C07960000;0.05;0.1;delta=0.002
2026-10-04 11:49;7970.0;7722.72;SPXW  261005C07970000;0.05;0.1;delta=0.002
2026-10-04 11:49;7975.0;7722.72;SPXW  261005C07975000;0.05;0.1;delta=0.001
2026-10-04 11:49;7980.0;7722.72;SPXW  261005C07980000;0.05;0.15;delta=0.002
2026-10-04 11:49;7475.0;7722.72;SPXW  261005P07475000;0.15;0.25;delta=-0.006
2026-10-04 11:49;7480.0;7722.72;SPXW  261005P07480000;0.15;0.25;delta=-0.006
2026-10-04 11:49;7485.0;7722.72;SPXW  261005P07485000;0.15;0.25;delta=-0.006
2026-10-04 11:49;7490.0;7722.72;SPXW  261005P07490000;0.15;0.25;delta=-0.007
2026-10-04 11:49;7495.0;7722.72;SPXW  261005P07495000;0.15;0.25;delta=-0.007
2026-10-04 11:49;7500.0;7722.72;SPXW  261005P07500000;0.15;0.25;delta=-0.007
2026-10-04 11:49;7505.0;7722.72;SPXW  261005P07505000;0.15;0.3;delta=-0.008
2026-10-04 11:49;7510.0;7722.72;SPXW  261005P07510000;0.2;0.3;delta=-0.008
2026-10-04 11:49;7515.0;7722.72;SPXW  261005P07515000;0.25;0.3;delta=-0.009
2026-10-04 11:49;7520.0;7722.72;SPXW  261005P07520000;0.2;0.3;delta=-0.009
2026-10-04 11:49;7525.0;7722.72;SPXW  261005P07525000;0.2;0.3;delta=-0.009
2026-10-04 11:49;7530.0;7722.72;SPXW  261005P07530000;0.2;0.35;delta=-0.01
2026-10-04 11:49;7535.0;7722.72;SPXW  261005P07535000;0.25;0.35;delta=-0.011
2026-10-04 11:49;7540.0;7722.72;SPXW  261005P07540000;0.3;0.35;delta=-0.012
2026-10-04 11:49;7545.0;7722.72;SPXW  261005P07545000;0.25;0.4;delta=-0.012
2026-10-04 11:49;7550.0;7722.72;SPXW  261005P07550000;0.25;0.4;delta=-0.012
2026-10-04 11:49;7555.0;7722.72;SPXW  261005P07555000;0.3;0.4;delta=-0.013
2026-10-04 11:49;7560.0;7722.72;SPXW  261005P07560000;0.3;0.45;delta=-0.014
2026-10-04 11:49;7565.0;7722.72;SPXW  261005P07565000;0.4;0.45;delta=-0.016
2026-10-04 11:49;7570.0;7722.72;SPXW  261005P07570000;0.4;0.5;delta=-0.017
2026-10-04 11:49;7575.0;7722.72;SPXW  261005P07575000;0.4;0.55;delta=-0.018
2026-10-04 11:49;7580.0;7722.72;SPXW  261005P07580000;0.45;0.6;delta=-0.02
2026-10-04 11:49;7585.0;7722.72;SPXW  261005P07585000;0.5;0.65;delta=-0.023
2026-10-04 11:49;7590.0;7722.72;SPXW  261005P07590000;0.6;0.7;delta=-0.025
2026-10-04 11:49;7595.0;7722.72;SPXW  261005P07595000;0.65;0.75;delta=-0.028
2026-10-04 11:49;7600.0;7722.72;SPXW  261005P07600000;0.7;0.85;delta=-0.031
2026-10-04 11:49;7605.0;7722.72;SPXW  261005P07605000;0.8;0.9;delta=-0.034
2026-10-04 11:49;7610.0;7722.72;SPXW  261005P07610000;0.9;1.05;delta=-0.038
2026-10-04 11:49;7615.0;7722.72;SPXW  261005P07615000;1.05;1.2;delta=-0.044
2026-10-04 11:49;7620.0;7722.72;SPXW  261005P07620000;1.2;1.35;delta=-0.05
2026-10-04 11:49;7625.0;7722.72;SPXW  261005P07625000;1.4;1.55;delta=-0.057
2026-10-04 11:49;7630.0;7722.72;SPXW  261005P07630000;1.6;1.75;delta=-0.064
2026-10-04 11:49;7635.0;7722.72;SPXW  261005P07635000;1.8;2.0;delta=-0.072
2026-10-04 11:49;7640.0;7722.72;SPXW  261005P07640000;2.15;2.25;delta=-0.082
2026-10-04 11:49;7645.0;7722.72;SPXW  261005P07645000;2.45;2.6;delta=-0.094
2026-10-04 11:49;7650.0;7722.72;SPXW  261005P07650000;2.9;3.0;delta=-0.107
2026-10-04 11:49;7655.0;7722.72;SPXW  261005P07655000;3.2;3.5;delta=-0.121
2026-10-04 11:49;7660.0;7722.72;SPXW  261005P07660000;3.7;4.0;delta=-0.136
2026-10-04 11:49;7665.0;7722.72;SPXW  261005P07665000;4.3;4.5;delta=-0.154
2026-10-04 11:49;7670.0;7722.72;SPXW  261005P07670000;5.0;5.2;delta=-0.174
2026-10-04 11:49;7675.0;7722.72;SPXW  261005P07675000;5.7;6.0;delta=-0.196
2026-10-04 11:49;7680.0;7722.72;SPXW  261005P07680000;6.6;6.9;delta=-0.221
2026-10-04 11:49;7685.0;7722.72;SPXW  261005P07685000;7.5;7.8;delta=-0.247
2026-10-04 11:49;7690.0;7722.72;SPXW  261005P07690000;8.7;8.9;delta=-0.276
2026-10-04 11:49;7695.0;7722.72;SPXW  261005P07695000;9.9;10.1;delta=-0.307
2026-10-04 11:49;7700.0;7722.72;SPXW  261005P07700000;11.2;11.5;delta=-0.34
2026-10-04 11:49;7705.0;7722.72;SPXW  261005P07705000;12.8;13.1;delta=-0.376
2026-10-04 11:49;7710.0;7722.72;SPXW  261005P07710000;14.5;14.8;delta=-0.414
2026-10-04 11:49;7715.0;7722.72;SPXW  261005P07715000;16.3;16.7;delta=-0.454
2026-10-04 11:49;7720.0;7722.72;SPXW  261005P07720000;18.4;18.8;delta=-0.496
2026-10-04 11:49;7725.0;7722.72;SPXW  261005P07725000;20.7;21.1;delta=-0.534
2026-10-04 11:49;7730.0;7722.72;SPXW  261005P07730000;23.1;23.6;delta=-0.572
2026-10-04 11:49;7735.0;7722.72;SPXW  261005P07735000;25.8;26.2;delta=-0.612
2026-10-04 11:49;7740.0;7722.72;SPXW  261005P07740000;28.7;29.1;delta=-0.651
2026-10-04 11:49;7745.0;7722.72;SPXW  261005P07745000;31.8;32.2;delta=-0.689
2026-10-04 11:49;7750.0;7722.72;SPXW  261005P07750000;34.9;35.9;delta=-0.727
2026-10-04 11:49;7755.0;7722.72;SPXW  261005P07755000;38.4;39.4;delta=-0.763
2026-10-04 11:49;7760.0;7722.72;SPXW  261005P07760000;42.1;43.1;delta=-0.796
2026-10-04 11:49;7765.0;7722.72;SPXW  261005P07765000;46.0;47.1;delta=-0.826
2026-10-04 11:49;7770.0;7722.72;SPXW  261005P07770000;49.9;51.3;delta=-0.855
2026-10-04 11:49;7775.0;7722.72;SPXW  261005P07775000;54.2;55.6;delta=-0.88
2026-10-04 11:49;7780.0;7722.72;SPXW  261005P07780000;58.6;60.0;delta=-0.901
2026-10-04 11:49;7785.0;7722.72;SPXW  261005P07785000;63.1;64.5;delta=-0.92
2026-10-04 11:49;7790.0;7722.72;SPXW  261005P07790000;67.7;69.2;delta=-0.934
2026-10-04 11:49;7795.0;7722.72;SPXW  261005P07795000;72.5;73.9;delta=-0.947
2026-10-04 11:49;7800.0;7722.72;SPXW  261005P07800000;77.2;78.7;delta=-0.958
2026-10-04 11:49;7805.0;7722.72;SPXW  261005P07805000;82.1;83.5;delta=-0.964
2026-10-04 11:49;7810.0;7722.72;SPXW  261005P07810000;87.0;88.4;delta=-0.971
2026-10-04 11:49;7815.0;7722.72;SPXW  261005P07815000;91.7;93.4;delta=-0.977
2026-10-04 11:49;7820.0;7722.72;SPXW  261005P07820000;96.6;98.4;delta=-0.98
2026-10-04 11:49;7825.0;7722.72;SPXW  261005P07825000;101.5;105.8;delta=-0.983
2026-10-04 11:49;7830.0;7722.72;SPXW  261005P07830000;106.5;108.3;delta=-0.985
2026-10-04 11:49;7835.0;7722.72;SPXW  261005P07835000;111.4;115.8;delta=-0.988
2026-10-04 11:49;7840.0;7722.72;SPXW  261005P07840000;116.4;120.7;delta=-0.99
2026-10-04 11:49;7845.0;7722.72;SPXW  261005P07845000;121.4;125.3;delta=-0.992
2026-10-04 11:49;7850.0;7722.72;SPXW  261005P07850000;126.5;127.9;delta=-0.991
2026-10-04 11:49;7855.0;7722.72;SPXW  261005P07855000;131.5;132.9;delta=-0.994
2026-10-04 11:49;7860.0;7722.72;SPXW  261005P07860000;136.5;137.9;delta=-0.995
2026-10-04 11:49;7865.0;7722.72;SPXW  261005P07865000;141.5;142.9;delta=-0.994
2026-10-04 11:49;7870.0;7722.72;SPXW  261005P07870000;146.5;147.9;delta=-0.995
2026-10-04 11:49;7875.0;7722.72;SPXW  261005P07875000;151.5;153.0;delta=-0.994
2026-10-04 11:49;7880.0;7722.72;SPXW  261005P07880000;156.5;157.9;delta=-0.995
2026-10-04 11:49;7885.0;7722.72;SPXW  261005P07885000;161.5;163.0;delta=-0.995
2026-10-04 11:49;7890.0;7722.72;SPXW  261005P07890000;146.8;190.2;delta=-0.995
2026-10-04 11:49;7895.0;7722.72;SPXW  261005P07895000;171.5;173.0;delta=-0.996
2026-10-04 11:49;7900.0;7722.72;SPXW  261005P07900000;176.5;178.0;delta=-0.997
2026-10-04 11:49;7905.0;7722.72;SPXW  261005P07905000;181.4;183.0;delta=-0.997
2026-10-04 11:49;7910.0;7722.72;SPXW  261005P07910000;186.4;187.9;delta=-0.997
2026-10-04 11:49;7915.0;7722.72;SPXW  261005P07915000;191.4;192.9;delta=-0.997
2026-10-04 11:49;7920.0;7722.72;SPXW  261005P07920000;196.4;197.9;delta=-0.997
2026-10-04 11:49;7925.0;7722.72;SPXW  261005P07925000;201.4;202.9;delta=-0.996
2026-10-04 11:49;7930.0;7722.72;SPXW  261005P07930000;186.3;230.2;delta=-0.997
2026-10-04 11:49;7935.0;7722.72;SPXW  261005P07935000;0.0;0.0;delta=-999.0
2026-10-04 11:49;7940.0;7722.72;SPXW  261005P07940000;216.4;217.9;delta=-0.997
2026-10-04 11:49;7945.0;7722.72;SPXW  261005P07945000;0.0;0.0;delta=-999.0
2026-10-04 11:49;7950.0;7722.72;SPXW  261005P07950000;226.4;227.9;delta=-0.998
2026-10-04 11:49;7960.0;7722.72;SPXW  261005P07960000;236.4;237.9;delta=-0.998
2026-10-04 11:49;7970.0;7722.72;SPXW  261005P07970000;246.4;247.9;delta=-0.998
2026-10-04 11:49;7975.0;7722.72;SPXW  261005P07975000;251.4;252.9;delta=-0.999
2026-10-04 11:49;7980.0;7722.72;SPXW  261005P07980000;256.4;257.9;delta=-0.998
2026-10-04 11:53;7475.0;7722.72;SPXW  261005C07475000;247.3;248.8;delta=0.994
2026-10-04 11:53;7480.0;7722.72;SPXW  261005C07480000;231.3;254.9;delta=0.993
2026-10-04 11:53;7485.0;7722.72;SPXW  261005C07485000;237.4;238.8;delta=0.993
2026-10-04 11:53;7490.0;7722.72;SPXW  261005C07490000;232.3;233.8;delta=0.993
2026-10-04 11:53;7495.0;7722.72;SPXW  261005C07495000;227.4;228.8;delta=0.993
2026-10-04 11:53;7500.0;7722.72;SPXW  261005C07500000;222.4;223.8;delta=0.993
2026-10-04 11:53;7505.0;7722.72;SPXW  261005C07505000;206.3;230.2;delta=0.992
2026-10-04 11:53;7510.0;7722.72;SPXW  261005C07510000;201.3;225.2;delta=0.991
2026-10-04 11:53;7515.0;7722.72;SPXW  261005C07515000;198.3;218.1;delta=0.99
2026-10-04 11:53;7520.0;7722.72;SPXW  261005C07520000;193.3;213.1;delta=0.991
2026-10-04 11:53;7525.0;7722.72;SPXW  261005C07525000;188.3;208.1;delta=0.991
2026-10-04 11:53;7530.0;7722.72;SPXW  261005C07530000;183.3;203.0;delta=0.99
2026-10-04 11:53;7535.0;7722.72;SPXW  261005C07535000;178.4;189.0;delta=0.989
2026-10-04 11:53;7540.0;7722.72;SPXW  261005C07540000;182.2;184.1;delta=0.988
2026-10-04 11:53;7545.0;7722.72;SPXW  261005C07545000;177.3;179.1;delta=0.988
2026-10-04 11:53;7550.0;7722.72;SPXW  261005C07550000;168.1;174.1;delta=0.987
2026-10-04 11:53;7555.0;7722.72;SPXW  261005C07555000;167.3;169.1;delta=0.986
2026-10-04 11:53;7560.0;7722.72;SPXW  261005C07560000;162.3;164.1;delta=0.985
2026-10-04 11:53;7565.0;7722.72;SPXW  261005C07565000;148.5;159.1;delta=0.984
2026-10-04 11:53;7570.0;7722.72;SPXW  261005C07570000;148.2;154.2;delta=0.982
2026-10-04 11:53;7575.0;7722.72;SPXW  261005C07575000;147.4;149.2;delta=0.981
2026-10-04 11:53;7580.0;7722.72;SPXW  261005C07580000;138.4;144.3;delta=0.979
2026-10-04 11:53;7585.0;7722.72;SPXW  261005C07585000;137.5;139.3;delta=0.977
2026-10-04 11:53;7590.0;7722.72;SPXW  261005C07590000;128.5;134.4;delta=0.974
2026-10-04 11:53;7595.0;7722.72;SPXW  261005C07595000;127.8;129.2;delta=0.972
2026-10-04 11:53;7600.0;7722.72;SPXW  261005C07600000;122.9;124.3;delta=0.969
2026-10-04 11:53;7605.0;7722.72;SPXW  261005C07605000;118.0;119.4;delta=0.966
2026-10-04 11:53;7610.0;7722.72;SPXW  261005C07610000;113.1;114.5;delta=0.961
2026-10-04 11:53;7615.0;7722.72;SPXW  261005C07615000;108.2;109.7;delta=0.956
2026-10-04 11:53;7620.0;7722.72;SPXW  261005C07620000;103.4;104.8;delta=0.95
2026-10-04 11:53;7625.0;7722.72;SPXW  261005C07625000;98.6;100.0;delta=0.943
2026-10-04 11:53;7630.0;7722.72;SPXW  261005C07630000;93.8;95.2;delta=0.936
2026-10-04 11:53;7635.0;7722.72;SPXW  261005C07635000;89.0;90.5;delta=0.927
2026-10-04 11:53;7640.0;7722.72;SPXW  261005C07640000;84.3;85.7;delta=0.917
2026-10-04 11:53;7645.0;7722.72;SPXW  261005C07645000;79.7;81.1;delta=0.906
2026-10-04 11:53;7650.0;7722.72;SPXW  261005C07650000;75.1;76.4;delta=0.893
2026-10-04 11:53;7655.0;7722.72;SPXW  261005C07655000;70.5;71.9;delta=0.879
2026-10-04 11:53;7660.0;7722.72;SPXW  261005C07660000;66.0;67.4;delta=0.863
2026-10-04 11:53;7665.0;7722.72;SPXW  261005C07665000;61.6;63.0;delta=0.846
2026-10-04 11:53;7670.0;7722.72;SPXW  261005C07670000;57.4;58.4;delta=0.825
2026-10-04 11:53;7675.0;7722.72;SPXW  261005C07675000;53.1;54.2;delta=0.803
2026-10-04 11:53;7680.0;7722.72;SPXW  261005C07680000;49.0;50.0;delta=0.779
2026-10-04 11:53;7685.0;7722.72;SPXW  261005C07685000;45.0;46.0;delta=0.753
2026-10-04 11:53;7690.0;7722.72;SPXW  261005C07690000;41.1;42.1;delta=0.724
2026-10-04 11:53;7695.0;7722.72;SPXW  261005C07695000;37.6;38.0;delta=0.693
2026-10-04 11:53;7700.0;7722.72;SPXW  261005C07700000;34.0;34.4;delta=0.659
2026-10-04 11:53;7705.0;7722.72;SPXW  261005C07705000;30.5;30.9;delta=0.623
2026-10-04 11:53;7710.0;7722.72;SPXW  261005C07710000;27.3;27.7;delta=0.585
2026-10-04 11:53;7715.0;7722.72;SPXW  261005C07715000;24.1;24.4;delta=0.546
2026-10-04 11:53;7720.0;7722.72;SPXW  261005C07720000;21.2;21.6;delta=0.504
2026-10-04 11:53;7725.0;7722.72;SPXW  261005C07725000;18.5;18.9;delta=0.466
2026-10-04 11:53;7730.0;7722.72;SPXW  261005C07730000;16.0;16.4;delta=0.427
2026-10-04 11:53;7735.0;7722.72;SPXW  261005C07735000;13.6;14.0;delta=0.388
2026-10-04 11:53;7740.0;7722.72;SPXW  261005C07740000;11.5;11.9;delta=0.349
2026-10-04 11:53;7745.0;7722.72;SPXW  261005C07745000;9.7;10.0;delta=0.311
2026-10-04 11:53;7750.0;7722.72;SPXW  261005C07750000;8.0;8.3;delta=0.273
2026-10-04 11:53;7755.0;7722.72;SPXW  261005C07755000;6.5;6.8;delta=0.237
2026-10-04 11:53;7760.0;7722.72;SPXW  261005C07760000;5.3;5.6;delta=0.204
2026-10-04 11:53;7765.0;7722.72;SPXW  261005C07765000;4.3;4.5;delta=0.174
2026-10-04 11:53;7770.0;7722.72;SPXW  261005C07770000;3.3;3.6;delta=0.145
2026-10-04 11:53;7775.0;7722.72;SPXW  261005C07775000;2.6;2.8;delta=0.119
2026-10-04 11:53;7780.0;7722.72;SPXW  261005C07780000;2.05;2.25;delta=0.099
2026-10-04 11:53;7785.0;7722.72;SPXW  261005C07785000;1.6;1.7;delta=0.08
2026-10-04 11:53;7790.0;7722.72;SPXW  261005C07790000;1.25;1.4;delta=0.066
2026-10-04 11:53;7795.0;7722.72;SPXW  261005C07795000;0.95;1.1;delta=0.053
2026-10-04 11:53;7800.0;7722.72;SPXW  261005C07800000;0.75;0.8;delta=0.042
2026-10-04 11:53;7805.0;7722.72;SPXW  261005C07805000;0.6;0.7;delta=0.035
2026-10-04 11:53;7810.0;7722.72;SPXW  261005C07810000;0.45;0.6;delta=0.029
2026-10-04 11:53;7815.0;7722.72;SPXW  261005C07815000;0.35;0.45;delta=0.023
2026-10-04 11:53;7820.0;7722.72;SPXW  261005C07820000;0.3;0.4;delta=0.02
2026-10-04 11:53;7825.0;7722.72;SPXW  261005C07825000;0.25;0.35;delta=0.017
2026-10-04 11:53;7830.0;7722.72;SPXW  261005C07830000;0.2;0.3;delta=0.014
2026-10-04 11:53;7835.0;7722.72;SPXW  261005C07835000;0.15;0.25;delta=0.012
2026-10-04 11:53;7840.0;7722.72;SPXW  261005C07840000;0.1;0.25;delta=0.01
2026-10-04 11:53;7845.0;7722.72;SPXW  261005C07845000;0.1;0.15;delta=0.007
2026-10-04 11:53;7850.0;7722.72;SPXW  261005C07850000;0.1;0.2;delta=0.008
2026-10-04 11:53;7855.0;7722.72;SPXW  261005C07855000;0.05;0.15;delta=0.006
2026-10-04 11:53;7860.0;7722.72;SPXW  261005C07860000;0.05;0.1;delta=0.005
2026-10-04 11:53;7865.0;7722.72;SPXW  261005C07865000;0.05;0.15;delta=0.006
2026-10-04 11:53;7870.0;7722.72;SPXW  261005C07870000;0.05;0.1;delta=0.004
2026-10-04 11:53;7875.0;7722.72;SPXW  261005C07875000;0.05;0.15;delta=0.005
2026-10-04 11:53;7880.0;7722.72;SPXW  261005C07880000;0.05;0.15;delta=0.005
2026-10-04 11:53;7885.0;7722.72;SPXW  261005C07885000;0.05;0.15;delta=0.005
2026-10-04 11:53;7890.0;7722.72;SPXW  261005C07890000;0.05;0.15;delta=0.005
2026-10-04 11:53;7895.0;7722.72;SPXW  261005C07895000;0.05;0.15;delta=0.004
2026-10-04 11:53;7900.0;7722.72;SPXW  261005C07900000;0.05;0.1;delta=0.003
2026-10-04 11:53;7905.0;7722.72;SPXW  261005C07905000;0.05;0.1;delta=0.003
2026-10-04 11:53;7910.0;7722.72;SPXW  261005C07910000;0.05;0.1;delta=0.003
2026-10-04 11:53;7915.0;7722.72;SPXW  261005C07915000;0.05;0.1;delta=0.002
2026-10-04 11:53;7920.0;7722.72;SPXW  261005C07920000;0.05;0.1;delta=0.002
2026-10-04 11:53;7925.0;7722.72;SPXW  261005C07925000;0.05;0.1;delta=0.003
2026-10-04 11:53;7930.0;7722.72;SPXW  261005C07930000;0.05;0.1;delta=0.002
2026-10-04 11:53;7935.0;7722.72;SPXW  261005C07935000;0.0;0.0;delta=-999.0
2026-10-04 11:53;7940.0;7722.72;SPXW  261005C07940000;0.05;0.2;delta=0.002
2026-10-04 11:53;7945.0;7722.72;SPXW  261005C07945000;0.0;0.0;delta=-999.0
2026-10-04 11:53;7950.0;7722.72;SPXW  261005C07950000;0.05;0.15;delta=0.002
2026-10-04 11:53;7960.0;7722.72;SPXW  261005C07960000;0.05;0.1;delta=0.002
2026-10-04 11:53;7970.0;7722.72;SPXW  261005C07970000;0.05;0.1;delta=0.002
2026-10-04 11:53;7975.0;7722.72;SPXW  261005C07975000;0.05;0.1;delta=0.001
2026-10-04 11:53;7980.0;7722.72;SPXW  261005C07980000;0.05;0.15;delta=0.002
2026-10-04 11:53;7475.0;7722.72;SPXW  261005P07475000;0.15;0.25;delta=-0.006
2026-10-04 11:53;7480.0;7722.72;SPXW  261005P07480000;0.15;0.25;delta=-0.006
2026-10-04 11:53;7485.0;7722.72;SPXW  261005P07485000;0.15;0.25;delta=-0.006
2026-10-04 11:53;7490.0;7722.72;SPXW  261005P07490000;0.15;0.25;delta=-0.007
2026-10-04 11:53;7495.0;7722.72;SPXW  261005P07495000;0.15;0.25;delta=-0.007
2026-10-04 11:53;7500.0;7722.72;SPXW  261005P07500000;0.15;0.25;delta=-0.007
2026-10-04 11:53;7505.0;7722.72;SPXW  261005P07505000;0.15;0.3;delta=-0.008
2026-10-04 11:53;7510.0;7722.72;SPXW  261005P07510000;0.2;0.3;delta=-0.008
2026-10-04 11:53;7515.0;7722.72;SPXW  261005P07515000;0.25;0.3;delta=-0.009
2026-10-04 11:53;7520.0;7722.72;SPXW  261005P07520000;0.2;0.3;delta=-0.009
2026-10-04 11:53;7525.0;7722.72;SPXW  261005P07525000;0.2;0.3;delta=-0.009
2026-10-04 11:53;7530.0;7722.72;SPXW  261005P07530000;0.2;0.35;delta=-0.01
2026-10-04 11:53;7535.0;7722.72;SPXW  261005P07535000;0.25;0.35;delta=-0.011
2026-10-04 11:53;7540.0;7722.72;SPXW  261005P07540000;0.3;0.35;delta=-0.012
2026-10-04 11:53;7545.0;7722.72;SPXW  261005P07545000;0.25;0.4;delta=-0.012
2026-10-04 11:53;7550.0;7722.72;SPXW  261005P07550000;0.25;0.4;delta=-0.012
2026-10-04 11:53;7555.0;7722.72;SPXW  261005P07555000;0.3;0.4;delta=-0.013
2026-10-04 11:53;7560.0;7722.72;SPXW  261005P07560000;0.3;0.45;delta=-0.014
2026-10-04 11:53;7565.0;7722.72;SPXW  261005P07565000;0.4;0.45;delta=-0.016
2026-10-04 11:53;7570.0;7722.72;SPXW  261005P07570000;0.4;0.5;delta=-0.017
2026-10-04 11:53;7575.0;7722.72;SPXW  261005P07575000;0.4;0.55;delta=-0.018
2026-10-04 11:53;7580.0;7722.72;SPXW  261005P07580000;0.45;0.6;delta=-0.02
2026-10-04 11:53;7585.0;7722.72;SPXW  261005P07585000;0.5;0.65;delta=-0.023
2026-10-04 11:53;7590.0;7722.72;SPXW  261005P07590000;0.6;0.7;delta=-0.025
2026-10-04 11:53;7595.0;7722.72;SPXW  261005P07595000;0.65;0.75;delta=-0.028
2026-10-04 11:53;7600.0;7722.72;SPXW  261005P07600000;0.7;0.85;delta=-0.031
2026-10-04 11:53;7605.0;7722.72;SPXW  261005P07605000;0.8;0.9;delta=-0.034
2026-10-04 11:53;7610.0;7722.72;SPXW  261005P07610000;0.9;1.05;delta=-0.038
2026-10-04 11:53;7615.0;7722.72;SPXW  261005P07615000;1.05;1.2;delta=-0.044
2026-10-04 11:53;7620.0;7722.72;SPXW  261005P07620000;1.2;1.35;delta=-0.05
2026-10-04 11:53;7625.0;7722.72;SPXW  261005P07625000;1.4;1.55;delta=-0.057
2026-10-04 11:53;7630.0;7722.72;SPXW  261005P07630000;1.6;1.75;delta=-0.064
2026-10-04 11:53;7635.0;7722.72;SPXW  261005P07635000;1.8;2.0;delta=-0.072
2026-10-04 11:53;7640.0;7722.72;SPXW  261005P07640000;2.15;2.25;delta=-0.082
2026-10-04 11:53;7645.0;7722.72;SPXW  261005P07645000;2.45;2.6;delta=-0.094
2026-10-04 11:53;7650.0;7722.72;SPXW  261005P07650000;2.9;3.0;delta=-0.107
2026-10-04 11:53;7655.0;7722.72;SPXW  261005P07655000;3.2;3.5;delta=-0.121
2026-10-04 11:53;7660.0;7722.72;SPXW  261005P07660000;3.7;4.0;delta=-0.136
2026-10-04 11:53;7665.0;7722.72;SPXW  261005P07665000;4.3;4.5;delta=-0.154
2026-10-04 11:53;7670.0;7722.72;SPXW  261005P07670000;5.0;5.2;delta=-0.174
2026-10-04 11:53;7675.0;7722.72;SPXW  261005P07675000;5.7;6.0;delta=-0.196
2026-10-04 11:53;7680.0;7722.72;SPXW  261005P07680000;6.6;6.9;delta=-0.221
2026-10-04 11:53;7685.0;7722.72;SPXW  261005P07685000;7.5;7.8;delta=-0.247
2026-10-04 11:53;7690.0;7722.72;SPXW  261005P07690000;8.7;8.9;delta=-0.276
2026-10-04 11:53;7695.0;7722.72;SPXW  261005P07695000;9.9;10.1;delta=-0.307
2026-10-04 11:53;7700.0;7722.72;SPXW  261005P07700000;11.2;11.5;delta=-0.34
2026-10-04 11:53;7705.0;7722.72;SPXW  261005P07705000;12.8;13.1;delta=-0.376
2026-10-04 11:53;7710.0;7722.72;SPXW  261005P07710000;14.5;14.8;delta=-0.414
2026-10-04 11:53;7715.0;7722.72;SPXW  261005P07715000;16.3;16.7;delta=-0.454
2026-10-04 11:53;7720.0;7722.72;SPXW  261005P07720000;18.4;18.8;delta=-0.496
2026-10-04 11:53;7725.0;7722.72;SPXW  261005P07725000;20.7;21.1;delta=-0.534
2026-10-04 11:53;7730.0;7722.72;SPXW  261005P07730000;23.1;23.6;delta=-0.572
2026-10-04 11:53;7735.0;7722.72;SPXW  261005P07735000;25.8;26.2;delta=-0.612
2026-10-04 11:53;7740.0;7722.72;SPXW  261005P07740000;28.7;29.1;delta=-0.651
2026-10-04 11:53;7745.0;7722.72;SPXW  261005P07745000;31.8;32.2;delta=-0.689
2026-10-04 11:53;7750.0;7722.72;SPXW  261005P07750000;34.9;35.9;delta=-0.727
2026-10-04 11:53;7755.0;7722.72;SPXW  261005P07755000;38.4;39.4;delta=-0.763
2026-10-04 11:53;7760.0;7722.72;SPXW  261005P07760000;42.1;43.1;delta=-0.796
2026-10-04 11:53;7765.0;7722.72;SPXW  261005P07765000;46.0;47.1;delta=-0.826
2026-10-04 11:53;7770.0;7722.72;SPXW  261005P07770000;49.9;51.3;delta=-0.855
2026-10-04 11:53;7775.0;7722.72;SPXW  261005P07775000;54.2;55.6;delta=-0.88
2026-10-04 11:53;7780.0;7722.72;SPXW  261005P07780000;58.6;60.0;delta=-0.901
2026-10-04 11:53;7785.0;7722.72;SPXW  261005P07785000;63.1;64.5;delta=-0.92
2026-10-04 11:53;7790.0;7722.72;SPXW  261005P07790000;67.7;69.2;delta=-0.934
2026-10-04 11:53;7795.0;7722.72;SPXW  261005P07795000;72.5;73.9;delta=-0.947
2026-10-04 11:53;7800.0;7722.72;SPXW  261005P07800000;77.2;78.7;delta=-0.958
2026-10-04 11:53;7805.0;7722.72;SPXW  261005P07805000;82.1;83.5;delta=-0.964
2026-10-04 11:53;7810.0;7722.72;SPXW  261005P07810000;87.0;88.4;delta=-0.971
2026-10-04 11:53;7815.0;7722.72;SPXW  261005P07815000;91.7;93.4;delta=-0.977
2026-10-04 11:53;7820.0;7722.72;SPXW  261005P07820000;96.6;98.4;delta=-0.98
2026-10-04 11:53;7825.0;7722.72;SPXW  261005P07825000;101.5;105.8;delta=-0.983
2026-10-04 11:53;7830.0;7722.72;SPXW  261005P07830000;106.5;108.3;delta=-0.985
2026-10-04 11:53;7835.0;7722.72;SPXW  261005P07835000;111.4;115.8;delta=-0.988
2026-10-04 11:53;7840.0;7722.72;SPXW  261005P07840000;116.4;120.7;delta=-0.99
2026-10-04 11:53;7845.0;7722.72;SPXW  261005P07845000;121.4;125.3;delta=-0.992
2026-10-04 11:53;7850.0;7722.72;SPXW  261005P07850000;126.5;127.9;delta=-0.991
2026-10-04 11:53;7855.0;7722.72;SPXW  261005P07855000;131.5;132.9;delta=-0.994
2026-10-04 11:53;7860.0;7722.72;SPXW  261005P07860000;136.5;137.9;delta=-0.995
2026-10-04 11:53;7865.0;7722.72;SPXW  261005P07865000;141.5;142.9;delta=-0.994
2026-10-04 11:53;7870.0;7722.72;SPXW  261005P07870000;146.5;147.9;delta=-0.995
2026-10-04 11:53;7875.0;7722.72;SPXW  261005P07875000;151.5;153.0;delta=-0.994
2026-10-04 11:53;7880.0;7722.72;SPXW  261005P07880000;156.5;157.9;delta=-0.995
2026-10-04 11:53;7885.0;7722.72;SPXW  261005P07885000;161.5;163.0;delta=-0.995
2026-10-04 11:53;7890.0;7722.72;SPXW  261005P07890000;146.8;190.2;delta=-0.995
2026-10-04 11:53;7895.0;7722.72;SPXW  261005P07895000;171.5;173.0;delta=-0.996
2026-10-04 11:53;7900.0;7722.72;SPXW  261005P07900000;176.5;178.0;delta=-0.997
2026-10-04 11:53;7905.0;7722.72;SPXW  261005P07905000;181.4;183.0;delta=-0.997
2026-10-04 11:53;7910.0;7722.72;SPXW  261005P07910000;186.4;187.9;delta=-0.997
2026-10-04 11:53;7915.0;7722.72;SPXW  261005P07915000;191.4;192.9;delta=-0.997
2026-10-04 11:53;7920.0;7722.72;SPXW  261005P07920000;196.4;197.9;delta=-0.997
2026-10-04 11:53;7925.0;7722.72;SPXW  261005P07925000;201.4;202.9;delta=-0.996
2026-10-04 11:53;7930.0;7722.72;SPXW  261005P07930000;186.3;230.2;delta=-0.997
2026-10-04 11:53;7935.0;7722.72;SPXW  261005P07935000;0.0;0.0;delta=-999.0
2026-10-04 11:53;7940.0;7722.72;SPXW  261005P07940000;216.4;217.9;delta=-0.997
2026-10-04 11:53;7945.0;7722.72;SPXW  261005P07945000;0.0;0.0;delta=-999.0
2026-10-04 11:53;7950.0;7722.72;SPXW  261005P07950000;226.4;227.9;delta=-0.998
2026-10-04 11:53;7960.0;7722.72;SPXW  261005P07960000;236.4;237.9;delta=-0.998
2026-10-04 11:53;7970.0;7722.72;SPXW  261005P07970000;246.4;247.9;delta=-0.998
2026-10-04 11:53;7975.0;7722.72;SPXW  261005P07975000;251.4;252.9;delta=-0.999
2026-10-04 11:53;7980.0;7722.72;SPXW  261005P07980000;256.4;257.9;delta=-0.998
2026-10-04 11:57;7475.0;7722.72;SPXW  261005C07475000;247.3;248.8;delta=0.994
2026-10-04 11:57;7480.0;7722.72;SPXW  261005C07480000;231.3;254.9;delta=0.993
2026-10-04 11:57;7485.0;7722.72;SPXW  261005C07485000;237.4;238.8;delta=0.993
2026-10-04 11:57;7490.0;7722.72;SPXW  261005C07490000;232.3;233.8;delta=0.993
2026-10-04 11:57;7495.0;7722.72;SPXW  261005C07495000;227.4;228.8;delta=0.993
2026-10-04 11:57;7500.0;7722.72;SPXW  261005C07500000;222.4;223.8;delta=0.993
2026-10-04 11:57;7505.0;7722.72;SPXW  261005C07505000;206.3;230.2;delta=0.992
2026-10-04 11:57;7510.0;7722.72;SPXW  261005C07510000;201.3;225.2;delta=0.991
2026-10-04 11:57;7515.0;7722.72;SPXW  261005C07515000;198.3;218.1;delta=0.99
2026-10-04 11:57;7520.0;7722.72;SPXW  261005C07520000;193.3;213.1;delta=0.991
2026-10-04 11:57;7525.0;7722.72;SPXW  261005C07525000;188.3;208.1;delta=0.991
2026-10-04 11:57;7530.0;7722.72;SPXW  261005C07530000;183.3;203.0;delta=0.99
2026-10-04 11:57;7535.0;7722.72;SPXW  261005C07535000;178.4;189.0;delta=0.989
2026-10-04 11:57;7540.0;7722.72;SPXW  261005C07540000;182.2;184.1;delta=0.988
2026-10-04 11:57;7545.0;7722.72;SPXW  261005C07545000;177.3;179.1;delta=0.988
2026-10-04 11:57;7550.0;7722.72;SPXW  261005C07550000;168.1;174.1;delta=0.987
2026-10-04 11:57;7555.0;7722.72;SPXW  261005C07555000;167.3;169.1;delta=0.986
2026-10-04 11:57;7560.0;7722.72;SPXW  261005C07560000;162.3;164.1;delta=0.985
2026-10-04 11:57;7565.0;7722.72;SPXW  261005C07565000;148.5;159.1;delta=0.984
2026-10-04 11:57;7570.0;7722.72;SPXW  261005C07570000;148.2;154.2;delta=0.982
2026-10-04 11:57;7575.0;7722.72;SPXW  261005C07575000;147.4;149.2;delta=0.981
2026-10-04 11:57;7580.0;7722.72;SPXW  261005C07580000;138.4;144.3;delta=0.979
2026-10-04 11:57;7585.0;7722.72;SPXW  261005C07585000;137.5;139.3;delta=0.977
2026-10-04 11:57;7590.0;7722.72;SPXW  261005C07590000;128.5;134.4;delta=0.974
2026-10-04 11:57;7595.0;7722.72;SPXW  261005C07595000;127.8;129.2;delta=0.972
2026-10-04 11:57;7600.0;7722.72;SPXW  261005C07600000;122.9;124.3;delta=0.969
2026-10-04 11:57;7605.0;7722.72;SPXW  261005C07605000;118.0;119.4;delta=0.966
2026-10-04 11:57;7610.0;7722.72;SPXW  261005C07610000;113.1;114.5;delta=0.961
2026-10-04 11:57;7615.0;7722.72;SPXW  261005C07615000;108.2;109.7;delta=0.956
2026-10-04 11:57;7620.0;7722.72;SPXW  261005C07620000;103.4;104.8;delta=0.95
2026-10-04 11:57;7625.0;7722.72;SPXW  261005C07625000;98.6;100.0;delta=0.943
2026-10-04 11:57;7630.0;7722.72;SPXW  261005C07630000;93.8;95.2;delta=0.936
2026-10-04 11:57;7635.0;7722.72;SPXW  261005C07635000;89.0;90.5;delta=0.927
2026-10-04 11:57;7640.0;7722.72;SPXW  261005C07640000;84.3;85.7;delta=0.917
2026-10-04 11:57;7645.0;7722.72;SPXW  261005C07645000;79.7;81.1;delta=0.906
2026-10-04 11:57;7650.0;7722.72;SPXW  261005C07650000;75.1;76.4;delta=0.893
2026-10-04 11:57;7655.0;7722.72;SPXW  261005C07655000;70.5;71.9;delta=0.879
2026-10-04 11:57;7660.0;7722.72;SPXW  261005C07660000;66.0;67.4;delta=0.863
2026-10-04 11:57;7665.0;7722.72;SPXW  261005C07665000;61.6;63.0;delta=0.846
2026-10-04 11:57;7670.0;7722.72;SPXW  261005C07670000;57.4;58.4;delta=0.825
2026-10-04 11:57;7675.0;7722.72;SPXW  261005C07675000;53.1;54.2;delta=0.803
2026-10-04 11:57;7680.0;7722.72;SPXW  261005C07680000;49.0;50.0;delta=0.779
2026-10-04 11:57;7685.0;7722.72;SPXW  261005C07685000;45.0;46.0;delta=0.753
2026-10-04 11:57;7690.0;7722.72;SPXW  261005C07690000;41.1;42.1;delta=0.724
2026-10-04 11:57;7695.0;7722.72;SPXW  261005C07695000;37.6;38.0;delta=0.693
2026-10-04 11:57;7700.0;7722.72;SPXW  261005C07700000;34.0;34.4;delta=0.659
2026-10-04 11:57;7705.0;7722.72;SPXW  261005C07705000;30.5;30.9;delta=0.623
2026-10-04 11:57;7710.0;7722.72;SPXW  261005C07710000;27.3;27.7;delta=0.585
2026-10-04 11:57;7715.0;7722.72;SPXW  261005C07715000;24.1;24.4;delta=0.546
2026-10-04 11:57;7720.0;7722.72;SPXW  261005C07720000;21.2;21.6;delta=0.504
2026-10-04 11:57;7725.0;7722.72;SPXW  261005C07725000;18.5;18.9;delta=0.466
2026-10-04 11:57;7730.0;7722.72;SPXW  261005C07730000;16.0;16.4;delta=0.427
2026-10-04 11:57;7735.0;7722.72;SPXW  261005C07735000;13.6;14.0;delta=0.388
2026-10-04 11:57;7740.0;7722.72;SPXW  261005C07740000;11.5;11.9;delta=0.349
2026-10-04 11:57;7745.0;7722.72;SPXW  261005C07745000;9.7;10.0;delta=0.311
2026-10-04 11:57;7750.0;7722.72;SPXW  261005C07750000;8.0;8.3;delta=0.273
2026-10-04 11:57;7755.0;7722.72;SPXW  261005C07755000;6.5;6.8;delta=0.237
2026-10-04 11:57;7760.0;7722.72;SPXW  261005C07760000;5.3;5.6;delta=0.204
2026-10-04 11:57;7765.0;7722.72;SPXW  261005C07765000;4.3;4.5;delta=0.174
2026-10-04 11:57;7770.0;7722.72;SPXW  261005C07770000;3.3;3.6;delta=0.145
2026-10-04 11:57;7775.0;7722.72;SPXW  261005C07775000;2.6;2.8;delta=0.119
2026-10-04 11:57;7780.0;7722.72;SPXW  261005C07780000;2.05;2.25;delta=0.099
2026-10-04 11:57;7785.0;7722.72;SPXW  261005C07785000;1.6;1.7;delta=0.08
2026-10-04 11:57;7790.0;7722.72;SPXW  261005C07790000;1.25;1.4;delta=0.066
2026-10-04 11:57;7795.0;7722.72;SPXW  261005C07795000;0.95;1.1;delta=0.053
2026-10-04 11:57;7800.0;7722.72;SPXW  261005C07800000;0.75;0.8;delta=0.042
2026-10-04 11:57;7805.0;7722.72;SPXW  261005C07805000;0.6;0.7;delta=0.035
2026-10-04 11:57;7810.0;7722.72;SPXW  261005C07810000;0.45;0.6;delta=0.029
2026-10-04 11:57;7815.0;7722.72;SPXW  261005C07815000;0.35;0.45;delta=0.023
2026-10-04 11:57;7820.0;7722.72;SPXW  261005C07820000;0.3;0.4;delta=0.02
2026-10-04 11:57;7825.0;7722.72;SPXW  261005C07825000;0.25;0.35;delta=0.017
2026-10-04 11:57;7830.0;7722.72;SPXW  261005C07830000;0.2;0.3;delta=0.014
2026-10-04 11:57;7835.0;7722.72;SPXW  261005C07835000;0.15;0.25;delta=0.012
2026-10-04 11:57;7840.0;7722.72;SPXW  261005C07840000;0.1;0.25;delta=0.01
2026-10-04 11:57;7845.0;7722.72;SPXW  261005C07845000;0.1;0.15;delta=0.007
2026-10-04 11:57;7850.0;7722.72;SPXW  261005C07850000;0.1;0.2;delta=0.008
2026-10-04 11:57;7855.0;7722.72;SPXW  261005C07855000;0.05;0.15;delta=0.006
2026-10-04 11:57;7860.0;7722.72;SPXW  261005C07860000;0.05;0.1;delta=0.005
2026-10-04 11:57;7865.0;7722.72;SPXW  261005C07865000;0.05;0.15;delta=0.006
2026-10-04 11:57;7870.0;7722.72;SPXW  261005C07870000;0.05;0.1;delta=0.004
2026-10-04 11:57;7875.0;7722.72;SPXW  261005C07875000;0.05;0.15;delta=0.005
2026-10-04 11:57;7880.0;7722.72;SPXW  261005C07880000;0.05;0.15;delta=0.005
2026-10-04 11:57;7885.0;7722.72;SPXW  261005C07885000;0.05;0.15;delta=0.005
2026-10-04 11:57;7890.0;7722.72;SPXW  261005C07890000;0.05;0.15;delta=0.005
2026-10-04 11:57;7895.0;7722.72;SPXW  261005C07895000;0.05;0.15;delta=0.004
2026-10-04 11:57;7900.0;7722.72;SPXW  261005C07900000;0.05;0.1;delta=0.003
2026-10-04 11:57;7905.0;7722.72;SPXW  261005C07905000;0.05;0.1;delta=0.003
2026-10-04 11:57;7910.0;7722.72;SPXW  261005C07910000;0.05;0.1;delta=0.003
2026-10-04 11:57;7915.0;7722.72;SPXW  261005C07915000;0.05;0.1;delta=0.002
2026-10-04 11:57;7920.0;7722.72;SPXW  261005C07920000;0.05;0.1;delta=0.002
2026-10-04 11:57;7925.0;7722.72;SPXW  261005C07925000;0.05;0.1;delta=0.003
2026-10-04 11:57;7930.0;7722.72;SPXW  261005C07930000;0.05;0.1;delta=0.002
2026-10-04 11:57;7935.0;7722.72;SPXW  261005C07935000;0.0;0.0;delta=-999.0
2026-10-04 11:57;7940.0;7722.72;SPXW  261005C07940000;0.05;0.2;delta=0.002
2026-10-04 11:57;7945.0;7722.72;SPXW  261005C07945000;0.0;0.0;delta=-999.0
2026-10-04 11:57;7950.0;7722.72;SPXW  261005C07950000;0.05;0.15;delta=0.002
2026-10-04 11:57;7960.0;7722.72;SPXW  261005C07960000;0.05;0.1;delta=0.002
2026-10-04 11:57;7970.0;7722.72;SPXW  261005C07970000;0.05;0.1;delta=0.002
2026-10-04 11:57;7975.0;7722.72;SPXW  261005C07975000;0.05;0.1;delta=0.001
2026-10-04 11:57;7980.0;7722.72;SPXW  261005C07980000;0.05;0.15;delta=0.002
2026-10-04 11:57;7475.0;7722.72;SPXW  261005P07475000;0.15;0.25;delta=-0.006
2026-10-04 11:57;7480.0;7722.72;SPXW  261005P07480000;0.15;0.25;delta=-0.006
2026-10-04 11:57;7485.0;7722.72;SPXW  261005P07485000;0.15;0.25;delta=-0.006
2026-10-04 11:57;7490.0;7722.72;SPXW  261005P07490000;0.15;0.25;delta=-0.007
2026-10-04 11:57;7495.0;7722.72;SPXW  261005P07495000;0.15;0.25;delta=-0.007
2026-10-04 11:57;7500.0;7722.72;SPXW  261005P07500000;0.15;0.25;delta=-0.007
2026-10-04 11:57;7505.0;7722.72;SPXW  261005P07505000;0.15;0.3;delta=-0.008
2026-10-04 11:57;7510.0;7722.72;SPXW  261005P07510000;0.2;0.3;delta=-0.008
2026-10-04 11:57;7515.0;7722.72;SPXW  261005P07515000;0.25;0.3;delta=-0.009
2026-10-04 11:57;7520.0;7722.72;SPXW  261005P07520000;0.2;0.3;delta=-0.009
2026-10-04 11:57;7525.0;7722.72;SPXW  261005P07525000;0.2;0.3;delta=-0.009
2026-10-04 11:57;7530.0;7722.72;SPXW  261005P07530000;0.2;0.35;delta=-0.01
2026-10-04 11:57;7535.0;7722.72;SPXW  261005P07535000;0.25;0.35;delta=-0.011
2026-10-04 11:57;7540.0;7722.72;SPXW  261005P07540000;0.3;0.35;delta=-0.012
2026-10-04 11:57;7545.0;7722.72;SPXW  261005P07545000;0.25;0.4;delta=-0.012
2026-10-04 11:57;7550.0;7722.72;SPXW  261005P07550000;0.25;0.4;delta=-0.012
2026-10-04 11:57;7555.0;7722.72;SPXW  261005P07555000;0.3;0.4;delta=-0.013
2026-10-04 11:57;7560.0;7722.72;SPXW  261005P07560000;0.3;0.45;delta=-0.014
2026-10-04 11:57;7565.0;7722.72;SPXW  261005P07565000;0.4;0.45;delta=-0.016
2026-10-04 11:57;7570.0;7722.72;SPXW  261005P07570000;0.4;0.5;delta=-0.017
2026-10-04 11:57;7575.0;7722.72;SPXW  261005P07575000;0.4;0.55;delta=-0.018
2026-10-04 11:57;7580.0;7722.72;SPXW  261005P07580000;0.45;0.6;delta=-0.02
2026-10-04 11:57;7585.0;7722.72;SPXW  261005P07585000;0.5;0.65;delta=-0.023
2026-10-04 11:57;7590.0;7722.72;SPXW  261005P07590000;0.6;0.7;delta=-0.025
2026-10-04 11:57;7595.0;7722.72;SPXW  261005P07595000;0.65;0.75;delta=-0.028
2026-10-04 11:57;7600.0;7722.72;SPXW  261005P07600000;0.7;0.85;delta=-0.031
2026-10-04 11:57;7605.0;7722.72;SPXW  261005P07605000;0.8;0.9;delta=-0.034
2026-10-04 11:57;7610.0;7722.72;SPXW  261005P07610000;0.9;1.05;delta=-0.038
2026-10-04 11:57;7615.0;7722.72;SPXW  261005P07615000;1.05;1.2;delta=-0.044
2026-10-04 11:57;7620.0;7722.72;SPXW  261005P07620000;1.2;1.35;delta=-0.05
2026-10-04 11:57;7625.0;7722.72;SPXW  261005P07625000;1.4;1.55;delta=-0.057
2026-10-04 11:57;7630.0;7722.72;SPXW  261005P07630000;1.6;1.75;delta=-0.064
2026-10-04 11:57;7635.0;7722.72;SPXW  261005P07635000;1.8;2.0;delta=-0.072
2026-10-04 11:57;7640.0;7722.72;SPXW  261005P07640000;2.15;2.25;delta=-0.082
2026-10-04 11:57;7645.0;7722.72;SPXW  261005P07645000;2.45;2.6;delta=-0.094
2026-10-04 11:57;7650.0;7722.72;SPXW  261005P07650000;2.9;3.0;delta=-0.107
2026-10-04 11:57;7655.0;7722.72;SPXW  261005P07655000;3.2;3.5;delta=-0.121
2026-10-04 11:57;7660.0;7722.72;SPXW  261005P07660000;3.7;4.0;delta=-0.136
2026-10-04 11:57;7665.0;7722.72;SPXW  261005P07665000;4.3;4.5;delta=-0.154
2026-10-04 11:57;7670.0;7722.72;SPXW  261005P07670000;5.0;5.2;delta=-0.174
2026-10-04 11:57;7675.0;7722.72;SPXW  261005P07675000;5.7;6.0;delta=-0.196
2026-10-04 11:57;7680.0;7722.72;SPXW  261005P07680000;6.6;6.9;delta=-0.221
2026-10-04 11:57;7685.0;7722.72;SPXW  261005P07685000;7.5;7.8;delta=-0.247
2026-10-04 11:57;7690.0;7722.72;SPXW  261005P07690000;8.7;8.9;delta=-0.276
2026-10-04 11:57;7695.0;7722.72;SPXW  261005P07695000;9.9;10.1;delta=-0.307
2026-10-04 11:57;7700.0;7722.72;SPXW  261005P07700000;11.2;11.5;delta=-0.34
2026-10-04 11:57;7705.0;7722.72;SPXW  261005P07705000;12.8;13.1;delta=-0.376
2026-10-04 11:57;7710.0;7722.72;SPXW  261005P07710000;14.5;14.8;delta=-0.414
2026-10-04 11:57;7715.0;7722.72;SPXW  261005P07715000;16.3;16.7;delta=-0.454
2026-10-04 11:57;7720.0;7722.72;SPXW  261005P07720000;18.4;18.8;delta=-0.496
2026-10-04 11:57;7725.0;7722.72;SPXW  261005P07725000;20.7;21.1;delta=-0.534
2026-10-04 11:57;7730.0;7722.72;SPXW  261005P07730000;23.1;23.6;delta=-0.572
2026-10-04 11:57;7735.0;7722.72;SPXW  261005P07735000;25.8;26.2;delta=-0.612
2026-10-04 11:57;7740.0;7722.72;SPXW  261005P07740000;28.7;29.1;delta=-0.651
2026-10-04 11:57;7745.0;7722.72;SPXW  261005P07745000;31.8;32.2;delta=-0.689
2026-10-04 11:57;7750.0;7722.72;SPXW  261005P07750000;34.9;35.9;delta=-0.727
2026-10-04 11:57;7755.0;7722.72;SPXW  261005P07755000;38.4;39.4;delta=-0.763
2026-10-04 11:57;7760.0;7722.72;SPXW  261005P07760000;42.1;43.1;delta=-0.796
2026-10-04 11:57;7765.0;7722.72;SPXW  261005P07765000;46.0;47.1;delta=-0.826
2026-10-04 11:57;7770.0;7722.72;SPXW  261005P07770000;49.9;51.3;delta=-0.855
2026-10-04 11:57;7775.0;7722.72;SPXW  261005P07775000;54.2;55.6;delta=-0.88
2026-10-04 11:57;7780.0;7722.72;SPXW  261005P07780000;58.6;60.0;delta=-0.901
2026-10-04 11:57;7785.0;7722.72;SPXW  261005P07785000;63.1;64.5;delta=-0.92
2026-10-04 11:57;7790.0;7722.72;SPXW  261005P07790000;67.7;69.2;delta=-0.934
2026-10-04 11:57;7795.0;7722.72;SPXW  261005P07795000;72.5;73.9;delta=-0.947
2026-10-04 11:57;7800.0;7722.72;SPXW  261005P07800000;77.2;78.7;delta=-0.958
2026-10-04 11:57;7805.0;7722.72;SPXW  261005P07805000;82.1;83.5;delta=-0.964
2026-10-04 11:57;7810.0;7722.72;SPXW  261005P07810000;87.0;88.4;delta=-0.971
2026-10-04 11:57;7815.0;7722.72;SPXW  261005P07815000;91.7;93.4;delta=-0.977
2026-10-04 11:57;7820.0;7722.72;SPXW  261005P07820000;96.6;98.4;delta=-0.98
2026-10-04 11:57;7825.0;7722.72;SPXW  261005P07825000;101.5;105.8;delta=-0.983
2026-10-04 11:57;7830.0;7722.72;SPXW  261005P07830000;106.5;108.3;delta=-0.985
2026-10-04 11:57;7835.0;7722.72;SPXW  261005P07835000;111.4;115.8;delta=-0.988
2026-10-04 11:57;7840.0;7722.72;SPXW  261005P07840000;116.4;120.7;delta=-0.99
2026-10-04 11:57;7845.0;7722.72;SPXW  261005P07845000;121.4;125.3;delta=-0.992
2026-10-04 11:57;7850.0;7722.72;SPXW  261005P07850000;126.5;127.9;delta=-0.991
2026-10-04 11:57;7855.0;7722.72;SPXW  261005P07855000;131.5;132.9;delta=-0.994
2026-10-04 11:57;7860.0;7722.72;SPXW  261005P07860000;136.5;137.9;delta=-0.995
2026-10-04 11:57;7865.0;7722.72;SPXW  261005P07865000;141.5;142.9;delta=-0.994
2026-10-04 11:57;7870.0;7722.72;SPXW  261005P07870000;146.5;147.9;delta=-0.995
2026-10-04 11:57;7875.0;7722.72;SPXW  261005P07875000;151.5;153.0;delta=-0.994
2026-10-04 11:57;7880.0;7722.72;SPXW  261005P07880000;156.5;157.9;delta=-0.995
2026-10-04 11:57;7885.0;7722.72;SPXW  261005P07885000;161.5;163.0;delta=-0.995
2026-10-04 11:57;7890.0;7722.72;SPXW  261005P07890000;146.8;190.2;delta=-0.995
2026-10-04 11:57;7895.0;7722.72;SPXW  261005P07895000;171.5;173.0;delta=-0.996
2026-10-04 11:57;7900.0;7722.72;SPXW  261005P07900000;176.5;178.0;delta=-0.997
2026-10-04 11:57;7905.0;7722.72;SPXW  261005P07905000;181.4;183.0;delta=-0.997
2026-10-04 11:57;7910.0;7722.72;SPXW  261005P07910000;186.4;187.9;delta=-0.997
2026-10-04 11:57;7915.0;7722.72;SPXW  261005P07915000;191.4;192.9;delta=-0.997
2026-10-04 11:57;7920.0;7722.72;SPXW  261005P07920000;196.4;197.9;delta=-0.997
2026-10-04 11:57;7925.0;7722.72;SPXW  261005P07925000;201.4;202.9;delta=-0.996
2026-10-04 11:57;7930.0;7722.72;SPXW  261005P07930000;186.3;230.2;delta=-0.997
2026-10-04 11:57;7935.0;7722.72;SPXW  261005P07935000;0.0;0.0;delta=-999.0
2026-10-04 11:57;7940.0;7722.72;SPXW  261005P07940000;216.4;217.9;delta=-0.997
2026-10-04 11:57;7945.0;7722.72;SPXW  261005P07945000;0.0;0.0;delta=-999.0
2026-10-04 11:57;7950.0;7722.72;SPXW  261005P07950000;226.4;227.9;delta=-0.998
2026-10-04 11:57;7960.0;7722.72;SPXW  261005P07960000;236.4;237.9;delta=-0.998
2026-10-04 11:57;7970.0;7722.72;SPXW  261005P07970000;246.4;247.9;delta=-0.998
2026-10-04 11:57;7975.0;7722.72;SPXW  261005P07975000;251.4;252.9;delta=-0.999
2026-10-04 11:57;7980.0;7722.72;SPXW  261005P07980000;256.4;257.9;delta=-0.998
2026-10-04 12:02;7475.0;7722.72;SPXW  261005C07475000;247.3;248.8;delta=0.994
2026-10-04 12:02;7480.0;7722.72;SPXW  261005C07480000;231.3;254.9;delta=0.993
2026-10-04 12:02;7485.0;7722.72;SPXW  261005C07485000;237.4;238.8;delta=0.993
2026-10-04 12:02;7490.0;7722.72;SPXW  261005C07490000;232.3;233.8;delta=0.993
2026-10-04 12:02;7495.0;7722.72;SPXW  261005C07495000;227.4;228.8;delta=0.993
2026-10-04 12:02;7500.0;7722.72;SPXW  261005C07500000;222.4;223.8;delta=0.993
2026-10-04 12:02;7505.0;7722.72;SPXW  261005C07505000;206.3;230.2;delta=0.992
2026-10-04 12:02;7510.0;7722.72;SPXW  261005C07510000;201.3;225.2;delta=0.991
2026-10-04 12:02;7515.0;7722.72;SPXW  261005C07515000;198.3;218.1;delta=0.99
2026-10-04 12:02;7520.0;7722.72;SPXW  261005C07520000;193.3;213.1;delta=0.991
2026-10-04 12:02;7525.0;7722.72;SPXW  261005C07525000;188.3;208.1;delta=0.991
2026-10-04 12:02;7530.0;7722.72;SPXW  261005C07530000;183.3;203.0;delta=0.99
2026-10-04 12:02;7535.0;7722.72;SPXW  261005C07535000;178.4;189.0;delta=0.989
2026-10-04 12:02;7540.0;7722.72;SPXW  261005C07540000;182.2;184.1;delta=0.988
2026-10-04 12:02;7545.0;7722.72;SPXW  261005C07545000;177.3;179.1;delta=0.988
2026-10-04 12:02;7550.0;7722.72;SPXW  261005C07550000;168.1;174.1;delta=0.987
2026-10-04 12:02;7555.0;7722.72;SPXW  261005C07555000;167.3;169.1;delta=0.986
2026-10-04 12:02;7560.0;7722.72;SPXW  261005C07560000;162.3;164.1;delta=0.985
2026-10-04 12:02;7565.0;7722.72;SPXW  261005C07565000;148.5;159.1;delta=0.984
2026-10-04 12:02;7570.0;7722.72;SPXW  261005C07570000;148.2;154.2;delta=0.982
2026-10-04 12:02;7575.0;7722.72;SPXW  261005C07575000;147.4;149.2;delta=0.981
2026-10-04 12:02;7580.0;7722.72;SPXW  261005C07580000;138.4;144.3;delta=0.979
2026-10-04 12:02;7585.0;7722.72;SPXW  261005C07585000;137.5;139.3;delta=0.977
2026-10-04 12:02;7590.0;7722.72;SPXW  261005C07590000;128.5;134.4;delta=0.974
2026-10-04 12:02;7595.0;7722.72;SPXW  261005C07595000;127.8;129.2;delta=0.972
2026-10-04 12:02;7600.0;7722.72;SPXW  261005C07600000;122.9;124.3;delta=0.969
2026-10-04 12:02;7605.0;7722.72;SPXW  261005C07605000;118.0;119.4;delta=0.966
2026-10-04 12:02;7610.0;7722.72;SPXW  261005C07610000;113.1;114.5;delta=0.961
2026-10-04 12:02;7615.0;7722.72;SPXW  261005C07615000;108.2;109.7;delta=0.956
2026-10-04 12:02;7620.0;7722.72;SPXW  261005C07620000;103.4;104.8;delta=0.95
2026-10-04 12:02;7625.0;7722.72;SPXW  261005C07625000;98.6;100.0;delta=0.943
2026-10-04 12:02;7630.0;7722.72;SPXW  261005C07630000;93.8;95.2;delta=0.936
2026-10-04 12:02;7635.0;7722.72;SPXW  261005C07635000;89.0;90.5;delta=0.927
2026-10-04 12:02;7640.0;7722.72;SPXW  261005C07640000;84.3;85.7;delta=0.917
2026-10-04 12:02;7645.0;7722.72;SPXW  261005C07645000;79.7;81.1;delta=0.906
2026-10-04 12:02;7650.0;7722.72;SPXW  261005C07650000;75.1;76.4;delta=0.893
2026-10-04 12:02;7655.0;7722.72;SPXW  261005C07655000;70.5;71.9;delta=0.879
2026-10-04 12:02;7660.0;7722.72;SPXW  261005C07660000;66.0;67.4;delta=0.863
2026-10-04 12:02;7665.0;7722.72;SPXW  261005C07665000;61.6;63.0;delta=0.846
2026-10-04 12:02;7670.0;7722.72;SPXW  261005C07670000;57.4;58.4;delta=0.825
2026-10-04 12:02;7675.0;7722.72;SPXW  261005C07675000;53.1;54.2;delta=0.803
2026-10-04 12:02;7680.0;7722.72;SPXW  261005C07680000;49.0;50.0;delta=0.779
2026-10-04 12:02;7685.0;7722.72;SPXW  261005C07685000;45.0;46.0;delta=0.753
2026-10-04 12:02;7690.0;7722.72;SPXW  261005C07690000;41.1;42.1;delta=0.724
2026-10-04 12:02;7695.0;7722.72;SPXW  261005C07695000;37.6;38.0;delta=0.693
2026-10-04 12:02;7700.0;7722.72;SPXW  261005C07700000;34.0;34.4;delta=0.659
2026-10-04 12:02;7705.0;7722.72;SPXW  261005C07705000;30.5;30.9;delta=0.623
2026-10-04 12:02;7710.0;7722.72;SPXW  261005C07710000;27.3;27.7;delta=0.585
2026-10-04 12:02;7715.0;7722.72;SPXW  261005C07715000;24.1;24.4;delta=0.546
2026-10-04 12:02;7720.0;7722.72;SPXW  261005C07720000;21.2;21.6;delta=0.504
2026-10-04 12:02;7725.0;7722.72;SPXW  261005C07725000;18.5;18.9;delta=0.466
2026-10-04 12:02;7730.0;7722.72;SPXW  261005C07730000;16.0;16.4;delta=0.427
2026-10-04 12:02;7735.0;7722.72;SPXW  261005C07735000;13.6;14.0;delta=0.388
2026-10-04 12:02;7740.0;7722.72;SPXW  261005C07740000;11.5;11.9;delta=0.349
2026-10-04 12:02;7745.0;7722.72;SPXW  261005C07745000;9.7;10.0;delta=0.311
2026-10-04 12:02;7750.0;7722.72;SPXW  261005C07750000;8.0;8.3;delta=0.273
2026-10-04 12:02;7755.0;7722.72;SPXW  261005C07755000;6.5;6.8;delta=0.237
2026-10-04 12:02;7760.0;7722.72;SPXW  261005C07760000;5.3;5.6;delta=0.204
2026-10-04 12:02;7765.0;7722.72;SPXW  261005C07765000;4.3;4.5;delta=0.174
2026-10-04 12:02;7770.0;7722.72;SPXW  261005C07770000;3.3;3.6;delta=0.145
2026-10-04 12:02;7775.0;7722.72;SPXW  261005C07775000;2.6;2.8;delta=0.119
2026-10-04 12:02;7780.0;7722.72;SPXW  261005C07780000;2.05;2.25;delta=0.099
2026-10-04 12:02;7785.0;7722.72;SPXW  261005C07785000;1.6;1.7;delta=0.08
2026-10-04 12:02;7790.0;7722.72;SPXW  261005C07790000;1.25;1.4;delta=0.066
2026-10-04 12:02;7795.0;7722.72;SPXW  261005C07795000;0.95;1.1;delta=0.053
2026-10-04 12:02;7800.0;7722.72;SPXW  261005C07800000;0.75;0.8;delta=0.042
2026-10-04 12:02;7805.0;7722.72;SPXW  261005C07805000;0.6;0.7;delta=0.035
2026-10-04 12:02;7810.0;7722.72;SPXW  261005C07810000;0.45;0.6;delta=0.029
2026-10-04 12:02;7815.0;7722.72;SPXW  261005C07815000;0.35;0.45;delta=0.023
2026-10-04 12:02;7820.0;7722.72;SPXW  261005C07820000;0.3;0.4;delta=0.02
2026-10-04 12:02;7825.0;7722.72;SPXW  261005C07825000;0.25;0.35;delta=0.017
2026-10-04 12:02;7830.0;7722.72;SPXW  261005C07830000;0.2;0.3;delta=0.014
2026-10-04 12:02;7835.0;7722.72;SPXW  261005C07835000;0.15;0.25;delta=0.012
2026-10-04 12:02;7840.0;7722.72;SPXW  261005C07840000;0.1;0.25;delta=0.01
2026-10-04 12:02;7845.0;7722.72;SPXW  261005C07845000;0.1;0.15;delta=0.007
2026-10-04 12:02;7850.0;7722.72;SPXW  261005C07850000;0.1;0.2;delta=0.008
2026-10-04 12:02;7855.0;7722.72;SPXW  261005C07855000;0.05;0.15;delta=0.006
2026-10-04 12:02;7860.0;7722.72;SPXW  261005C07860000;0.05;0.1;delta=0.005
2026-10-04 12:02;7865.0;7722.72;SPXW  261005C07865000;0.05;0.15;delta=0.006
2026-10-04 12:02;7870.0;7722.72;SPXW  261005C07870000;0.05;0.1;delta=0.004
2026-10-04 12:02;7875.0;7722.72;SPXW  261005C07875000;0.05;0.15;delta=0.005
2026-10-04 12:02;7880.0;7722.72;SPXW  261005C07880000;0.05;0.15;delta=0.005
2026-10-04 12:02;7885.0;7722.72;SPXW  261005C07885000;0.05;0.15;delta=0.005
2026-10-04 12:02;7890.0;7722.72;SPXW  261005C07890000;0.05;0.15;delta=0.005
2026-10-04 12:02;7895.0;7722.72;SPXW  261005C07895000;0.05;0.15;delta=0.004
2026-10-04 12:02;7900.0;7722.72;SPXW  261005C07900000;0.05;0.1;delta=0.003
2026-10-04 12:02;7905.0;7722.72;SPXW  261005C07905000;0.05;0.1;delta=0.003
2026-10-04 12:02;7910.0;7722.72;SPXW  261005C07910000;0.05;0.1;delta=0.003
2026-10-04 12:02;7915.0;7722.72;SPXW  261005C07915000;0.05;0.1;delta=0.002
2026-10-04 12:02;7920.0;7722.72;SPXW  261005C07920000;0.05;0.1;delta=0.002
2026-10-04 12:02;7925.0;7722.72;SPXW  261005C07925000;0.05;0.1;delta=0.003
2026-10-04 12:02;7930.0;7722.72;SPXW  261005C07930000;0.05;0.1;delta=0.002
2026-10-04 12:02;7935.0;7722.72;SPXW  261005C07935000;0.0;0.0;delta=-999.0
2026-10-04 12:02;7940.0;7722.72;SPXW  261005C07940000;0.05;0.2;delta=0.002
2026-10-04 12:02;7945.0;7722.72;SPXW  261005C07945000;0.0;0.0;delta=-999.0
2026-10-04 12:02;7950.0;7722.72;SPXW  261005C07950000;0.05;0.15;delta=0.002
2026-10-04 12:02;7960.0;7722.72;SPXW  261005C07960000;0.05;0.1;delta=0.002
2026-10-04 12:02;7970.0;7722.72;SPXW  261005C07970000;0.05;0.1;delta=0.002
2026-10-04 12:02;7975.0;7722.72;SPXW  261005C07975000;0.05;0.1;delta=0.001
2026-10-04 12:02;7980.0;7722.72;SPXW  261005C07980000;0.05;0.15;delta=0.002
2026-10-04 12:02;7475.0;7722.72;SPXW  261005P07475000;0.15;0.25;delta=-0.006
2026-10-04 12:02;7480.0;7722.72;SPXW  261005P07480000;0.15;0.25;delta=-0.006
2026-10-04 12:02;7485.0;7722.72;SPXW  261005P07485000;0.15;0.25;delta=-0.006
2026-10-04 12:02;7490.0;7722.72;SPXW  261005P07490000;0.15;0.25;delta=-0.007
2026-10-04 12:02;7495.0;7722.72;SPXW  261005P07495000;0.15;0.25;delta=-0.007
2026-10-04 12:02;7500.0;7722.72;SPXW  261005P07500000;0.15;0.25;delta=-0.007
2026-10-04 12:02;7505.0;7722.72;SPXW  261005P07505000;0.15;0.3;delta=-0.008
2026-10-04 12:02;7510.0;7722.72;SPXW  261005P07510000;0.2;0.3;delta=-0.008
2026-10-04 12:02;7515.0;7722.72;SPXW  261005P07515000;0.25;0.3;delta=-0.009
2026-10-04 12:02;7520.0;7722.72;SPXW  261005P07520000;0.2;0.3;delta=-0.009
2026-10-04 12:02;7525.0;7722.72;SPXW  261005P07525000;0.2;0.3;delta=-0.009
2026-10-04 12:02;7530.0;7722.72;SPXW  261005P07530000;0.2;0.35;delta=-0.01
2026-10-04 12:02;7535.0;7722.72;SPXW  261005P07535000;0.25;0.35;delta=-0.011
2026-10-04 12:02;7540.0;7722.72;SPXW  261005P07540000;0.3;0.35;delta=-0.012
2026-10-04 12:02;7545.0;7722.72;SPXW  261005P07545000;0.25;0.4;delta=-0.012
2026-10-04 12:02;7550.0;7722.72;SPXW  261005P07550000;0.25;0.4;delta=-0.012
2026-10-04 12:02;7555.0;7722.72;SPXW  261005P07555000;0.3;0.4;delta=-0.013
2026-10-04 12:02;7560.0;7722.72;SPXW  261005P07560000;0.3;0.45;delta=-0.014
2026-10-04 12:02;7565.0;7722.72;SPXW  261005P07565000;0.4;0.45;delta=-0.016
2026-10-04 12:02;7570.0;7722.72;SPXW  261005P07570000;0.4;0.5;delta=-0.017
2026-10-04 12:02;7575.0;7722.72;SPXW  261005P07575000;0.4;0.55;delta=-0.018
2026-10-04 12:02;7580.0;7722.72;SPXW  261005P07580000;0.45;0.6;delta=-0.02
2026-10-04 12:02;7585.0;7722.72;SPXW  261005P07585000;0.5;0.65;delta=-0.023
2026-10-04 12:02;7590.0;7722.72;SPXW  261005P07590000;0.6;0.7;delta=-0.025
2026-10-04 12:02;7595.0;7722.72;SPXW  261005P07595000;0.65;0.75;delta=-0.028
2026-10-04 12:02;7600.0;7722.72;SPXW  261005P07600000;0.7;0.85;delta=-0.031
2026-10-04 12:02;7605.0;7722.72;SPXW  261005P07605000;0.8;0.9;delta=-0.034
2026-10-04 12:02;7610.0;7722.72;SPXW  261005P07610000;0.9;1.05;delta=-0.038
2026-10-04 12:02;7615.0;7722.72;SPXW  261005P07615000;1.05;1.2;delta=-0.044
2026-10-04 12:02;7620.0;7722.72;SPXW  261005P07620000;1.2;1.35;delta=-0.05
2026-10-04 12:02;7625.0;7722.72;SPXW  261005P07625000;1.4;1.55;delta=-0.057
2026-10-04 12:02;7630.0;7722.72;SPXW  261005P07630000;1.6;1.75;delta=-0.064
2026-10-04 12:02;7635.0;7722.72;SPXW  261005P07635000;1.8;2.0;delta=-0.072
2026-10-04 12:02;7640.0;7722.72;SPXW  261005P07640000;2.15;2.25;delta=-0.082
2026-10-04 12:02;7645.0;7722.72;SPXW  261005P07645000;2.45;2.6;delta=-0.094
2026-10-04 12:02;7650.0;7722.72;SPXW  261005P07650000;2.9;3.0;delta=-0.107
2026-10-04 12:02;7655.0;7722.72;SPXW  261005P07655000;3.2;3.5;delta=-0.121
2026-10-04 12:02;7660.0;7722.72;SPXW  261005P07660000;3.7;4.0;delta=-0.136
2026-10-04 12:02;7665.0;7722.72;SPXW  261005P07665000;4.3;4.5;delta=-0.154
2026-10-04 12:02;7670.0;7722.72;SPXW  261005P07670000;5.0;5.2;delta=-0.174
2026-10-04 12:02;7675.0;7722.72;SPXW  261005P07675000;5.7;6.0;delta=-0.196
2026-10-04 12:02;7680.0;7722.72;SPXW  261005P07680000;6.6;6.9;delta=-0.221
2026-10-04 12:02;7685.0;7722.72;SPXW  261005P07685000;7.5;7.8;delta=-0.247
2026-10-04 12:02;7690.0;7722.72;SPXW  261005P07690000;8.7;8.9;delta=-0.276
2026-10-04 12:02;7695.0;7722.72;SPXW  261005P07695000;9.9;10.1;delta=-0.307
2026-10-04 12:02;7700.0;7722.72;SPXW  261005P07700000;11.2;11.5;delta=-0.34
2026-10-04 12:02;7705.0;7722.72;SPXW  261005P07705000;12.8;13.1;delta=-0.376
2026-10-04 12:02;7710.0;7722.72;SPXW  261005P07710000;14.5;14.8;delta=-0.414
2026-10-04 12:02;7715.0;7722.72;SPXW  261005P07715000;16.3;16.7;delta=-0.454
2026-10-04 12:02;7720.0;7722.72;SPXW  261005P07720000;18.4;18.8;delta=-0.496
2026-10-04 12:02;7725.0;7722.72;SPXW  261005P07725000;20.7;21.1;delta=-0.534
2026-10-04 12:02;7730.0;7722.72;SPXW  261005P07730000;23.1;23.6;delta=-0.572
2026-10-04 12:02;7735.0;7722.72;SPXW  261005P07735000;25.8;26.2;delta=-0.612
2026-10-04 12:02;7740.0;7722.72;SPXW  261005P07740000;28.7;29.1;delta=-0.651
2026-10-04 12:02;7745.0;7722.72;SPXW  261005P07745000;31.8;32.2;delta=-0.689
2026-10-04 12:02;7750.0;7722.72;SPXW  261005P07750000;34.9;35.9;delta=-0.727
2026-10-04 12:02;7755.0;7722.72;SPXW  261005P07755000;38.4;39.4;delta=-0.763
2026-10-04 12:02;7760.0;7722.72;SPXW  261005P07760000;42.1;43.1;delta=-0.796
2026-10-04 12:02;7765.0;7722.72;SPXW  261005P07765000;46.0;47.1;delta=-0.826
2026-10-04 12:02;7770.0;7722.72;SPXW  261005P07770000;49.9;51.3;delta=-0.855
2026-10-04 12:02;7775.0;7722.72;SPXW  261005P07775000;54.2;55.6;delta=-0.88
2026-10-04 12:02;7780.0;7722.72;SPXW  261005P07780000;58.6;60.0;delta=-0.901
2026-10-04 12:02;7785.0;7722.72;SPXW  261005P07785000;63.1;64.5;delta=-0.92
2026-10-04 12:02;7790.0;7722.72;SPXW  261005P07790000;67.7;69.2;delta=-0.934
2026-10-04 12:02;7795.0;7722.72;SPXW  261005P07795000;72.5;73.9;delta=-0.947
2026-10-04 12:02;7800.0;7722.72;SPXW  261005P07800000;77.2;78.7;delta=-0.958
2026-10-04 12:02;7805.0;7722.72;SPXW  261005P07805000;82.1;83.5;delta=-0.964
2026-10-04 12:02;7810.0;7722.72;SPXW  261005P07810000;87.0;88.4;delta=-0.971
2026-10-04 12:02;7815.0;7722.72;SPXW  261005P07815000;91.7;93.4;delta=-0.977
2026-10-04 12:02;7820.0;7722.72;SPXW  261005P07820000;96.6;98.4;delta=-0.98
2026-10-04 12:02;7825.0;7722.72;SPXW  261005P07825000;101.5;105.8;delta=-0.983
2026-10-04 12:02;7830.0;7722.72;SPXW  261005P07830000;106.5;108.3;delta=-0.985
2026-10-04 12:02;7835.0;7722.72;SPXW  261005P07835000;111.4;115.8;delta=-0.988
2026-10-04 12:02;7840.0;7722.72;SPXW  261005P07840000;116.4;120.7;delta=-0.99
2026-10-04 12:02;7845.0;7722.72;SPXW  261005P07845000;121.4;125.3;delta=-0.992
2026-10-04 12:02;7850.0;7722.72;SPXW  261005P07850000;126.5;127.9;delta=-0.991
2026-10-04 12:02;7855.0;7722.72;SPXW  261005P07855000;131.5;132.9;delta=-0.994
2026-10-04 12:02;7860.0;7722.72;SPXW  261005P07860000;136.5;137.9;delta=-0.995
2026-10-04 12:02;7865.0;7722.72;SPXW  261005P07865000;141.5;142.9;delta=-0.994
2026-10-04 12:02;7870.0;7722.72;SPXW  261005P07870000;146.5;147.9;delta=-0.995
2026-10-04 12:02;7875.0;7722.72;SPXW  261005P07875000;151.5;153.0;delta=-0.994
2026-10-04 12:02;7880.0;7722.72;SPXW  261005P07880000;156.5;157.9;delta=-0.995
2026-10-04 12:02;7885.0;7722.72;SPXW  261005P07885000;161.5;163.0;delta=-0.995
2026-10-04 12:02;7890.0;7722.72;SPXW  261005P07890000;146.8;190.2;delta=-0.995
2026-10-04 12:02;7895.0;7722.72;SPXW  261005P07895000;171.5;173.0;delta=-0.996
2026-10-04 12:02;7900.0;7722.72;SPXW  261005P07900000;176.5;178.0;delta=-0.997
2026-10-04 12:02;7905.0;7722.72;SPXW  261005P07905000;181.4;183.0;delta=-0.997
2026-10-04 12:02;7910.0;7722.72;SPXW  261005P07910000;186.4;187.9;delta=-0.997
2026-10-04 12:02;7915.0;7722.72;SPXW  261005P07915000;191.4;192.9;delta=-0.997
2026-10-04 12:02;7920.0;7722.72;SPXW  261005P07920000;196.4;197.9;delta=-0.997
2026-10-04 12:02;7925.0;7722.72;SPXW  261005P07925000;201.4;202.9;delta=-0.996
2026-10-04 12:02;7930.0;7722.72;SPXW  261005P07930000;186.3;230.2;delta=-0.997
2026-10-04 12:02;7935.0;7722.72;SPXW  261005P07935000;0.0;0.0;delta=-999.0
2026-10-04 12:02;7940.0;7722.72;SPXW  261005P07940000;216.4;217.9;delta=-0.997
2026-10-04 12:02;7945.0;7722.72;SPXW  261005P07945000;0.0;0.0;delta=-999.0
2026-10-04 12:02;7950.0;7722.72;SPXW  261005P07950000;226.4;227.9;delta=-0.998
2026-10-04 12:02;7960.0;7722.72;SPXW  261005P07960000;236.4;237.9;delta=-0.998
2026-10-04 12:02;7970.0;7722.72;SPXW  261005P07970000;246.4;247.9;delta=-0.998
2026-10-04 12:02;7975.0;7722.72;SPXW  261005P07975000;251.4;252.9;delta=-0.999
2026-10-04 12:02;7980.0;7722.72;SPXW  261005P07980000;256.4;257.9;delta=-0.998
2026-10-04 12:06;7475.0;7722.72;SPXW  261005C07475000;247.3;248.8;delta=0.994
2026-10-04 12:06;7480.0;7722.72;SPXW  261005C07480000;231.3;254.9;delta=0.993
2026-10-04 12:06;7485.0;7722.72;SPXW  261005C07485000;237.4;238.8;delta=0.993
2026-10-04 12:06;7490.0;7722.72;SPXW  261005C07490000;232.3;233.8;delta=0.993
2026-10-04 12:06;7495.0;7722.72;SPXW  261005C07495000;227.4;228.8;delta=0.993
2026-10-04 12:06;7500.0;7722.72;SPXW  261005C07500000;222.4;223.8;delta=0.993
2026-10-04 12:06;7505.0;7722.72;SPXW  261005C07505000;206.3;230.2;delta=0.992
2026-10-04 12:06;7510.0;7722.72;SPXW  261005C07510000;201.3;225.2;delta=0.991
2026-10-04 12:06;7515.0;7722.72;SPXW  261005C07515000;198.3;218.1;delta=0.99
2026-10-04 12:06;7520.0;7722.72;SPXW  261005C07520000;193.3;213.1;delta=0.991
2026-10-04 12:06;7525.0;7722.72;SPXW  261005C07525000;188.3;208.1;delta=0.991
2026-10-04 12:06;7530.0;7722.72;SPXW  261005C07530000;183.3;203.0;delta=0.99
2026-10-04 12:06;7535.0;7722.72;SPXW  261005C07535000;178.4;189.0;delta=0.989
2026-10-04 12:06;7540.0;7722.72;SPXW  261005C07540000;182.2;184.1;delta=0.988
2026-10-04 12:06;7545.0;7722.72;SPXW  261005C07545000;177.3;179.1;delta=0.988
2026-10-04 12:06;7550.0;7722.72;SPXW  261005C07550000;168.1;174.1;delta=0.987
2026-10-04 12:06;7555.0;7722.72;SPXW  261005C07555000;167.3;169.1;delta=0.986
2026-10-04 12:06;7560.0;7722.72;SPXW  261005C07560000;162.3;164.1;delta=0.985
2026-10-04 12:06;7565.0;7722.72;SPXW  261005C07565000;148.5;159.1;delta=0.984
2026-10-04 12:06;7570.0;7722.72;SPXW  261005C07570000;148.2;154.2;delta=0.982
2026-10-04 12:06;7575.0;7722.72;SPXW  261005C07575000;147.4;149.2;delta=0.981
2026-10-04 12:06;7580.0;7722.72;SPXW  261005C07580000;138.4;144.3;delta=0.979
2026-10-04 12:06;7585.0;7722.72;SPXW  261005C07585000;137.5;139.3;delta=0.977
2026-10-04 12:06;7590.0;7722.72;SPXW  261005C07590000;128.5;134.4;delta=0.974
2026-10-04 12:06;7595.0;7722.72;SPXW  261005C07595000;127.8;129.2;delta=0.972
2026-10-04 12:06;7600.0;7722.72;SPXW  261005C07600000;122.9;124.3;delta=0.969
2026-10-04 12:06;7605.0;7722.72;SPXW  261005C07605000;118.0;119.4;delta=0.966
2026-10-04 12:06;7610.0;7722.72;SPXW  261005C07610000;113.1;114.5;delta=0.961
2026-10-04 12:06;7615.0;7722.72;SPXW  261005C07615000;108.2;109.7;delta=0.956
2026-10-04 12:06;7620.0;7722.72;SPXW  261005C07620000;103.4;104.8;delta=0.95
2026-10-04 12:06;7625.0;7722.72;SPXW  261005C07625000;98.6;100.0;delta=0.943
2026-10-04 12:06;7630.0;7722.72;SPXW  261005C07630000;93.8;95.2;delta=0.936
2026-10-04 12:06;7635.0;7722.72;SPXW  261005C07635000;89.0;90.5;delta=0.927
2026-10-04 12:06;7640.0;7722.72;SPXW  261005C07640000;84.3;85.7;delta=0.917
2026-10-04 12:06;7645.0;7722.72;SPXW  261005C07645000;79.7;81.1;delta=0.906
2026-10-04 12:06;7650.0;7722.72;SPXW  261005C07650000;75.1;76.4;delta=0.893
2026-10-04 12:06;7655.0;7722.72;SPXW  261005C07655000;70.5;71.9;delta=0.879
2026-10-04 12:06;7660.0;7722.72;SPXW  261005C07660000;66.0;67.4;delta=0.863
2026-10-04 12:06;7665.0;7722.72;SPXW  261005C07665000;61.6;63.0;delta=0.846
2026-10-04 12:06;7670.0;7722.72;SPXW  261005C07670000;57.4;58.4;delta=0.825
2026-10-04 12:06;7675.0;7722.72;SPXW  261005C07675000;53.1;54.2;delta=0.803
2026-10-04 12:06;7680.0;7722.72;SPXW  261005C07680000;49.0;50.0;delta=0.779
2026-10-04 12:06;7685.0;7722.72;SPXW  261005C07685000;45.0;46.0;delta=0.753
2026-10-04 12:06;7690.0;7722.72;SPXW  261005C07690000;41.1;42.1;delta=0.724
2026-10-04 12:06;7695.0;7722.72;SPXW  261005C07695000;37.6;38.0;delta=0.693
2026-10-04 12:06;7700.0;7722.72;SPXW  261005C07700000;34.0;34.4;delta=0.659
2026-10-04 12:06;7705.0;7722.72;SPXW  261005C07705000;30.5;30.9;delta=0.623
2026-10-04 12:06;7710.0;7722.72;SPXW  261005C07710000;27.3;27.7;delta=0.585
2026-10-04 12:06;7715.0;7722.72;SPXW  261005C07715000;24.1;24.4;delta=0.546
2026-10-04 12:06;7720.0;7722.72;SPXW  261005C07720000;21.2;21.6;delta=0.504
2026-10-04 12:06;7725.0;7722.72;SPXW  261005C07725000;18.5;18.9;delta=0.466
2026-10-04 12:06;7730.0;7722.72;SPXW  261005C07730000;16.0;16.4;delta=0.427
2026-10-04 12:06;7735.0;7722.72;SPXW  261005C07735000;13.6;14.0;delta=0.388
2026-10-04 12:06;7740.0;7722.72;SPXW  261005C07740000;11.5;11.9;delta=0.349
2026-10-04 12:06;7745.0;7722.72;SPXW  261005C07745000;9.7;10.0;delta=0.311
2026-10-04 12:06;7750.0;7722.72;SPXW  261005C07750000;8.0;8.3;delta=0.273
2026-10-04 12:06;7755.0;7722.72;SPXW  261005C07755000;6.5;6.8;delta=0.237
2026-10-04 12:06;7760.0;7722.72;SPXW  261005C07760000;5.3;5.6;delta=0.204
2026-10-04 12:06;7765.0;7722.72;SPXW  261005C07765000;4.3;4.5;delta=0.174
2026-10-04 12:06;7770.0;7722.72;SPXW  261005C07770000;3.3;3.6;delta=0.145
2026-10-04 12:06;7775.0;7722.72;SPXW  261005C07775000;2.6;2.8;delta=0.119
2026-10-04 12:06;7780.0;7722.72;SPXW  261005C07780000;2.05;2.25;delta=0.099
2026-10-04 12:06;7785.0;7722.72;SPXW  261005C07785000;1.6;1.7;delta=0.08
2026-10-04 12:06;7790.0;7722.72;SPXW  261005C07790000;1.25;1.4;delta=0.066
2026-10-04 12:06;7795.0;7722.72;SPXW  261005C07795000;0.95;1.1;delta=0.053
2026-10-04 12:06;7800.0;7722.72;SPXW  261005C07800000;0.75;0.8;delta=0.042
2026-10-04 12:06;7805.0;7722.72;SPXW  261005C07805000;0.6;0.7;delta=0.035
2026-10-04 12:06;7810.0;7722.72;SPXW  261005C07810000;0.45;0.6;delta=0.029
2026-10-04 12:06;7815.0;7722.72;SPXW  261005C07815000;0.35;0.45;delta=0.023
2026-10-04 12:06;7820.0;7722.72;SPXW  261005C07820000;0.3;0.4;delta=0.02
2026-10-04 12:06;7825.0;7722.72;SPXW  261005C07825000;0.25;0.35;delta=0.017
2026-10-04 12:06;7830.0;7722.72;SPXW  261005C07830000;0.2;0.3;delta=0.014
2026-10-04 12:06;7835.0;7722.72;SPXW  261005C07835000;0.15;0.25;delta=0.012
2026-10-04 12:06;7840.0;7722.72;SPXW  261005C07840000;0.1;0.25;delta=0.01
2026-10-04 12:06;7845.0;7722.72;SPXW  261005C07845000;0.1;0.15;delta=0.007
2026-10-04 12:06;7850.0;7722.72;SPXW  261005C07850000;0.1;0.2;delta=0.008
2026-10-04 12:06;7855.0;7722.72;SPXW  261005C07855000;0.05;0.15;delta=0.006
2026-10-04 12:06;7860.0;7722.72;SPXW  261005C07860000;0.05;0.1;delta=0.005
2026-10-04 12:06;7865.0;7722.72;SPXW  261005C07865000;0.05;0.15;delta=0.006
2026-10-04 12:06;7870.0;7722.72;SPXW  261005C07870000;0.05;0.1;delta=0.004
2026-10-04 12:06;7875.0;7722.72;SPXW  261005C07875000;0.05;0.15;delta=0.005
2026-10-04 12:06;7880.0;7722.72;SPXW  261005C07880000;0.05;0.15;delta=0.005
2026-10-04 12:06;7885.0;7722.72;SPXW  261005C07885000;0.05;0.15;delta=0.005
2026-10-04 12:06;7890.0;7722.72;SPXW  261005C07890000;0.05;0.15;delta=0.005
2026-10-04 12:06;7895.0;7722.72;SPXW  261005C07895000;0.05;0.15;delta=0.004
2026-10-04 12:06;7900.0;7722.72;SPXW  261005C07900000;0.05;0.1;delta=0.003
2026-10-04 12:06;7905.0;7722.72;SPXW  261005C07905000;0.05;0.1;delta=0.003
2026-10-04 12:06;7910.0;7722.72;SPXW  261005C07910000;0.05;0.1;delta=0.003
2026-10-04 12:06;7915.0;7722.72;SPXW  261005C07915000;0.05;0.1;delta=0.002
2026-10-04 12:06;7920.0;7722.72;SPXW  261005C07920000;0.05;0.1;delta=0.002
2026-10-04 12:06;7925.0;7722.72;SPXW  261005C07925000;0.05;0.1;delta=0.003
2026-10-04 12:06;7930.0;7722.72;SPXW  261005C07930000;0.05;0.1;delta=0.002
2026-10-04 12:06;7935.0;7722.72;SPXW  261005C07935000;0.0;0.0;delta=-999.0
2026-10-04 12:06;7940.0;7722.72;SPXW  261005C07940000;0.05;0.2;delta=0.002
2026-10-04 12:06;7945.0;7722.72;SPXW  261005C07945000;0.0;0.0;delta=-999.0
2026-10-04 12:06;7950.0;7722.72;SPXW  261005C07950000;0.05;0.15;delta=0.002
2026-10-04 12:06;7960.0;7722.72;SPXW  261005C07960000;0.05;0.1;delta=0.002
2026-10-04 12:06;7970.0;7722.72;SPXW  261005C07970000;0.05;0.1;delta=0.002
2026-10-04 12:06;7975.0;7722.72;SPXW  261005C07975000;0.05;0.1;delta=0.001
2026-10-04 12:06;7980.0;7722.72;SPXW  261005C07980000;0.05;0.15;delta=0.002
2026-10-04 12:06;7475.0;7722.72;SPXW  261005P07475000;0.15;0.25;delta=-0.006
2026-10-04 12:06;7480.0;7722.72;SPXW  261005P07480000;0.15;0.25;delta=-0.006
2026-10-04 12:06;7485.0;7722.72;SPXW  261005P07485000;0.15;0.25;delta=-0.006
2026-10-04 12:06;7490.0;7722.72;SPXW  261005P07490000;0.15;0.25;delta=-0.007
2026-10-04 12:06;7495.0;7722.72;SPXW  261005P07495000;0.15;0.25;delta=-0.007
2026-10-04 12:06;7500.0;7722.72;SPXW  261005P07500000;0.15;0.25;delta=-0.007
2026-10-04 12:06;7505.0;7722.72;SPXW  261005P07505000;0.15;0.3;delta=-0.008
2026-10-04 12:06;7510.0;7722.72;SPXW  261005P07510000;0.2;0.3;delta=-0.008
2026-10-04 12:06;7515.0;7722.72;SPXW  261005P07515000;0.25;0.3;delta=-0.009
2026-10-04 12:06;7520.0;7722.72;SPXW  261005P07520000;0.2;0.3;delta=-0.009
2026-10-04 12:06;7525.0;7722.72;SPXW  261005P07525000;0.2;0.3;delta=-0.009
2026-10-04 12:06;7530.0;7722.72;SPXW  261005P07530000;0.2;0.35;delta=-0.01
2026-10-04 12:06;7535.0;7722.72;SPXW  261005P07535000;0.25;0.35;delta=-0.011
2026-10-04 12:06;7540.0;7722.72;SPXW  261005P07540000;0.3;0.35;delta=-0.012
2026-10-04 12:06;7545.0;7722.72;SPXW  261005P07545000;0.25;0.4;delta=-0.012
2026-10-04 12:06;7550.0;7722.72;SPXW  261005P07550000;0.25;0.4;delta=-0.012
2026-10-04 12:06;7555.0;7722.72;SPXW  261005P07555000;0.3;0.4;delta=-0.013
2026-10-04 12:06;7560.0;7722.72;SPXW  261005P07560000;0.3;0.45;delta=-0.014
2026-10-04 12:06;7565.0;7722.72;SPXW  261005P07565000;0.4;0.45;delta=-0.016
2026-10-04 12:06;7570.0;7722.72;SPXW  261005P07570000;0.4;0.5;delta=-0.017
2026-10-04 12:06;7575.0;7722.72;SPXW  261005P07575000;0.4;0.55;delta=-0.018
2026-10-04 12:06;7580.0;7722.72;SPXW  261005P07580000;0.45;0.6;delta=-0.02
2026-10-04 12:06;7585.0;7722.72;SPXW  261005P07585000;0.5;0.65;delta=-0.023
2026-10-04 12:06;7590.0;7722.72;SPXW  261005P07590000;0.6;0.7;delta=-0.025
2026-10-04 12:06;7595.0;7722.72;SPXW  261005P07595000;0.65;0.75;delta=-0.028
2026-10-04 12:06;7600.0;7722.72;SPXW  261005P07600000;0.7;0.85;delta=-0.031
2026-10-04 12:06;7605.0;7722.72;SPXW  261005P07605000;0.8;0.9;delta=-0.034
2026-10-04 12:06;7610.0;7722.72;SPXW  261005P07610000;0.9;1.05;delta=-0.038
2026-10-04 12:06;7615.0;7722.72;SPXW  261005P07615000;1.05;1.2;delta=-0.044
2026-10-04 12:06;7620.0;7722.72;SPXW  261005P07620000;1.2;1.35;delta=-0.05
2026-10-04 12:06;7625.0;7722.72;SPXW  261005P07625000;1.4;1.55;delta=-0.057
2026-10-04 12:06;7630.0;7722.72;SPXW  261005P07630000;1.6;1.75;delta=-0.064
2026-10-04 12:06;7635.0;7722.72;SPXW  261005P07635000;1.8;2.0;delta=-0.072
2026-10-04 12:06;7640.0;7722.72;SPXW  261005P07640000;2.15;2.25;delta=-0.082
2026-10-04 12:06;7645.0;7722.72;SPXW  261005P07645000;2.45;2.6;delta=-0.094
2026-10-04 12:06;7650.0;7722.72;SPXW  261005P07650000;2.9;3.0;delta=-0.107
2026-10-04 12:06;7655.0;7722.72;SPXW  261005P07655000;3.2;3.5;delta=-0.121
2026-10-04 12:06;7660.0;7722.72;SPXW  261005P07660000;3.7;4.0;delta=-0.136
2026-10-04 12:06;7665.0;7722.72;SPXW  261005P07665000;4.3;4.5;delta=-0.154
2026-10-04 12:06;7670.0;7722.72;SPXW  261005P07670000;5.0;5.2;delta=-0.174
2026-10-04 12:06;7675.0;7722.72;SPXW  261005P07675000;5.7;6.0;delta=-0.196
2026-10-04 12:06;7680.0;7722.72;SPXW  261005P07680000;6.6;6.9;delta=-0.221
2026-10-04 12:06;7685.0;7722.72;SPXW  261005P07685000;7.5;7.8;delta=-0.247
2026-10-04 12:06;7690.0;7722.72;SPXW  261005P07690000;8.7;8.9;delta=-0.276
2026-10-04 12:06;7695.0;7722.72;SPXW  261005P07695000;9.9;10.1;delta=-0.307
2026-10-04 12:06;7700.0;7722.72;SPXW  261005P07700000;11.2;11.5;delta=-0.34
2026-10-04 12:06;7705.0;7722.72;SPXW  261005P07705000;12.8;13.1;delta=-0.376
2026-10-04 12:06;7710.0;7722.72;SPXW  261005P07710000;14.5;14.8;delta=-0.414
2026-10-04 12:06;7715.0;7722.72;SPXW  261005P07715000;16.3;16.7;delta=-0.454
2026-10-04 12:06;7720.0;7722.72;SPXW  261005P07720000;18.4;18.8;delta=-0.496
2026-10-04 12:06;7725.0;7722.72;SPXW  261005P07725000;20.7;21.1;delta=-0.534
2026-10-04 12:06;7730.0;7722.72;SPXW  261005P07730000;23.1;23.6;delta=-0.572
2026-10-04 12:06;7735.0;7722.72;SPXW  261005P07735000;25.8;26.2;delta=-0.612
2026-10-04 12:06;7740.0;7722.72;SPXW  261005P07740000;28.7;29.1;delta=-0.651
2026-10-04 12:06;7745.0;7722.72;SPXW  261005P07745000;31.8;32.2;delta=-0.689
2026-10-04 12:06;7750.0;7722.72;SPXW  261005P07750000;34.9;35.9;delta=-0.727
2026-10-04 12:06;7755.0;7722.72;SPXW  261005P07755000;38.4;39.4;delta=-0.763
2026-10-04 12:06;7760.0;7722.72;SPXW  261005P07760000;42.1;43.1;delta=-0.796
2026-10-04 12:06;7765.0;7722.72;SPXW  261005P07765000;46.0;47.1;delta=-0.826
2026-10-04 12:06;7770.0;7722.72;SPXW  261005P07770000;49.9;51.3;delta=-0.855
2026-10-04 12:06;7775.0;7722.72;SPXW  261005P07775000;54.2;55.6;delta=-0.88
2026-10-04 12:06;7780.0;7722.72;SPXW  261005P07780000;58.6;60.0;delta=-0.901
2026-10-04 12:06;7785.0;7722.72;SPXW  261005P07785000;63.1;64.5;delta=-0.92
2026-10-04 12:06;7790.0;7722.72;SPXW  261005P07790000;67.7;69.2;delta=-0.934
2026-10-04 12:06;7795.0;7722.72;SPXW  261005P07795000;72.5;73.9;delta=-0.947
2026-10-04 12:06;7800.0;7722.72;SPXW  261005P07800000;77.2;78.7;delta=-0.958
2026-10-04 12:06;7805.0;7722.72;SPXW  261005P07805000;82.1;83.5;delta=-0.964
2026-10-04 12:06;7810.0;7722.72;SPXW  261005P07810000;87.0;88.4;delta=-0.971
2026-10-04 12:06;7815.0;7722.72;SPXW  261005P07815000;91.7;93.4;delta=-0.977
2026-10-04 12:06;7820.0;7722.72;SPXW  261005P07820000;96.6;98.4;delta=-0.98
2026-10-04 12:06;7825.0;7722.72;SPXW  261005P07825000;101.5;105.8;delta=-0.983
2026-10-04 12:06;7830.0;7722.72;SPXW  261005P07830000;106.5;108.3;delta=-0.985
2026-10-04 12:06;7835.0;7722.72;SPXW  261005P07835000;111.4;115.8;delta=-0.988
2026-10-04 12:06;7840.0;7722.72;SPXW  261005P07840000;116.4;120.7;delta=-0.99
2026-10-04 12:06;7845.0;7722.72;SPXW  261005P07845000;121.4;125.3;delta=-0.992
2026-10-04 12:06;7850.0;7722.72;SPXW  261005P07850000;126.5;127.9;delta=-0.991
2026-10-04 12:06;7855.0;7722.72;SPXW  261005P07855000;131.5;132.9;delta=-0.994
2026-10-04 12:06;7860.0;7722.72;SPXW  261005P07860000;136.5;137.9;delta=-0.995
2026-10-04 12:06;7865.0;7722.72;SPXW  261005P07865000;141.5;142.9;delta=-0.994
2026-10-04 12:06;7870.0;7722.72;SPXW  261005P07870000;146.5;147.9;delta=-0.995
2026-10-04 12:06;7875.0;7722.72;SPXW  261005P07875000;151.5;153.0;delta=-0.994
2026-10-04 12:06;7880.0;7722.72;SPXW  261005P07880000;156.5;157.9;delta=-0.995
2026-10-04 12:06;7885.0;7722.72;SPXW  261005P07885000;161.5;163.0;delta=-0.995
2026-10-04 12:06;7890.0;7722.72;SPXW  261005P07890000;146.8;190.2;delta=-0.995
2026-10-04 12:06;7895.0;7722.72;SPXW  261005P07895000;171.5;173.0;delta=-0.996
2026-10-04 12:06;7900.0;7722.72;SPXW  261005P07900000;176.5;178.0;delta=-0.997
2026-10-04 12:06;7905.0;7722.72;SPXW  261005P07905000;181.4;183.0;delta=-0.997
2026-10-04 12:06;7910.0;7722.72;SPXW  261005P07910000;186.4;187.9;delta=-0.997
2026-10-04 12:06;7915.0;7722.72;SPXW  261005P07915000;191.4;192.9;delta=-0.997
2026-10-04 12:06;7920.0;7722.72;SPXW  261005P07920000;196.4;197.9;delta=-0.997
2026-10-04 12:06;7925.0;7722.72;SPXW  261005P07925000;201.4;202.9;delta=-0.996
2026-10-04 12:06;7930.0;7722.72;SPXW  261005P07930000;186.3;230.2;delta=-0.997
2026-10-04 12:06;7935.0;7722.72;SPXW  261005P07935000;0.0;0.0;delta=-999.0
2026-10-04 12:06;7940.0;7722.72;SPXW  261005P07940000;216.4;217.9;delta=-0.997
2026-10-04 12:06;7945.0;7722.72;SPXW  261005P07945000;0.0;0.0;delta=-999.0
2026-10-04 12:06;7950.0;7722.72;SPXW  261005P07950000;226.4;227.9;delta=-0.998
2026-10-04 12:06;7960.0;7722.72;SPXW  261005P07960000;236.4;237.9;delta=-0.998
2026-10-04 12:06;7970.0;7722.72;SPXW  261005P07970000;246.4;247.9;delta=-0.998
2026-10-04 12:06;7975.0;7722.72;SPXW  261005P07975000;251.4;252.9;delta=-0.999
2026-10-04 12:06;7980.0;7722.72;SPXW  261005P07980000;256.4;257.9;delta=-0.998
2026-10-04 12:10;7475.0;7722.72;SPXW  261005C07475000;247.3;248.8;delta=0.994
2026-10-04 12:10;7480.0;7722.72;SPXW  261005C07480000;231.3;254.9;delta=0.993
2026-10-04 12:10;7485.0;7722.72;SPXW  261005C07485000;237.4;238.8;delta=0.993
2026-10-04 12:10;7490.0;7722.72;SPXW  261005C07490000;232.3;233.8;delta=0.993
2026-10-04 12:10;7495.0;7722.72;SPXW  261005C07495000;227.4;228.8;delta=0.993
2026-10-04 12:10;7500.0;7722.72;SPXW  261005C07500000;222.4;223.8;delta=0.993
2026-10-04 12:10;7505.0;7722.72;SPXW  261005C07505000;206.3;230.2;delta=0.992
2026-10-04 12:10;7510.0;7722.72;SPXW  261005C07510000;201.3;225.2;delta=0.991
2026-10-04 12:10;7515.0;7722.72;SPXW  261005C07515000;198.3;218.1;delta=0.99
2026-10-04 12:10;7520.0;7722.72;SPXW  261005C07520000;193.3;213.1;delta=0.991
2026-10-04 12:10;7525.0;7722.72;SPXW  261005C07525000;188.3;208.1;delta=0.991
2026-10-04 12:10;7530.0;7722.72;SPXW  261005C07530000;183.3;203.0;delta=0.99
2026-10-04 12:10;7535.0;7722.72;SPXW  261005C07535000;178.4;189.0;delta=0.989
2026-10-04 12:10;7540.0;7722.72;SPXW  261005C07540000;182.2;184.1;delta=0.988
2026-10-04 12:10;7545.0;7722.72;SPXW  261005C07545000;177.3;179.1;delta=0.988
2026-10-04 12:10;7550.0;7722.72;SPXW  261005C07550000;168.1;174.1;delta=0.987
2026-10-04 12:10;7555.0;7722.72;SPXW  261005C07555000;167.3;169.1;delta=0.986
2026-10-04 12:10;7560.0;7722.72;SPXW  261005C07560000;162.3;164.1;delta=0.985
2026-10-04 12:10;7565.0;7722.72;SPXW  261005C07565000;148.5;159.1;delta=0.984
2026-10-04 12:10;7570.0;7722.72;SPXW  261005C07570000;148.2;154.2;delta=0.982
2026-10-04 12:10;7575.0;7722.72;SPXW  261005C07575000;147.4;149.2;delta=0.981
2026-10-04 12:10;7580.0;7722.72;SPXW  261005C07580000;138.4;144.3;delta=0.979
2026-10-04 12:10;7585.0;7722.72;SPXW  261005C07585000;137.5;139.3;delta=0.977
2026-10-04 12:10;7590.0;7722.72;SPXW  261005C07590000;128.5;134.4;delta=0.974
2026-10-04 12:10;7595.0;7722.72;SPXW  261005C07595000;127.8;129.2;delta=0.972
2026-10-04 12:10;7600.0;7722.72;SPXW  261005C07600000;122.9;124.3;delta=0.969
2026-10-04 12:10;7605.0;7722.72;SPXW  261005C07605000;118.0;119.4;delta=0.966
2026-10-04 12:10;7610.0;7722.72;SPXW  261005C07610000;113.1;114.5;delta=0.961
2026-10-04 12:10;7615.0;7722.72;SPXW  261005C07615000;108.2;109.7;delta=0.956
2026-10-04 12:10;7620.0;7722.72;SPXW  261005C07620000;103.4;104.8;delta=0.95
2026-10-04 12:10;7625.0;7722.72;SPXW  261005C07625000;98.6;100.0;delta=0.943
2026-10-04 12:10;7630.0;7722.72;SPXW  261005C07630000;93.8;95.2;delta=0.936
2026-10-04 12:10;7635.0;7722.72;SPXW  261005C07635000;89.0;90.5;delta=0.927
2026-10-04 12:10;7640.0;7722.72;SPXW  261005C07640000;84.3;85.7;delta=0.917
2026-10-04 12:10;7645.0;7722.72;SPXW  261005C07645000;79.7;81.1;delta=0.906
2026-10-04 12:10;7650.0;7722.72;SPXW  261005C07650000;75.1;76.4;delta=0.893
2026-10-04 12:10;7655.0;7722.72;SPXW  261005C07655000;70.5;71.9;delta=0.879
2026-10-04 12:10;7660.0;7722.72;SPXW  261005C07660000;66.0;67.4;delta=0.863
2026-10-04 12:10;7665.0;7722.72;SPXW  261005C07665000;61.6;63.0;delta=0.846
2026-10-04 12:10;7670.0;7722.72;SPXW  261005C07670000;57.4;58.4;delta=0.825
2026-10-04 12:10;7675.0;7722.72;SPXW  261005C07675000;53.1;54.2;delta=0.803
2026-10-04 12:10;7680.0;7722.72;SPXW  261005C07680000;49.0;50.0;delta=0.779
2026-10-04 12:10;7685.0;7722.72;SPXW  261005C07685000;45.0;46.0;delta=0.753
2026-10-04 12:10;7690.0;7722.72;SPXW  261005C07690000;41.1;42.1;delta=0.724
2026-10-04 12:10;7695.0;7722.72;SPXW  261005C07695000;37.6;38.0;delta=0.693
2026-10-04 12:10;7700.0;7722.72;SPXW  261005C07700000;34.0;34.4;delta=0.659
2026-10-04 12:10;7705.0;7722.72;SPXW  261005C07705000;30.5;30.9;delta=0.623
2026-10-04 12:10;7710.0;7722.72;SPXW  261005C07710000;27.3;27.7;delta=0.585
2026-10-04 12:10;7715.0;7722.72;SPXW  261005C07715000;24.1;24.4;delta=0.546
2026-10-04 12:10;7720.0;7722.72;SPXW  261005C07720000;21.2;21.6;delta=0.504
2026-10-04 12:10;7725.0;7722.72;SPXW  261005C07725000;18.5;18.9;delta=0.466
2026-10-04 12:10;7730.0;7722.72;SPXW  261005C07730000;16.0;16.4;delta=0.427
2026-10-04 12:10;7735.0;7722.72;SPXW  261005C07735000;13.6;14.0;delta=0.388
2026-10-04 12:10;7740.0;7722.72;SPXW  261005C07740000;11.5;11.9;delta=0.349
2026-10-04 12:10;7745.0;7722.72;SPXW  261005C07745000;9.7;10.0;delta=0.311
2026-10-04 12:10;7750.0;7722.72;SPXW  261005C07750000;8.0;8.3;delta=0.273
2026-10-04 12:10;7755.0;7722.72;SPXW  261005C07755000;6.5;6.8;delta=0.237
2026-10-04 12:10;7760.0;7722.72;SPXW  261005C07760000;5.3;5.6;delta=0.204
2026-10-04 12:10;7765.0;7722.72;SPXW  261005C07765000;4.3;4.5;delta=0.174
2026-10-04 12:10;7770.0;7722.72;SPXW  261005C07770000;3.3;3.6;delta=0.145
2026-10-04 12:10;7775.0;7722.72;SPXW  261005C07775000;2.6;2.8;delta=0.119
2026-10-04 12:10;7780.0;7722.72;SPXW  261005C07780000;2.05;2.25;delta=0.099
2026-10-04 12:10;7785.0;7722.72;SPXW  261005C07785000;1.6;1.7;delta=0.08
2026-10-04 12:10;7790.0;7722.72;SPXW  261005C07790000;1.25;1.4;delta=0.066
2026-10-04 12:10;7795.0;7722.72;SPXW  261005C07795000;0.95;1.1;delta=0.053
2026-10-04 12:10;7800.0;7722.72;SPXW  261005C07800000;0.75;0.8;delta=0.042
2026-10-04 12:10;7805.0;7722.72;SPXW  261005C07805000;0.6;0.7;delta=0.035
2026-10-04 12:10;7810.0;7722.72;SPXW  261005C07810000;0.45;0.6;delta=0.029
2026-10-04 12:10;7815.0;7722.72;SPXW  261005C07815000;0.35;0.45;delta=0.023
2026-10-04 12:10;7820.0;7722.72;SPXW  261005C07820000;0.3;0.4;delta=0.02
2026-10-04 12:10;7825.0;7722.72;SPXW  261005C07825000;0.25;0.35;delta=0.017
2026-10-04 12:10;7830.0;7722.72;SPXW  261005C07830000;0.2;0.3;delta=0.014
2026-10-04 12:10;7835.0;7722.72;SPXW  261005C07835000;0.15;0.25;delta=0.012
2026-10-04 12:10;7840.0;7722.72;SPXW  261005C07840000;0.1;0.25;delta=0.01
2026-10-04 12:10;7845.0;7722.72;SPXW  261005C07845000;0.1;0.15;delta=0.007
2026-10-04 12:10;7850.0;7722.72;SPXW  261005C07850000;0.1;0.2;delta=0.008
2026-10-04 12:10;7855.0;7722.72;SPXW  261005C07855000;0.05;0.15;delta=0.006
2026-10-04 12:10;7860.0;7722.72;SPXW  261005C07860000;0.05;0.1;delta=0.005
2026-10-04 12:10;7865.0;7722.72;SPXW  261005C07865000;0.05;0.15;delta=0.006
2026-10-04 12:10;7870.0;7722.72;SPXW  261005C07870000;0.05;0.1;delta=0.004
2026-10-04 12:10;7875.0;7722.72;SPXW  261005C07875000;0.05;0.15;delta=0.005
2026-10-04 12:10;7880.0;7722.72;SPXW  261005C07880000;0.05;0.15;delta=0.005
2026-10-04 12:10;7885.0;7722.72;SPXW  261005C07885000;0.05;0.15;delta=0.005
2026-10-04 12:10;7890.0;7722.72;SPXW  261005C07890000;0.05;0.15;delta=0.005
2026-10-04 12:10;7895.0;7722.72;SPXW  261005C07895000;0.05;0.15;delta=0.004
2026-10-04 12:10;7900.0;7722.72;SPXW  261005C07900000;0.05;0.1;delta=0.003
2026-10-04 12:10;7905.0;7722.72;SPXW  261005C07905000;0.05;0.1;delta=0.003
2026-10-04 12:10;7910.0;7722.72;SPXW  261005C07910000;0.05;0.1;delta=0.003
2026-10-04 12:10;7915.0;7722.72;SPXW  261005C07915000;0.05;0.1;delta=0.002
2026-10-04 12:10;7920.0;7722.72;SPXW  261005C07920000;0.05;0.1;delta=0.002
2026-10-04 12:10;7925.0;7722.72;SPXW  261005C07925000;0.05;0.1;delta=0.003
2026-10-04 12:10;7930.0;7722.72;SPXW  261005C07930000;0.05;0.1;delta=0.002
2026-10-04 12:10;7935.0;7722.72;SPXW  261005C07935000;0.0;0.0;delta=-999.0
2026-10-04 12:10;7940.0;7722.72;SPXW  261005C07940000;0.05;0.2;delta=0.002
2026-10-04 12:10;7945.0;7722.72;SPXW  261005C07945000;0.0;0.0;delta=-999.0
2026-10-04 12:10;7950.0;7722.72;SPXW  261005C07950000;0.05;0.15;delta=0.002
2026-10-04 12:10;7960.0;7722.72;SPXW  261005C07960000;0.05;0.1;delta=0.002
2026-10-04 12:10;7970.0;7722.72;SPXW  261005C07970000;0.05;0.1;delta=0.002
2026-10-04 12:10;7975.0;7722.72;SPXW  261005C07975000;0.05;0.1;delta=0.001
2026-10-04 12:10;7980.0;7722.72;SPXW  261005C07980000;0.05;0.15;delta=0.002
2026-10-04 12:10;7475.0;7722.72;SPXW  261005P07475000;0.15;0.25;delta=-0.006
2026-10-04 12:10;7480.0;7722.72;SPXW  261005P07480000;0.15;0.25;delta=-0.006
2026-10-04 12:10;7485.0;7722.72;SPXW  261005P07485000;0.15;0.25;delta=-0.006
2026-10-04 12:10;7490.0;7722.72;SPXW  261005P07490000;0.15;0.25;delta=-0.007
2026-10-04 12:10;7495.0;7722.72;SPXW  261005P07495000;0.15;0.25;delta=-0.007
2026-10-04 12:10;7500.0;7722.72;SPXW  261005P07500000;0.15;0.25;delta=-0.007
2026-10-04 12:10;7505.0;7722.72;SPXW  261005P07505000;0.15;0.3;delta=-0.008
2026-10-04 12:10;7510.0;7722.72;SPXW  261005P07510000;0.2;0.3;delta=-0.008
2026-10-04 12:10;7515.0;7722.72;SPXW  261005P07515000;0.25;0.3;delta=-0.009
2026-10-04 12:10;7520.0;7722.72;SPXW  261005P07520000;0.2;0.3;delta=-0.009
2026-10-04 12:10;7525.0;7722.72;SPXW  261005P07525000;0.2;0.3;delta=-0.009
2026-10-04 12:10;7530.0;7722.72;SPXW  261005P07530000;0.2;0.35;delta=-0.01
2026-10-04 12:10;7535.0;7722.72;SPXW  261005P07535000;0.25;0.35;delta=-0.011
2026-10-04 12:10;7540.0;7722.72;SPXW  261005P07540000;0.3;0.35;delta=-0.012
2026-10-04 12:10;7545.0;7722.72;SPXW  261005P07545000;0.25;0.4;delta=-0.012
2026-10-04 12:10;7550.0;7722.72;SPXW  261005P07550000;0.25;0.4;delta=-0.012
2026-10-04 12:10;7555.0;7722.72;SPXW  261005P07555000;0.3;0.4;delta=-0.013
2026-10-04 12:10;7560.0;7722.72;SPXW  261005P07560000;0.3;0.45;delta=-0.014
2026-10-04 12:10;7565.0;7722.72;SPXW  261005P07565000;0.4;0.45;delta=-0.016
2026-10-04 12:10;7570.0;7722.72;SPXW  261005P07570000;0.4;0.5;delta=-0.017
2026-10-04 12:10;7575.0;7722.72;SPXW  261005P07575000;0.4;0.55;delta=-0.018
2026-10-04 12:10;7580.0;7722.72;SPXW  261005P07580000;0.45;0.6;delta=-0.02
2026-10-04 12:10;7585.0;7722.72;SPXW  261005P07585000;0.5;0.65;delta=-0.023
2026-10-04 12:10;7590.0;7722.72;SPXW  261005P07590000;0.6;0.7;delta=-0.025
2026-10-04 12:10;7595.0;7722.72;SPXW  261005P07595000;0.65;0.75;delta=-0.028
2026-10-04 12:10;7600.0;7722.72;SPXW  261005P07600000;0.7;0.85;delta=-0.031
2026-10-04 12:10;7605.0;7722.72;SPXW  261005P07605000;0.8;0.9;delta=-0.034
2026-10-04 12:10;7610.0;7722.72;SPXW  261005P07610000;0.9;1.05;delta=-0.038
2026-10-04 12:10;7615.0;7722.72;SPXW  261005P07615000;1.05;1.2;delta=-0.044
2026-10-04 12:10;7620.0;7722.72;SPXW  261005P07620000;1.2;1.35;delta=-0.05
2026-10-04 12:10;7625.0;7722.72;SPXW  261005P07625000;1.4;1.55;delta=-0.057
2026-10-04 12:10;7630.0;7722.72;SPXW  261005P07630000;1.6;1.75;delta=-0.064
2026-10-04 12:10;7635.0;7722.72;SPXW  261005P07635000;1.8;2.0;delta=-0.072
2026-10-04 12:10;7640.0;7722.72;SPXW  261005P07640000;2.15;2.25;delta=-0.082
2026-10-04 12:10;7645.0;7722.72;SPXW  261005P07645000;2.45;2.6;delta=-0.094
2026-10-04 12:10;7650.0;7722.72;SPXW  261005P07650000;2.9;3.0;delta=-0.107
2026-10-04 12:10;7655.0;7722.72;SPXW  261005P07655000;3.2;3.5;delta=-0.121
2026-10-04 12:10;7660.0;7722.72;SPXW  261005P07660000;3.7;4.0;delta=-0.136
2026-10-04 12:10;7665.0;7722.72;SPXW  261005P07665000;4.3;4.5;delta=-0.154
2026-10-04 12:10;7670.0;7722.72;SPXW  261005P07670000;5.0;5.2;delta=-0.174
2026-10-04 12:10;7675.0;7722.72;SPXW  261005P07675000;5.7;6.0;delta=-0.196
2026-10-04 12:10;7680.0;7722.72;SPXW  261005P07680000;6.6;6.9;delta=-0.221
2026-10-04 12:10;7685.0;7722.72;SPXW  261005P07685000;7.5;7.8;delta=-0.247
2026-10-04 12:10;7690.0;7722.72;SPXW  261005P07690000;8.7;8.9;delta=-0.276
2026-10-04 12:10;7695.0;7722.72;SPXW  261005P07695000;9.9;10.1;delta=-0.307
2026-10-04 12:10;7700.0;7722.72;SPXW  261005P07700000;11.2;11.5;delta=-0.34
2026-10-04 12:10;7705.0;7722.72;SPXW  261005P07705000;12.8;13.1;delta=-0.376
2026-10-04 12:10;7710.0;7722.72;SPXW  261005P07710000;14.5;14.8;delta=-0.414
2026-10-04 12:10;7715.0;7722.72;SPXW  261005P07715000;16.3;16.7;delta=-0.454
2026-10-04 12:10;7720.0;7722.72;SPXW  261005P07720000;18.4;18.8;delta=-0.496
2026-10-04 12:10;7725.0;7722.72;SPXW  261005P07725000;20.7;21.1;delta=-0.534
2026-10-04 12:10;7730.0;7722.72;SPXW  261005P07730000;23.1;23.6;delta=-0.572
2026-10-04 12:10;7735.0;7722.72;SPXW  261005P07735000;25.8;26.2;delta=-0.612
2026-10-04 12:10;7740.0;7722.72;SPXW  261005P07740000;28.7;29.1;delta=-0.651
2026-10-04 12:10;7745.0;7722.72;SPXW  261005P07745000;31.8;32.2;delta=-0.689
2026-10-04 12:10;7750.0;7722.72;SPXW  261005P07750000;34.9;35.9;delta=-0.727
2026-10-04 12:10;7755.0;7722.72;SPXW  261005P07755000;38.4;39.4;delta=-0.763
2026-10-04 12:10;7760.0;7722.72;SPXW  261005P07760000;42.1;43.1;delta=-0.796
2026-10-04 12:10;7765.0;7722.72;SPXW  261005P07765000;46.0;47.1;delta=-0.826
2026-10-04 12:10;7770.0;7722.72;SPXW  261005P07770000;49.9;51.3;delta=-0.855
2026-10-04 12:10;7775.0;7722.72;SPXW  261005P07775000;54.2;55.6;delta=-0.88
2026-10-04 12:10;7780.0;7722.72;SPXW  261005P07780000;58.6;60.0;delta=-0.901
2026-10-04 12:10;7785.0;7722.72;SPXW  261005P07785000;63.1;64.5;delta=-0.92
2026-10-04 12:10;7790.0;7722.72;SPXW  261005P07790000;67.7;69.2;delta=-0.934
2026-10-04 12:10;7795.0;7722.72;SPXW  261005P07795000;72.5;73.9;delta=-0.947
2026-10-04 12:10;7800.0;7722.72;SPXW  261005P07800000;77.2;78.7;delta=-0.958
2026-10-04 12:10;7805.0;7722.72;SPXW  261005P07805000;82.1;83.5;delta=-0.964
2026-10-04 12:10;7810.0;7722.72;SPXW  261005P07810000;87.0;88.4;delta=-0.971
2026-10-04 12:10;7815.0;7722.72;SPXW  261005P07815000;91.7;93.4;delta=-0.977
2026-10-04 12:10;7820.0;7722.72;SPXW  261005P07820000;96.6;98.4;delta=-0.98
2026-10-04 12:10;7825.0;7722.72;SPXW  261005P07825000;101.5;105.8;delta=-0.983
2026-10-04 12:10;7830.0;7722.72;SPXW  261005P07830000;106.5;108.3;delta=-0.985
2026-10-04 12:10;7835.0;7722.72;SPXW  261005P07835000;111.4;115.8;delta=-0.988
2026-10-04 12:10;7840.0;7722.72;SPXW  261005P07840000;116.4;120.7;delta=-0.99
2026-10-04 12:10;7845.0;7722.72;SPXW  261005P07845000;121.4;125.3;delta=-0.992
2026-10-04 12:10;7850.0;7722.72;SPXW  261005P07850000;126.5;127.9;delta=-0.991
2026-10-04 12:10;7855.0;7722.72;SPXW  261005P07855000;131.5;132.9;delta=-0.994
2026-10-04 12:10;7860.0;7722.72;SPXW  261005P07860000;136.5;137.9;delta=-0.995
2026-10-04 12:10;7865.0;7722.72;SPXW  261005P07865000;141.5;142.9;delta=-0.994
2026-10-04 12:10;7870.0;7722.72;SPXW  261005P07870000;146.5;147.9;delta=-0.995
2026-10-04 12:10;7875.0;7722.72;SPXW  261005P07875000;151.5;153.0;delta=-0.994
2026-10-04 12:10;7880.0;7722.72;SPXW  261005P07880000;156.5;157.9;delta=-0.995
2026-10-04 12:10;7885.0;7722.72;SPXW  261005P07885000;161.5;163.0;delta=-0.995
2026-10-04 12:10;7890.0;7722.72;SPXW  261005P07890000;146.8;190.2;delta=-0.995
2026-10-04 12:10;7895.0;7722.72;SPXW  261005P07895000;171.5;173.0;delta=-0.996
2026-10-04 12:10;7900.0;7722.72;SPXW  261005P07900000;176.5;178.0;delta=-0.997
2026-10-04 12:10;7905.0;7722.72;SPXW  261005P07905000;181.4;183.0;delta=-0.997
2026-10-04 12:10;7910.0;7722.72;SPXW  261005P07910000;186.4;187.9;delta=-0.997
2026-10-04 12:10;7915.0;7722.72;SPXW  261005P07915000;191.4;192.9;delta=-0.997
2026-10-04 12:10;7920.0;7722.72;SPXW  261005P07920000;196.4;197.9;delta=-0.997
2026-10-04 12:10;7925.0;7722.72;SPXW  261005P07925000;201.4;202.9;delta=-0.996
2026-10-04 12:10;7930.0;7722.72;SPXW  261005P07930000;186.3;230.2;delta=-0.997
2026-10-04 12:10;7935.0;7722.72;SPXW  261005P07935000;0.0;0.0;delta=-999.0
2026-10-04 12:10;7940.0;7722.72;SPXW  261005P07940000;216.4;217.9;delta=-0.997
2026-10-04 12:10;7945.0;7722.72;SPXW  261005P07945000;0.0;0.0;delta=-999.0
2026-10-04 12:10;7950.0;7722.72;SPXW  261005P07950000;226.4;227.9;delta=-0.998
2026-10-04 12:10;7960.0;7722.72;SPXW  261005P07960000;236.4;237.9;delta=-0.998
2026-10-04 12:10;7970.0;7722.72;SPXW  261005P07970000;246.4;247.9;delta=-0.998
2026-10-04 12:10;7975.0;7722.72;SPXW  261005P07975000;251.4;252.9;delta=-0.999
2026-10-04 12:10;7980.0;7722.72;SPXW  261005P07980000;256.4;257.9;delta=-0.998
2026-10-04 12:14;7475.0;7722.72;SPXW  261005C07475000;247.3;248.8;delta=0.994
2026-10-04 12:14;7480.0;7722.72;SPXW  261005C07480000;231.3;254.9;delta=0.993
2026-10-04 12:14;7485.0;7722.72;SPXW  261005C07485000;237.4;238.8;delta=0.993
2026-10-04 12:14;7490.0;7722.72;SPXW  261005C07490000;232.3;233.8;delta=0.993
2026-10-04 12:14;7495.0;7722.72;SPXW  261005C07495000;227.4;228.8;delta=0.993
2026-10-04 12:14;7500.0;7722.72;SPXW  261005C07500000;222.4;223.8;delta=0.993
2026-10-04 12:14;7505.0;7722.72;SPXW  261005C07505000;206.3;230.2;delta=0.992
2026-10-04 12:14;7510.0;7722.72;SPXW  261005C07510000;201.3;225.2;delta=0.991
2026-10-04 12:14;7515.0;7722.72;SPXW  261005C07515000;198.3;218.1;delta=0.99
2026-10-04 12:14;7520.0;7722.72;SPXW  261005C07520000;193.3;213.1;delta=0.991
2026-10-04 12:14;7525.0;7722.72;SPXW  261005C07525000;188.3;208.1;delta=0.991
2026-10-04 12:14;7530.0;7722.72;SPXW  261005C07530000;183.3;203.0;delta=0.99
2026-10-04 12:14;7535.0;7722.72;SPXW  261005C07535000;178.4;189.0;delta=0.989
2026-10-04 12:14;7540.0;7722.72;SPXW  261005C07540000;182.2;184.1;delta=0.988
2026-10-04 12:14;7545.0;7722.72;SPXW  261005C07545000;177.3;179.1;delta=0.988
2026-10-04 12:14;7550.0;7722.72;SPXW  261005C07550000;168.1;174.1;delta=0.987
2026-10-04 12:14;7555.0;7722.72;SPXW  261005C07555000;167.3;169.1;delta=0.986
2026-10-04 12:14;7560.0;7722.72;SPXW  261005C07560000;162.3;164.1;delta=0.985
2026-10-04 12:14;7565.0;7722.72;SPXW  261005C07565000;148.5;159.1;delta=0.984
2026-10-04 12:14;7570.0;7722.72;SPXW  261005C07570000;148.2;154.2;delta=0.982
2026-10-04 12:14;7575.0;7722.72;SPXW  261005C07575000;147.4;149.2;delta=0.981
2026-10-04 12:14;7580.0;7722.72;SPXW  261005C07580000;138.4;144.3;delta=0.979
2026-10-04 12:14;7585.0;7722.72;SPXW  261005C07585000;137.5;139.3;delta=0.977
2026-10-04 12:14;7590.0;7722.72;SPXW  261005C07590000;128.5;134.4;delta=0.974
2026-10-04 12:14;7595.0;7722.72;SPXW  261005C07595000;127.8;129.2;delta=0.972
2026-10-04 12:14;7600.0;7722.72;SPXW  261005C07600000;122.9;124.3;delta=0.969
2026-10-04 12:14;7605.0;7722.72;SPXW  261005C07605000;118.0;119.4;delta=0.966
2026-10-04 12:14;7610.0;7722.72;SPXW  261005C07610000;113.1;114.5;delta=0.961
2026-10-04 12:14;7615.0;7722.72;SPXW  261005C07615000;108.2;109.7;delta=0.956
2026-10-04 12:14;7620.0;7722.72;SPXW  261005C07620000;103.4;104.8;delta=0.95
2026-10-04 12:14;7625.0;7722.72;SPXW  261005C07625000;98.6;100.0;delta=0.943
2026-10-04 12:14;7630.0;7722.72;SPXW  261005C07630000;93.8;95.2;delta=0.936
2026-10-04 12:14;7635.0;7722.72;SPXW  261005C07635000;89.0;90.5;delta=0.927
2026-10-04 12:14;7640.0;7722.72;SPXW  261005C07640000;84.3;85.7;delta=0.917
2026-10-04 12:14;7645.0;7722.72;SPXW  261005C07645000;79.7;81.1;delta=0.906
2026-10-04 12:14;7650.0;7722.72;SPXW  261005C07650000;75.1;76.4;delta=0.893
2026-10-04 12:14;7655.0;7722.72;SPXW  261005C07655000;70.5;71.9;delta=0.879
2026-10-04 12:14;7660.0;7722.72;SPXW  261005C07660000;66.0;67.4;delta=0.863
2026-10-04 12:14;7665.0;7722.72;SPXW  261005C07665000;61.6;63.0;delta=0.846
2026-10-04 12:14;7670.0;7722.72;SPXW  261005C07670000;57.4;58.4;delta=0.825
2026-10-04 12:14;7675.0;7722.72;SPXW  261005C07675000;53.1;54.2;delta=0.803
2026-10-04 12:14;7680.0;7722.72;SPXW  261005C07680000;49.0;50.0;delta=0.779
2026-10-04 12:14;7685.0;7722.72;SPXW  261005C07685000;45.0;46.0;delta=0.753
2026-10-04 12:14;7690.0;7722.72;SPXW  261005C07690000;41.1;42.1;delta=0.724
2026-10-04 12:14;7695.0;7722.72;SPXW  261005C07695000;37.6;38.0;delta=0.693
2026-10-04 12:14;7700.0;7722.72;SPXW  261005C07700000;34.0;34.4;delta=0.659
2026-10-04 12:14;7705.0;7722.72;SPXW  261005C07705000;30.5;30.9;delta=0.623
2026-10-04 12:14;7710.0;7722.72;SPXW  261005C07710000;27.3;27.7;delta=0.585
2026-10-04 12:14;7715.0;7722.72;SPXW  261005C07715000;24.1;24.4;delta=0.546
2026-10-04 12:14;7720.0;7722.72;SPXW  261005C07720000;21.2;21.6;delta=0.504
2026-10-04 12:14;7725.0;7722.72;SPXW  261005C07725000;18.5;18.9;delta=0.466
2026-10-04 12:14;7730.0;7722.72;SPXW  261005C07730000;16.0;16.4;delta=0.427
2026-10-04 12:14;7735.0;7722.72;SPXW  261005C07735000;13.6;14.0;delta=0.388
2026-10-04 12:14;7740.0;7722.72;SPXW  261005C07740000;11.5;11.9;delta=0.349
2026-10-04 12:14;7745.0;7722.72;SPXW  261005C07745000;9.7;10.0;delta=0.311
2026-10-04 12:14;7750.0;7722.72;SPXW  261005C07750000;8.0;8.3;delta=0.273
2026-10-04 12:14;7755.0;7722.72;SPXW  261005C07755000;6.5;6.8;delta=0.237
2026-10-04 12:14;7760.0;7722.72;SPXW  261005C07760000;5.3;5.6;delta=0.204
2026-10-04 12:14;7765.0;7722.72;SPXW  261005C07765000;4.3;4.5;delta=0.174
2026-10-04 12:14;7770.0;7722.72;SPXW  261005C07770000;3.3;3.6;delta=0.145
2026-10-04 12:14;7775.0;7722.72;SPXW  261005C07775000;2.6;2.8;delta=0.119
2026-10-04 12:14;7780.0;7722.72;SPXW  261005C07780000;2.05;2.25;delta=0.099
2026-10-04 12:14;7785.0;7722.72;SPXW  261005C07785000;1.6;1.7;delta=0.08
2026-10-04 12:14;7790.0;7722.72;SPXW  261005C07790000;1.25;1.4;delta=0.066
2026-10-04 12:14;7795.0;7722.72;SPXW  261005C07795000;0.95;1.1;delta=0.053
2026-10-04 12:14;7800.0;7722.72;SPXW  261005C07800000;0.75;0.8;delta=0.042
2026-10-04 12:14;7805.0;7722.72;SPXW  261005C07805000;0.6;0.7;delta=0.035
2026-10-04 12:14;7810.0;7722.72;SPXW  261005C07810000;0.45;0.6;delta=0.029
2026-10-04 12:14;7815.0;7722.72;SPXW  261005C07815000;0.35;0.45;delta=0.023
2026-10-04 12:14;7820.0;7722.72;SPXW  261005C07820000;0.3;0.4;delta=0.02
2026-10-04 12:14;7825.0;7722.72;SPXW  261005C07825000;0.25;0.35;delta=0.017
2026-10-04 12:14;7830.0;7722.72;SPXW  261005C07830000;0.2;0.3;delta=0.014
2026-10-04 12:14;7835.0;7722.72;SPXW  261005C07835000;0.15;0.25;delta=0.012
2026-10-04 12:14;7840.0;7722.72;SPXW  261005C07840000;0.1;0.25;delta=0.01
2026-10-04 12:14;7845.0;7722.72;SPXW  261005C07845000;0.1;0.15;delta=0.007
2026-10-04 12:14;7850.0;7722.72;SPXW  261005C07850000;0.1;0.2;delta=0.008
2026-10-04 12:14;7855.0;7722.72;SPXW  261005C07855000;0.05;0.15;delta=0.006
2026-10-04 12:14;7860.0;7722.72;SPXW  261005C07860000;0.05;0.1;delta=0.005
2026-10-04 12:14;7865.0;7722.72;SPXW  261005C07865000;0.05;0.15;delta=0.006
2026-10-04 12:14;7870.0;7722.72;SPXW  261005C07870000;0.05;0.1;delta=0.004
2026-10-04 12:14;7875.0;7722.72;SPXW  261005C07875000;0.05;0.15;delta=0.005
2026-10-04 12:14;7880.0;7722.72;SPXW  261005C07880000;0.05;0.15;delta=0.005
2026-10-04 12:14;7885.0;7722.72;SPXW  261005C07885000;0.05;0.15;delta=0.005
2026-10-04 12:14;7890.0;7722.72;SPXW  261005C07890000;0.05;0.15;delta=0.005
2026-10-04 12:14;7895.0;7722.72;SPXW  261005C07895000;0.05;0.15;delta=0.004
2026-10-04 12:14;7900.0;7722.72;SPXW  261005C07900000;0.05;0.1;delta=0.003
2026-10-04 12:14;7905.0;7722.72;SPXW  261005C07905000;0.05;0.1;delta=0.003
2026-10-04 12:14;7910.0;7722.72;SPXW  261005C07910000;0.05;0.1;delta=0.003
2026-10-04 12:14;7915.0;7722.72;SPXW  261005C07915000;0.05;0.1;delta=0.002
2026-10-04 12:14;7920.0;7722.72;SPXW  261005C07920000;0.05;0.1;delta=0.002
2026-10-04 12:14;7925.0;7722.72;SPXW  261005C07925000;0.05;0.1;delta=0.003
2026-10-04 12:14;7930.0;7722.72;SPXW  261005C07930000;0.05;0.1;delta=0.002
2026-10-04 12:14;7935.0;7722.72;SPXW  261005C07935000;0.0;0.0;delta=-999.0
2026-10-04 12:14;7940.0;7722.72;SPXW  261005C07940000;0.05;0.2;delta=0.002
2026-10-04 12:14;7945.0;7722.72;SPXW  261005C07945000;0.0;0.0;delta=-999.0
2026-10-04 12:14;7950.0;7722.72;SPXW  261005C07950000;0.05;0.15;delta=0.002
2026-10-04 12:14;7960.0;7722.72;SPXW  261005C07960000;0.05;0.1;delta=0.002
2026-10-04 12:14;7970.0;7722.72;SPXW  261005C07970000;0.05;0.1;delta=0.002
2026-10-04 12:14;7975.0;7722.72;SPXW  261005C07975000;0.05;0.1;delta=0.001
2026-10-04 12:14;7980.0;7722.72;SPXW  261005C07980000;0.05;0.15;delta=0.002
2026-10-04 12:14;7475.0;7722.72;SPXW  261005P07475000;0.15;0.25;delta=-0.006
2026-10-04 12:14;7480.0;7722.72;SPXW  261005P07480000;0.15;0.25;delta=-0.006
2026-10-04 12:14;7485.0;7722.72;SPXW  261005P07485000;0.15;0.25;delta=-0.006
2026-10-04 12:14;7490.0;7722.72;SPXW  261005P07490000;0.15;0.25;delta=-0.007
2026-10-04 12:14;7495.0;7722.72;SPXW  261005P07495000;0.15;0.25;delta=-0.007
2026-10-04 12:14;7500.0;7722.72;SPXW  261005P07500000;0.15;0.25;delta=-0.007
2026-10-04 12:14;7505.0;7722.72;SPXW  261005P07505000;0.15;0.3;delta=-0.008
2026-10-04 12:14;7510.0;7722.72;SPXW  261005P07510000;0.2;0.3;delta=-0.008
2026-10-04 12:14;7515.0;7722.72;SPXW  261005P07515000;0.25;0.3;delta=-0.009
2026-10-04 12:14;7520.0;7722.72;SPXW  261005P07520000;0.2;0.3;delta=-0.009
2026-10-04 12:14;7525.0;7722.72;SPXW  261005P07525000;0.2;0.3;delta=-0.009
2026-10-04 12:14;7530.0;7722.72;SPXW  261005P07530000;0.2;0.35;delta=-0.01
2026-10-04 12:14;7535.0;7722.72;SPXW  261005P07535000;0.25;0.35;delta=-0.011
2026-10-04 12:14;7540.0;7722.72;SPXW  261005P07540000;0.3;0.35;delta=-0.012
2026-10-04 12:14;7545.0;7722.72;SPXW  261005P07545000;0.25;0.4;delta=-0.012
2026-10-04 12:14;7550.0;7722.72;SPXW  261005P07550000;0.25;0.4;delta=-0.012
2026-10-04 12:14;7555.0;7722.72;SPXW  261005P07555000;0.3;0.4;delta=-0.013
2026-10-04 12:14;7560.0;7722.72;SPXW  261005P07560000;0.3;0.45;delta=-0.014
2026-10-04 12:14;7565.0;7722.72;SPXW  261005P07565000;0.4;0.45;delta=-0.016
2026-10-04 12:14;7570.0;7722.72;SPXW  261005P07570000;0.4;0.5;delta=-0.017
2026-10-04 12:14;7575.0;7722.72;SPXW  261005P07575000;0.4;0.55;delta=-0.018
2026-10-04 12:14;7580.0;7722.72;SPXW  261005P07580000;0.45;0.6;delta=-0.02
2026-10-04 12:14;7585.0;7722.72;SPXW  261005P07585000;0.5;0.65;delta=-0.023
2026-10-04 12:14;7590.0;7722.72;SPXW  261005P07590000;0.6;0.7;delta=-0.025
2026-10-04 12:14;7595.0;7722.72;SPXW  261005P07595000;0.65;0.75;delta=-0.028
2026-10-04 12:14;7600.0;7722.72;SPXW  261005P07600000;0.7;0.85;delta=-0.031
2026-10-04 12:14;7605.0;7722.72;SPXW  261005P07605000;0.8;0.9;delta=-0.034
2026-10-04 12:14;7610.0;7722.72;SPXW  261005P07610000;0.9;1.05;delta=-0.038
2026-10-04 12:14;7615.0;7722.72;SPXW  261005P07615000;1.05;1.2;delta=-0.044
2026-10-04 12:14;7620.0;7722.72;SPXW  261005P07620000;1.2;1.35;delta=-0.05
2026-10-04 12:14;7625.0;7722.72;SPXW  261005P07625000;1.4;1.55;delta=-0.057
2026-10-04 12:14;7630.0;7722.72;SPXW  261005P07630000;1.6;1.75;delta=-0.064
2026-10-04 12:14;7635.0;7722.72;SPXW  261005P07635000;1.8;2.0;delta=-0.072
2026-10-04 12:14;7640.0;7722.72;SPXW  261005P07640000;2.15;2.25;delta=-0.082
2026-10-04 12:14;7645.0;7722.72;SPXW  261005P07645000;2.45;2.6;delta=-0.094
2026-10-04 12:14;7650.0;7722.72;SPXW  261005P07650000;2.9;3.0;delta=-0.107
2026-10-04 12:14;7655.0;7722.72;SPXW  261005P07655000;3.2;3.5;delta=-0.121
2026-10-04 12:14;7660.0;7722.72;SPXW  261005P07660000;3.7;4.0;delta=-0.136
2026-10-04 12:14;7665.0;7722.72;SPXW  261005P07665000;4.3;4.5;delta=-0.154
2026-10-04 12:14;7670.0;7722.72;SPXW  261005P07670000;5.0;5.2;delta=-0.174
2026-10-04 12:14;7675.0;7722.72;SPXW  261005P07675000;5.7;6.0;delta=-0.196
2026-10-04 12:14;7680.0;7722.72;SPXW  261005P07680000;6.6;6.9;delta=-0.221
2026-10-04 12:14;7685.0;7722.72;SPXW  261005P07685000;7.5;7.8;delta=-0.247
2026-10-04 12:14;7690.0;7722.72;SPXW  261005P07690000;8.7;8.9;delta=-0.276
2026-10-04 12:14;7695.0;7722.72;SPXW  261005P07695000;9.9;10.1;delta=-0.307
2026-10-04 12:14;7700.0;7722.72;SPXW  261005P07700000;11.2;11.5;delta=-0.34
2026-10-04 12:14;7705.0;7722.72;SPXW  261005P07705000;12.8;13.1;delta=-0.376
2026-10-04 12:14;7710.0;7722.72;SPXW  261005P07710000;14.5;14.8;delta=-0.414
2026-10-04 12:14;7715.0;7722.72;SPXW  261005P07715000;16.3;16.7;delta=-0.454
2026-10-04 12:14;7720.0;7722.72;SPXW  261005P07720000;18.4;18.8;delta=-0.496
2026-10-04 12:14;7725.0;7722.72;SPXW  261005P07725000;20.7;21.1;delta=-0.534
2026-10-04 12:14;7730.0;7722.72;SPXW  261005P07730000;23.1;23.6;delta=-0.572
2026-10-04 12:14;7735.0;7722.72;SPXW  261005P07735000;25.8;26.2;delta=-0.612
2026-10-04 12:14;7740.0;7722.72;SPXW  261005P07740000;28.7;29.1;delta=-0.651
2026-10-04 12:14;7745.0;7722.72;SPXW  261005P07745000;31.8;32.2;delta=-0.689
2026-10-04 12:14;7750.0;7722.72;SPXW  261005P07750000;34.9;35.9;delta=-0.727
2026-10-04 12:14;7755.0;7722.72;SPXW  261005P07755000;38.4;39.4;delta=-0.763
2026-10-04 12:14;7760.0;7722.72;SPXW  261005P07760000;42.1;43.1;delta=-0.796
2026-10-04 12:14;7765.0;7722.72;SPXW  261005P07765000;46.0;47.1;delta=-0.826
2026-10-04 12:14;7770.0;7722.72;SPXW  261005P07770000;49.9;51.3;delta=-0.855
2026-10-04 12:14;7775.0;7722.72;SPXW  261005P07775000;54.2;55.6;delta=-0.88
2026-10-04 12:14;7780.0;7722.72;SPXW  261005P07780000;58.6;60.0;delta=-0.901
2026-10-04 12:14;7785.0;7722.72;SPXW  261005P07785000;63.1;64.5;delta=-0.92
2026-10-04 12:14;7790.0;7722.72;SPXW  261005P07790000;67.7;69.2;delta=-0.934
2026-10-04 12:14;7795.0;7722.72;SPXW  261005P07795000;72.5;73.9;delta=-0.947
2026-10-04 12:14;7800.0;7722.72;SPXW  261005P07800000;77.2;78.7;delta=-0.958
2026-10-04 12:14;7805.0;7722.72;SPXW  261005P07805000;82.1;83.5;delta=-0.964
2026-10-04 12:14;7810.0;7722.72;SPXW  261005P07810000;87.0;88.4;delta=-0.971
2026-10-04 12:14;7815.0;7722.72;SPXW  261005P07815000;91.7;93.4;delta=-0.977
2026-10-04 12:14;7820.0;7722.72;SPXW  261005P07820000;96.6;98.4;delta=-0.98
2026-10-04 12:14;7825.0;7722.72;SPXW  261005P07825000;101.5;105.8;delta=-0.983
2026-10-04 12:14;7830.0;7722.72;SPXW  261005P07830000;106.5;108.3;delta=-0.985
2026-10-04 12:14;7835.0;7722.72;SPXW  261005P07835000;111.4;115.8;delta=-0.988
2026-10-04 12:14;7840.0;7722.72;SPXW  261005P07840000;116.4;120.7;delta=-0.99
2026-10-04 12:14;7845.0;7722.72;SPXW  261005P07845000;121.4;125.3;delta=-0.992
2026-10-04 12:14;7850.0;7722.72;SPXW  261005P07850000;126.5;127.9;delta=-0.991
2026-10-04 12:14;7855.0;7722.72;SPXW  261005P07855000;131.5;132.9;delta=-0.994
2026-10-04 12:14;7860.0;7722.72;SPXW  261005P07860000;136.5;137.9;delta=-0.995
2026-10-04 12:14;7865.0;7722.72;SPXW  261005P07865000;141.5;142.9;delta=-0.994
2026-10-04 12:14;7870.0;7722.72;SPXW  261005P07870000;146.5;147.9;delta=-0.995
2026-10-04 12:14;7875.0;7722.72;SPXW  261005P07875000;151.5;153.0;delta=-0.994
2026-10-04 12:14;7880.0;7722.72;SPXW  261005P07880000;156.5;157.9;delta=-0.995
2026-10-04 12:14;7885.0;7722.72;SPXW  261005P07885000;161.5;163.0;delta=-0.995
2026-10-04 12:14;7890.0;7722.72;SPXW  261005P07890000;146.8;190.2;delta=-0.995
2026-10-04 12:14;7895.0;7722.72;SPXW  261005P07895000;171.5;173.0;delta=-0.996
2026-10-04 12:14;7900.0;7722.72;SPXW  261005P07900000;176.5;178.0;delta=-0.997
2026-10-04 12:14;7905.0;7722.72;SPXW  261005P07905000;181.4;183.0;delta=-0.997
2026-10-04 12:14;7910.0;7722.72;SPXW  261005P07910000;186.4;187.9;delta=-0.997
2026-10-04 12:14;7915.0;7722.72;SPXW  261005P07915000;191.4;192.9;delta=-0.997
2026-10-04 12:14;7920.0;7722.72;SPXW  261005P07920000;196.4;197.9;delta=-0.997
2026-10-04 12:14;7925.0;7722.72;SPXW  261005P07925000;201.4;202.9;delta=-0.996
2026-10-04 12:14;7930.0;7722.72;SPXW  261005P07930000;186.3;230.2;delta=-0.997
2026-10-04 12:14;7935.0;7722.72;SPXW  261005P07935000;0.0;0.0;delta=-999.0
2026-10-04 12:14;7940.0;7722.72;SPXW  261005P07940000;216.4;217.9;delta=-0.997
2026-10-04 12:14;7945.0;7722.72;SPXW  261005P07945000;0.0;0.0;delta=-999.0
2026-10-04 12:14;7950.0;7722.72;SPXW  261005P07950000;226.4;227.9;delta=-0.998
2026-10-04 12:14;7960.0;7722.72;SPXW  261005P07960000;236.4;237.9;delta=-0.998
2026-10-04 12:14;7970.0;7722.72;SPXW  261005P07970000;246.4;247.9;delta=-0.998
2026-10-04 12:14;7975.0;7722.72;SPXW  261005P07975000;251.4;252.9;delta=-0.999
2026-10-04 12:14;7980.0;7722.72;SPXW  261005P07980000;256.4;257.9;delta=-0.998
2026-10-04 12:19;7475.0;7722.72;SPXW  261005C07475000;247.3;248.8;delta=0.994
2026-10-04 12:19;7480.0;7722.72;SPXW  261005C07480000;231.3;254.9;delta=0.993
2026-10-04 12:19;7485.0;7722.72;SPXW  261005C07485000;237.4;238.8;delta=0.993
2026-10-04 12:19;7490.0;7722.72;SPXW  261005C07490000;232.3;233.8;delta=0.993
2026-10-04 12:19;7495.0;7722.72;SPXW  261005C07495000;227.4;228.8;delta=0.993
2026-10-04 12:19;7500.0;7722.72;SPXW  261005C07500000;222.4;223.8;delta=0.993
2026-10-04 12:19;7505.0;7722.72;SPXW  261005C07505000;206.3;230.2;delta=0.992
2026-10-04 12:19;7510.0;7722.72;SPXW  261005C07510000;201.3;225.2;delta=0.991
2026-10-04 12:19;7515.0;7722.72;SPXW  261005C07515000;198.3;218.1;delta=0.99
2026-10-04 12:19;7520.0;7722.72;SPXW  261005C07520000;193.3;213.1;delta=0.991
2026-10-04 12:19;7525.0;7722.72;SPXW  261005C07525000;188.3;208.1;delta=0.991
2026-10-04 12:19;7530.0;7722.72;SPXW  261005C07530000;183.3;203.0;delta=0.99
2026-10-04 12:19;7535.0;7722.72;SPXW  261005C07535000;178.4;189.0;delta=0.989
2026-10-04 12:19;7540.0;7722.72;SPXW  261005C07540000;182.2;184.1;delta=0.988
2026-10-04 12:19;7545.0;7722.72;SPXW  261005C07545000;177.3;179.1;delta=0.988
2026-10-04 12:19;7550.0;7722.72;SPXW  261005C07550000;168.1;174.1;delta=0.987
2026-10-04 12:19;7555.0;7722.72;SPXW  261005C07555000;167.3;169.1;delta=0.986
2026-10-04 12:19;7560.0;7722.72;SPXW  261005C07560000;162.3;164.1;delta=0.985
2026-10-04 12:19;7565.0;7722.72;SPXW  261005C07565000;148.5;159.1;delta=0.984
2026-10-04 12:19;7570.0;7722.72;SPXW  261005C07570000;148.2;154.2;delta=0.982
2026-10-04 12:19;7575.0;7722.72;SPXW  261005C07575000;147.4;149.2;delta=0.981
2026-10-04 12:19;7580.0;7722.72;SPXW  261005C07580000;138.4;144.3;delta=0.979
2026-10-04 12:19;7585.0;7722.72;SPXW  261005C07585000;137.5;139.3;delta=0.977
2026-10-04 12:19;7590.0;7722.72;SPXW  261005C07590000;128.5;134.4;delta=0.974
2026-10-04 12:19;7595.0;7722.72;SPXW  261005C07595000;127.8;129.2;delta=0.972
2026-10-04 12:19;7600.0;7722.72;SPXW  261005C07600000;122.9;124.3;delta=0.969
2026-10-04 12:19;7605.0;7722.72;SPXW  261005C07605000;118.0;119.4;delta=0.966
2026-10-04 12:19;7610.0;7722.72;SPXW  261005C07610000;113.1;114.5;delta=0.961
2026-10-04 12:19;7615.0;7722.72;SPXW  261005C07615000;108.2;109.7;delta=0.956
2026-10-04 12:19;7620.0;7722.72;SPXW  261005C07620000;103.4;104.8;delta=0.95
2026-10-04 12:19;7625.0;7722.72;SPXW  261005C07625000;98.6;100.0;delta=0.943
2026-10-04 12:19;7630.0;7722.72;SPXW  261005C07630000;93.8;95.2;delta=0.936
2026-10-04 12:19;7635.0;7722.72;SPXW  261005C07635000;89.0;90.5;delta=0.927
2026-10-04 12:19;7640.0;7722.72;SPXW  261005C07640000;84.3;85.7;delta=0.917
2026-10-04 12:19;7645.0;7722.72;SPXW  261005C07645000;79.7;81.1;delta=0.906
2026-10-04 12:19;7650.0;7722.72;SPXW  261005C07650000;75.1;76.4;delta=0.893
2026-10-04 12:19;7655.0;7722.72;SPXW  261005C07655000;70.5;71.9;delta=0.879
2026-10-04 12:19;7660.0;7722.72;SPXW  261005C07660000;66.0;67.4;delta=0.863
2026-10-04 12:19;7665.0;7722.72;SPXW  261005C07665000;61.6;63.0;delta=0.846
2026-10-04 12:19;7670.0;7722.72;SPXW  261005C07670000;57.4;58.4;delta=0.825
2026-10-04 12:19;7675.0;7722.72;SPXW  261005C07675000;53.1;54.2;delta=0.803
2026-10-04 12:19;7680.0;7722.72;SPXW  261005C07680000;49.0;50.0;delta=0.779
2026-10-04 12:19;7685.0;7722.72;SPXW  261005C07685000;45.0;46.0;delta=0.753
2026-10-04 12:19;7690.0;7722.72;SPXW  261005C07690000;41.1;42.1;delta=0.724
2026-10-04 12:19;7695.0;7722.72;SPXW  261005C07695000;37.6;38.0;delta=0.693
2026-10-04 12:19;7700.0;7722.72;SPXW  261005C07700000;34.0;34.4;delta=0.659
2026-10-04 12:19;7705.0;7722.72;SPXW  261005C07705000;30.5;30.9;delta=0.623
2026-10-04 12:19;7710.0;7722.72;SPXW  261005C07710000;27.3;27.7;delta=0.585
2026-10-04 12:19;7715.0;7722.72;SPXW  261005C07715000;24.1;24.4;delta=0.546
2026-10-04 12:19;7720.0;7722.72;SPXW  261005C07720000;21.2;21.6;delta=0.504
2026-10-04 12:19;7725.0;7722.72;SPXW  261005C07725000;18.5;18.9;delta=0.466
2026-10-04 12:19;7730.0;7722.72;SPXW  261005C07730000;16.0;16.4;delta=0.427
2026-10-04 12:19;7735.0;7722.72;SPXW  261005C07735000;13.6;14.0;delta=0.388
2026-10-04 12:19;7740.0;7722.72;SPXW  261005C07740000;11.5;11.9;delta=0.349
2026-10-04 12:19;7745.0;7722.72;SPXW  261005C07745000;9.7;10.0;delta=0.311
2026-10-04 12:19;7750.0;7722.72;SPXW  261005C07750000;8.0;8.3;delta=0.273
2026-10-04 12:19;7755.0;7722.72;SPXW  261005C07755000;6.5;6.8;delta=0.237
2026-10-04 12:19;7760.0;7722.72;SPXW  261005C07760000;5.3;5.6;delta=0.204
2026-10-04 12:19;7765.0;7722.72;SPXW  261005C07765000;4.3;4.5;delta=0.174
2026-10-04 12:19;7770.0;7722.72;SPXW  261005C07770000;3.3;3.6;delta=0.145
2026-10-04 12:19;7775.0;7722.72;SPXW  261005C07775000;2.6;2.8;delta=0.119
2026-10-04 12:19;7780.0;7722.72;SPXW  261005C07780000;2.05;2.25;delta=0.099
2026-10-04 12:19;7785.0;7722.72;SPXW  261005C07785000;1.6;1.7;delta=0.08
2026-10-04 12:19;7790.0;7722.72;SPXW  261005C07790000;1.25;1.4;delta=0.066
2026-10-04 12:19;7795.0;7722.72;SPXW  261005C07795000;0.95;1.1;delta=0.053
2026-10-04 12:19;7800.0;7722.72;SPXW  261005C07800000;0.75;0.8;delta=0.042
2026-10-04 12:19;7805.0;7722.72;SPXW  261005C07805000;0.6;0.7;delta=0.035
2026-10-04 12:19;7810.0;7722.72;SPXW  261005C07810000;0.45;0.6;delta=0.029
2026-10-04 12:19;7815.0;7722.72;SPXW  261005C07815000;0.35;0.45;delta=0.023
2026-10-04 12:19;7820.0;7722.72;SPXW  261005C07820000;0.3;0.4;delta=0.02
2026-10-04 12:19;7825.0;7722.72;SPXW  261005C07825000;0.25;0.35;delta=0.017
2026-10-04 12:19;7830.0;7722.72;SPXW  261005C07830000;0.2;0.3;delta=0.014
2026-10-04 12:19;7835.0;7722.72;SPXW  261005C07835000;0.15;0.25;delta=0.012
2026-10-04 12:19;7840.0;7722.72;SPXW  261005C07840000;0.1;0.25;delta=0.01
2026-10-04 12:19;7845.0;7722.72;SPXW  261005C07845000;0.1;0.15;delta=0.007
2026-10-04 12:19;7850.0;7722.72;SPXW  261005C07850000;0.1;0.2;delta=0.008
2026-10-04 12:19;7855.0;7722.72;SPXW  261005C07855000;0.05;0.15;delta=0.006
2026-10-04 12:19;7860.0;7722.72;SPXW  261005C07860000;0.05;0.1;delta=0.005
2026-10-04 12:19;7865.0;7722.72;SPXW  261005C07865000;0.05;0.15;delta=0.006
2026-10-04 12:19;7870.0;7722.72;SPXW  261005C07870000;0.05;0.1;delta=0.004
2026-10-04 12:19;7875.0;7722.72;SPXW  261005C07875000;0.05;0.15;delta=0.005
2026-10-04 12:19;7880.0;7722.72;SPXW  261005C07880000;0.05;0.15;delta=0.005
2026-10-04 12:19;7885.0;7722.72;SPXW  261005C07885000;0.05;0.15;delta=0.005
2026-10-04 12:19;7890.0;7722.72;SPXW  261005C07890000;0.05;0.15;delta=0.005
2026-10-04 12:19;7895.0;7722.72;SPXW  261005C07895000;0.05;0.15;delta=0.004
2026-10-04 12:19;7900.0;7722.72;SPXW  261005C07900000;0.05;0.1;delta=0.003
2026-10-04 12:19;7905.0;7722.72;SPXW  261005C07905000;0.05;0.1;delta=0.003
2026-10-04 12:19;7910.0;7722.72;SPXW  261005C07910000;0.05;0.1;delta=0.003
2026-10-04 12:19;7915.0;7722.72;SPXW  261005C07915000;0.05;0.1;delta=0.002
2026-10-04 12:19;7920.0;7722.72;SPXW  261005C07920000;0.05;0.1;delta=0.002
2026-10-04 12:19;7925.0;7722.72;SPXW  261005C07925000;0.05;0.1;delta=0.003
2026-10-04 12:19;7930.0;7722.72;SPXW  261005C07930000;0.05;0.1;delta=0.002
2026-10-04 12:19;7935.0;7722.72;SPXW  261005C07935000;0.0;0.0;delta=-999.0
2026-10-04 12:19;7940.0;7722.72;SPXW  261005C07940000;0.05;0.2;delta=0.002
2026-10-04 12:19;7945.0;7722.72;SPXW  261005C07945000;0.0;0.0;delta=-999.0
2026-10-04 12:19;7950.0;7722.72;SPXW  261005C07950000;0.05;0.15;delta=0.002
2026-10-04 12:19;7960.0;7722.72;SPXW  261005C07960000;0.05;0.1;delta=0.002
2026-10-04 12:19;7970.0;7722.72;SPXW  261005C07970000;0.05;0.1;delta=0.002
2026-10-04 12:19;7975.0;7722.72;SPXW  261005C07975000;0.05;0.1;delta=0.001
2026-10-04 12:19;7980.0;7722.72;SPXW  261005C07980000;0.05;0.15;delta=0.002
2026-10-04 12:19;7475.0;7722.72;SPXW  261005P07475000;0.15;0.25;delta=-0.006
2026-10-04 12:19;7480.0;7722.72;SPXW  261005P07480000;0.15;0.25;delta=-0.006
2026-10-04 12:19;7485.0;7722.72;SPXW  261005P07485000;0.15;0.25;delta=-0.006
2026-10-04 12:19;7490.0;7722.72;SPXW  261005P07490000;0.15;0.25;delta=-0.007
2026-10-04 12:19;7495.0;7722.72;SPXW  261005P07495000;0.15;0.25;delta=-0.007
2026-10-04 12:19;7500.0;7722.72;SPXW  261005P07500000;0.15;0.25;delta=-0.007
2026-10-04 12:19;7505.0;7722.72;SPXW  261005P07505000;0.15;0.3;delta=-0.008
2026-10-04 12:19;7510.0;7722.72;SPXW  261005P07510000;0.2;0.3;delta=-0.008
2026-10-04 12:19;7515.0;7722.72;SPXW  261005P07515000;0.25;0.3;delta=-0.009
2026-10-04 12:19;7520.0;7722.72;SPXW  261005P07520000;0.2;0.3;delta=-0.009
2026-10-04 12:19;7525.0;7722.72;SPXW  261005P07525000;0.2;0.3;delta=-0.009
2026-10-04 12:19;7530.0;7722.72;SPXW  261005P07530000;0.2;0.35;delta=-0.01
2026-10-04 12:19;7535.0;7722.72;SPXW  261005P07535000;0.25;0.35;delta=-0.011
2026-10-04 12:19;7540.0;7722.72;SPXW  261005P07540000;0.3;0.35;delta=-0.012
2026-10-04 12:19;7545.0;7722.72;SPXW  261005P07545000;0.25;0.4;delta=-0.012
2026-10-04 12:19;7550.0;7722.72;SPXW  261005P07550000;0.25;0.4;delta=-0.012
2026-10-04 12:19;7555.0;7722.72;SPXW  261005P07555000;0.3;0.4;delta=-0.013
2026-10-04 12:19;7560.0;7722.72;SPXW  261005P07560000;0.3;0.45;delta=-0.014
2026-10-04 12:19;7565.0;7722.72;SPXW  261005P07565000;0.4;0.45;delta=-0.016
2026-10-04 12:19;7570.0;7722.72;SPXW  261005P07570000;0.4;0.5;delta=-0.017
2026-10-04 12:19;7575.0;7722.72;SPXW  261005P07575000;0.4;0.55;delta=-0.018
2026-10-04 12:19;7580.0;7722.72;SPXW  261005P07580000;0.45;0.6;delta=-0.02
2026-10-04 12:19;7585.0;7722.72;SPXW  261005P07585000;0.5;0.65;delta=-0.023
2026-10-04 12:19;7590.0;7722.72;SPXW  261005P07590000;0.6;0.7;delta=-0.025
2026-10-04 12:19;7595.0;7722.72;SPXW  261005P07595000;0.65;0.75;delta=-0.028
2026-10-04 12:19;7600.0;7722.72;SPXW  261005P07600000;0.7;0.85;delta=-0.031
2026-10-04 12:19;7605.0;7722.72;SPXW  261005P07605000;0.8;0.9;delta=-0.034
2026-10-04 12:19;7610.0;7722.72;SPXW  261005P07610000;0.9;1.05;delta=-0.038
2026-10-04 12:19;7615.0;7722.72;SPXW  261005P07615000;1.05;1.2;delta=-0.044
2026-10-04 12:19;7620.0;7722.72;SPXW  261005P07620000;1.2;1.35;delta=-0.05
2026-10-04 12:19;7625.0;7722.72;SPXW  261005P07625000;1.4;1.55;delta=-0.057
2026-10-04 12:19;7630.0;7722.72;SPXW  261005P07630000;1.6;1.75;delta=-0.064
2026-10-04 12:19;7635.0;7722.72;SPXW  261005P07635000;1.8;2.0;delta=-0.072
2026-10-04 12:19;7640.0;7722.72;SPXW  261005P07640000;2.15;2.25;delta=-0.082
2026-10-04 12:19;7645.0;7722.72;SPXW  261005P07645000;2.45;2.6;delta=-0.094
2026-10-04 12:19;7650.0;7722.72;SPXW  261005P07650000;2.9;3.0;delta=-0.107
2026-10-04 12:19;7655.0;7722.72;SPXW  261005P07655000;3.2;3.5;delta=-0.121
2026-10-04 12:19;7660.0;7722.72;SPXW  261005P07660000;3.7;4.0;delta=-0.136
2026-10-04 12:19;7665.0;7722.72;SPXW  261005P07665000;4.3;4.5;delta=-0.154
2026-10-04 12:19;7670.0;7722.72;SPXW  261005P07670000;5.0;5.2;delta=-0.174
2026-10-04 12:19;7675.0;7722.72;SPXW  261005P07675000;5.7;6.0;delta=-0.196
2026-10-04 12:19;7680.0;7722.72;SPXW  261005P07680000;6.6;6.9;delta=-0.221
2026-10-04 12:19;7685.0;7722.72;SPXW  261005P07685000;7.5;7.8;delta=-0.247
2026-10-04 12:19;7690.0;7722.72;SPXW  261005P07690000;8.7;8.9;delta=-0.276
2026-10-04 12:19;7695.0;7722.72;SPXW  261005P07695000;9.9;10.1;delta=-0.307
2026-10-04 12:19;7700.0;7722.72;SPXW  261005P07700000;11.2;11.5;delta=-0.34
2026-10-04 12:19;7705.0;7722.72;SPXW  261005P07705000;12.8;13.1;delta=-0.376
2026-10-04 12:19;7710.0;7722.72;SPXW  261005P07710000;14.5;14.8;delta=-0.414
2026-10-04 12:19;7715.0;7722.72;SPXW  261005P07715000;16.3;16.7;delta=-0.454
2026-10-04 12:19;7720.0;7722.72;SPXW  261005P07720000;18.4;18.8;delta=-0.496
2026-10-04 12:19;7725.0;7722.72;SPXW  261005P07725000;20.7;21.1;delta=-0.534
2026-10-04 12:19;7730.0;7722.72;SPXW  261005P07730000;23.1;23.6;delta=-0.572
2026-10-04 12:19;7735.0;7722.72;SPXW  261005P07735000;25.8;26.2;delta=-0.612
2026-10-04 12:19;7740.0;7722.72;SPXW  261005P07740000;28.7;29.1;delta=-0.651
2026-10-04 12:19;7745.0;7722.72;SPXW  261005P07745000;31.8;32.2;delta=-0.689
2026-10-04 12:19;7750.0;7722.72;SPXW  261005P07750000;34.9;35.9;delta=-0.727
2026-10-04 12:19;7755.0;7722.72;SPXW  261005P07755000;38.4;39.4;delta=-0.763
2026-10-04 12:19;7760.0;7722.72;SPXW  261005P07760000;42.1;43.1;delta=-0.796
2026-10-04 12:19;7765.0;7722.72;SPXW  261005P07765000;46.0;47.1;delta=-0.826
2026-10-04 12:19;7770.0;7722.72;SPXW  261005P07770000;49.9;51.3;delta=-0.855
2026-10-04 12:19;7775.0;7722.72;SPXW  261005P07775000;54.2;55.6;delta=-0.88
2026-10-04 12:19;7780.0;7722.72;SPXW  261005P07780000;58.6;60.0;delta=-0.901
2026-10-04 12:19;7785.0;7722.72;SPXW  261005P07785000;63.1;64.5;delta=-0.92
2026-10-04 12:19;7790.0;7722.72;SPXW  261005P07790000;67.7;69.2;delta=-0.934
2026-10-04 12:19;7795.0;7722.72;SPXW  261005P07795000;72.5;73.9;delta=-0.947
2026-10-04 12:19;7800.0;7722.72;SPXW  261005P07800000;77.2;78.7;delta=-0.958
2026-10-04 12:19;7805.0;7722.72;SPXW  261005P07805000;82.1;83.5;delta=-0.964
2026-10-04 12:19;7810.0;7722.72;SPXW  261005P07810000;87.0;88.4;delta=-0.971
2026-10-04 12:19;7815.0;7722.72;SPXW  261005P07815000;91.7;93.4;delta=-0.977
2026-10-04 12:19;7820.0;7722.72;SPXW  261005P07820000;96.6;98.4;delta=-0.98
2026-10-04 12:19;7825.0;7722.72;SPXW  261005P07825000;101.5;105.8;delta=-0.983
2026-10-04 12:19;7830.0;7722.72;SPXW  261005P07830000;106.5;108.3;delta=-0.985
2026-10-04 12:19;7835.0;7722.72;SPXW  261005P07835000;111.4;115.8;delta=-0.988
2026-10-04 12:19;7840.0;7722.72;SPXW  261005P07840000;116.4;120.7;delta=-0.99
2026-10-04 12:19;7845.0;7722.72;SPXW  261005P07845000;121.4;125.3;delta=-0.992
2026-10-04 12:19;7850.0;7722.72;SPXW  261005P07850000;126.5;127.9;delta=-0.991
2026-10-04 12:19;7855.0;7722.72;SPXW  261005P07855000;131.5;132.9;delta=-0.994
2026-10-04 12:19;7860.0;7722.72;SPXW  261005P07860000;136.5;137.9;delta=-0.995
2026-10-04 12:19;7865.0;7722.72;SPXW  261005P07865000;141.5;142.9;delta=-0.994
2026-10-04 12:19;7870.0;7722.72;SPXW  261005P07870000;146.5;147.9;delta=-0.995
2026-10-04 12:19;7875.0;7722.72;SPXW  261005P07875000;151.5;153.0;delta=-0.994
2026-10-04 12:19;7880.0;7722.72;SPXW  261005P07880000;156.5;157.9;delta=-0.995
2026-10-04 12:19;7885.0;7722.72;SPXW  261005P07885000;161.5;163.0;delta=-0.995
2026-10-04 12:19;7890.0;7722.72;SPXW  261005P07890000;146.8;190.2;delta=-0.995
2026-10-04 12:19;7895.0;7722.72;SPXW  261005P07895000;171.5;173.0;delta=-0.996
2026-10-04 12:19;7900.0;7722.72;SPXW  261005P07900000;176.5;178.0;delta=-0.997
2026-10-04 12:19;7905.0;7722.72;SPXW  261005P07905000;181.4;183.0;delta=-0.997
2026-10-04 12:19;7910.0;7722.72;SPXW  261005P07910000;186.4;187.9;delta=-0.997
2026-10-04 12:19;7915.0;7722.72;SPXW  261005P07915000;191.4;192.9;delta=-0.997
2026-10-04 12:19;7920.0;7722.72;SPXW  261005P07920000;196.4;197.9;delta=-0.997
2026-10-04 12:19;7925.0;7722.72;SPXW  261005P07925000;201.4;202.9;delta=-0.996
2026-10-04 12:19;7930.0;7722.72;SPXW  261005P07930000;186.3;230.2;delta=-0.997
2026-10-04 12:19;7935.0;7722.72;SPXW  261005P07935000;0.0;0.0;delta=-999.0
2026-10-04 12:19;7940.0;7722.72;SPXW  261005P07940000;216.4;217.9;delta=-0.997
2026-10-04 12:19;7945.0;7722.72;SPXW  261005P07945000;0.0;0.0;delta=-999.0
2026-10-04 12:19;7950.0;7722.72;SPXW  261005P07950000;226.4;227.9;delta=-0.998
2026-10-04 12:19;7960.0;7722.72;SPXW  261005P07960000;236.4;237.9;delta=-0.998
2026-10-04 12:19;7970.0;7722.72;SPXW  261005P07970000;246.4;247.9;delta=-0.998
2026-10-04 12:19;7975.0;7722.72;SPXW  261005P07975000;251.4;252.9;delta=-0.999
2026-10-04 12:19;7980.0;7722.72;SPXW  261005P07980000;256.4;257.9;delta=-0.998
