2026-10-02 10:25;7470.0;7716.58;SPXW  261002C07470000;237.6;256.7;delta=0.997
2026-10-02 10:25;7475.0;7716.58;SPXW  261002C07475000;235.2;252.1;delta=0.997
2026-10-02 10:25;7480.0;7716.58;SPXW  261002C07480000;229.4;247.1;delta=0.997
2026-10-02 10:25;7485.0;7716.58;SPXW  261002C07485000;222.6;241.7;delta=0.998
2026-10-02 10:25;7490.0;7716.58;SPXW  261002C07490000;217.6;237.2;delta=0.997
2026-10-02 10:25;7495.0;7716.58;SPXW  261002C07495000;212.6;232.2;delta=0.997
2026-10-02 10:25;7500.0;7716.58;SPXW  261002C07500000;215.7;216.9;delta=0.997
2026-10-02 10:25;7505.0;7716.58;SPXW  261002C07505000;205.5;218.5;delta=0.997
2026-10-02 10:25;7510.0;7716.58;SPXW  261002C07510000;200.5;213.0;delta=0.997
2026-10-02 10:25;7515.0;7716.58;SPXW  261002C07515000;195.6;208.0;delta=0.997
2026-10-02 10:25;7520.0;7716.58;SPXW  261002C07520000;193.3;199.6;delta=0.997
2026-10-02 10:25;7525.0;7716.58;SPXW  261002C07525000;190.7;191.9;delta=0.996
2026-10-02 10:25;7530.0;7716.58;SPXW  261002C07530000;183.2;189.8;delta=0.996
2026-10-02 10:25;7535.0;7716.58;SPXW  261002C07535000;178.3;184.6;delta=0.996
2026-10-02 10:25;7540.0;7716.58;SPXW  261002C07540000;173.3;179.6;delta=0.996
2026-10-02 10:25;7545.0;7716.58;SPXW  261002C07545000;168.2;174.8;delta=0.996
2026-10-02 10:25;7550.0;7716.58;SPXW  261002C07550000;165.7;166.9;delta=0.996
2026-10-02 10:25;7555.0;7716.58;SPXW  261002C07555000;158.3;164.6;delta=0.996
2026-10-02 10:25;7560.0;7716.58;SPXW  261002C07560000;155.7;156.9;delta=0.996
2026-10-02 10:25;7565.0;7716.58;SPXW  261002C07565000;148.3;154.6;delta=0.994
2026-10-02 10:25;7570.0;7716.58;SPXW  261002C07570000;145.7;146.9;delta=0.993
2026-10-02 10:25;7575.0;7716.58;SPXW  261002C07575000;140.7;141.9;delta=0.993
2026-10-02 10:25;7580.0;7716.58;SPXW  261002C07580000;135.7;136.9;delta=0.993
2026-10-02 10:25;7585.0;7716.58;SPXW  261002C07585000;128.3;134.6;delta=0.993
2026-10-02 10:25;7590.0;7716.58;SPXW  261002C07590000;125.7;126.9;delta=0.993
2026-10-02 10:25;7595.0;7716.58;SPXW  261002C07595000;120.7;122.0;delta=0.992
2026-10-02 10:25;7600.0;7716.58;SPXW  261002C07600000;116.2;116.6;delta=0.992
2026-10-02 10:25;7605.0;7716.58;SPXW  261002C07605000;111.2;111.6;delta=0.991
2026-10-02 10:25;7610.0;7716.58;SPXW  261002C07610000;106.3;106.6;delta=0.989
2026-10-02 10:25;7615.0;7716.58;SPXW  261002C07615000;101.3;101.6;delta=0.989
2026-10-02 10:25;7620.0;7716.58;SPXW  261002C07620000;96.3;96.6;delta=0.988
2026-10-02 10:25;7625.0;7716.58;SPXW  261002C07625000;91.3;91.6;delta=0.986
2026-10-02 10:25;7630.0;7716.58;SPXW  261002C07630000;86.3;86.7;delta=0.984
2026-10-02 10:25;7635.0;7716.58;SPXW  261002C07635000;81.3;81.7;delta=0.983
2026-10-02 10:25;7640.0;7716.58;SPXW  261002C07640000;76.4;76.7;delta=0.98
2026-10-02 10:25;7645.0;7716.58;SPXW  261002C07645000;71.4;71.7;delta=0.976
2026-10-02 10:25;7650.0;7716.58;SPXW  261002C07650000;66.4;66.8;delta=0.972
2026-10-02 10:25;7655.0;7716.58;SPXW  261002C07655000;61.5;61.8;delta=0.967
2026-10-02 10:25;7660.0;7716.58;SPXW  261002C07660000;56.6;56.9;delta=0.961
2026-10-02 10:25;7665.0;7716.58;SPXW  261002C07665000;51.7;52.0;delta=0.951
2026-10-02 10:25;7670.0;7716.58;SPXW  261002C07670000;46.8;47.2;delta=0.941
2026-10-02 10:25;7675.0;7716.58;SPXW  261002C07675000;42.0;42.3;delta=0.926
2026-10-02 10:25;7680.0;7716.58;SPXW  261002C07680000;37.3;37.5;delta=0.906
2026-10-02 10:25;7685.0;7716.58;SPXW  261002C07685000;32.6;32.8;delta=0.88
2026-10-02 10:25;7690.0;7716.58;SPXW  261002C07690000;28.1;28.3;delta=0.846
2026-10-02 10:25;7695.0;7716.58;SPXW  261002C07695000;23.7;23.9;delta=0.805
2026-10-02 10:25;7700.0;7716.58;SPXW  261002C07700000;19.6;19.7;delta=0.748
2026-10-02 10:25;7705.0;7716.58;SPXW  261002C07705000;15.7;15.9;delta=0.682
2026-10-02 10:25;7710.0;7716.58;SPXW  261002C07710000;12.2;12.3;delta=0.603
2026-10-02 10:25;7715.0;7716.58;SPXW  261002C07715000;9.1;9.3;delta=0.514
2026-10-02 10:25;7720.0;7716.58;SPXW  261002C07720000;6.6;6.7;delta=0.42
2026-10-02 10:25;7725.0;7716.58;SPXW  261002C07725000;4.5;4.6;delta=0.328
2026-10-02 10:25;7730.0;7716.58;SPXW  261002C07730000;3.0;3.1;delta=0.244
2026-10-02 10:25;7735.0;7716.58;SPXW  261002C07735000;2.0;2.05;delta=0.174
2026-10-02 10:25;7740.0;7716.58;SPXW  261002C07740000;1.25;1.3;delta=0.12
2026-10-02 10:25;7745.0;7716.58;SPXW  261002C07745000;0.8;0.85;delta=0.085
2026-10-02 10:25;7750.0;7716.58;SPXW  261002C07750000;0.55;0.6;delta=0.057
2026-10-02 10:25;7755.0;7716.58;SPXW  261002C07755000;0.35;0.4;delta=0.041
2026-10-02 10:25;7760.0;7716.58;SPXW  261002C07760000;0.25;0.3;delta=0.03
2026-10-02 10:25;7765.0;7716.58;SPXW  261002C07765000;0.2;0.25;delta=0.024
2026-10-02 10:25;7770.0;7716.58;SPXW  261002C07770000;0.15;0.2;delta=0.019
2026-10-02 10:25;7775.0;7716.58;SPXW  261002C07775000;0.15;0.2;delta=0.017
2026-10-02 10:25;7780.0;7716.58;SPXW  261002C07780000;0.1;0.15;delta=0.014
2026-10-02 10:25;7785.0;7716.58;SPXW  261002C07785000;0.1;0.15;delta=0.012
2026-10-02 10:25;7790.0;7716.58;SPXW  261002C07790000;0.1;0.15;delta=0.011
2026-10-02 10:25;7795.0;7716.58;SPXW  261002C07795000;0.1;0.15;delta=0.011
2026-10-02 10:25;7800.0;7716.58;SPXW  261002C07800000;0.1;0.15;delta=0.01
2026-10-02 10:25;7805.0;7716.58;SPXW  261002C07805000;0.05;0.15;delta=0.008
2026-10-02 10:25;7810.0;7716.58;SPXW  261002C07810000;0.05;0.1;delta=0.006
2026-10-02 10:25;7815.0;7716.58;SPXW  261002C07815000;0.05;0.15;delta=0.006
2026-10-02 10:25;7820.0;7716.58;SPXW  261002C07820000;0.05;0.1;delta=0.006
2026-10-02 10:25;7825.0;7716.58;SPXW  261002C07825000;0.05;0.1;delta=0.006
2026-10-02 10:25;7830.0;7716.58;SPXW  261002C07830000;0.05;0.1;delta=0.005
2026-10-02 10:25;7835.0;7716.58;SPXW  261002C07835000;0.05;0.1;delta=0.005
2026-10-02 10:25;7840.0;7716.58;SPXW  261002C07840000;0.05;0.1;delta=0.005
2026-10-02 10:25;7845.0;7716.58;SPXW  261002C07845000;0.05;0.1;delta=0.005
2026-10-02 10:25;7850.0;7716.58;SPXW  261002C07850000;0.05;0.1;delta=0.005
2026-10-02 10:25;7855.0;7716.58;SPXW  261002C07855000;0.05;0.1;delta=0.005
2026-10-02 10:25;7860.0;7716.58;SPXW  261002C07860000;0.05;0.1;delta=0.004
2026-10-02 10:25;7865.0;7716.58;SPXW  261002C07865000;0.05;0.1;delta=0.004
2026-10-02 10:25;7870.0;7716.58;SPXW  261002C07870000;0.05;0.1;delta=0.004
2026-10-02 10:25;7875.0;7716.58;SPXW  261002C07875000;0.05;0.1;delta=0.004
2026-10-02 10:25;7880.0;7716.58;SPXW  261002C07880000;0.05;0.1;delta=0.004
2026-10-02 10:25;7885.0;7716.58;SPXW  261002C07885000;0.05;0.1;delta=0.004
2026-10-02 10:25;7890.0;7716.58;SPXW  261002C07890000;0.0;0.1;delta=0.003
2026-10-02 10:25;7895.0;7716.58;SPXW  261002C07895000;0.0;0.05;delta=0.001
2026-10-02 10:25;7900.0;7716.58;SPXW  261002C07900000;0.0;0.1;delta=0.001
2026-10-02 10:25;7905.0;7716.58;SPXW  261002C07905000;0.0;0.05;delta=0.001
2026-10-02 10:25;7910.0;7716.58;SPXW  261002C07910000;0.0;0.05;delta=0.001
2026-10-02 10:25;7915.0;7716.58;SPXW  261002C07915000;0.0;0.05;delta=0.001
2026-10-02 10:25;7920.0;7716.58;SPXW  261002C07920000;0.0;0.05;delta=0.001
2026-10-02 10:25;7925.0;7716.58;SPXW  261002C07925000;0.0;0.05;delta=0.001
2026-10-02 10:25;7930.0;7716.58;SPXW  261002C07930000;0.0;0.05;delta=0.001
2026-10-02 10:25;7935.0;7716.58;SPXW  261002C07935000;0.0;0.05;delta=0.001
2026-10-02 10:25;7940.0;7716.58;SPXW  261002C07940000;0.0;0.05;delta=0.001
2026-10-02 10:25;7945.0;7716.58;SPXW  261002C07945000;0.0;0.05;delta=0.001
2026-10-02 10:25;7950.0;7716.58;SPXW  261002C07950000;0.0;0.05;delta=0.001
2026-10-02 10:25;7955.0;7716.58;SPXW  261002C07955000;0.0;0.05;delta=0.001
2026-10-02 10:25;7960.0;7716.58;SPXW  261002C07960000;0.0;0.05;delta=0.001
2026-10-02 10:25;7965.0;7716.58;SPXW  261002C07965000;0.0;0.05;delta=0.001
2026-10-02 10:25;7470.0;7716.58;SPXW  261002P07470000;0.05;0.1;delta=-0.003
2026-10-02 10:25;7475.0;7716.58;SPXW  261002P07475000;0.05;0.1;delta=-0.003
2026-10-02 10:25;7480.0;7716.58;SPXW  261002P07480000;0.05;0.1;delta=-0.003
2026-10-02 10:25;7485.0;7716.58;SPXW  261002P07485000;0.0;0.1;delta=-0.002
2026-10-02 10:25;7490.0;7716.58;SPXW  261002P07490000;0.05;0.1;delta=-0.003
2026-10-02 10:25;7495.0;7716.58;SPXW  261002P07495000;0.05;0.1;delta=-0.003
2026-10-02 10:25;7500.0;7716.58;SPXW  261002P07500000;0.05;0.1;delta=-0.003
2026-10-02 10:25;7505.0;7716.58;SPXW  261002P07505000;0.05;0.1;delta=-0.003
2026-10-02 10:25;7510.0;7716.58;SPXW  261002P07510000;0.05;0.1;delta=-0.003
2026-10-02 10:25;7515.0;7716.58;SPXW  261002P07515000;0.05;0.1;delta=-0.003
2026-10-02 10:25;7520.0;7716.58;SPXW  261002P07520000;0.05;0.1;delta=-0.003
2026-10-02 10:25;7525.0;7716.58;SPXW  261002P07525000;0.05;0.1;delta=-0.003
2026-10-02 10:25;7530.0;7716.58;SPXW  261002P07530000;0.05;0.1;delta=-0.004
2026-10-02 10:25;7535.0;7716.58;SPXW  261002P07535000;0.05;0.1;delta=-0.004
2026-10-02 10:25;7540.0;7716.58;SPXW  261002P07540000;0.05;0.1;delta=-0.004
2026-10-02 10:25;7545.0;7716.58;SPXW  261002P07545000;0.05;0.1;delta=-0.004
2026-10-02 10:25;7550.0;7716.58;SPXW  261002P07550000;0.05;0.1;delta=-0.004
2026-10-02 10:25;7555.0;7716.58;SPXW  261002P07555000;0.05;0.1;delta=-0.004
2026-10-02 10:25;7560.0;7716.58;SPXW  261002P07560000;0.05;0.1;delta=-0.004
2026-10-02 10:25;7565.0;7716.58;SPXW  261002P07565000;0.1;0.15;delta=-0.006
2026-10-02 10:25;7570.0;7716.58;SPXW  261002P07570000;0.1;0.15;delta=-0.006
2026-10-02 10:25;7575.0;7716.58;SPXW  261002P07575000;0.1;0.15;delta=-0.007
2026-10-02 10:25;7580.0;7716.58;SPXW  261002P07580000;0.1;0.15;delta=-0.007
2026-10-02 10:25;7585.0;7716.58;SPXW  261002P07585000;0.1;0.15;delta=-0.007
2026-10-02 10:25;7590.0;7716.58;SPXW  261002P07590000;0.1;0.15;delta=-0.007
2026-10-02 10:25;7595.0;7716.58;SPXW  261002P07595000;0.1;0.15;delta=-0.008
2026-10-02 10:25;7600.0;7716.58;SPXW  261002P07600000;0.1;0.15;delta=-0.008
2026-10-02 10:25;7605.0;7716.58;SPXW  261002P07605000;0.1;0.15;delta=-0.009
2026-10-02 10:25;7610.0;7716.58;SPXW  261002P07610000;0.15;0.2;delta=-0.011
2026-10-02 10:25;7615.0;7716.58;SPXW  261002P07615000;0.15;0.2;delta=-0.011
2026-10-02 10:25;7620.0;7716.58;SPXW  261002P07620000;0.15;0.2;delta=-0.012
2026-10-02 10:25;7625.0;7716.58;SPXW  261002P07625000;0.15;0.2;delta=-0.014
2026-10-02 10:25;7630.0;7716.58;SPXW  261002P07630000;0.2;0.25;delta=-0.016
2026-10-02 10:25;7635.0;7716.58;SPXW  261002P07635000;0.2;0.25;delta=-0.016
2026-10-02 10:25;7640.0;7716.58;SPXW  261002P07640000;0.25;0.3;delta=-0.02
2026-10-02 10:25;7645.0;7716.58;SPXW  261002P07645000;0.25;0.35;delta=-0.024
2026-10-02 10:25;7650.0;7716.58;SPXW  261002P07650000;0.3;0.35;delta=-0.025
2026-10-02 10:25;7655.0;7716.58;SPXW  261002P07655000;0.35;0.45;delta=-0.031
2026-10-02 10:25;7660.0;7716.58;SPXW  261002P07660000;0.45;0.5;delta=-0.039
2026-10-02 10:25;7665.0;7716.58;SPXW  261002P07665000;0.55;0.6;delta=-0.049
2026-10-02 10:25;7670.0;7716.58;SPXW  261002P07670000;0.65;0.75;delta=-0.059
2026-10-02 10:25;7675.0;7716.58;SPXW  261002P07675000;0.85;0.9;delta=-0.073
2026-10-02 10:25;7680.0;7716.58;SPXW  261002P07680000;1.05;1.15;delta=-0.094
2026-10-02 10:25;7685.0;7716.58;SPXW  261002P07685000;1.4;1.45;delta=-0.12
2026-10-02 10:25;7690.0;7716.58;SPXW  261002P07690000;1.8;1.85;delta=-0.154
2026-10-02 10:25;7695.0;7716.58;SPXW  261002P07695000;2.4;2.45;delta=-0.197
2026-10-02 10:25;7700.0;7716.58;SPXW  261002P07700000;3.2;3.3;delta=-0.252
2026-10-02 10:25;7705.0;7716.58;SPXW  261002P07705000;4.2;4.3;delta=-0.318
2026-10-02 10:25;7710.0;7716.58;SPXW  261002P07710000;5.7;5.8;delta=-0.399
2026-10-02 10:25;7715.0;7716.58;SPXW  261002P07715000;7.5;7.7;delta=-0.488
2026-10-02 10:25;7720.0;7716.58;SPXW  261002P07720000;9.9;10.0;delta=-0.58
2026-10-02 10:25;7725.0;7716.58;SPXW  261002P07725000;12.8;13.0;delta=-0.672
2026-10-02 10:25;7730.0;7716.58;SPXW  261002P07730000;16.2;16.4;delta=-0.756
2026-10-02 10:25;7735.0;7716.58;SPXW  261002P07735000;20.0;20.2;delta=-0.826
2026-10-02 10:25;7740.0;7716.58;SPXW  261002P07740000;24.3;24.5;delta=-0.88
2026-10-02 10:25;7745.0;7716.58;SPXW  261002P07745000;28.7;29.1;delta=-0.915
2026-10-02 10:25;7750.0;7716.58;SPXW  261002P07750000;33.5;33.8;delta=-0.943
2026-10-02 10:25;7755.0;7716.58;SPXW  261002P07755000;38.3;38.6;delta=-0.959
2026-10-02 10:25;7760.0;7716.58;SPXW  261002P07760000;43.2;43.5;delta=-0.969
2026-10-02 10:25;7765.0;7716.58;SPXW  261002P07765000;48.1;48.5;delta=-0.975
2026-10-02 10:25;7770.0;7716.58;SPXW  261002P07770000;52.9;53.7;delta=-0.981
2026-10-02 10:25;7775.0;7716.58;SPXW  261002P07775000;57.9;58.7;delta=-0.983
2026-10-02 10:25;7780.0;7716.58;SPXW  261002P07780000;62.9;63.7;delta=-0.985
2026-10-02 10:25;7785.0;7716.58;SPXW  261002P07785000;67.8;68.7;delta=-0.988
2026-10-02 10:25;7790.0;7716.58;SPXW  261002P07790000;72.8;73.7;delta=-0.989
2026-10-02 10:25;7795.0;7716.58;SPXW  261002P07795000;77.8;78.6;delta=-0.989
2026-10-02 10:25;7800.0;7716.58;SPXW  261002P07800000;82.8;83.6;delta=-0.99
2026-10-02 10:25;7805.0;7716.58;SPXW  261002P07805000;87.8;88.6;delta=-0.992
2026-10-02 10:25;7810.0;7716.58;SPXW  261002P07810000;92.8;93.6;delta=-0.994
2026-10-02 10:25;7815.0;7716.58;SPXW  261002P07815000;97.8;98.6;delta=-0.994
2026-10-02 10:25;7820.0;7716.58;SPXW  261002P07820000;102.6;103.7;delta=-0.994
2026-10-02 10:25;7825.0;7716.58;SPXW  261002P07825000;107.6;108.7;delta=-0.994
2026-10-02 10:25;7830.0;7716.58;SPXW  261002P07830000;112.6;113.7;delta=-0.995
2026-10-02 10:25;7835.0;7716.58;SPXW  261002P07835000;117.6;118.7;delta=-0.995
2026-10-02 10:25;7840.0;7716.58;SPXW  261002P07840000;122.6;123.7;delta=-0.995
2026-10-02 10:25;7845.0;7716.58;SPXW  261002P07845000;127.6;128.7;delta=-0.995
2026-10-02 10:25;7850.0;7716.58;SPXW  261002P07850000;132.6;133.7;delta=-0.995
2026-10-02 10:25;7855.0;7716.58;SPXW  261002P07855000;137.5;138.7;delta=-0.995
2026-10-02 10:25;7860.0;7716.58;SPXW  261002P07860000;142.5;143.6;delta=-0.996
2026-10-02 10:25;7865.0;7716.58;SPXW  261002P07865000;145.7;151.9;delta=-0.996
2026-10-02 10:25;7870.0;7716.58;SPXW  261002P07870000;150.6;156.9;delta=-0.996
2026-10-02 10:25;7875.0;7716.58;SPXW  261002P07875000;157.5;158.6;delta=-0.996
2026-10-02 10:25;7880.0;7716.58;SPXW  261002P07880000;160.3;166.9;delta=-0.996
2026-10-02 10:25;7885.0;7716.58;SPXW  261002P07885000;165.5;171.9;delta=-0.996
2026-10-02 10:25;7890.0;7716.58;SPXW  261002P07890000;170.5;176.9;delta=-0.997
2026-10-02 10:25;7895.0;7716.58;SPXW  261002P07895000;175.5;181.8;delta=-0.998
2026-10-02 10:25;7900.0;7716.58;SPXW  261002P07900000;182.5;183.6;delta=-0.998
2026-10-02 10:25;7905.0;7716.58;SPXW  261002P07905000;185.5;191.8;delta=-0.999
2026-10-02 10:25;7910.0;7716.58;SPXW  261002P07910000;190.5;196.8;delta=-0.999
2026-10-02 10:25;7915.0;7716.58;SPXW  261002P07915000;195.5;201.9;delta=-0.999
2026-10-02 10:25;7920.0;7716.58;SPXW  261002P07920000;202.5;203.6;delta=-0.999
2026-10-02 10:25;7925.0;7716.58;SPXW  261002P07925000;201.5;214.5;delta=-0.999
2026-10-02 10:25;7930.0;7716.58;SPXW  261002P07930000;207.1;219.5;delta=-0.999
2026-10-02 10:25;7935.0;7716.58;SPXW  261002P07935000;207.3;226.3;delta=-0.999
2026-10-02 10:25;7940.0;7716.58;SPXW  261002P07940000;212.8;232.2;delta=-0.999
2026-10-02 10:25;7945.0;7716.58;SPXW  261002P07945000;217.9;238.3;delta=-0.999
2026-10-02 10:25;7950.0;7716.58;SPXW  261002P07950000;232.5;233.6;delta=-0.999
2026-10-02 10:25;7955.0;7716.58;SPXW  261002P07955000;228.4;248.4;delta=-0.999
2026-10-02 10:25;7960.0;7716.58;SPXW  261002P07960000;233.4;252.4;delta=-0.999
2026-10-02 10:25;7965.0;7716.58;SPXW  261002P07965000;238.2;256.3;delta=-0.999
2026-10-02 10:30;7465.0;7714.59;SPXW  261002C07465000;239.6;260.6;delta=0.998
2026-10-02 10:30;7470.0;7714.59;SPXW  261002C07470000;236.1;255.1;delta=0.997
2026-10-02 10:30;7475.0;7714.59;SPXW  261002C07475000;228.9;250.6;delta=0.997
2026-10-02 10:30;7480.0;7714.59;SPXW  261002C07480000;224.9;245.4;delta=0.997
2026-10-02 10:30;7485.0;7714.59;SPXW  261002C07485000;221.6;239.9;delta=0.998
2026-10-02 10:30;7490.0;7714.59;SPXW  261002C07490000;214.6;235.1;delta=0.997
2026-10-02 10:30;7495.0;7714.59;SPXW  261002C07495000;211.6;230.3;delta=0.997
2026-10-02 10:30;7500.0;7714.59;SPXW  261002C07500000;213.0;214.4;delta=0.997
2026-10-02 10:30;7505.0;7714.59;SPXW  261002C07505000;203.7;216.9;delta=0.997
2026-10-02 10:30;7510.0;7714.59;SPXW  261002C07510000;198.5;211.7;delta=0.997
2026-10-02 10:30;7515.0;7714.59;SPXW  261002C07515000;195.6;202.7;delta=0.997
2026-10-02 10:30;7520.0;7714.59;SPXW  261002C07520000;190.6;197.9;delta=0.997
2026-10-02 10:30;7525.0;7714.59;SPXW  261002C07525000;188.0;189.4;delta=0.997
2026-10-02 10:30;7530.0;7714.59;SPXW  261002C07530000;180.8;187.9;delta=0.996
2026-10-02 10:30;7535.0;7714.59;SPXW  261002C07535000;175.6;182.9;delta=0.996
2026-10-02 10:30;7540.0;7714.59;SPXW  261002C07540000;170.6;177.9;delta=0.996
2026-10-02 10:30;7545.0;7714.59;SPXW  261002C07545000;165.6;172.9;delta=0.996
2026-10-02 10:30;7550.0;7714.59;SPXW  261002C07550000;163.1;164.4;delta=0.996
2026-10-02 10:30;7555.0;7714.59;SPXW  261002C07555000;158.1;159.4;delta=0.996
2026-10-02 10:30;7560.0;7714.59;SPXW  261002C07560000;153.1;154.4;delta=0.996
2026-10-02 10:30;7565.0;7714.59;SPXW  261002C07565000;145.6;152.9;delta=0.996
2026-10-02 10:30;7570.0;7714.59;SPXW  261002C07570000;140.8;147.9;delta=0.996
2026-10-02 10:30;7575.0;7714.59;SPXW  261002C07575000;138.1;139.4;delta=0.996
2026-10-02 10:30;7580.0;7714.59;SPXW  261002C07580000;130.8;137.9;delta=0.993
2026-10-02 10:30;7585.0;7714.59;SPXW  261002C07585000;125.9;132.9;delta=0.993
2026-10-02 10:30;7590.0;7714.59;SPXW  261002C07590000;120.7;127.9;delta=0.993
2026-10-02 10:30;7595.0;7714.59;SPXW  261002C07595000;118.1;119.4;delta=0.992
2026-10-02 10:30;7600.0;7714.59;SPXW  261002C07600000;113.5;113.9;delta=0.992
2026-10-02 10:30;7605.0;7714.59;SPXW  261002C07605000;108.5;108.9;delta=0.992
2026-10-02 10:30;7610.0;7714.59;SPXW  261002C07610000;103.5;103.9;delta=0.991
2026-10-02 10:30;7615.0;7714.59;SPXW  261002C07615000;98.5;98.9;delta=0.991
2026-10-02 10:30;7620.0;7714.59;SPXW  261002C07620000;93.6;94.0;delta=0.988
2026-10-02 10:30;7625.0;7714.59;SPXW  261002C07625000;88.6;89.0;delta=0.987
2026-10-02 10:30;7630.0;7714.59;SPXW  261002C07630000;83.6;84.0;delta=0.987
2026-10-02 10:30;7635.0;7714.59;SPXW  261002C07635000;78.6;79.0;delta=0.983
2026-10-02 10:30;7640.0;7714.59;SPXW  261002C07640000;73.6;74.0;delta=0.982
2026-10-02 10:30;7645.0;7714.59;SPXW  261002C07645000;68.7;69.1;delta=0.978
2026-10-02 10:30;7650.0;7714.59;SPXW  261002C07650000;63.7;64.1;delta=0.974
2026-10-02 10:30;7655.0;7714.59;SPXW  261002C07655000;58.8;59.2;delta=0.97
2026-10-02 10:30;7660.0;7714.59;SPXW  261002C07660000;53.9;54.3;delta=0.962
2026-10-02 10:30;7665.0;7714.59;SPXW  261002C07665000;49.1;49.4;delta=0.953
2026-10-02 10:30;7670.0;7714.59;SPXW  261002C07670000;44.2;44.6;delta=0.94
2026-10-02 10:30;7675.0;7714.59;SPXW  261002C07675000;39.5;39.7;delta=0.924
2026-10-02 10:30;7680.0;7714.59;SPXW  261002C07680000;34.8;35.0;delta=0.903
2026-10-02 10:30;7685.0;7714.59;SPXW  261002C07685000;30.3;30.4;delta=0.875
2026-10-02 10:30;7690.0;7714.59;SPXW  261002C07690000;25.8;26.0;delta=0.84
2026-10-02 10:30;7695.0;7714.59;SPXW  261002C07695000;21.6;21.7;delta=0.792
2026-10-02 10:30;7700.0;7714.59;SPXW  261002C07700000;17.6;17.8;delta=0.734
2026-10-02 10:30;7705.0;7714.59;SPXW  261002C07705000;13.9;14.0;delta=0.664
2026-10-02 10:30;7710.0;7714.59;SPXW  261002C07710000;10.6;10.8;delta=0.581
2026-10-02 10:30;7715.0;7714.59;SPXW  261002C07715000;7.8;8.0;delta=0.489
2026-10-02 10:30;7720.0;7714.59;SPXW  261002C07720000;5.5;5.6;delta=0.395
2026-10-02 10:30;7725.0;7714.59;SPXW  261002C07725000;3.7;3.9;delta=0.304
2026-10-02 10:30;7730.0;7714.59;SPXW  261002C07730000;2.45;2.5;delta=0.223
2026-10-02 10:30;7735.0;7714.59;SPXW  261002C07735000;1.55;1.6;delta=0.157
2026-10-02 10:30;7740.0;7714.59;SPXW  261002C07740000;1.0;1.05;delta=0.108
2026-10-02 10:30;7745.0;7714.59;SPXW  261002C07745000;0.65;0.7;delta=0.074
2026-10-02 10:30;7750.0;7714.59;SPXW  261002C07750000;0.4;0.5;delta=0.052
2026-10-02 10:30;7755.0;7714.59;SPXW  261002C07755000;0.3;0.35;delta=0.036
2026-10-02 10:30;7760.0;7714.59;SPXW  261002C07760000;0.25;0.3;delta=0.03
2026-10-02 10:30;7765.0;7714.59;SPXW  261002C07765000;0.2;0.25;delta=0.024
2026-10-02 10:30;7770.0;7714.59;SPXW  261002C07770000;0.15;0.2;delta=0.018
2026-10-02 10:30;7775.0;7714.59;SPXW  261002C07775000;0.15;0.2;delta=0.017
2026-10-02 10:30;7780.0;7714.59;SPXW  261002C07780000;0.1;0.2;delta=0.014
2026-10-02 10:30;7785.0;7714.59;SPXW  261002C07785000;0.1;0.15;delta=0.012
2026-10-02 10:30;7790.0;7714.59;SPXW  261002C07790000;0.1;0.15;delta=0.011
2026-10-02 10:30;7795.0;7714.59;SPXW  261002C07795000;0.1;0.15;delta=0.011
2026-10-02 10:30;7800.0;7714.59;SPXW  261002C07800000;0.1;0.15;delta=0.01
2026-10-02 10:30;7805.0;7714.59;SPXW  261002C07805000;0.1;0.15;delta=0.008
2026-10-02 10:30;7810.0;7714.59;SPXW  261002C07810000;0.05;0.1;delta=0.008
2026-10-02 10:30;7815.0;7714.59;SPXW  261002C07815000;0.05;0.1;delta=0.007
2026-10-02 10:30;7820.0;7714.59;SPXW  261002C07820000;0.05;0.1;delta=0.006
2026-10-02 10:30;7825.0;7714.59;SPXW  261002C07825000;0.05;0.1;delta=0.005
2026-10-02 10:30;7830.0;7714.59;SPXW  261002C07830000;0.05;0.1;delta=0.005
2026-10-02 10:30;7835.0;7714.59;SPXW  261002C07835000;0.05;0.1;delta=0.005
2026-10-02 10:30;7840.0;7714.59;SPXW  261002C07840000;0.05;0.1;delta=0.005
2026-10-02 10:30;7845.0;7714.59;SPXW  261002C07845000;0.05;0.1;delta=0.005
2026-10-02 10:30;7850.0;7714.59;SPXW  261002C07850000;0.05;0.1;delta=0.005
2026-10-02 10:30;7855.0;7714.59;SPXW  261002C07855000;0.05;0.1;delta=0.005
2026-10-02 10:30;7860.0;7714.59;SPXW  261002C07860000;0.05;0.1;delta=0.004
2026-10-02 10:30;7865.0;7714.59;SPXW  261002C07865000;0.05;0.1;delta=0.004
2026-10-02 10:30;7870.0;7714.59;SPXW  261002C07870000;0.05;0.1;delta=0.004
2026-10-02 10:30;7875.0;7714.59;SPXW  261002C07875000;0.05;0.1;delta=0.004
2026-10-02 10:30;7880.0;7714.59;SPXW  261002C07880000;0.05;0.1;delta=0.004
2026-10-02 10:30;7885.0;7714.59;SPXW  261002C07885000;0.05;0.1;delta=0.004
2026-10-02 10:30;7890.0;7714.59;SPXW  261002C07890000;0.05;0.1;delta=0.004
2026-10-02 10:30;7895.0;7714.59;SPXW  261002C07895000;0.0;0.1;delta=0.003
2026-10-02 10:30;7900.0;7714.59;SPXW  261002C07900000;0.0;0.1;delta=0.003
2026-10-02 10:30;7905.0;7714.59;SPXW  261002C07905000;0.0;0.05;delta=0.001
2026-10-02 10:30;7910.0;7714.59;SPXW  261002C07910000;0.0;0.05;delta=0.001
2026-10-02 10:30;7915.0;7714.59;SPXW  261002C07915000;0.0;0.05;delta=0.001
2026-10-02 10:30;7920.0;7714.59;SPXW  261002C07920000;0.0;0.05;delta=0.001
2026-10-02 10:30;7925.0;7714.59;SPXW  261002C07925000;0.0;0.05;delta=0.001
2026-10-02 10:30;7930.0;7714.59;SPXW  261002C07930000;0.0;0.05;delta=0.001
2026-10-02 10:30;7935.0;7714.59;SPXW  261002C07935000;0.0;0.05;delta=0.001
2026-10-02 10:30;7940.0;7714.59;SPXW  261002C07940000;0.0;0.05;delta=0.001
2026-10-02 10:30;7945.0;7714.59;SPXW  261002C07945000;0.0;0.05;delta=0.001
2026-10-02 10:30;7950.0;7714.59;SPXW  261002C07950000;0.0;0.05;delta=0.001
2026-10-02 10:30;7955.0;7714.59;SPXW  261002C07955000;0.0;0.05;delta=0.001
2026-10-02 10:30;7960.0;7714.59;SPXW  261002C07960000;0.0;0.05;delta=0.001
2026-10-02 10:30;7465.0;7714.59;SPXW  261002P07465000;0.0;0.1;delta=-0.002
2026-10-02 10:30;7470.0;7714.59;SPXW  261002P07470000;0.05;0.1;delta=-0.003
2026-10-02 10:30;7475.0;7714.59;SPXW  261002P07475000;0.05;0.1;delta=-0.003
2026-10-02 10:30;7480.0;7714.59;SPXW  261002P07480000;0.05;0.1;delta=-0.003
2026-10-02 10:30;7485.0;7714.59;SPXW  261002P07485000;0.05;0.1;delta=-0.002
2026-10-02 10:30;7490.0;7714.59;SPXW  261002P07490000;0.05;0.1;delta=-0.003
2026-10-02 10:30;7495.0;7714.59;SPXW  261002P07495000;0.05;0.1;delta=-0.003
2026-10-02 10:30;7500.0;7714.59;SPXW  261002P07500000;0.05;0.1;delta=-0.003
2026-10-02 10:30;7505.0;7714.59;SPXW  261002P07505000;0.05;0.1;delta=-0.003
2026-10-02 10:30;7510.0;7714.59;SPXW  261002P07510000;0.05;0.1;delta=-0.003
2026-10-02 10:30;7515.0;7714.59;SPXW  261002P07515000;0.05;0.1;delta=-0.003
2026-10-02 10:30;7520.0;7714.59;SPXW  261002P07520000;0.05;0.1;delta=-0.003
2026-10-02 10:30;7525.0;7714.59;SPXW  261002P07525000;0.05;0.1;delta=-0.003
2026-10-02 10:30;7530.0;7714.59;SPXW  261002P07530000;0.05;0.1;delta=-0.004
2026-10-02 10:30;7535.0;7714.59;SPXW  261002P07535000;0.05;0.1;delta=-0.004
2026-10-02 10:30;7540.0;7714.59;SPXW  261002P07540000;0.05;0.1;delta=-0.004
2026-10-02 10:30;7545.0;7714.59;SPXW  261002P07545000;0.05;0.1;delta=-0.004
2026-10-02 10:30;7550.0;7714.59;SPXW  261002P07550000;0.05;0.1;delta=-0.004
2026-10-02 10:30;7555.0;7714.59;SPXW  261002P07555000;0.05;0.1;delta=-0.004
2026-10-02 10:30;7560.0;7714.59;SPXW  261002P07560000;0.05;0.1;delta=-0.004
2026-10-02 10:30;7565.0;7714.59;SPXW  261002P07565000;0.05;0.1;delta=-0.004
2026-10-02 10:30;7570.0;7714.59;SPXW  261002P07570000;0.05;0.1;delta=-0.004
2026-10-02 10:30;7575.0;7714.59;SPXW  261002P07575000;0.05;0.15;delta=-0.004
2026-10-02 10:30;7580.0;7714.59;SPXW  261002P07580000;0.1;0.15;delta=-0.007
2026-10-02 10:30;7585.0;7714.59;SPXW  261002P07585000;0.1;0.15;delta=-0.007
2026-10-02 10:30;7590.0;7714.59;SPXW  261002P07590000;0.1;0.15;delta=-0.007
2026-10-02 10:30;7595.0;7714.59;SPXW  261002P07595000;0.1;0.15;delta=-0.008
2026-10-02 10:30;7600.0;7714.59;SPXW  261002P07600000;0.1;0.15;delta=-0.008
2026-10-02 10:30;7605.0;7714.59;SPXW  261002P07605000;0.1;0.15;delta=-0.008
2026-10-02 10:30;7610.0;7714.59;SPXW  261002P07610000;0.1;0.15;delta=-0.009
2026-10-02 10:30;7615.0;7714.59;SPXW  261002P07615000;0.1;0.2;delta=-0.009
2026-10-02 10:30;7620.0;7714.59;SPXW  261002P07620000;0.15;0.2;delta=-0.012
2026-10-02 10:30;7625.0;7714.59;SPXW  261002P07625000;0.15;0.2;delta=-0.013
2026-10-02 10:30;7630.0;7714.59;SPXW  261002P07630000;0.15;0.2;delta=-0.013
2026-10-02 10:30;7635.0;7714.59;SPXW  261002P07635000;0.2;0.25;delta=-0.017
2026-10-02 10:30;7640.0;7714.59;SPXW  261002P07640000;0.25;0.3;delta=-0.018
2026-10-02 10:30;7645.0;7714.59;SPXW  261002P07645000;0.25;0.35;delta=-0.021
2026-10-02 10:30;7650.0;7714.59;SPXW  261002P07650000;0.3;0.4;delta=-0.026
2026-10-02 10:30;7655.0;7714.59;SPXW  261002P07655000;0.4;0.45;delta=-0.03
2026-10-02 10:30;7660.0;7714.59;SPXW  261002P07660000;0.5;0.55;delta=-0.038
2026-10-02 10:30;7665.0;7714.59;SPXW  261002P07665000;0.6;0.7;delta=-0.047
2026-10-02 10:30;7670.0;7714.59;SPXW  261002P07670000;0.8;0.85;delta=-0.06
2026-10-02 10:30;7675.0;7714.59;SPXW  261002P07675000;1.0;1.05;delta=-0.076
2026-10-02 10:30;7680.0;7714.59;SPXW  261002P07680000;1.3;1.4;delta=-0.097
2026-10-02 10:30;7685.0;7714.59;SPXW  261002P07685000;1.7;1.8;delta=-0.125
2026-10-02 10:30;7690.0;7714.59;SPXW  261002P07690000;2.3;2.35;delta=-0.161
2026-10-02 10:30;7695.0;7714.59;SPXW  261002P07695000;3.0;3.1;delta=-0.208
2026-10-02 10:30;7700.0;7714.59;SPXW  261002P07700000;4.0;4.1;delta=-0.266
2026-10-02 10:30;7705.0;7714.59;SPXW  261002P07705000;5.3;5.5;delta=-0.336
2026-10-02 10:30;7710.0;7714.59;SPXW  261002P07710000;7.0;7.2;delta=-0.418
2026-10-02 10:30;7715.0;7714.59;SPXW  261002P07715000;9.2;9.3;delta=-0.51
2026-10-02 10:30;7720.0;7714.59;SPXW  261002P07720000;11.9;12.0;delta=-0.605
2026-10-02 10:30;7725.0;7714.59;SPXW  261002P07725000;15.1;15.2;delta=-0.696
2026-10-02 10:30;7730.0;7714.59;SPXW  261002P07730000;18.8;19.0;delta=-0.777
2026-10-02 10:30;7735.0;7714.59;SPXW  261002P07735000;22.9;23.1;delta=-0.843
2026-10-02 10:30;7740.0;7714.59;SPXW  261002P07740000;27.2;27.6;delta=-0.892
2026-10-02 10:30;7745.0;7714.59;SPXW  261002P07745000;31.8;32.3;delta=-0.926
2026-10-02 10:30;7750.0;7714.59;SPXW  261002P07750000;36.6;37.1;delta=-0.948
2026-10-02 10:30;7755.0;7714.59;SPXW  261002P07755000;41.5;41.9;delta=-0.964
2026-10-02 10:30;7760.0;7714.59;SPXW  261002P07760000;46.4;46.9;delta=-0.97
2026-10-02 10:30;7765.0;7714.59;SPXW  261002P07765000;51.4;51.8;delta=-0.976
2026-10-02 10:30;7770.0;7714.59;SPXW  261002P07770000;56.2;57.1;delta=-0.982
2026-10-02 10:30;7775.0;7714.59;SPXW  261002P07775000;61.2;62.1;delta=-0.983
2026-10-02 10:30;7780.0;7714.59;SPXW  261002P07780000;66.2;67.1;delta=-0.986
2026-10-02 10:30;7785.0;7714.59;SPXW  261002P07785000;71.2;72.0;delta=-0.988
2026-10-02 10:30;7790.0;7714.59;SPXW  261002P07790000;76.1;77.0;delta=-0.989
2026-10-02 10:30;7795.0;7714.59;SPXW  261002P07795000;81.1;82.0;delta=-0.989
2026-10-02 10:30;7800.0;7714.59;SPXW  261002P07800000;86.1;87.0;delta=-0.99
2026-10-02 10:30;7805.0;7714.59;SPXW  261002P07805000;91.1;92.0;delta=-0.992
2026-10-02 10:30;7810.0;7714.59;SPXW  261002P07810000;96.1;97.0;delta=-0.992
2026-10-02 10:30;7815.0;7714.59;SPXW  261002P07815000;100.9;102.3;delta=-0.993
2026-10-02 10:30;7820.0;7714.59;SPXW  261002P07820000;105.9;107.3;delta=-0.994
2026-10-02 10:30;7825.0;7714.59;SPXW  261002P07825000;110.9;112.3;delta=-0.995
2026-10-02 10:30;7830.0;7714.59;SPXW  261002P07830000;115.9;117.3;delta=-0.995
2026-10-02 10:30;7835.0;7714.59;SPXW  261002P07835000;120.9;122.3;delta=-0.995
2026-10-02 10:30;7840.0;7714.59;SPXW  261002P07840000;125.9;127.3;delta=-0.995
2026-10-02 10:30;7845.0;7714.59;SPXW  261002P07845000;130.9;132.3;delta=-0.995
2026-10-02 10:30;7850.0;7714.59;SPXW  261002P07850000;135.9;137.3;delta=-0.995
2026-10-02 10:30;7855.0;7714.59;SPXW  261002P07855000;140.9;142.3;delta=-0.995
2026-10-02 10:30;7860.0;7714.59;SPXW  261002P07860000;145.9;147.3;delta=-0.996
2026-10-02 10:30;7865.0;7714.59;SPXW  261002P07865000;147.8;154.9;delta=-0.996
2026-10-02 10:30;7870.0;7714.59;SPXW  261002P07870000;152.8;160.1;delta=-0.996
2026-10-02 10:30;7875.0;7714.59;SPXW  261002P07875000;157.8;164.9;delta=-0.996
2026-10-02 10:30;7880.0;7714.59;SPXW  261002P07880000;162.8;169.9;delta=-0.996
2026-10-02 10:30;7885.0;7714.59;SPXW  261002P07885000;167.8;175.1;delta=-0.996
2026-10-02 10:30;7890.0;7714.59;SPXW  261002P07890000;172.7;179.9;delta=-0.996
2026-10-02 10:30;7895.0;7714.59;SPXW  261002P07895000;177.7;185.2;delta=-0.997
2026-10-02 10:30;7900.0;7714.59;SPXW  261002P07900000;185.6;187.3;delta=-0.997
2026-10-02 10:30;7905.0;7714.59;SPXW  261002P07905000;187.7;195.2;delta=-0.999
2026-10-02 10:30;7910.0;7714.59;SPXW  261002P07910000;192.7;199.5;delta=-0.999
2026-10-02 10:30;7915.0;7714.59;SPXW  261002P07915000;194.3;208.0;delta=-0.999
2026-10-02 10:30;7920.0;7714.59;SPXW  261002P07920000;205.6;207.2;delta=-0.999
2026-10-02 10:30;7925.0;7714.59;SPXW  261002P07925000;204.4;216.9;delta=-0.999
2026-10-02 10:30;7930.0;7714.59;SPXW  261002P07930000;208.8;222.1;delta=-0.999
2026-10-02 10:30;7935.0;7714.59;SPXW  261002P07935000;210.3;230.5;delta=-0.999
2026-10-02 10:30;7940.0;7714.59;SPXW  261002P07940000;215.5;235.5;delta=-0.999
2026-10-02 10:30;7945.0;7714.59;SPXW  261002P07945000;220.0;238.3;delta=-0.999
2026-10-02 10:30;7950.0;7714.59;SPXW  261002P07950000;235.6;237.2;delta=-0.999
2026-10-02 10:30;7955.0;7714.59;SPXW  261002P07955000;230.1;249.3;delta=-0.999
2026-10-02 10:30;7960.0;7714.59;SPXW  261002P07960000;235.7;255.5;delta=-0.999
2026-10-02 10:34;7470.0;7719.61;SPXW  261002C07470000;240.9;260.1;delta=0.997
2026-10-02 10:34;7475.0;7719.61;SPXW  261002C07475000;234.5;252.0;delta=0.998
2026-10-02 10:34;7480.0;7719.61;SPXW  261002C07480000;229.4;249.6;delta=0.997
2026-10-02 10:34;7485.0;7719.61;SPXW  261002C07485000;225.8;245.6;delta=0.998
2026-10-02 10:34;7490.0;7719.61;SPXW  261002C07490000;220.9;237.7;delta=0.997
2026-10-02 10:34;7495.0;7719.61;SPXW  261002C07495000;214.6;235.1;delta=0.997
2026-10-02 10:34;7500.0;7719.61;SPXW  261002C07500000;218.7;220.2;delta=0.997
2026-10-02 10:34;7505.0;7719.61;SPXW  261002C07505000;207.9;221.6;delta=0.997
2026-10-02 10:34;7510.0;7719.61;SPXW  261002C07510000;202.9;216.6;delta=0.997
2026-10-02 10:34;7515.0;7719.61;SPXW  261002C07515000;198.0;211.5;delta=0.997
2026-10-02 10:34;7520.0;7719.61;SPXW  261002C07520000;195.6;203.0;delta=0.997
2026-10-02 10:34;7525.0;7719.61;SPXW  261002C07525000;190.6;198.0;delta=0.997
2026-10-02 10:34;7530.0;7719.61;SPXW  261002C07530000;185.2;192.9;delta=0.997
2026-10-02 10:34;7535.0;7719.61;SPXW  261002C07535000;180.6;188.0;delta=0.996
2026-10-02 10:34;7540.0;7719.61;SPXW  261002C07540000;175.6;183.0;delta=0.996
2026-10-02 10:34;7545.0;7719.61;SPXW  261002C07545000;170.6;178.1;delta=0.996
2026-10-02 10:34;7550.0;7719.61;SPXW  261002C07550000;168.7;170.2;delta=0.996
2026-10-02 10:34;7555.0;7719.61;SPXW  261002C07555000;160.6;168.0;delta=0.996
2026-10-02 10:34;7560.0;7719.61;SPXW  261002C07560000;155.6;163.1;delta=0.996
2026-10-02 10:34;7565.0;7719.61;SPXW  261002C07565000;150.2;158.0;delta=0.996
2026-10-02 10:34;7570.0;7719.61;SPXW  261002C07570000;145.2;153.0;delta=0.996
2026-10-02 10:34;7575.0;7719.61;SPXW  261002C07575000;143.7;145.2;delta=0.996
2026-10-02 10:34;7580.0;7719.61;SPXW  261002C07580000;135.2;143.0;delta=0.996
2026-10-02 10:34;7585.0;7719.61;SPXW  261002C07585000;130.2;138.0;delta=0.995
2026-10-02 10:34;7590.0;7719.61;SPXW  261002C07590000;125.2;133.1;delta=0.995
2026-10-02 10:34;7595.0;7719.61;SPXW  261002C07595000;120.2;128.0;delta=0.993
2026-10-02 10:34;7600.0;7719.61;SPXW  261002C07600000;118.8;120.1;delta=0.992
2026-10-02 10:34;7605.0;7719.61;SPXW  261002C07605000;110.9;118.1;delta=0.992
2026-10-02 10:34;7610.0;7719.61;SPXW  261002C07610000;105.7;113.0;delta=0.992
2026-10-02 10:34;7615.0;7719.61;SPXW  261002C07615000;100.3;108.0;delta=0.991
2026-10-02 10:34;7620.0;7719.61;SPXW  261002C07620000;99.0;100.0;delta=0.991
2026-10-02 10:34;7625.0;7719.61;SPXW  261002C07625000;94.3;94.7;delta=0.991
2026-10-02 10:34;7630.0;7719.61;SPXW  261002C07630000;89.3;89.7;delta=0.987
2026-10-02 10:34;7635.0;7719.61;SPXW  261002C07635000;84.3;84.7;delta=0.987
2026-10-02 10:34;7640.0;7719.61;SPXW  261002C07640000;79.3;79.7;delta=0.986
2026-10-02 10:34;7645.0;7719.61;SPXW  261002C07645000;74.4;74.7;delta=0.982
2026-10-02 10:34;7650.0;7719.61;SPXW  261002C07650000;69.4;69.8;delta=0.981
2026-10-02 10:34;7655.0;7719.61;SPXW  261002C07655000;64.4;64.8;delta=0.977
2026-10-02 10:34;7660.0;7719.61;SPXW  261002C07660000;59.5;59.9;delta=0.973
2026-10-02 10:34;7665.0;7719.61;SPXW  261002C07665000;54.6;54.9;delta=0.964
2026-10-02 10:34;7670.0;7719.61;SPXW  261002C07670000;49.6;50.0;delta=0.959
2026-10-02 10:34;7675.0;7719.61;SPXW  261002C07675000;44.8;45.1;delta=0.946
2026-10-02 10:34;7680.0;7719.61;SPXW  261002C07680000;40.1;40.3;delta=0.933
2026-10-02 10:34;7685.0;7719.61;SPXW  261002C07685000;35.3;35.5;delta=0.912
2026-10-02 10:34;7690.0;7719.61;SPXW  261002C07690000;30.6;30.9;delta=0.887
2026-10-02 10:34;7695.0;7719.61;SPXW  261002C07695000;26.1;26.3;delta=0.85
2026-10-02 10:34;7700.0;7719.61;SPXW  261002C07700000;21.7;21.9;delta=0.804
2026-10-02 10:34;7705.0;7719.61;SPXW  261002C07705000;17.6;17.8;delta=0.744
2026-10-02 10:34;7710.0;7719.61;SPXW  261002C07710000;13.8;14.0;delta=0.67
2026-10-02 10:34;7715.0;7719.61;SPXW  261002C07715000;10.4;10.6;delta=0.582
2026-10-02 10:34;7720.0;7719.61;SPXW  261002C07720000;7.6;7.7;delta=0.484
2026-10-02 10:34;7725.0;7719.61;SPXW  261002C07725000;5.2;5.3;delta=0.383
2026-10-02 10:34;7730.0;7719.61;SPXW  261002C07730000;3.4;3.6;delta=0.287
2026-10-02 10:34;7735.0;7719.61;SPXW  261002C07735000;2.25;2.3;delta=0.207
2026-10-02 10:34;7740.0;7719.61;SPXW  261002C07740000;1.4;1.45;delta=0.143
2026-10-02 10:34;7745.0;7719.61;SPXW  261002C07745000;0.9;0.95;delta=0.098
2026-10-02 10:34;7750.0;7719.61;SPXW  261002C07750000;0.6;0.65;delta=0.069
2026-10-02 10:34;7755.0;7719.61;SPXW  261002C07755000;0.4;0.45;delta=0.048
2026-10-02 10:34;7760.0;7719.61;SPXW  261002C07760000;0.3;0.35;delta=0.036
2026-10-02 10:34;7765.0;7719.61;SPXW  261002C07765000;0.25;0.3;delta=0.029
2026-10-02 10:34;7770.0;7719.61;SPXW  261002C07770000;0.2;0.25;delta=0.024
2026-10-02 10:34;7775.0;7719.61;SPXW  261002C07775000;0.15;0.2;delta=0.018
2026-10-02 10:34;7780.0;7719.61;SPXW  261002C07780000;0.15;0.2;delta=0.017
2026-10-02 10:34;7785.0;7719.61;SPXW  261002C07785000;0.15;0.2;delta=0.016
2026-10-02 10:34;7790.0;7719.61;SPXW  261002C07790000;0.1;0.15;delta=0.012
2026-10-02 10:34;7795.0;7719.61;SPXW  261002C07795000;0.1;0.15;delta=0.011
2026-10-02 10:34;7800.0;7719.61;SPXW  261002C07800000;0.1;0.15;delta=0.011
2026-10-02 10:34;7805.0;7719.61;SPXW  261002C07805000;0.1;0.15;delta=0.01
2026-10-02 10:34;7810.0;7719.61;SPXW  261002C07810000;0.1;0.15;delta=0.01
2026-10-02 10:34;7815.0;7719.61;SPXW  261002C07815000;0.05;0.1;delta=0.006
2026-10-02 10:34;7820.0;7719.61;SPXW  261002C07820000;0.05;0.1;delta=0.006
2026-10-02 10:34;7825.0;7719.61;SPXW  261002C07825000;0.05;0.1;delta=0.006
2026-10-02 10:34;7830.0;7719.61;SPXW  261002C07830000;0.05;0.1;delta=0.005
2026-10-02 10:34;7835.0;7719.61;SPXW  261002C07835000;0.05;0.1;delta=0.005
2026-10-02 10:34;7840.0;7719.61;SPXW  261002C07840000;0.05;0.1;delta=0.005
2026-10-02 10:34;7845.0;7719.61;SPXW  261002C07845000;0.05;0.1;delta=0.005
2026-10-02 10:34;7850.0;7719.61;SPXW  261002C07850000;0.05;0.1;delta=0.005
2026-10-02 10:34;7855.0;7719.61;SPXW  261002C07855000;0.05;0.1;delta=0.005
2026-10-02 10:34;7860.0;7719.61;SPXW  261002C07860000;0.05;0.1;delta=0.004
2026-10-02 10:34;7865.0;7719.61;SPXW  261002C07865000;0.05;0.1;delta=0.004
2026-10-02 10:34;7870.0;7719.61;SPXW  261002C07870000;0.05;0.1;delta=0.004
2026-10-02 10:34;7875.0;7719.61;SPXW  261002C07875000;0.05;0.1;delta=0.004
2026-10-02 10:34;7880.0;7719.61;SPXW  261002C07880000;0.05;0.1;delta=0.004
2026-10-02 10:34;7885.0;7719.61;SPXW  261002C07885000;0.05;0.1;delta=0.004
2026-10-02 10:34;7890.0;7719.61;SPXW  261002C07890000;0.05;0.1;delta=0.004
2026-10-02 10:34;7895.0;7719.61;SPXW  261002C07895000;0.05;0.1;delta=0.004
2026-10-02 10:34;7900.0;7719.61;SPXW  261002C07900000;0.05;0.1;delta=0.004
2026-10-02 10:34;7905.0;7719.61;SPXW  261002C07905000;0.0;0.1;delta=0.003
2026-10-02 10:34;7910.0;7719.61;SPXW  261002C07910000;0.0;0.05;delta=0.001
2026-10-02 10:34;7915.0;7719.61;SPXW  261002C07915000;0.0;0.05;delta=0.001
2026-10-02 10:34;7920.0;7719.61;SPXW  261002C07920000;0.0;0.05;delta=0.001
2026-10-02 10:34;7925.0;7719.61;SPXW  261002C07925000;0.0;0.05;delta=0.001
2026-10-02 10:34;7930.0;7719.61;SPXW  261002C07930000;0.0;0.05;delta=0.001
2026-10-02 10:34;7935.0;7719.61;SPXW  261002C07935000;0.0;0.05;delta=0.001
2026-10-02 10:34;7940.0;7719.61;SPXW  261002C07940000;0.0;0.05;delta=0.001
2026-10-02 10:34;7945.0;7719.61;SPXW  261002C07945000;0.0;0.05;delta=0.001
2026-10-02 10:34;7950.0;7719.61;SPXW  261002C07950000;0.0;0.05;delta=0.001
2026-10-02 10:34;7955.0;7719.61;SPXW  261002C07955000;0.0;0.05;delta=0.001
2026-10-02 10:34;7960.0;7719.61;SPXW  261002C07960000;0.0;0.05;delta=0.001
2026-10-02 10:34;7965.0;7719.61;SPXW  261002C07965000;0.0;0.05;delta=0.001
2026-10-02 10:34;7470.0;7719.61;SPXW  261002P07470000;0.05;0.1;delta=-0.003
2026-10-02 10:34;7475.0;7719.61;SPXW  261002P07475000;0.0;0.1;delta=-0.002
2026-10-02 10:34;7480.0;7719.61;SPXW  261002P07480000;0.05;0.1;delta=-0.003
2026-10-02 10:34;7485.0;7719.61;SPXW  261002P07485000;0.0;0.1;delta=-0.002
2026-10-02 10:34;7490.0;7719.61;SPXW  261002P07490000;0.05;0.1;delta=-0.003
2026-10-02 10:34;7495.0;7719.61;SPXW  261002P07495000;0.05;0.1;delta=-0.003
2026-10-02 10:34;7500.0;7719.61;SPXW  261002P07500000;0.05;0.1;delta=-0.003
2026-10-02 10:34;7505.0;7719.61;SPXW  261002P07505000;0.05;0.1;delta=-0.003
2026-10-02 10:34;7510.0;7719.61;SPXW  261002P07510000;0.05;0.1;delta=-0.003
2026-10-02 10:34;7515.0;7719.61;SPXW  261002P07515000;0.05;0.1;delta=-0.003
2026-10-02 10:34;7520.0;7719.61;SPXW  261002P07520000;0.05;0.1;delta=-0.003
2026-10-02 10:34;7525.0;7719.61;SPXW  261002P07525000;0.05;0.1;delta=-0.003
2026-10-02 10:34;7530.0;7719.61;SPXW  261002P07530000;0.05;0.1;delta=-0.003
2026-10-02 10:34;7535.0;7719.61;SPXW  261002P07535000;0.05;0.1;delta=-0.004
2026-10-02 10:34;7540.0;7719.61;SPXW  261002P07540000;0.05;0.1;delta=-0.004
2026-10-02 10:34;7545.0;7719.61;SPXW  261002P07545000;0.05;0.1;delta=-0.004
2026-10-02 10:34;7550.0;7719.61;SPXW  261002P07550000;0.05;0.1;delta=-0.004
2026-10-02 10:34;7555.0;7719.61;SPXW  261002P07555000;0.05;0.1;delta=-0.004
2026-10-02 10:34;7560.0;7719.61;SPXW  261002P07560000;0.05;0.1;delta=-0.004
2026-10-02 10:34;7565.0;7719.61;SPXW  261002P07565000;0.05;0.1;delta=-0.004
2026-10-02 10:34;7570.0;7719.61;SPXW  261002P07570000;0.05;0.1;delta=-0.004
2026-10-02 10:34;7575.0;7719.61;SPXW  261002P07575000;0.05;0.1;delta=-0.004
2026-10-02 10:34;7580.0;7719.61;SPXW  261002P07580000;0.05;0.1;delta=-0.004
2026-10-02 10:34;7585.0;7719.61;SPXW  261002P07585000;0.05;0.1;delta=-0.005
2026-10-02 10:34;7590.0;7719.61;SPXW  261002P07590000;0.05;0.1;delta=-0.005
2026-10-02 10:34;7595.0;7719.61;SPXW  261002P07595000;0.1;0.15;delta=-0.007
2026-10-02 10:34;7600.0;7719.61;SPXW  261002P07600000;0.1;0.15;delta=-0.008
2026-10-02 10:34;7605.0;7719.61;SPXW  261002P07605000;0.1;0.15;delta=-0.008
2026-10-02 10:34;7610.0;7719.61;SPXW  261002P07610000;0.1;0.15;delta=-0.008
2026-10-02 10:34;7615.0;7719.61;SPXW  261002P07615000;0.1;0.15;delta=-0.009
2026-10-02 10:34;7620.0;7719.61;SPXW  261002P07620000;0.1;0.15;delta=-0.009
2026-10-02 10:34;7625.0;7719.61;SPXW  261002P07625000;0.1;0.15;delta=-0.009
2026-10-02 10:34;7630.0;7719.61;SPXW  261002P07630000;0.15;0.2;delta=-0.013
2026-10-02 10:34;7635.0;7719.61;SPXW  261002P07635000;0.15;0.2;delta=-0.013
2026-10-02 10:34;7640.0;7719.61;SPXW  261002P07640000;0.15;0.2;delta=-0.014
2026-10-02 10:34;7645.0;7719.61;SPXW  261002P07645000;0.2;0.25;delta=-0.018
2026-10-02 10:34;7650.0;7719.61;SPXW  261002P07650000;0.2;0.25;delta=-0.019
2026-10-02 10:34;7655.0;7719.61;SPXW  261002P07655000;0.25;0.3;delta=-0.023
2026-10-02 10:34;7660.0;7719.61;SPXW  261002P07660000;0.3;0.35;delta=-0.027
2026-10-02 10:34;7665.0;7719.61;SPXW  261002P07665000;0.35;0.45;delta=-0.036
2026-10-02 10:34;7670.0;7719.61;SPXW  261002P07670000;0.45;0.5;delta=-0.041
2026-10-02 10:34;7675.0;7719.61;SPXW  261002P07675000;0.6;0.65;delta=-0.054
2026-10-02 10:34;7680.0;7719.61;SPXW  261002P07680000;0.75;0.8;delta=-0.067
2026-10-02 10:34;7685.0;7719.61;SPXW  261002P07685000;1.0;1.05;delta=-0.088
2026-10-02 10:34;7690.0;7719.61;SPXW  261002P07690000;1.3;1.35;delta=-0.115
2026-10-02 10:34;7695.0;7719.61;SPXW  261002P07695000;1.75;1.85;delta=-0.149
2026-10-02 10:34;7700.0;7719.61;SPXW  261002P07700000;2.4;2.45;delta=-0.196
2026-10-02 10:34;7705.0;7719.61;SPXW  261002P07705000;3.2;3.4;delta=-0.256
2026-10-02 10:34;7710.0;7719.61;SPXW  261002P07710000;4.4;4.6;delta=-0.329
2026-10-02 10:34;7715.0;7719.61;SPXW  261002P07715000;6.0;6.2;delta=-0.417
2026-10-02 10:34;7720.0;7719.61;SPXW  261002P07720000;8.1;8.3;delta=-0.516
2026-10-02 10:34;7725.0;7719.61;SPXW  261002P07725000;10.8;11.0;delta=-0.617
2026-10-02 10:34;7730.0;7719.61;SPXW  261002P07730000;14.0;14.3;delta=-0.713
2026-10-02 10:34;7735.0;7719.61;SPXW  261002P07735000;17.8;18.1;delta=-0.793
2026-10-02 10:34;7740.0;7719.61;SPXW  261002P07740000;21.9;22.2;delta=-0.857
2026-10-02 10:34;7745.0;7719.61;SPXW  261002P07745000;26.4;26.8;delta=-0.902
2026-10-02 10:34;7750.0;7719.61;SPXW  261002P07750000;31.1;31.5;delta=-0.931
2026-10-02 10:34;7755.0;7719.61;SPXW  261002P07755000;36.0;36.3;delta=-0.952
2026-10-02 10:34;7760.0;7719.61;SPXW  261002P07760000;40.8;41.2;delta=-0.964
2026-10-02 10:34;7765.0;7719.61;SPXW  261002P07765000;45.7;46.1;delta=-0.97
2026-10-02 10:34;7770.0;7719.61;SPXW  261002P07770000;50.5;51.5;delta=-0.976
2026-10-02 10:34;7775.0;7719.61;SPXW  261002P07775000;55.3;56.5;delta=-0.982
2026-10-02 10:34;7780.0;7719.61;SPXW  261002P07780000;60.3;61.6;delta=-0.983
2026-10-02 10:34;7785.0;7719.61;SPXW  261002P07785000;65.3;66.6;delta=-0.984
2026-10-02 10:34;7790.0;7719.61;SPXW  261002P07790000;70.3;71.5;delta=-0.988
2026-10-02 10:34;7795.0;7719.61;SPXW  261002P07795000;75.3;76.5;delta=-0.989
2026-10-02 10:34;7800.0;7719.61;SPXW  261002P07800000;80.2;81.5;delta=-0.989
2026-10-02 10:34;7805.0;7719.61;SPXW  261002P07805000;85.2;86.5;delta=-0.99
2026-10-02 10:34;7810.0;7719.61;SPXW  261002P07810000;90.2;91.5;delta=-0.99
2026-10-02 10:34;7815.0;7719.61;SPXW  261002P07815000;95.2;96.5;delta=-0.994
2026-10-02 10:34;7820.0;7719.61;SPXW  261002P07820000;97.3;101.4;delta=-0.994
2026-10-02 10:34;7825.0;7719.61;SPXW  261002P07825000;105.0;106.5;delta=-0.994
2026-10-02 10:34;7830.0;7719.61;SPXW  261002P07830000;110.0;111.5;delta=-0.995
2026-10-02 10:34;7835.0;7719.61;SPXW  261002P07835000;114.9;116.5;delta=-0.995
2026-10-02 10:34;7840.0;7719.61;SPXW  261002P07840000;119.9;121.5;delta=-0.995
2026-10-02 10:34;7845.0;7719.61;SPXW  261002P07845000;124.9;126.5;delta=-0.995
2026-10-02 10:34;7850.0;7719.61;SPXW  261002P07850000;129.9;131.5;delta=-0.995
2026-10-02 10:34;7855.0;7719.61;SPXW  261002P07855000;134.9;136.5;delta=-0.995
2026-10-02 10:34;7860.0;7719.61;SPXW  261002P07860000;139.9;141.5;delta=-0.995
2026-10-02 10:34;7865.0;7719.61;SPXW  261002P07865000;141.9;149.5;delta=-0.996
2026-10-02 10:34;7870.0;7719.61;SPXW  261002P07870000;147.2;154.3;delta=-0.996
2026-10-02 10:34;7875.0;7719.61;SPXW  261002P07875000;151.5;159.6;delta=-0.996
2026-10-02 10:34;7880.0;7719.61;SPXW  261002P07880000;153.1;166.8;delta=-0.996
2026-10-02 10:34;7885.0;7719.61;SPXW  261002P07885000;162.1;169.6;delta=-0.996
2026-10-02 10:34;7890.0;7719.61;SPXW  261002P07890000;167.2;174.5;delta=-0.996
2026-10-02 10:34;7895.0;7719.61;SPXW  261002P07895000;171.9;179.5;delta=-0.996
2026-10-02 10:34;7900.0;7719.61;SPXW  261002P07900000;175.7;181.3;delta=-0.996
2026-10-02 10:34;7905.0;7719.61;SPXW  261002P07905000;182.1;189.5;delta=-0.997
2026-10-02 10:34;7910.0;7719.61;SPXW  261002P07910000;187.1;194.9;delta=-0.999
2026-10-02 10:34;7915.0;7719.61;SPXW  261002P07915000;192.0;199.9;delta=-0.999
2026-10-02 10:34;7920.0;7719.61;SPXW  261002P07920000;193.8;201.3;delta=-0.999
2026-10-02 10:34;7925.0;7719.61;SPXW  261002P07925000;198.8;212.5;delta=-0.999
2026-10-02 10:34;7930.0;7719.61;SPXW  261002P07930000;203.8;217.5;delta=-0.999
2026-10-02 10:34;7935.0;7719.61;SPXW  261002P07935000;208.1;221.6;delta=-0.999
2026-10-02 10:34;7940.0;7719.61;SPXW  261002P07940000;210.6;231.1;delta=-0.999
2026-10-02 10:34;7945.0;7719.61;SPXW  261002P07945000;214.3;234.2;delta=-0.999
2026-10-02 10:34;7950.0;7719.61;SPXW  261002P07950000;230.1;231.4;delta=-0.999
2026-10-02 10:34;7955.0;7719.61;SPXW  261002P07955000;225.3;244.2;delta=-0.999
2026-10-02 10:34;7960.0;7719.61;SPXW  261002P07960000;230.5;251.0;delta=-0.999
2026-10-02 10:34;7965.0;7719.61;SPXW  261002P07965000;235.5;256.0;delta=-0.999
2026-10-02 10:39;7470.0;7717.23;SPXW  261002C07470000;237.7;258.1;delta=0.997
2026-10-02 10:39;7475.0;7717.23;SPXW  261002C07475000;232.7;252.0;delta=0.998
2026-10-02 10:39;7480.0;7717.23;SPXW  261002C07480000;229.4;248.1;delta=0.997
2026-10-02 10:39;7485.0;7717.23;SPXW  261002C07485000;222.7;242.4;delta=0.998
2026-10-02 10:39;7490.0;7717.23;SPXW  261002C07490000;218.4;237.7;delta=0.997
2026-10-02 10:39;7495.0;7717.23;SPXW  261002C07495000;212.7;233.1;delta=0.997
2026-10-02 10:39;7500.0;7717.23;SPXW  261002C07500000;216.8;217.9;delta=0.997
2026-10-02 10:39;7505.0;7717.23;SPXW  261002C07505000;205.1;219.2;delta=0.997
2026-10-02 10:39;7510.0;7717.23;SPXW  261002C07510000;201.2;214.7;delta=0.997
2026-10-02 10:39;7515.0;7717.23;SPXW  261002C07515000;196.0;209.0;delta=0.997
2026-10-02 10:39;7520.0;7717.23;SPXW  261002C07520000;193.9;201.2;delta=0.997
2026-10-02 10:39;7525.0;7717.23;SPXW  261002C07525000;188.4;196.2;delta=0.997
2026-10-02 10:39;7530.0;7717.23;SPXW  261002C07530000;183.4;191.0;delta=0.996
2026-10-02 10:39;7535.0;7717.23;SPXW  261002C07535000;178.4;186.2;delta=0.996
2026-10-02 10:39;7540.0;7717.23;SPXW  261002C07540000;173.9;181.2;delta=0.996
2026-10-02 10:39;7545.0;7717.23;SPXW  261002C07545000;168.4;176.2;delta=0.996
2026-10-02 10:39;7550.0;7717.23;SPXW  261002C07550000;166.8;167.9;delta=0.996
2026-10-02 10:39;7555.0;7717.23;SPXW  261002C07555000;158.8;165.8;delta=0.996
2026-10-02 10:39;7560.0;7717.23;SPXW  261002C07560000;156.8;158.0;delta=0.996
2026-10-02 10:39;7565.0;7717.23;SPXW  261002C07565000;148.5;156.2;delta=0.996
2026-10-02 10:39;7570.0;7717.23;SPXW  261002C07570000;143.5;151.2;delta=0.996
2026-10-02 10:39;7575.0;7717.23;SPXW  261002C07575000;141.8;143.0;delta=0.996
2026-10-02 10:39;7580.0;7717.23;SPXW  261002C07580000;133.5;141.2;delta=0.995
2026-10-02 10:39;7585.0;7717.23;SPXW  261002C07585000;128.6;136.2;delta=0.995
2026-10-02 10:39;7590.0;7717.23;SPXW  261002C07590000;123.5;131.2;delta=0.994
2026-10-02 10:39;7595.0;7717.23;SPXW  261002C07595000;118.7;126.2;delta=0.992
2026-10-02 10:39;7600.0;7717.23;SPXW  261002C07600000;116.8;118.0;delta=0.992
2026-10-02 10:39;7605.0;7717.23;SPXW  261002C07605000;111.9;113.0;delta=0.992
2026-10-02 10:39;7610.0;7717.23;SPXW  261002C07610000;106.9;108.0;delta=0.992
2026-10-02 10:39;7615.0;7717.23;SPXW  261002C07615000;98.5;105.8;delta=0.991
2026-10-02 10:39;7620.0;7717.23;SPXW  261002C07620000;97.1;97.9;delta=0.991
2026-10-02 10:39;7625.0;7717.23;SPXW  261002C07625000;92.3;92.6;delta=0.988
2026-10-02 10:39;7630.0;7717.23;SPXW  261002C07630000;87.3;87.6;delta=0.987
2026-10-02 10:39;7635.0;7717.23;SPXW  261002C07635000;82.3;82.6;delta=0.987
2026-10-02 10:39;7640.0;7717.23;SPXW  261002C07640000;77.3;77.6;delta=0.983
2026-10-02 10:39;7645.0;7717.23;SPXW  261002C07645000;72.3;72.7;delta=0.982
2026-10-02 10:39;7650.0;7717.23;SPXW  261002C07650000;67.4;67.7;delta=0.978
2026-10-02 10:39;7655.0;7717.23;SPXW  261002C07655000;62.4;62.7;delta=0.973
2026-10-02 10:39;7660.0;7717.23;SPXW  261002C07660000;57.5;57.8;delta=0.969
2026-10-02 10:39;7665.0;7717.23;SPXW  261002C07665000;52.6;52.9;delta=0.963
2026-10-02 10:39;7670.0;7717.23;SPXW  261002C07670000;47.7;48.0;delta=0.951
2026-10-02 10:39;7675.0;7717.23;SPXW  261002C07675000;42.8;43.1;delta=0.941
2026-10-02 10:39;7680.0;7717.23;SPXW  261002C07680000;38.0;38.2;delta=0.924
2026-10-02 10:39;7685.0;7717.23;SPXW  261002C07685000;33.2;33.5;delta=0.902
2026-10-02 10:39;7690.0;7717.23;SPXW  261002C07690000;28.6;28.8;delta=0.871
2026-10-02 10:39;7695.0;7717.23;SPXW  261002C07695000;24.1;24.3;delta=0.833
2026-10-02 10:39;7700.0;7717.23;SPXW  261002C07700000;19.8;20.0;delta=0.781
2026-10-02 10:39;7705.0;7717.23;SPXW  261002C07705000;15.8;16.0;delta=0.714
2026-10-02 10:39;7710.0;7717.23;SPXW  261002C07710000;12.1;12.3;delta=0.633
2026-10-02 10:39;7715.0;7717.23;SPXW  261002C07715000;8.9;9.1;delta=0.537
2026-10-02 10:39;7720.0;7717.23;SPXW  261002C07720000;6.3;6.4;delta=0.435
2026-10-02 10:39;7725.0;7717.23;SPXW  261002C07725000;4.2;4.4;delta=0.334
2026-10-02 10:39;7730.0;7717.23;SPXW  261002C07730000;2.75;2.8;delta=0.244
2026-10-02 10:39;7735.0;7717.23;SPXW  261002C07735000;1.75;1.8;delta=0.17
2026-10-02 10:39;7740.0;7717.23;SPXW  261002C07740000;1.1;1.15;delta=0.115
2026-10-02 10:39;7745.0;7717.23;SPXW  261002C07745000;0.7;0.75;delta=0.078
2026-10-02 10:39;7750.0;7717.23;SPXW  261002C07750000;0.45;0.5;delta=0.054
2026-10-02 10:39;7755.0;7717.23;SPXW  261002C07755000;0.3;0.4;delta=0.04
2026-10-02 10:39;7760.0;7717.23;SPXW  261002C07760000;0.25;0.3;delta=0.031
2026-10-02 10:39;7765.0;7717.23;SPXW  261002C07765000;0.2;0.25;delta=0.025
2026-10-02 10:39;7770.0;7717.23;SPXW  261002C07770000;0.15;0.2;delta=0.019
2026-10-02 10:39;7775.0;7717.23;SPXW  261002C07775000;0.15;0.2;delta=0.018
2026-10-02 10:39;7780.0;7717.23;SPXW  261002C07780000;0.1;0.15;delta=0.013
2026-10-02 10:39;7785.0;7717.23;SPXW  261002C07785000;0.1;0.15;delta=0.012
2026-10-02 10:39;7790.0;7717.23;SPXW  261002C07790000;0.1;0.15;delta=0.011
2026-10-02 10:39;7795.0;7717.23;SPXW  261002C07795000;0.1;0.15;delta=0.011
2026-10-02 10:39;7800.0;7717.23;SPXW  261002C07800000;0.1;0.15;delta=0.01
2026-10-02 10:39;7805.0;7717.23;SPXW  261002C07805000;0.1;0.15;delta=0.01
2026-10-02 10:39;7810.0;7717.23;SPXW  261002C07810000;0.1;0.15;delta=0.009
2026-10-02 10:39;7815.0;7717.23;SPXW  261002C07815000;0.05;0.1;delta=0.008
2026-10-02 10:39;7820.0;7717.23;SPXW  261002C07820000;0.05;0.1;delta=0.006
2026-10-02 10:39;7825.0;7717.23;SPXW  261002C07825000;0.05;0.1;delta=0.006
2026-10-02 10:39;7830.0;7717.23;SPXW  261002C07830000;0.05;0.1;delta=0.005
2026-10-02 10:39;7835.0;7717.23;SPXW  261002C07835000;0.05;0.1;delta=0.005
2026-10-02 10:39;7840.0;7717.23;SPXW  261002C07840000;0.05;0.1;delta=0.005
2026-10-02 10:39;7845.0;7717.23;SPXW  261002C07845000;0.05;0.1;delta=0.005
2026-10-02 10:39;7850.0;7717.23;SPXW  261002C07850000;0.05;0.1;delta=0.005
2026-10-02 10:39;7855.0;7717.23;SPXW  261002C07855000;0.05;0.1;delta=0.005
2026-10-02 10:39;7860.0;7717.23;SPXW  261002C07860000;0.05;0.1;delta=0.004
2026-10-02 10:39;7865.0;7717.23;SPXW  261002C07865000;0.05;0.1;delta=0.004
2026-10-02 10:39;7870.0;7717.23;SPXW  261002C07870000;0.05;0.1;delta=0.004
2026-10-02 10:39;7875.0;7717.23;SPXW  261002C07875000;0.05;0.1;delta=0.004
2026-10-02 10:39;7880.0;7717.23;SPXW  261002C07880000;0.05;0.1;delta=0.004
2026-10-02 10:39;7885.0;7717.23;SPXW  261002C07885000;0.05;0.1;delta=0.004
2026-10-02 10:39;7890.0;7717.23;SPXW  261002C07890000;0.05;0.1;delta=0.004
2026-10-02 10:39;7895.0;7717.23;SPXW  261002C07895000;0.05;0.1;delta=0.004
2026-10-02 10:39;7900.0;7717.23;SPXW  261002C07900000;0.0;0.05;delta=0.001
2026-10-02 10:39;7905.0;7717.23;SPXW  261002C07905000;0.0;0.05;delta=0.001
2026-10-02 10:39;7910.0;7717.23;SPXW  261002C07910000;0.0;0.05;delta=0.001
2026-10-02 10:39;7915.0;7717.23;SPXW  261002C07915000;0.0;0.05;delta=0.001
2026-10-02 10:39;7920.0;7717.23;SPXW  261002C07920000;0.0;0.05;delta=0.001
2026-10-02 10:39;7925.0;7717.23;SPXW  261002C07925000;0.0;0.05;delta=0.001
2026-10-02 10:39;7930.0;7717.23;SPXW  261002C07930000;0.0;0.05;delta=0.001
2026-10-02 10:39;7935.0;7717.23;SPXW  261002C07935000;0.0;0.05;delta=0.001
2026-10-02 10:39;7940.0;7717.23;SPXW  261002C07940000;0.0;0.05;delta=0.001
2026-10-02 10:39;7945.0;7717.23;SPXW  261002C07945000;0.0;0.05;delta=0.001
2026-10-02 10:39;7950.0;7717.23;SPXW  261002C07950000;0.0;0.05;delta=0.001
2026-10-02 10:39;7955.0;7717.23;SPXW  261002C07955000;0.0;0.05;delta=0.001
2026-10-02 10:39;7960.0;7717.23;SPXW  261002C07960000;0.0;0.05;delta=0.001
2026-10-02 10:39;7965.0;7717.23;SPXW  261002C07965000;0.0;0.05;delta=0.001
2026-10-02 10:39;7470.0;7717.23;SPXW  261002P07470000;0.05;0.1;delta=-0.003
2026-10-02 10:39;7475.0;7717.23;SPXW  261002P07475000;0.0;0.05;delta=-0.001
2026-10-02 10:39;7480.0;7717.23;SPXW  261002P07480000;0.05;0.1;delta=-0.003
2026-10-02 10:39;7485.0;7717.23;SPXW  261002P07485000;0.0;0.1;delta=-0.002
2026-10-02 10:39;7490.0;7717.23;SPXW  261002P07490000;0.05;0.1;delta=-0.003
2026-10-02 10:39;7495.0;7717.23;SPXW  261002P07495000;0.05;0.1;delta=-0.003
2026-10-02 10:39;7500.0;7717.23;SPXW  261002P07500000;0.05;0.1;delta=-0.003
2026-10-02 10:39;7505.0;7717.23;SPXW  261002P07505000;0.05;0.1;delta=-0.003
2026-10-02 10:39;7510.0;7717.23;SPXW  261002P07510000;0.05;0.1;delta=-0.003
2026-10-02 10:39;7515.0;7717.23;SPXW  261002P07515000;0.05;0.1;delta=-0.003
2026-10-02 10:39;7520.0;7717.23;SPXW  261002P07520000;0.05;0.1;delta=-0.003
2026-10-02 10:39;7525.0;7717.23;SPXW  261002P07525000;0.05;0.1;delta=-0.003
2026-10-02 10:39;7530.0;7717.23;SPXW  261002P07530000;0.05;0.1;delta=-0.003
2026-10-02 10:39;7535.0;7717.23;SPXW  261002P07535000;0.05;0.1;delta=-0.004
2026-10-02 10:39;7540.0;7717.23;SPXW  261002P07540000;0.05;0.1;delta=-0.004
2026-10-02 10:39;7545.0;7717.23;SPXW  261002P07545000;0.05;0.1;delta=-0.004
2026-10-02 10:39;7550.0;7717.23;SPXW  261002P07550000;0.05;0.1;delta=-0.004
2026-10-02 10:39;7555.0;7717.23;SPXW  261002P07555000;0.05;0.1;delta=-0.004
2026-10-02 10:39;7560.0;7717.23;SPXW  261002P07560000;0.05;0.1;delta=-0.004
2026-10-02 10:39;7565.0;7717.23;SPXW  261002P07565000;0.05;0.1;delta=-0.004
2026-10-02 10:39;7570.0;7717.23;SPXW  261002P07570000;0.05;0.1;delta=-0.004
2026-10-02 10:39;7575.0;7717.23;SPXW  261002P07575000;0.05;0.1;delta=-0.004
2026-10-02 10:39;7580.0;7717.23;SPXW  261002P07580000;0.05;0.1;delta=-0.005
2026-10-02 10:39;7585.0;7717.23;SPXW  261002P07585000;0.05;0.1;delta=-0.005
2026-10-02 10:39;7590.0;7717.23;SPXW  261002P07590000;0.05;0.15;delta=-0.006
2026-10-02 10:39;7595.0;7717.23;SPXW  261002P07595000;0.1;0.15;delta=-0.007
2026-10-02 10:39;7600.0;7717.23;SPXW  261002P07600000;0.1;0.15;delta=-0.008
2026-10-02 10:39;7605.0;7717.23;SPXW  261002P07605000;0.1;0.15;delta=-0.008
2026-10-02 10:39;7610.0;7717.23;SPXW  261002P07610000;0.1;0.15;delta=-0.008
2026-10-02 10:39;7615.0;7717.23;SPXW  261002P07615000;0.1;0.15;delta=-0.009
2026-10-02 10:39;7620.0;7717.23;SPXW  261002P07620000;0.1;0.15;delta=-0.009
2026-10-02 10:39;7625.0;7717.23;SPXW  261002P07625000;0.15;0.2;delta=-0.012
2026-10-02 10:39;7630.0;7717.23;SPXW  261002P07630000;0.15;0.2;delta=-0.013
2026-10-02 10:39;7635.0;7717.23;SPXW  261002P07635000;0.15;0.2;delta=-0.013
2026-10-02 10:39;7640.0;7717.23;SPXW  261002P07640000;0.15;0.25;delta=-0.016
2026-10-02 10:39;7645.0;7717.23;SPXW  261002P07645000;0.2;0.25;delta=-0.018
2026-10-02 10:39;7650.0;7717.23;SPXW  261002P07650000;0.25;0.3;delta=-0.022
2026-10-02 10:39;7655.0;7717.23;SPXW  261002P07655000;0.25;0.35;delta=-0.026
2026-10-02 10:39;7660.0;7717.23;SPXW  261002P07660000;0.35;0.4;delta=-0.031
2026-10-02 10:39;7665.0;7717.23;SPXW  261002P07665000;0.4;0.5;delta=-0.038
2026-10-02 10:39;7670.0;7717.23;SPXW  261002P07670000;0.5;0.6;delta=-0.047
2026-10-02 10:39;7675.0;7717.23;SPXW  261002P07675000;0.65;0.7;delta=-0.058
2026-10-02 10:39;7680.0;7717.23;SPXW  261002P07680000;0.85;0.9;delta=-0.075
2026-10-02 10:39;7685.0;7717.23;SPXW  261002P07685000;1.1;1.15;delta=-0.096
2026-10-02 10:39;7690.0;7717.23;SPXW  261002P07690000;1.45;1.5;delta=-0.125
2026-10-02 10:39;7695.0;7717.23;SPXW  261002P07695000;1.95;2.0;delta=-0.164
2026-10-02 10:39;7700.0;7717.23;SPXW  261002P07700000;2.6;2.7;delta=-0.215
2026-10-02 10:39;7705.0;7717.23;SPXW  261002P07705000;3.6;3.7;delta=-0.28
2026-10-02 10:39;7710.0;7717.23;SPXW  261002P07710000;4.9;5.0;delta=-0.36
2026-10-02 10:39;7715.0;7717.23;SPXW  261002P07715000;6.7;6.9;delta=-0.456
2026-10-02 10:39;7720.0;7717.23;SPXW  261002P07720000;9.1;9.2;delta=-0.558
2026-10-02 10:39;7725.0;7717.23;SPXW  261002P07725000;12.0;12.2;delta=-0.66
2026-10-02 10:39;7730.0;7717.23;SPXW  261002P07730000;15.5;15.7;delta=-0.753
2026-10-02 10:39;7735.0;7717.23;SPXW  261002P07735000;19.5;19.7;delta=-0.827
2026-10-02 10:39;7740.0;7717.23;SPXW  261002P07740000;23.8;24.0;delta=-0.883
2026-10-02 10:39;7745.0;7717.23;SPXW  261002P07745000;28.4;28.7;delta=-0.919
2026-10-02 10:39;7750.0;7717.23;SPXW  261002P07750000;33.1;33.5;delta=-0.943
2026-10-02 10:39;7755.0;7717.23;SPXW  261002P07755000;38.0;38.3;delta=-0.96
2026-10-02 10:39;7760.0;7717.23;SPXW  261002P07760000;42.9;43.3;delta=-0.969
2026-10-02 10:39;7765.0;7717.23;SPXW  261002P07765000;47.9;48.2;delta=-0.975
2026-10-02 10:39;7770.0;7717.23;SPXW  261002P07770000;52.8;53.2;delta=-0.981
2026-10-02 10:39;7775.0;7717.23;SPXW  261002P07775000;57.5;58.3;delta=-0.982
2026-10-02 10:39;7780.0;7717.23;SPXW  261002P07780000;62.5;63.3;delta=-0.987
2026-10-02 10:39;7785.0;7717.23;SPXW  261002P07785000;67.5;68.3;delta=-0.988
2026-10-02 10:39;7790.0;7717.23;SPXW  261002P07790000;72.5;73.3;delta=-0.989
2026-10-02 10:39;7795.0;7717.23;SPXW  261002P07795000;77.5;78.3;delta=-0.989
2026-10-02 10:39;7800.0;7717.23;SPXW  261002P07800000;82.5;83.3;delta=-0.99
2026-10-02 10:39;7805.0;7717.23;SPXW  261002P07805000;87.5;88.2;delta=-0.99
2026-10-02 10:39;7810.0;7717.23;SPXW  261002P07810000;92.5;93.2;delta=-0.991
2026-10-02 10:39;7815.0;7717.23;SPXW  261002P07815000;97.4;98.2;delta=-0.994
2026-10-02 10:39;7820.0;7717.23;SPXW  261002P07820000;102.3;103.5;delta=-0.994
2026-10-02 10:39;7825.0;7717.23;SPXW  261002P07825000;107.3;108.5;delta=-0.994
2026-10-02 10:39;7830.0;7717.23;SPXW  261002P07830000;112.3;113.5;delta=-0.995
2026-10-02 10:39;7835.0;7717.23;SPXW  261002P07835000;117.3;118.5;delta=-0.995
2026-10-02 10:39;7840.0;7717.23;SPXW  261002P07840000;122.3;123.5;delta=-0.995
2026-10-02 10:39;7845.0;7717.23;SPXW  261002P07845000;127.3;128.3;delta=-0.995
2026-10-02 10:39;7850.0;7717.23;SPXW  261002P07850000;132.3;133.3;delta=-0.995
2026-10-02 10:39;7855.0;7717.23;SPXW  261002P07855000;137.3;138.3;delta=-0.995
2026-10-02 10:39;7860.0;7717.23;SPXW  261002P07860000;142.3;143.3;delta=-0.996
2026-10-02 10:39;7865.0;7717.23;SPXW  261002P07865000;144.3;151.5;delta=-0.996
2026-10-02 10:39;7870.0;7717.23;SPXW  261002P07870000;149.4;156.7;delta=-0.996
2026-10-02 10:39;7875.0;7717.23;SPXW  261002P07875000;154.4;161.5;delta=-0.996
2026-10-02 10:39;7880.0;7717.23;SPXW  261002P07880000;159.2;166.6;delta=-0.996
2026-10-02 10:39;7885.0;7717.23;SPXW  261002P07885000;164.4;171.7;delta=-0.996
2026-10-02 10:39;7890.0;7717.23;SPXW  261002P07890000;169.1;176.3;delta=-0.996
2026-10-02 10:39;7895.0;7717.23;SPXW  261002P07895000;174.1;181.7;delta=-0.996
2026-10-02 10:39;7900.0;7717.23;SPXW  261002P07900000;182.3;183.4;delta=-0.999
2026-10-02 10:39;7905.0;7717.23;SPXW  261002P07905000;183.9;191.7;delta=-0.999
2026-10-02 10:39;7910.0;7717.23;SPXW  261002P07910000;188.9;196.7;delta=-0.999
2026-10-02 10:39;7915.0;7717.23;SPXW  261002P07915000;193.9;201.7;delta=-0.999
2026-10-02 10:39;7920.0;7717.23;SPXW  261002P07920000;202.3;203.3;delta=-0.999
2026-10-02 10:39;7925.0;7717.23;SPXW  261002P07925000;200.4;214.1;delta=-0.999
2026-10-02 10:39;7930.0;7717.23;SPXW  261002P07930000;205.4;219.1;delta=-0.999
2026-10-02 10:39;7935.0;7717.23;SPXW  261002P07935000;207.1;226.3;delta=-0.999
2026-10-02 10:39;7940.0;7717.23;SPXW  261002P07940000;212.0;232.3;delta=-0.999
2026-10-02 10:39;7945.0;7717.23;SPXW  261002P07945000;227.3;228.3;delta=-0.999
2026-10-02 10:39;7950.0;7717.23;SPXW  261002P07950000;232.3;233.3;delta=-0.999
2026-10-02 10:39;7955.0;7717.23;SPXW  261002P07955000;227.0;246.9;delta=-0.999
2026-10-02 10:39;7960.0;7717.23;SPXW  261002P07960000;232.0;252.4;delta=-0.999
2026-10-02 10:39;7965.0;7717.23;SPXW  261002P07965000;237.0;256.3;delta=-0.999
2026-10-02 10:43;7470.0;7715.52;SPXW  261002C07470000;237.7;256.2;delta=0.997
2026-10-02 10:43;7475.0;7715.52;SPXW  261002C07475000;232.7;251.2;delta=0.998
2026-10-02 10:43;7480.0;7715.52;SPXW  261002C07480000;227.7;246.2;delta=0.997
2026-10-02 10:43;7485.0;7715.52;SPXW  261002C07485000;222.7;240.5;delta=0.998
2026-10-02 10:43;7490.0;7715.52;SPXW  261002C07490000;217.7;236.2;delta=0.997
2026-10-02 10:43;7495.0;7715.52;SPXW  261002C07495000;212.7;231.2;delta=0.997
2026-10-02 10:43;7500.0;7715.52;SPXW  261002C07500000;215.1;216.2;delta=0.997
2026-10-02 10:43;7505.0;7715.52;SPXW  261002C07505000;203.4;217.5;delta=0.997
2026-10-02 10:43;7510.0;7715.52;SPXW  261002C07510000;198.4;212.1;delta=0.997
2026-10-02 10:43;7515.0;7715.52;SPXW  261002C07515000;195.9;206.4;delta=0.997
2026-10-02 10:43;7520.0;7715.52;SPXW  261002C07520000;191.2;198.6;delta=0.997
2026-10-02 10:43;7525.0;7715.52;SPXW  261002C07525000;186.6;193.6;delta=0.997
2026-10-02 10:43;7530.0;7715.52;SPXW  261002C07530000;181.3;188.7;delta=0.996
2026-10-02 10:43;7535.0;7715.52;SPXW  261002C07535000;176.2;183.6;delta=0.996
2026-10-02 10:43;7540.0;7715.52;SPXW  261002C07540000;171.2;178.6;delta=0.996
2026-10-02 10:43;7545.0;7715.52;SPXW  261002C07545000;166.3;173.6;delta=0.996
2026-10-02 10:43;7550.0;7715.52;SPXW  261002C07550000;165.1;166.2;delta=0.996
2026-10-02 10:43;7555.0;7715.52;SPXW  261002C07555000;156.2;163.7;delta=0.996
2026-10-02 10:43;7560.0;7715.52;SPXW  261002C07560000;151.6;158.7;delta=0.996
2026-10-02 10:43;7565.0;7715.52;SPXW  261002C07565000;146.7;153.6;delta=0.996
2026-10-02 10:43;7570.0;7715.52;SPXW  261002C07570000;141.7;148.6;delta=0.996
2026-10-02 10:43;7575.0;7715.52;SPXW  261002C07575000;140.1;141.2;delta=0.996
2026-10-02 10:43;7580.0;7715.52;SPXW  261002C07580000;131.7;138.6;delta=0.995
2026-10-02 10:43;7585.0;7715.52;SPXW  261002C07585000;126.7;133.7;delta=0.995
2026-10-02 10:43;7590.0;7715.52;SPXW  261002C07590000;121.4;128.6;delta=0.995
2026-10-02 10:43;7595.0;7715.52;SPXW  261002C07595000;116.7;123.6;delta=0.992
2026-10-02 10:43;7600.0;7715.52;SPXW  261002C07600000;115.2;116.2;delta=0.992
2026-10-02 10:43;7605.0;7715.52;SPXW  261002C07605000;106.4;114.0;delta=0.992
2026-10-02 10:43;7610.0;7715.52;SPXW  261002C07610000;105.2;106.2;delta=0.992
2026-10-02 10:43;7615.0;7715.52;SPXW  261002C07615000;96.3;104.0;delta=0.991
2026-10-02 10:43;7620.0;7715.52;SPXW  261002C07620000;95.2;96.0;delta=0.991
2026-10-02 10:43;7625.0;7715.52;SPXW  261002C07625000;90.6;90.9;delta=0.99
2026-10-02 10:43;7630.0;7715.52;SPXW  261002C07630000;85.6;85.9;delta=0.987
2026-10-02 10:43;7635.0;7715.52;SPXW  261002C07635000;80.6;80.9;delta=0.986
2026-10-02 10:43;7640.0;7715.52;SPXW  261002C07640000;75.6;75.9;delta=0.986
2026-10-02 10:43;7645.0;7715.52;SPXW  261002C07645000;70.6;71.0;delta=0.982
2026-10-02 10:43;7650.0;7715.52;SPXW  261002C07650000;65.7;66.0;delta=0.981
2026-10-02 10:43;7655.0;7715.52;SPXW  261002C07655000;60.7;61.1;delta=0.976
2026-10-02 10:43;7660.0;7715.52;SPXW  261002C07660000;55.8;56.1;delta=0.971
2026-10-02 10:43;7665.0;7715.52;SPXW  261002C07665000;50.9;51.2;delta=0.963
2026-10-02 10:43;7670.0;7715.52;SPXW  261002C07670000;46.0;46.3;delta=0.953
2026-10-02 10:43;7675.0;7715.52;SPXW  261002C07675000;41.1;41.4;delta=0.94
2026-10-02 10:43;7680.0;7715.52;SPXW  261002C07680000;36.3;36.6;delta=0.922
2026-10-02 10:43;7685.0;7715.52;SPXW  261002C07685000;31.6;31.9;delta=0.9
2026-10-02 10:43;7690.0;7715.52;SPXW  261002C07690000;27.0;27.2;delta=0.869
2026-10-02 10:43;7695.0;7715.52;SPXW  261002C07695000;22.5;22.8;delta=0.826
2026-10-02 10:43;7700.0;7715.52;SPXW  261002C07700000;18.3;18.5;delta=0.769
2026-10-02 10:43;7705.0;7715.52;SPXW  261002C07705000;14.4;14.5;delta=0.698
2026-10-02 10:43;7710.0;7715.52;SPXW  261002C07710000;10.9;11.0;delta=0.609
2026-10-02 10:43;7715.0;7715.52;SPXW  261002C07715000;7.8;8.0;delta=0.507
2026-10-02 10:43;7720.0;7715.52;SPXW  261002C07720000;5.4;5.5;delta=0.402
2026-10-02 10:43;7725.0;7715.52;SPXW  261002C07725000;3.5;3.6;delta=0.302
2026-10-02 10:43;7730.0;7715.52;SPXW  261002C07730000;2.25;2.3;delta=0.213
2026-10-02 10:43;7735.0;7715.52;SPXW  261002C07735000;1.4;1.45;delta=0.145
2026-10-02 10:43;7740.0;7715.52;SPXW  261002C07740000;0.9;0.95;delta=0.098
2026-10-02 10:43;7745.0;7715.52;SPXW  261002C07745000;0.55;0.65;delta=0.067
2026-10-02 10:43;7750.0;7715.52;SPXW  261002C07750000;0.4;0.45;delta=0.049
2026-10-02 10:43;7755.0;7715.52;SPXW  261002C07755000;0.3;0.35;delta=0.037
2026-10-02 10:43;7760.0;7715.52;SPXW  261002C07760000;0.25;0.3;delta=0.03
2026-10-02 10:43;7765.0;7715.52;SPXW  261002C07765000;0.2;0.25;delta=0.024
2026-10-02 10:43;7770.0;7715.52;SPXW  261002C07770000;0.2;0.25;delta=0.022
2026-10-02 10:43;7775.0;7715.52;SPXW  261002C07775000;0.15;0.2;delta=0.017
2026-10-02 10:43;7780.0;7715.52;SPXW  261002C07780000;0.15;0.2;delta=0.016
2026-10-02 10:43;7785.0;7715.52;SPXW  261002C07785000;0.15;0.2;delta=0.015
2026-10-02 10:43;7790.0;7715.52;SPXW  261002C07790000;0.1;0.15;delta=0.011
2026-10-02 10:43;7795.0;7715.52;SPXW  261002C07795000;0.1;0.15;delta=0.011
2026-10-02 10:43;7800.0;7715.52;SPXW  261002C07800000;0.1;0.15;delta=0.01
2026-10-02 10:43;7805.0;7715.52;SPXW  261002C07805000;0.1;0.15;delta=0.01
2026-10-02 10:43;7810.0;7715.52;SPXW  261002C07810000;0.1;0.15;delta=0.009
2026-10-02 10:43;7815.0;7715.52;SPXW  261002C07815000;0.1;0.15;delta=0.009
2026-10-02 10:43;7820.0;7715.52;SPXW  261002C07820000;0.05;0.1;delta=0.006
2026-10-02 10:43;7825.0;7715.52;SPXW  261002C07825000;0.05;0.1;delta=0.006
2026-10-02 10:43;7830.0;7715.52;SPXW  261002C07830000;0.05;0.1;delta=0.005
2026-10-02 10:43;7835.0;7715.52;SPXW  261002C07835000;0.05;0.1;delta=0.005
2026-10-02 10:43;7840.0;7715.52;SPXW  261002C07840000;0.05;0.1;delta=0.005
2026-10-02 10:43;7845.0;7715.52;SPXW  261002C07845000;0.05;0.1;delta=0.005
2026-10-02 10:43;7850.0;7715.52;SPXW  261002C07850000;0.05;0.1;delta=0.005
2026-10-02 10:43;7855.0;7715.52;SPXW  261002C07855000;0.05;0.1;delta=0.005
2026-10-02 10:43;7860.0;7715.52;SPXW  261002C07860000;0.05;0.1;delta=0.004
2026-10-02 10:43;7865.0;7715.52;SPXW  261002C07865000;0.05;0.1;delta=0.004
2026-10-02 10:43;7870.0;7715.52;SPXW  261002C07870000;0.05;0.1;delta=0.004
2026-10-02 10:43;7875.0;7715.52;SPXW  261002C07875000;0.05;0.1;delta=0.004
2026-10-02 10:43;7880.0;7715.52;SPXW  261002C07880000;0.05;0.1;delta=0.004
2026-10-02 10:43;7885.0;7715.52;SPXW  261002C07885000;0.05;0.1;delta=0.004
2026-10-02 10:43;7890.0;7715.52;SPXW  261002C07890000;0.05;0.1;delta=0.004
2026-10-02 10:43;7895.0;7715.52;SPXW  261002C07895000;0.05;0.1;delta=0.004
2026-10-02 10:43;7900.0;7715.52;SPXW  261002C07900000;0.0;0.1;delta=0.003
2026-10-02 10:43;7905.0;7715.52;SPXW  261002C07905000;0.0;0.1;delta=0.003
2026-10-02 10:43;7910.0;7715.52;SPXW  261002C07910000;0.0;0.1;delta=0.002
2026-10-02 10:43;7915.0;7715.52;SPXW  261002C07915000;0.0;0.05;delta=0.001
2026-10-02 10:43;7920.0;7715.52;SPXW  261002C07920000;0.0;0.05;delta=0.001
2026-10-02 10:43;7925.0;7715.52;SPXW  261002C07925000;0.0;0.05;delta=0.001
2026-10-02 10:43;7930.0;7715.52;SPXW  261002C07930000;0.0;0.05;delta=0.001
2026-10-02 10:43;7935.0;7715.52;SPXW  261002C07935000;0.0;0.05;delta=0.001
2026-10-02 10:43;7940.0;7715.52;SPXW  261002C07940000;0.0;0.05;delta=0.001
2026-10-02 10:43;7945.0;7715.52;SPXW  261002C07945000;0.0;0.05;delta=0.001
2026-10-02 10:43;7950.0;7715.52;SPXW  261002C07950000;0.0;0.05;delta=0.001
2026-10-02 10:43;7955.0;7715.52;SPXW  261002C07955000;0.0;0.05;delta=0.001
2026-10-02 10:43;7960.0;7715.52;SPXW  261002C07960000;0.0;0.05;delta=0.001
2026-10-02 10:43;7965.0;7715.52;SPXW  261002C07965000;0.0;0.05;delta=0.001
2026-10-02 10:43;7470.0;7715.52;SPXW  261002P07470000;0.05;0.1;delta=-0.003
2026-10-02 10:43;7475.0;7715.52;SPXW  261002P07475000;0.0;0.1;delta=-0.002
2026-10-02 10:43;7480.0;7715.52;SPXW  261002P07480000;0.05;0.1;delta=-0.003
2026-10-02 10:43;7485.0;7715.52;SPXW  261002P07485000;0.0;0.1;delta=-0.002
2026-10-02 10:43;7490.0;7715.52;SPXW  261002P07490000;0.05;0.1;delta=-0.003
2026-10-02 10:43;7495.0;7715.52;SPXW  261002P07495000;0.05;0.1;delta=-0.003
2026-10-02 10:43;7500.0;7715.52;SPXW  261002P07500000;0.05;0.1;delta=-0.003
2026-10-02 10:43;7505.0;7715.52;SPXW  261002P07505000;0.05;0.1;delta=-0.003
2026-10-02 10:43;7510.0;7715.52;SPXW  261002P07510000;0.05;0.1;delta=-0.003
2026-10-02 10:43;7515.0;7715.52;SPXW  261002P07515000;0.05;0.1;delta=-0.003
2026-10-02 10:43;7520.0;7715.52;SPXW  261002P07520000;0.05;0.1;delta=-0.003
2026-10-02 10:43;7525.0;7715.52;SPXW  261002P07525000;0.05;0.1;delta=-0.003
2026-10-02 10:43;7530.0;7715.52;SPXW  261002P07530000;0.05;0.1;delta=-0.004
2026-10-02 10:43;7535.0;7715.52;SPXW  261002P07535000;0.05;0.1;delta=-0.004
2026-10-02 10:43;7540.0;7715.52;SPXW  261002P07540000;0.05;0.1;delta=-0.004
2026-10-02 10:43;7545.0;7715.52;SPXW  261002P07545000;0.05;0.1;delta=-0.004
2026-10-02 10:43;7550.0;7715.52;SPXW  261002P07550000;0.05;0.1;delta=-0.004
2026-10-02 10:43;7555.0;7715.52;SPXW  261002P07555000;0.05;0.1;delta=-0.004
2026-10-02 10:43;7560.0;7715.52;SPXW  261002P07560000;0.05;0.1;delta=-0.004
2026-10-02 10:43;7565.0;7715.52;SPXW  261002P07565000;0.05;0.1;delta=-0.004
2026-10-02 10:43;7570.0;7715.52;SPXW  261002P07570000;0.05;0.1;delta=-0.004
2026-10-02 10:43;7575.0;7715.52;SPXW  261002P07575000;0.05;0.1;delta=-0.004
2026-10-02 10:43;7580.0;7715.52;SPXW  261002P07580000;0.05;0.1;delta=-0.005
2026-10-02 10:43;7585.0;7715.52;SPXW  261002P07585000;0.05;0.1;delta=-0.005
2026-10-02 10:43;7590.0;7715.52;SPXW  261002P07590000;0.05;0.1;delta=-0.005
2026-10-02 10:43;7595.0;7715.52;SPXW  261002P07595000;0.1;0.15;delta=-0.008
2026-10-02 10:43;7600.0;7715.52;SPXW  261002P07600000;0.1;0.15;delta=-0.008
2026-10-02 10:43;7605.0;7715.52;SPXW  261002P07605000;0.1;0.15;delta=-0.008
2026-10-02 10:43;7610.0;7715.52;SPXW  261002P07610000;0.1;0.15;delta=-0.008
2026-10-02 10:43;7615.0;7715.52;SPXW  261002P07615000;0.1;0.15;delta=-0.009
2026-10-02 10:43;7620.0;7715.52;SPXW  261002P07620000;0.1;0.15;delta=-0.009
2026-10-02 10:43;7625.0;7715.52;SPXW  261002P07625000;0.1;0.15;delta=-0.01
2026-10-02 10:43;7630.0;7715.52;SPXW  261002P07630000;0.1;0.2;delta=-0.013
2026-10-02 10:43;7635.0;7715.52;SPXW  261002P07635000;0.15;0.2;delta=-0.014
2026-10-02 10:43;7640.0;7715.52;SPXW  261002P07640000;0.15;0.2;delta=-0.014
2026-10-02 10:43;7645.0;7715.52;SPXW  261002P07645000;0.2;0.25;delta=-0.018
2026-10-02 10:43;7650.0;7715.52;SPXW  261002P07650000;0.2;0.25;delta=-0.019
2026-10-02 10:43;7655.0;7715.52;SPXW  261002P07655000;0.25;0.3;delta=-0.024
2026-10-02 10:43;7660.0;7715.52;SPXW  261002P07660000;0.3;0.35;delta=-0.029
2026-10-02 10:43;7665.0;7715.52;SPXW  261002P07665000;0.4;0.45;delta=-0.037
2026-10-02 10:43;7670.0;7715.52;SPXW  261002P07670000;0.5;0.55;delta=-0.047
2026-10-02 10:43;7675.0;7715.52;SPXW  261002P07675000;0.65;0.7;delta=-0.06
2026-10-02 10:43;7680.0;7715.52;SPXW  261002P07680000;0.85;0.9;delta=-0.078
2026-10-02 10:43;7685.0;7715.52;SPXW  261002P07685000;1.1;1.15;delta=-0.1
2026-10-02 10:43;7690.0;7715.52;SPXW  261002P07690000;1.45;1.55;delta=-0.133
2026-10-02 10:43;7695.0;7715.52;SPXW  261002P07695000;2.0;2.05;delta=-0.174
2026-10-02 10:43;7700.0;7715.52;SPXW  261002P07700000;2.75;2.85;delta=-0.231
2026-10-02 10:43;7705.0;7715.52;SPXW  261002P07705000;3.8;3.9;delta=-0.303
2026-10-02 10:43;7710.0;7715.52;SPXW  261002P07710000;5.3;5.4;delta=-0.391
2026-10-02 10:43;7715.0;7715.52;SPXW  261002P07715000;7.3;7.4;delta=-0.492
2026-10-02 10:43;7720.0;7715.52;SPXW  261002P07720000;9.8;10.0;delta=-0.598
2026-10-02 10:43;7725.0;7715.52;SPXW  261002P07725000;13.0;13.2;delta=-0.698
2026-10-02 10:43;7730.0;7715.52;SPXW  261002P07730000;16.7;16.9;delta=-0.787
2026-10-02 10:43;7735.0;7715.52;SPXW  261002P07735000;20.9;21.1;delta=-0.854
2026-10-02 10:43;7740.0;7715.52;SPXW  261002P07740000;25.4;25.6;delta=-0.902
2026-10-02 10:43;7745.0;7715.52;SPXW  261002P07745000;30.0;30.4;delta=-0.933
2026-10-02 10:43;7750.0;7715.52;SPXW  261002P07750000;34.9;35.2;delta=-0.951
2026-10-02 10:43;7755.0;7715.52;SPXW  261002P07755000;39.8;40.1;delta=-0.963
2026-10-02 10:43;7760.0;7715.52;SPXW  261002P07760000;44.7;45.0;delta=-0.97
2026-10-02 10:43;7765.0;7715.52;SPXW  261002P07765000;49.7;50.0;delta=-0.976
2026-10-02 10:43;7770.0;7715.52;SPXW  261002P07770000;54.6;55.0;delta=-0.978
2026-10-02 10:43;7775.0;7715.52;SPXW  261002P07775000;59.4;60.1;delta=-0.983
2026-10-02 10:43;7780.0;7715.52;SPXW  261002P07780000;64.4;65.1;delta=-0.984
2026-10-02 10:43;7785.0;7715.52;SPXW  261002P07785000;69.3;70.1;delta=-0.985
2026-10-02 10:43;7790.0;7715.52;SPXW  261002P07790000;74.3;75.1;delta=-0.989
2026-10-02 10:43;7795.0;7715.52;SPXW  261002P07795000;79.3;80.1;delta=-0.989
2026-10-02 10:43;7800.0;7715.52;SPXW  261002P07800000;84.3;85.1;delta=-0.99
2026-10-02 10:43;7805.0;7715.52;SPXW  261002P07805000;89.3;90.1;delta=-0.99
2026-10-02 10:43;7810.0;7715.52;SPXW  261002P07810000;94.3;95.1;delta=-0.991
2026-10-02 10:43;7815.0;7715.52;SPXW  261002P07815000;99.3;100.1;delta=-0.991
2026-10-02 10:43;7820.0;7715.52;SPXW  261002P07820000;104.1;105.2;delta=-0.994
2026-10-02 10:43;7825.0;7715.52;SPXW  261002P07825000;109.1;110.2;delta=-0.994
2026-10-02 10:43;7830.0;7715.52;SPXW  261002P07830000;114.1;115.2;delta=-0.995
2026-10-02 10:43;7835.0;7715.52;SPXW  261002P07835000;119.1;120.2;delta=-0.995
2026-10-02 10:43;7840.0;7715.52;SPXW  261002P07840000;124.1;125.2;delta=-0.995
2026-10-02 10:43;7845.0;7715.52;SPXW  261002P07845000;129.1;130.2;delta=-0.995
2026-10-02 10:43;7850.0;7715.52;SPXW  261002P07850000;134.1;135.2;delta=-0.995
2026-10-02 10:43;7855.0;7715.52;SPXW  261002P07855000;139.1;140.2;delta=-0.995
2026-10-02 10:43;7860.0;7715.52;SPXW  261002P07860000;144.1;145.2;delta=-0.996
2026-10-02 10:43;7865.0;7715.52;SPXW  261002P07865000;146.6;153.5;delta=-0.996
2026-10-02 10:43;7870.0;7715.52;SPXW  261002P07870000;151.5;158.6;delta=-0.996
2026-10-02 10:43;7875.0;7715.52;SPXW  261002P07875000;156.6;163.5;delta=-0.996
2026-10-02 10:43;7880.0;7715.52;SPXW  261002P07880000;161.5;168.5;delta=-0.996
2026-10-02 10:43;7885.0;7715.52;SPXW  261002P07885000;166.5;173.6;delta=-0.996
2026-10-02 10:43;7890.0;7715.52;SPXW  261002P07890000;171.5;178.9;delta=-0.996
2026-10-02 10:43;7895.0;7715.52;SPXW  261002P07895000;176.5;183.9;delta=-0.996
2026-10-02 10:43;7900.0;7715.52;SPXW  261002P07900000;184.1;185.2;delta=-0.997
2026-10-02 10:43;7905.0;7715.52;SPXW  261002P07905000;186.5;193.9;delta=-0.997
2026-10-02 10:43;7910.0;7715.52;SPXW  261002P07910000;191.5;198.9;delta=-0.998
2026-10-02 10:43;7915.0;7715.52;SPXW  261002P07915000;195.7;203.3;delta=-0.999
2026-10-02 10:43;7920.0;7715.52;SPXW  261002P07920000;204.1;205.1;delta=-0.999
2026-10-02 10:43;7925.0;7715.52;SPXW  261002P07925000;203.2;216.9;delta=-0.999
2026-10-02 10:43;7930.0;7715.52;SPXW  261002P07930000;207.9;221.6;delta=-0.999
2026-10-02 10:43;7935.0;7715.52;SPXW  261002P07935000;208.9;226.3;delta=-0.999
2026-10-02 10:43;7940.0;7715.52;SPXW  261002P07940000;213.8;232.3;delta=-0.999
2026-10-02 10:43;7945.0;7715.52;SPXW  261002P07945000;219.8;238.3;delta=-0.999
2026-10-02 10:43;7950.0;7715.52;SPXW  261002P07950000;234.1;235.1;delta=-0.999
2026-10-02 10:43;7955.0;7715.52;SPXW  261002P07955000;228.9;249.3;delta=-0.999
2026-10-02 10:43;7960.0;7715.52;SPXW  261002P07960000;233.8;252.4;delta=-0.999
2026-10-02 10:43;7965.0;7715.52;SPXW  261002P07965000;238.8;256.3;delta=-0.999
2026-10-02 10:48;7470.0;7718.52;SPXW  261002C07470000;239.9;259.6;delta=0.997
2026-10-02 10:48;7475.0;7718.52;SPXW  261002C07475000;234.9;252.0;delta=0.999
2026-10-02 10:48;7480.0;7718.52;SPXW  261002C07480000;229.9;246.2;delta=0.997
2026-10-02 10:48;7485.0;7718.52;SPXW  261002C07485000;223.6;244.7;delta=0.998
2026-10-02 10:48;7490.0;7718.52;SPXW  261002C07490000;218.6;237.7;delta=0.997
2026-10-02 10:48;7495.0;7718.52;SPXW  261002C07495000;214.5;234.6;delta=0.997
2026-10-02 10:48;7500.0;7718.52;SPXW  261002C07500000;217.7;218.7;delta=0.997
2026-10-02 10:48;7505.0;7718.52;SPXW  261002C07505000;208.2;220.8;delta=0.998
2026-10-02 10:48;7510.0;7718.52;SPXW  261002C07510000;203.2;215.8;delta=0.997
2026-10-02 10:48;7515.0;7718.52;SPXW  261002C07515000;198.2;210.8;delta=0.997
2026-10-02 10:48;7520.0;7718.52;SPXW  261002C07520000;195.6;202.2;delta=0.997
2026-10-02 10:48;7525.0;7718.52;SPXW  261002C07525000;190.5;197.0;delta=0.997
2026-10-02 10:48;7530.0;7718.52;SPXW  261002C07530000;185.5;192.3;delta=0.996
2026-10-02 10:48;7535.0;7718.52;SPXW  261002C07535000;180.5;187.0;delta=0.996
2026-10-02 10:48;7540.0;7718.52;SPXW  261002C07540000;175.5;182.0;delta=0.996
2026-10-02 10:48;7545.0;7718.52;SPXW  261002C07545000;170.5;177.3;delta=0.996
2026-10-02 10:48;7550.0;7718.52;SPXW  261002C07550000;167.7;168.8;delta=0.996
2026-10-02 10:48;7555.0;7718.52;SPXW  261002C07555000;160.5;167.3;delta=0.996
2026-10-02 10:48;7560.0;7718.52;SPXW  261002C07560000;155.5;162.3;delta=0.996
2026-10-02 10:48;7565.0;7718.52;SPXW  261002C07565000;150.5;157.0;delta=0.996
2026-10-02 10:48;7570.0;7718.52;SPXW  261002C07570000;145.5;152.0;delta=0.996
2026-10-02 10:48;7575.0;7718.52;SPXW  261002C07575000;142.7;143.8;delta=0.996
2026-10-02 10:48;7580.0;7718.52;SPXW  261002C07580000;135.5;142.0;delta=0.995
2026-10-02 10:48;7585.0;7718.52;SPXW  261002C07585000;130.5;137.3;delta=0.995
2026-10-02 10:48;7590.0;7718.52;SPXW  261002C07590000;127.7;128.8;delta=0.995
2026-10-02 10:48;7595.0;7718.52;SPXW  261002C07595000;122.7;123.8;delta=0.995
2026-10-02 10:48;7600.0;7718.52;SPXW  261002C07600000;117.7;118.8;delta=0.995
2026-10-02 10:48;7605.0;7718.52;SPXW  261002C07605000;112.8;113.8;delta=0.992
2026-10-02 10:48;7610.0;7718.52;SPXW  261002C07610000;107.8;108.8;delta=0.992
2026-10-02 10:48;7615.0;7718.52;SPXW  261002C07615000;102.8;103.8;delta=0.991
2026-10-02 10:48;7620.0;7718.52;SPXW  261002C07620000;97.9;98.7;delta=0.991
2026-10-02 10:48;7625.0;7718.52;SPXW  261002C07625000;93.0;93.7;delta=0.991
2026-10-02 10:48;7630.0;7718.52;SPXW  261002C07630000;88.0;88.7;delta=0.99
2026-10-02 10:48;7635.0;7718.52;SPXW  261002C07635000;83.1;83.5;delta=0.99
2026-10-02 10:48;7640.0;7718.52;SPXW  261002C07640000;78.1;78.5;delta=0.986
2026-10-02 10:48;7645.0;7718.52;SPXW  261002C07645000;73.2;73.5;delta=0.985
2026-10-02 10:48;7650.0;7718.52;SPXW  261002C07650000;68.2;68.5;delta=0.984
2026-10-02 10:48;7655.0;7718.52;SPXW  261002C07655000;63.2;63.6;delta=0.98
2026-10-02 10:48;7660.0;7718.52;SPXW  261002C07660000;58.3;58.6;delta=0.975
2026-10-02 10:48;7665.0;7718.52;SPXW  261002C07665000;53.3;53.7;delta=0.97
2026-10-02 10:48;7670.0;7718.52;SPXW  261002C07670000;48.4;48.7;delta=0.961
2026-10-02 10:48;7675.0;7718.52;SPXW  261002C07675000;43.5;43.8;delta=0.952
2026-10-02 10:48;7680.0;7718.52;SPXW  261002C07680000;38.7;39.0;delta=0.938
2026-10-02 10:48;7685.0;7718.52;SPXW  261002C07685000;34.0;34.2;delta=0.919
2026-10-02 10:48;7690.0;7718.52;SPXW  261002C07690000;29.3;29.5;delta=0.894
2026-10-02 10:48;7695.0;7718.52;SPXW  261002C07695000;24.7;24.9;delta=0.858
2026-10-02 10:48;7700.0;7718.52;SPXW  261002C07700000;20.3;20.5;delta=0.811
2026-10-02 10:48;7705.0;7718.52;SPXW  261002C07705000;16.1;16.3;delta=0.745
2026-10-02 10:48;7710.0;7718.52;SPXW  261002C07710000;12.4;12.5;delta=0.665
2026-10-02 10:48;7715.0;7718.52;SPXW  261002C07715000;9.1;9.2;delta=0.568
2026-10-02 10:48;7720.0;7718.52;SPXW  261002C07720000;6.3;6.4;delta=0.459
2026-10-02 10:48;7725.0;7718.52;SPXW  261002C07725000;4.2;4.3;delta=0.351
2026-10-02 10:48;7730.0;7718.52;SPXW  261002C07730000;2.7;2.75;delta=0.254
2026-10-02 10:48;7735.0;7718.52;SPXW  261002C07735000;1.7;1.75;delta=0.176
2026-10-02 10:48;7740.0;7718.52;SPXW  261002C07740000;1.05;1.1;delta=0.119
2026-10-02 10:48;7745.0;7718.52;SPXW  261002C07745000;0.7;0.75;delta=0.082
2026-10-02 10:48;7750.0;7718.52;SPXW  261002C07750000;0.5;0.55;delta=0.06
2026-10-02 10:48;7755.0;7718.52;SPXW  261002C07755000;0.35;0.45;delta=0.045
2026-10-02 10:48;7760.0;7718.52;SPXW  261002C07760000;0.3;0.35;delta=0.035
2026-10-02 10:48;7765.0;7718.52;SPXW  261002C07765000;0.25;0.3;delta=0.029
2026-10-02 10:48;7770.0;7718.52;SPXW  261002C07770000;0.2;0.25;delta=0.023
2026-10-02 10:48;7775.0;7718.52;SPXW  261002C07775000;0.15;0.25;delta=0.022
2026-10-02 10:48;7780.0;7718.52;SPXW  261002C07780000;0.15;0.2;delta=0.017
2026-10-02 10:48;7785.0;7718.52;SPXW  261002C07785000;0.15;0.2;delta=0.016
2026-10-02 10:48;7790.0;7718.52;SPXW  261002C07790000;0.15;0.2;delta=0.015
2026-10-02 10:48;7795.0;7718.52;SPXW  261002C07795000;0.1;0.2;delta=0.013
2026-10-02 10:48;7800.0;7718.52;SPXW  261002C07800000;0.1;0.15;delta=0.01
2026-10-02 10:48;7805.0;7718.52;SPXW  261002C07805000;0.1;0.15;delta=0.01
2026-10-02 10:48;7810.0;7718.52;SPXW  261002C07810000;0.1;0.15;delta=0.01
2026-10-02 10:48;7815.0;7718.52;SPXW  261002C07815000;0.1;0.15;delta=0.009
2026-10-02 10:48;7820.0;7718.52;SPXW  261002C07820000;0.1;0.15;delta=0.009
2026-10-02 10:48;7825.0;7718.52;SPXW  261002C07825000;0.1;0.15;delta=0.008
2026-10-02 10:48;7830.0;7718.52;SPXW  261002C07830000;0.05;0.1;delta=0.005
2026-10-02 10:48;7835.0;7718.52;SPXW  261002C07835000;0.05;0.1;delta=0.005
2026-10-02 10:48;7840.0;7718.52;SPXW  261002C07840000;0.05;0.1;delta=0.005
2026-10-02 10:48;7845.0;7718.52;SPXW  261002C07845000;0.05;0.1;delta=0.005
2026-10-02 10:48;7850.0;7718.52;SPXW  261002C07850000;0.05;0.1;delta=0.005
2026-10-02 10:48;7855.0;7718.52;SPXW  261002C07855000;0.05;0.1;delta=0.005
2026-10-02 10:48;7860.0;7718.52;SPXW  261002C07860000;0.05;0.1;delta=0.004
2026-10-02 10:48;7865.0;7718.52;SPXW  261002C07865000;0.05;0.1;delta=0.004
2026-10-02 10:48;7870.0;7718.52;SPXW  261002C07870000;0.05;0.1;delta=0.004
2026-10-02 10:48;7875.0;7718.52;SPXW  261002C07875000;0.05;0.1;delta=0.004
2026-10-02 10:48;7880.0;7718.52;SPXW  261002C07880000;0.05;0.1;delta=0.004
2026-10-02 10:48;7885.0;7718.52;SPXW  261002C07885000;0.05;0.1;delta=0.004
2026-10-02 10:48;7890.0;7718.52;SPXW  261002C07890000;0.05;0.1;delta=0.004
2026-10-02 10:48;7895.0;7718.52;SPXW  261002C07895000;0.05;0.1;delta=0.004
2026-10-02 10:48;7900.0;7718.52;SPXW  261002C07900000;0.0;0.1;delta=0.003
2026-10-02 10:48;7905.0;7718.52;SPXW  261002C07905000;0.0;0.1;delta=0.003
2026-10-02 10:48;7910.0;7718.52;SPXW  261002C07910000;0.0;0.1;delta=0.002
2026-10-02 10:48;7915.0;7718.52;SPXW  261002C07915000;0.0;0.05;delta=0.001
2026-10-02 10:48;7920.0;7718.52;SPXW  261002C07920000;0.0;0.05;delta=0.001
2026-10-02 10:48;7925.0;7718.52;SPXW  261002C07925000;0.0;0.05;delta=0.001
2026-10-02 10:48;7930.0;7718.52;SPXW  261002C07930000;0.0;0.05;delta=0.001
2026-10-02 10:48;7935.0;7718.52;SPXW  261002C07935000;0.0;0.05;delta=0.001
2026-10-02 10:48;7940.0;7718.52;SPXW  261002C07940000;0.0;0.05;delta=0.001
2026-10-02 10:48;7945.0;7718.52;SPXW  261002C07945000;0.0;0.05;delta=0.001
2026-10-02 10:48;7950.0;7718.52;SPXW  261002C07950000;0.0;0.05;delta=0.001
2026-10-02 10:48;7955.0;7718.52;SPXW  261002C07955000;0.0;0.05;delta=0.001
2026-10-02 10:48;7960.0;7718.52;SPXW  261002C07960000;0.0;0.05;delta=0.001
2026-10-02 10:48;7965.0;7718.52;SPXW  261002C07965000;0.0;0.05;delta=0.001
2026-10-02 10:48;7470.0;7718.52;SPXW  261002P07470000;0.05;0.1;delta=-0.003
2026-10-02 10:48;7475.0;7718.52;SPXW  261002P07475000;0.0;0.05;delta=-0.001
2026-10-02 10:48;7480.0;7718.52;SPXW  261002P07480000;0.05;0.1;delta=-0.003
2026-10-02 10:48;7485.0;7718.52;SPXW  261002P07485000;0.0;0.1;delta=-0.002
2026-10-02 10:48;7490.0;7718.52;SPXW  261002P07490000;0.05;0.1;delta=-0.003
2026-10-02 10:48;7495.0;7718.52;SPXW  261002P07495000;0.05;0.1;delta=-0.003
2026-10-02 10:48;7500.0;7718.52;SPXW  261002P07500000;0.05;0.1;delta=-0.003
2026-10-02 10:48;7505.0;7718.52;SPXW  261002P07505000;0.0;0.1;delta=-0.002
2026-10-02 10:48;7510.0;7718.52;SPXW  261002P07510000;0.05;0.1;delta=-0.003
2026-10-02 10:48;7515.0;7718.52;SPXW  261002P07515000;0.05;0.1;delta=-0.003
2026-10-02 10:48;7520.0;7718.52;SPXW  261002P07520000;0.05;0.1;delta=-0.003
2026-10-02 10:48;7525.0;7718.52;SPXW  261002P07525000;0.05;0.1;delta=-0.003
2026-10-02 10:48;7530.0;7718.52;SPXW  261002P07530000;0.05;0.1;delta=-0.003
2026-10-02 10:48;7535.0;7718.52;SPXW  261002P07535000;0.05;0.1;delta=-0.004
2026-10-02 10:48;7540.0;7718.52;SPXW  261002P07540000;0.05;0.1;delta=-0.004
2026-10-02 10:48;7545.0;7718.52;SPXW  261002P07545000;0.05;0.1;delta=-0.004
2026-10-02 10:48;7550.0;7718.52;SPXW  261002P07550000;0.05;0.1;delta=-0.004
2026-10-02 10:48;7555.0;7718.52;SPXW  261002P07555000;0.05;0.1;delta=-0.004
2026-10-02 10:48;7560.0;7718.52;SPXW  261002P07560000;0.05;0.1;delta=-0.004
2026-10-02 10:48;7565.0;7718.52;SPXW  261002P07565000;0.05;0.1;delta=-0.004
2026-10-02 10:48;7570.0;7718.52;SPXW  261002P07570000;0.05;0.1;delta=-0.004
2026-10-02 10:48;7575.0;7718.52;SPXW  261002P07575000;0.05;0.1;delta=-0.004
2026-10-02 10:48;7580.0;7718.52;SPXW  261002P07580000;0.05;0.1;delta=-0.004
2026-10-02 10:48;7585.0;7718.52;SPXW  261002P07585000;0.05;0.1;delta=-0.005
2026-10-02 10:48;7590.0;7718.52;SPXW  261002P07590000;0.05;0.1;delta=-0.005
2026-10-02 10:48;7595.0;7718.52;SPXW  261002P07595000;0.05;0.1;delta=-0.005
2026-10-02 10:48;7600.0;7718.52;SPXW  261002P07600000;0.05;0.1;delta=-0.005
2026-10-02 10:48;7605.0;7718.52;SPXW  261002P07605000;0.1;0.15;delta=-0.008
2026-10-02 10:48;7610.0;7718.52;SPXW  261002P07610000;0.1;0.15;delta=-0.008
2026-10-02 10:48;7615.0;7718.52;SPXW  261002P07615000;0.1;0.15;delta=-0.009
2026-10-02 10:48;7620.0;7718.52;SPXW  261002P07620000;0.1;0.15;delta=-0.009
2026-10-02 10:48;7625.0;7718.52;SPXW  261002P07625000;0.1;0.15;delta=-0.009
2026-10-02 10:48;7630.0;7718.52;SPXW  261002P07630000;0.1;0.15;delta=-0.01
2026-10-02 10:48;7635.0;7718.52;SPXW  261002P07635000;0.1;0.15;delta=-0.01
2026-10-02 10:48;7640.0;7718.52;SPXW  261002P07640000;0.15;0.2;delta=-0.014
2026-10-02 10:48;7645.0;7718.52;SPXW  261002P07645000;0.15;0.2;delta=-0.015
2026-10-02 10:48;7650.0;7718.52;SPXW  261002P07650000;0.15;0.2;delta=-0.015
2026-10-02 10:48;7655.0;7718.52;SPXW  261002P07655000;0.2;0.25;delta=-0.02
2026-10-02 10:48;7660.0;7718.52;SPXW  261002P07660000;0.25;0.3;delta=-0.025
2026-10-02 10:48;7665.0;7718.52;SPXW  261002P07665000;0.3;0.35;delta=-0.03
2026-10-02 10:48;7670.0;7718.52;SPXW  261002P07670000;0.4;0.45;delta=-0.039
2026-10-02 10:48;7675.0;7718.52;SPXW  261002P07675000;0.5;0.55;delta=-0.048
2026-10-02 10:48;7680.0;7718.52;SPXW  261002P07680000;0.65;0.7;delta=-0.062
2026-10-02 10:48;7685.0;7718.52;SPXW  261002P07685000;0.85;0.9;delta=-0.081
2026-10-02 10:48;7690.0;7718.52;SPXW  261002P07690000;1.15;1.2;delta=-0.107
2026-10-02 10:48;7695.0;7718.52;SPXW  261002P07695000;1.55;1.6;delta=-0.142
2026-10-02 10:48;7700.0;7718.52;SPXW  261002P07700000;2.15;2.2;delta=-0.189
2026-10-02 10:48;7705.0;7718.52;SPXW  261002P07705000;3.0;3.1;delta=-0.255
2026-10-02 10:48;7710.0;7718.52;SPXW  261002P07710000;4.3;4.4;delta=-0.335
2026-10-02 10:48;7715.0;7718.52;SPXW  261002P07715000;6.0;6.1;delta=-0.432
2026-10-02 10:48;7720.0;7718.52;SPXW  261002P07720000;8.3;8.4;delta=-0.541
2026-10-02 10:48;7725.0;7718.52;SPXW  261002P07725000;11.2;11.3;delta=-0.649
2026-10-02 10:48;7730.0;7718.52;SPXW  261002P07730000;14.7;14.9;delta=-0.746
2026-10-02 10:48;7735.0;7718.52;SPXW  261002P07735000;18.7;18.9;delta=-0.824
2026-10-02 10:48;7740.0;7718.52;SPXW  261002P07740000;23.1;23.3;delta=-0.881
2026-10-02 10:48;7745.0;7718.52;SPXW  261002P07745000;27.7;28.0;delta=-0.917
2026-10-02 10:48;7750.0;7718.52;SPXW  261002P07750000;32.5;32.8;delta=-0.94
2026-10-02 10:48;7755.0;7718.52;SPXW  261002P07755000;37.4;37.7;delta=-0.955
2026-10-02 10:48;7760.0;7718.52;SPXW  261002P07760000;42.3;42.6;delta=-0.964
2026-10-02 10:48;7765.0;7718.52;SPXW  261002P07765000;47.3;47.6;delta=-0.971
2026-10-02 10:48;7770.0;7718.52;SPXW  261002P07770000;52.2;52.5;delta=-0.977
2026-10-02 10:48;7775.0;7718.52;SPXW  261002P07775000;56.8;57.7;delta=-0.978
2026-10-02 10:48;7780.0;7718.52;SPXW  261002P07780000;61.8;62.6;delta=-0.983
2026-10-02 10:48;7785.0;7718.52;SPXW  261002P07785000;66.8;67.6;delta=-0.984
2026-10-02 10:48;7790.0;7718.52;SPXW  261002P07790000;71.8;72.6;delta=-0.985
2026-10-02 10:48;7795.0;7718.52;SPXW  261002P07795000;76.8;77.6;delta=-0.987
2026-10-02 10:48;7800.0;7718.52;SPXW  261002P07800000;81.8;82.6;delta=-0.99
2026-10-02 10:48;7805.0;7718.52;SPXW  261002P07805000;86.8;87.6;delta=-0.99
2026-10-02 10:48;7810.0;7718.52;SPXW  261002P07810000;91.8;92.6;delta=-0.99
2026-10-02 10:48;7815.0;7718.52;SPXW  261002P07815000;96.8;97.6;delta=-0.991
2026-10-02 10:48;7820.0;7718.52;SPXW  261002P07820000;101.7;102.8;delta=-0.991
2026-10-02 10:48;7825.0;7718.52;SPXW  261002P07825000;106.7;107.7;delta=-0.991
2026-10-02 10:48;7830.0;7718.52;SPXW  261002P07830000;111.7;112.7;delta=-0.995
2026-10-02 10:48;7835.0;7718.52;SPXW  261002P07835000;116.7;117.7;delta=-0.995
2026-10-02 10:48;7840.0;7718.52;SPXW  261002P07840000;121.6;122.7;delta=-0.995
2026-10-02 10:48;7845.0;7718.52;SPXW  261002P07845000;126.6;127.7;delta=-0.995
2026-10-02 10:48;7850.0;7718.52;SPXW  261002P07850000;131.6;132.7;delta=-0.995
2026-10-02 10:48;7855.0;7718.52;SPXW  261002P07855000;136.6;137.7;delta=-0.995
2026-10-02 10:48;7860.0;7718.52;SPXW  261002P07860000;141.6;142.7;delta=-0.995
2026-10-02 10:48;7865.0;7718.52;SPXW  261002P07865000;146.6;147.7;delta=-0.996
2026-10-02 10:48;7870.0;7718.52;SPXW  261002P07870000;147.9;154.7;delta=-0.996
2026-10-02 10:48;7875.0;7718.52;SPXW  261002P07875000;156.6;157.7;delta=-0.996
2026-10-02 10:48;7880.0;7718.52;SPXW  261002P07880000;157.8;164.6;delta=-0.996
2026-10-02 10:48;7885.0;7718.52;SPXW  261002P07885000;162.8;169.7;delta=-0.996
2026-10-02 10:48;7890.0;7718.52;SPXW  261002P07890000;168.1;174.6;delta=-0.996
2026-10-02 10:48;7895.0;7718.52;SPXW  261002P07895000;173.1;179.6;delta=-0.996
2026-10-02 10:48;7900.0;7718.52;SPXW  261002P07900000;181.7;182.7;delta=-0.997
2026-10-02 10:48;7905.0;7718.52;SPXW  261002P07905000;183.1;189.6;delta=-0.997
2026-10-02 10:48;7910.0;7718.52;SPXW  261002P07910000;188.1;194.6;delta=-0.997
2026-10-02 10:48;7915.0;7718.52;SPXW  261002P07915000;192.8;199.6;delta=-0.999
2026-10-02 10:48;7920.0;7718.52;SPXW  261002P07920000;201.7;202.7;delta=-0.999
2026-10-02 10:48;7925.0;7718.52;SPXW  261002P07925000;199.2;211.8;delta=-0.999
2026-10-02 10:48;7930.0;7718.52;SPXW  261002P07930000;204.7;217.2;delta=-0.999
2026-10-02 10:48;7935.0;7718.52;SPXW  261002P07935000;209.2;221.8;delta=-0.999
2026-10-02 10:48;7940.0;7718.52;SPXW  261002P07940000;211.5;230.5;delta=-0.999
2026-10-02 10:48;7945.0;7718.52;SPXW  261002P07945000;215.4;236.2;delta=-0.999
2026-10-02 10:48;7950.0;7718.52;SPXW  261002P07950000;231.6;232.7;delta=-0.999
2026-10-02 10:48;7955.0;7718.52;SPXW  261002P07955000;226.5;245.2;delta=-0.999
2026-10-02 10:48;7960.0;7718.52;SPXW  261002P07960000;231.5;250.5;delta=-0.999
2026-10-02 10:48;7965.0;7718.52;SPXW  261002P07965000;236.5;255.2;delta=-0.999
2026-10-02 10:52;7475.0;7722.53;SPXW  261002C07475000;237.7;256.7;delta=0.999
2026-10-02 10:52;7480.0;7722.53;SPXW  261002C07480000;232.7;251.7;delta=0.999
2026-10-02 10:52;7485.0;7722.53;SPXW  261002C07485000;227.7;245.6;delta=0.998
2026-10-02 10:52;7490.0;7722.53;SPXW  261002C07490000;222.7;241.7;delta=0.997
2026-10-02 10:52;7495.0;7722.53;SPXW  261002C07495000;217.7;235.6;delta=0.997
2026-10-02 10:52;7500.0;7722.53;SPXW  261002C07500000;222.3;223.9;delta=0.997
2026-10-02 10:52;7505.0;7722.53;SPXW  261002C07505000;207.2;225.3;delta=0.998
2026-10-02 10:52;7510.0;7722.53;SPXW  261002C07510000;206.7;218.7;delta=0.997
2026-10-02 10:52;7515.0;7722.53;SPXW  261002C07515000;201.7;215.3;delta=0.997
2026-10-02 10:52;7520.0;7722.53;SPXW  261002C07520000;196.7;210.3;delta=0.997
2026-10-02 10:52;7525.0;7722.53;SPXW  261002C07525000;194.1;201.3;delta=0.997
2026-10-02 10:52;7530.0;7722.53;SPXW  261002C07530000;189.1;196.0;delta=0.997
2026-10-02 10:52;7535.0;7722.53;SPXW  261002C07535000;187.3;188.9;delta=0.996
2026-10-02 10:52;7540.0;7722.53;SPXW  261002C07540000;182.3;183.9;delta=0.996
2026-10-02 10:52;7545.0;7722.53;SPXW  261002C07545000;177.3;178.9;delta=0.996
2026-10-02 10:52;7550.0;7722.53;SPXW  261002C07550000;172.3;173.9;delta=0.996
2026-10-02 10:52;7555.0;7722.53;SPXW  261002C07555000;167.3;168.9;delta=0.996
2026-10-02 10:52;7560.0;7722.53;SPXW  261002C07560000;162.3;163.9;delta=0.996
2026-10-02 10:52;7565.0;7722.53;SPXW  261002C07565000;157.3;158.9;delta=0.996
2026-10-02 10:52;7570.0;7722.53;SPXW  261002C07570000;148.7;156.4;delta=0.996
2026-10-02 10:52;7575.0;7722.53;SPXW  261002C07575000;143.7;151.0;delta=0.996
2026-10-02 10:52;7580.0;7722.53;SPXW  261002C07580000;138.7;146.4;delta=0.996
2026-10-02 10:52;7585.0;7722.53;SPXW  261002C07585000;133.7;141.4;delta=0.995
2026-10-02 10:52;7590.0;7722.53;SPXW  261002C07590000;128.7;136.3;delta=0.995
2026-10-02 10:52;7595.0;7722.53;SPXW  261002C07595000;123.7;131.3;delta=0.995
2026-10-02 10:52;7600.0;7722.53;SPXW  261002C07600000;122.4;123.9;delta=0.995
2026-10-02 10:52;7605.0;7722.53;SPXW  261002C07605000;117.4;118.9;delta=0.995
2026-10-02 10:52;7610.0;7722.53;SPXW  261002C07610000;112.4;113.9;delta=0.995
2026-10-02 10:52;7615.0;7722.53;SPXW  261002C07615000;107.4;109.1;delta=0.994
2026-10-02 10:52;7620.0;7722.53;SPXW  261002C07620000;102.4;104.1;delta=0.991
2026-10-02 10:52;7625.0;7722.53;SPXW  261002C07625000;97.7;98.5;delta=0.991
2026-10-02 10:52;7630.0;7722.53;SPXW  261002C07630000;92.7;93.5;delta=0.991
2026-10-02 10:52;7635.0;7722.53;SPXW  261002C07635000;87.9;88.3;delta=0.99
2026-10-02 10:52;7640.0;7722.53;SPXW  261002C07640000;82.9;83.3;delta=0.99
2026-10-02 10:52;7645.0;7722.53;SPXW  261002C07645000;77.9;78.3;delta=0.988
2026-10-02 10:52;7650.0;7722.53;SPXW  261002C07650000;72.9;73.3;delta=0.985
2026-10-02 10:52;7655.0;7722.53;SPXW  261002C07655000;67.9;68.4;delta=0.984
2026-10-02 10:52;7660.0;7722.53;SPXW  261002C07660000;62.9;63.4;delta=0.98
2026-10-02 10:52;7665.0;7722.53;SPXW  261002C07665000;58.0;58.4;delta=0.975
2026-10-02 10:52;7670.0;7722.53;SPXW  261002C07670000;53.0;53.5;delta=0.97
2026-10-02 10:52;7675.0;7722.53;SPXW  261002C07675000;48.1;48.5;delta=0.964
2026-10-02 10:52;7680.0;7722.53;SPXW  261002C07680000;43.2;43.6;delta=0.954
2026-10-02 10:52;7685.0;7722.53;SPXW  261002C07685000;38.3;38.8;delta=0.941
2026-10-02 10:52;7690.0;7722.53;SPXW  261002C07690000;33.6;33.9;delta=0.924
2026-10-02 10:52;7695.0;7722.53;SPXW  261002C07695000;28.9;29.1;delta=0.897
2026-10-02 10:52;7700.0;7722.53;SPXW  261002C07700000;24.2;24.5;delta=0.862
2026-10-02 10:52;7705.0;7722.53;SPXW  261002C07705000;19.8;20.0;delta=0.811
2026-10-02 10:52;7710.0;7722.53;SPXW  261002C07710000;15.6;15.9;delta=0.742
2026-10-02 10:52;7715.0;7722.53;SPXW  261002C07715000;11.8;12.0;delta=0.655
2026-10-02 10:52;7720.0;7722.53;SPXW  261002C07720000;8.5;8.7;delta=0.549
2026-10-02 10:52;7725.0;7722.53;SPXW  261002C07725000;5.8;6.0;delta=0.434
2026-10-02 10:52;7730.0;7722.53;SPXW  261002C07730000;3.8;3.9;delta=0.323
2026-10-02 10:52;7735.0;7722.53;SPXW  261002C07735000;2.4;2.45;delta=0.228
2026-10-02 10:52;7740.0;7722.53;SPXW  261002C07740000;1.5;1.55;delta=0.155
2026-10-02 10:52;7745.0;7722.53;SPXW  261002C07745000;0.95;1.0;delta=0.106
2026-10-02 10:52;7750.0;7722.53;SPXW  261002C07750000;0.6;0.7;delta=0.073
2026-10-02 10:52;7755.0;7722.53;SPXW  261002C07755000;0.45;0.5;delta=0.055
2026-10-02 10:52;7760.0;7722.53;SPXW  261002C07760000;0.35;0.4;delta=0.038
2026-10-02 10:52;7765.0;7722.53;SPXW  261002C07765000;0.25;0.3;delta=0.031
2026-10-02 10:52;7770.0;7722.53;SPXW  261002C07770000;0.2;0.25;delta=0.025
2026-10-02 10:52;7775.0;7722.53;SPXW  261002C07775000;0.2;0.25;delta=0.023
2026-10-02 10:52;7780.0;7722.53;SPXW  261002C07780000;0.15;0.25;delta=0.018
2026-10-02 10:52;7785.0;7722.53;SPXW  261002C07785000;0.15;0.2;delta=0.017
2026-10-02 10:52;7790.0;7722.53;SPXW  261002C07790000;0.15;0.2;delta=0.016
2026-10-02 10:52;7795.0;7722.53;SPXW  261002C07795000;0.15;0.2;delta=0.015
2026-10-02 10:52;7800.0;7722.53;SPXW  261002C07800000;0.1;0.15;delta=0.011
2026-10-02 10:52;7805.0;7722.53;SPXW  261002C07805000;0.1;0.15;delta=0.01
2026-10-02 10:52;7810.0;7722.53;SPXW  261002C07810000;0.1;0.15;delta=0.01
2026-10-02 10:52;7815.0;7722.53;SPXW  261002C07815000;0.1;0.15;delta=0.009
2026-10-02 10:52;7820.0;7722.53;SPXW  261002C07820000;0.1;0.15;delta=0.009
2026-10-02 10:52;7825.0;7722.53;SPXW  261002C07825000;0.05;0.1;delta=0.006
2026-10-02 10:52;7830.0;7722.53;SPXW  261002C07830000;0.05;0.1;delta=0.006
2026-10-02 10:52;7835.0;7722.53;SPXW  261002C07835000;0.05;0.1;delta=0.005
2026-10-02 10:52;7840.0;7722.53;SPXW  261002C07840000;0.05;0.1;delta=0.005
2026-10-02 10:52;7845.0;7722.53;SPXW  261002C07845000;0.05;0.1;delta=0.005
2026-10-02 10:52;7850.0;7722.53;SPXW  261002C07850000;0.05;0.1;delta=0.005
2026-10-02 10:52;7855.0;7722.53;SPXW  261002C07855000;0.05;0.1;delta=0.005
2026-10-02 10:52;7860.0;7722.53;SPXW  261002C07860000;0.05;0.1;delta=0.005
2026-10-02 10:52;7865.0;7722.53;SPXW  261002C07865000;0.05;0.1;delta=0.004
2026-10-02 10:52;7870.0;7722.53;SPXW  261002C07870000;0.05;0.1;delta=0.004
2026-10-02 10:52;7875.0;7722.53;SPXW  261002C07875000;0.05;0.1;delta=0.004
2026-10-02 10:52;7880.0;7722.53;SPXW  261002C07880000;0.05;0.1;delta=0.004
2026-10-02 10:52;7885.0;7722.53;SPXW  261002C07885000;0.05;0.1;delta=0.004
2026-10-02 10:52;7890.0;7722.53;SPXW  261002C07890000;0.05;0.1;delta=0.004
2026-10-02 10:52;7895.0;7722.53;SPXW  261002C07895000;0.05;0.1;delta=0.004
2026-10-02 10:52;7900.0;7722.53;SPXW  261002C07900000;0.0;0.1;delta=0.003
2026-10-02 10:52;7905.0;7722.53;SPXW  261002C07905000;0.0;0.1;delta=0.003
2026-10-02 10:52;7910.0;7722.53;SPXW  261002C07910000;0.0;0.1;delta=0.003
2026-10-02 10:52;7915.0;7722.53;SPXW  261002C07915000;0.0;0.05;delta=0.001
2026-10-02 10:52;7920.0;7722.53;SPXW  261002C07920000;0.0;0.05;delta=0.001
2026-10-02 10:52;7925.0;7722.53;SPXW  261002C07925000;0.0;0.05;delta=0.001
2026-10-02 10:52;7930.0;7722.53;SPXW  261002C07930000;0.0;0.05;delta=0.001
2026-10-02 10:52;7935.0;7722.53;SPXW  261002C07935000;0.0;0.05;delta=0.001
2026-10-02 10:52;7940.0;7722.53;SPXW  261002C07940000;0.0;0.05;delta=0.001
2026-10-02 10:52;7945.0;7722.53;SPXW  261002C07945000;0.0;0.05;delta=0.001
2026-10-02 10:52;7950.0;7722.53;SPXW  261002C07950000;0.0;0.05;delta=0.001
2026-10-02 10:52;7955.0;7722.53;SPXW  261002C07955000;0.0;0.05;delta=0.001
2026-10-02 10:52;7960.0;7722.53;SPXW  261002C07960000;0.0;0.05;delta=0.001
2026-10-02 10:52;7965.0;7722.53;SPXW  261002C07965000;0.0;0.05;delta=0.001
2026-10-02 10:52;7970.0;7722.53;SPXW  261002C07970000;0.0;0.05;delta=0.001
2026-10-02 10:52;7475.0;7722.53;SPXW  261002P07475000;0.0;0.05;delta=-0.001
2026-10-02 10:52;7480.0;7722.53;SPXW  261002P07480000;0.0;0.05;delta=-0.001
2026-10-02 10:52;7485.0;7722.53;SPXW  261002P07485000;0.0;0.1;delta=-0.002
2026-10-02 10:52;7490.0;7722.53;SPXW  261002P07490000;0.05;0.1;delta=-0.003
2026-10-02 10:52;7495.0;7722.53;SPXW  261002P07495000;0.05;0.1;delta=-0.003
2026-10-02 10:52;7500.0;7722.53;SPXW  261002P07500000;0.05;0.1;delta=-0.003
2026-10-02 10:52;7505.0;7722.53;SPXW  261002P07505000;0.0;0.1;delta=-0.002
2026-10-02 10:52;7510.0;7722.53;SPXW  261002P07510000;0.05;0.1;delta=-0.003
2026-10-02 10:52;7515.0;7722.53;SPXW  261002P07515000;0.05;0.1;delta=-0.003
2026-10-02 10:52;7520.0;7722.53;SPXW  261002P07520000;0.05;0.1;delta=-0.003
2026-10-02 10:52;7525.0;7722.53;SPXW  261002P07525000;0.05;0.1;delta=-0.003
2026-10-02 10:52;7530.0;7722.53;SPXW  261002P07530000;0.05;0.1;delta=-0.003
2026-10-02 10:52;7535.0;7722.53;SPXW  261002P07535000;0.05;0.1;delta=-0.003
2026-10-02 10:52;7540.0;7722.53;SPXW  261002P07540000;0.05;0.1;delta=-0.004
2026-10-02 10:52;7545.0;7722.53;SPXW  261002P07545000;0.05;0.1;delta=-0.004
2026-10-02 10:52;7550.0;7722.53;SPXW  261002P07550000;0.05;0.1;delta=-0.004
2026-10-02 10:52;7555.0;7722.53;SPXW  261002P07555000;0.05;0.1;delta=-0.004
2026-10-02 10:52;7560.0;7722.53;SPXW  261002P07560000;0.05;0.1;delta=-0.004
2026-10-02 10:52;7565.0;7722.53;SPXW  261002P07565000;0.05;0.1;delta=-0.004
2026-10-02 10:52;7570.0;7722.53;SPXW  261002P07570000;0.05;0.1;delta=-0.004
2026-10-02 10:52;7575.0;7722.53;SPXW  261002P07575000;0.05;0.1;delta=-0.004
2026-10-02 10:52;7580.0;7722.53;SPXW  261002P07580000;0.05;0.1;delta=-0.004
2026-10-02 10:52;7585.0;7722.53;SPXW  261002P07585000;0.05;0.1;delta=-0.005
2026-10-02 10:52;7590.0;7722.53;SPXW  261002P07590000;0.05;0.1;delta=-0.005
2026-10-02 10:52;7595.0;7722.53;SPXW  261002P07595000;0.05;0.1;delta=-0.005
2026-10-02 10:52;7600.0;7722.53;SPXW  261002P07600000;0.05;0.1;delta=-0.005
2026-10-02 10:52;7605.0;7722.53;SPXW  261002P07605000;0.05;0.1;delta=-0.005
2026-10-02 10:52;7610.0;7722.53;SPXW  261002P07610000;0.05;0.1;delta=-0.005
2026-10-02 10:52;7615.0;7722.53;SPXW  261002P07615000;0.05;0.1;delta=-0.006
2026-10-02 10:52;7620.0;7722.53;SPXW  261002P07620000;0.1;0.15;delta=-0.009
2026-10-02 10:52;7625.0;7722.53;SPXW  261002P07625000;0.1;0.15;delta=-0.009
2026-10-02 10:52;7630.0;7722.53;SPXW  261002P07630000;0.1;0.15;delta=-0.009
2026-10-02 10:52;7635.0;7722.53;SPXW  261002P07635000;0.1;0.15;delta=-0.01
2026-10-02 10:52;7640.0;7722.53;SPXW  261002P07640000;0.1;0.15;delta=-0.01
2026-10-02 10:52;7645.0;7722.53;SPXW  261002P07645000;0.1;0.15;delta=-0.012
2026-10-02 10:52;7650.0;7722.53;SPXW  261002P07650000;0.15;0.2;delta=-0.015
2026-10-02 10:52;7655.0;7722.53;SPXW  261002P07655000;0.15;0.2;delta=-0.016
2026-10-02 10:52;7660.0;7722.53;SPXW  261002P07660000;0.2;0.25;delta=-0.02
2026-10-02 10:52;7665.0;7722.53;SPXW  261002P07665000;0.25;0.3;delta=-0.025
2026-10-02 10:52;7670.0;7722.53;SPXW  261002P07670000;0.3;0.35;delta=-0.03
2026-10-02 10:52;7675.0;7722.53;SPXW  261002P07675000;0.35;0.4;delta=-0.036
2026-10-02 10:52;7680.0;7722.53;SPXW  261002P07680000;0.45;0.5;delta=-0.046
2026-10-02 10:52;7685.0;7722.53;SPXW  261002P07685000;0.55;0.6;delta=-0.059
2026-10-02 10:52;7690.0;7722.53;SPXW  261002P07690000;0.75;0.8;delta=-0.076
2026-10-02 10:52;7695.0;7722.53;SPXW  261002P07695000;1.0;1.05;delta=-0.103
2026-10-02 10:52;7700.0;7722.53;SPXW  261002P07700000;1.35;1.4;delta=-0.138
2026-10-02 10:52;7705.0;7722.53;SPXW  261002P07705000;1.9;2.0;delta=-0.189
2026-10-02 10:52;7710.0;7722.53;SPXW  261002P07710000;2.75;2.85;delta=-0.258
2026-10-02 10:52;7715.0;7722.53;SPXW  261002P07715000;4.0;4.1;delta=-0.345
2026-10-02 10:52;7720.0;7722.53;SPXW  261002P07720000;5.7;5.8;delta=-0.451
2026-10-02 10:52;7725.0;7722.53;SPXW  261002P07725000;8.0;8.1;delta=-0.566
2026-10-02 10:52;7730.0;7722.53;SPXW  261002P07730000;11.0;11.1;delta=-0.677
2026-10-02 10:52;7735.0;7722.53;SPXW  261002P07735000;14.5;14.7;delta=-0.772
2026-10-02 10:52;7740.0;7722.53;SPXW  261002P07740000;18.6;18.9;delta=-0.845
2026-10-02 10:52;7745.0;7722.53;SPXW  261002P07745000;23.1;23.5;delta=-0.896
2026-10-02 10:52;7750.0;7722.53;SPXW  261002P07750000;27.7;28.2;delta=-0.927
2026-10-02 10:52;7755.0;7722.53;SPXW  261002P07755000;32.6;33.0;delta=-0.945
2026-10-02 10:52;7760.0;7722.53;SPXW  261002P07760000;37.5;37.9;delta=-0.962
2026-10-02 10:52;7765.0;7722.53;SPXW  261002P07765000;42.4;42.8;delta=-0.969
2026-10-02 10:52;7770.0;7722.53;SPXW  261002P07770000;47.3;47.8;delta=-0.975
2026-10-02 10:52;7775.0;7722.53;SPXW  261002P07775000;52.3;52.8;delta=-0.977
2026-10-02 10:52;7780.0;7722.53;SPXW  261002P07780000;57.3;57.7;delta=-0.982
2026-10-02 10:52;7785.0;7722.53;SPXW  261002P07785000;62.1;62.9;delta=-0.983
2026-10-02 10:52;7790.0;7722.53;SPXW  261002P07790000;67.1;67.9;delta=-0.984
2026-10-02 10:52;7795.0;7722.53;SPXW  261002P07795000;72.1;72.9;delta=-0.985
2026-10-02 10:52;7800.0;7722.53;SPXW  261002P07800000;77.1;77.9;delta=-0.989
2026-10-02 10:52;7805.0;7722.53;SPXW  261002P07805000;82.1;82.9;delta=-0.99
2026-10-02 10:52;7810.0;7722.53;SPXW  261002P07810000;87.1;87.8;delta=-0.99
2026-10-02 10:52;7815.0;7722.53;SPXW  261002P07815000;92.1;92.8;delta=-0.991
2026-10-02 10:52;7820.0;7722.53;SPXW  261002P07820000;97.1;97.8;delta=-0.991
2026-10-02 10:52;7825.0;7722.53;SPXW  261002P07825000;101.4;103.3;delta=-0.994
2026-10-02 10:52;7830.0;7722.53;SPXW  261002P07830000;106.4;108.2;delta=-0.994
2026-10-02 10:52;7835.0;7722.53;SPXW  261002P07835000;111.4;113.2;delta=-0.995
2026-10-02 10:52;7840.0;7722.53;SPXW  261002P07840000;116.4;118.2;delta=-0.995
2026-10-02 10:52;7845.0;7722.53;SPXW  261002P07845000;121.4;123.2;delta=-0.995
2026-10-02 10:52;7850.0;7722.53;SPXW  261002P07850000;126.5;128.2;delta=-0.995
2026-10-02 10:52;7855.0;7722.53;SPXW  261002P07855000;131.5;133.2;delta=-0.995
2026-10-02 10:52;7860.0;7722.53;SPXW  261002P07860000;136.5;138.2;delta=-0.995
2026-10-02 10:52;7865.0;7722.53;SPXW  261002P07865000;141.5;143.2;delta=-0.996
2026-10-02 10:52;7870.0;7722.53;SPXW  261002P07870000;144.2;151.5;delta=-0.996
2026-10-02 10:52;7875.0;7722.53;SPXW  261002P07875000;148.9;156.5;delta=-0.996
2026-10-02 10:52;7880.0;7722.53;SPXW  261002P07880000;153.8;161.5;delta=-0.996
2026-10-02 10:52;7885.0;7722.53;SPXW  261002P07885000;159.1;166.5;delta=-0.996
2026-10-02 10:52;7890.0;7722.53;SPXW  261002P07890000;163.8;171.4;delta=-0.996
2026-10-02 10:52;7895.0;7722.53;SPXW  261002P07895000;168.8;176.4;delta=-0.996
2026-10-02 10:52;7900.0;7722.53;SPXW  261002P07900000;176.4;178.2;delta=-0.997
2026-10-02 10:52;7905.0;7722.53;SPXW  261002P07905000;178.7;186.0;delta=-0.997
2026-10-02 10:52;7910.0;7722.53;SPXW  261002P07910000;183.7;191.0;delta=-0.997
2026-10-02 10:52;7915.0;7722.53;SPXW  261002P07915000;189.1;196.4;delta=-0.999
2026-10-02 10:52;7920.0;7722.53;SPXW  261002P07920000;196.4;198.2;delta=-0.999
2026-10-02 10:52;7925.0;7722.53;SPXW  261002P07925000;195.2;208.9;delta=-0.999
2026-10-02 10:52;7930.0;7722.53;SPXW  261002P07930000;199.7;213.9;delta=-0.999
2026-10-02 10:52;7935.0;7722.53;SPXW  261002P07935000;211.3;213.2;delta=-0.999
2026-10-02 10:52;7940.0;7722.53;SPXW  261002P07940000;216.3;218.2;delta=-0.999
2026-10-02 10:52;7945.0;7722.53;SPXW  261002P07945000;221.3;223.2;delta=-0.999
2026-10-02 10:52;7950.0;7722.53;SPXW  261002P07950000;226.3;228.2;delta=-0.999
2026-10-02 10:52;7955.0;7722.53;SPXW  261002P07955000;231.3;233.2;delta=-0.999
2026-10-02 10:52;7960.0;7722.53;SPXW  261002P07960000;236.3;238.2;delta=-0.999
2026-10-02 10:52;7965.0;7722.53;SPXW  261002P07965000;241.3;243.2;delta=-0.999
2026-10-02 10:52;7970.0;7722.53;SPXW  261002P07970000;238.8;257.3;delta=-0.999
2026-10-02 10:57;7475.0;7720.14;SPXW  261002C07475000;235.8;256.3;delta=0.999
2026-10-02 10:57;7480.0;7720.14;SPXW  261002C07480000;230.8;251.3;delta=0.999
2026-10-02 10:57;7485.0;7720.14;SPXW  261002C07485000;225.8;245.6;delta=0.999
2026-10-02 10:57;7490.0;7720.14;SPXW  261002C07490000;220.9;241.3;delta=0.999
2026-10-02 10:57;7495.0;7720.14;SPXW  261002C07495000;215.8;235.6;delta=0.999
2026-10-02 10:57;7500.0;7720.14;SPXW  261002C07500000;219.1;220.2;delta=0.997
2026-10-02 10:57;7505.0;7720.14;SPXW  261002C07505000;209.0;222.5;delta=0.998
2026-10-02 10:57;7510.0;7720.14;SPXW  261002C07510000;204.1;217.3;delta=0.997
2026-10-02 10:57;7515.0;7720.14;SPXW  261002C07515000;198.2;211.7;delta=0.997
2026-10-02 10:57;7520.0;7720.14;SPXW  261002C07520000;195.7;203.8;delta=0.997
2026-10-02 10:57;7525.0;7720.14;SPXW  261002C07525000;191.5;199.0;delta=0.997
2026-10-02 10:57;7530.0;7720.14;SPXW  261002C07530000;186.5;194.0;delta=0.997
2026-10-02 10:57;7535.0;7720.14;SPXW  261002C07535000;181.5;189.0;delta=0.996
2026-10-02 10:57;7540.0;7720.14;SPXW  261002C07540000;176.5;184.0;delta=0.996
2026-10-02 10:57;7545.0;7720.14;SPXW  261002C07545000;171.5;179.0;delta=0.996
2026-10-02 10:57;7550.0;7720.14;SPXW  261002C07550000;169.2;170.4;delta=0.996
2026-10-02 10:57;7555.0;7720.14;SPXW  261002C07555000;161.5;169.0;delta=0.996
2026-10-02 10:57;7560.0;7720.14;SPXW  261002C07560000;156.7;164.0;delta=0.996
2026-10-02 10:57;7565.0;7720.14;SPXW  261002C07565000;151.7;159.0;delta=0.996
2026-10-02 10:57;7570.0;7720.14;SPXW  261002C07570000;149.2;150.4;delta=0.996
2026-10-02 10:57;7575.0;7720.14;SPXW  261002C07575000;141.7;149.0;delta=0.996
2026-10-02 10:57;7580.0;7720.14;SPXW  261002C07580000;136.7;144.0;delta=0.996
2026-10-02 10:57;7585.0;7720.14;SPXW  261002C07585000;131.7;139.0;delta=0.995
2026-10-02 10:57;7590.0;7720.14;SPXW  261002C07590000;126.7;134.0;delta=0.995
2026-10-02 10:57;7595.0;7720.14;SPXW  261002C07595000;124.2;125.4;delta=0.995
2026-10-02 10:57;7600.0;7720.14;SPXW  261002C07600000;119.2;120.4;delta=0.995
2026-10-02 10:57;7605.0;7720.14;SPXW  261002C07605000;114.2;115.4;delta=0.995
2026-10-02 10:57;7610.0;7720.14;SPXW  261002C07610000;109.2;110.4;delta=0.995
2026-10-02 10:57;7615.0;7720.14;SPXW  261002C07615000;104.2;105.3;delta=0.994
2026-10-02 10:57;7620.0;7720.14;SPXW  261002C07620000;99.3;100.2;delta=0.991
2026-10-02 10:57;7625.0;7720.14;SPXW  261002C07625000;94.3;95.2;delta=0.991
2026-10-02 10:57;7630.0;7720.14;SPXW  261002C07630000;89.3;90.2;delta=0.99
2026-10-02 10:57;7635.0;7720.14;SPXW  261002C07635000;84.7;85.0;delta=0.99
2026-10-02 10:57;7640.0;7720.14;SPXW  261002C07640000;79.7;80.1;delta=0.989
2026-10-02 10:57;7645.0;7720.14;SPXW  261002C07645000;74.7;75.1;delta=0.986
2026-10-02 10:57;7650.0;7720.14;SPXW  261002C07650000;69.7;70.1;delta=0.985
2026-10-02 10:57;7655.0;7720.14;SPXW  261002C07655000;64.8;65.1;delta=0.984
2026-10-02 10:57;7660.0;7720.14;SPXW  261002C07660000;59.8;60.2;delta=0.979
2026-10-02 10:57;7665.0;7720.14;SPXW  261002C07665000;54.8;55.2;delta=0.975
2026-10-02 10:57;7670.0;7720.14;SPXW  261002C07670000;49.9;50.3;delta=0.969
2026-10-02 10:57;7675.0;7720.14;SPXW  261002C07675000;45.0;45.4;delta=0.96
2026-10-02 10:57;7680.0;7720.14;SPXW  261002C07680000;40.1;40.5;delta=0.95
2026-10-02 10:57;7685.0;7720.14;SPXW  261002C07685000;35.3;35.6;delta=0.935
2026-10-02 10:57;7690.0;7720.14;SPXW  261002C07690000;30.6;30.8;delta=0.915
2026-10-02 10:57;7695.0;7720.14;SPXW  261002C07695000;25.9;26.1;delta=0.888
2026-10-02 10:57;7700.0;7720.14;SPXW  261002C07700000;21.4;21.5;delta=0.848
2026-10-02 10:57;7705.0;7720.14;SPXW  261002C07705000;17.1;17.3;delta=0.793
2026-10-02 10:57;7710.0;7720.14;SPXW  261002C07710000;13.1;13.3;delta=0.722
2026-10-02 10:57;7715.0;7720.14;SPXW  261002C07715000;9.6;9.8;delta=0.627
2026-10-02 10:57;7720.0;7720.14;SPXW  261002C07720000;6.7;6.8;delta=0.517
2026-10-02 10:57;7725.0;7720.14;SPXW  261002C07725000;4.4;4.5;delta=0.4
2026-10-02 10:57;7730.0;7720.14;SPXW  261002C07730000;2.75;2.85;delta=0.29
2026-10-02 10:57;7735.0;7720.14;SPXW  261002C07735000;1.7;1.75;delta=0.199
2026-10-02 10:57;7740.0;7720.14;SPXW  261002C07740000;1.05;1.1;delta=0.134
2026-10-02 10:57;7745.0;7720.14;SPXW  261002C07745000;0.65;0.75;delta=0.092
2026-10-02 10:57;7750.0;7720.14;SPXW  261002C07750000;0.45;0.5;delta=0.063
2026-10-02 10:57;7755.0;7720.14;SPXW  261002C07755000;0.35;0.4;delta=0.045
2026-10-02 10:57;7760.0;7720.14;SPXW  261002C07760000;0.25;0.3;delta=0.035
2026-10-02 10:57;7765.0;7720.14;SPXW  261002C07765000;0.2;0.25;delta=0.026
2026-10-02 10:57;7770.0;7720.14;SPXW  261002C07770000;0.2;0.25;delta=0.024
2026-10-02 10:57;7775.0;7720.14;SPXW  261002C07775000;0.15;0.2;delta=0.019
2026-10-02 10:57;7780.0;7720.14;SPXW  261002C07780000;0.15;0.2;delta=0.017
2026-10-02 10:57;7785.0;7720.14;SPXW  261002C07785000;0.15;0.2;delta=0.016
2026-10-02 10:57;7790.0;7720.14;SPXW  261002C07790000;0.1;0.15;delta=0.012
2026-10-02 10:57;7795.0;7720.14;SPXW  261002C07795000;0.1;0.15;delta=0.011
2026-10-02 10:57;7800.0;7720.14;SPXW  261002C07800000;0.1;0.15;delta=0.011
2026-10-02 10:57;7805.0;7720.14;SPXW  261002C07805000;0.1;0.15;delta=0.01
2026-10-02 10:57;7810.0;7720.14;SPXW  261002C07810000;0.1;0.15;delta=0.01
2026-10-02 10:57;7815.0;7720.14;SPXW  261002C07815000;0.1;0.15;delta=0.009
2026-10-02 10:57;7820.0;7720.14;SPXW  261002C07820000;0.1;0.15;delta=0.009
2026-10-02 10:57;7825.0;7720.14;SPXW  261002C07825000;0.05;0.1;delta=0.007
2026-10-02 10:57;7830.0;7720.14;SPXW  261002C07830000;0.05;0.1;delta=0.006
2026-10-02 10:57;7835.0;7720.14;SPXW  261002C07835000;0.05;0.1;delta=0.005
2026-10-02 10:57;7840.0;7720.14;SPXW  261002C07840000;0.05;0.1;delta=0.005
2026-10-02 10:57;7845.0;7720.14;SPXW  261002C07845000;0.05;0.1;delta=0.005
2026-10-02 10:57;7850.0;7720.14;SPXW  261002C07850000;0.05;0.1;delta=0.005
2026-10-02 10:57;7855.0;7720.14;SPXW  261002C07855000;0.05;0.1;delta=0.005
2026-10-02 10:57;7860.0;7720.14;SPXW  261002C07860000;0.05;0.1;delta=0.005
2026-10-02 10:57;7865.0;7720.14;SPXW  261002C07865000;0.05;0.1;delta=0.004
2026-10-02 10:57;7870.0;7720.14;SPXW  261002C07870000;0.05;0.1;delta=0.004
2026-10-02 10:57;7875.0;7720.14;SPXW  261002C07875000;0.05;0.1;delta=0.004
2026-10-02 10:57;7880.0;7720.14;SPXW  261002C07880000;0.05;0.1;delta=0.004
2026-10-02 10:57;7885.0;7720.14;SPXW  261002C07885000;0.05;0.1;delta=0.004
2026-10-02 10:57;7890.0;7720.14;SPXW  261002C07890000;0.05;0.1;delta=0.004
2026-10-02 10:57;7895.0;7720.14;SPXW  261002C07895000;0.0;0.1;delta=0.003
2026-10-02 10:57;7900.0;7720.14;SPXW  261002C07900000;0.0;0.1;delta=0.003
2026-10-02 10:57;7905.0;7720.14;SPXW  261002C07905000;0.0;0.1;delta=0.003
2026-10-02 10:57;7910.0;7720.14;SPXW  261002C07910000;0.0;0.05;delta=0.001
2026-10-02 10:57;7915.0;7720.14;SPXW  261002C07915000;0.0;0.05;delta=0.001
2026-10-02 10:57;7920.0;7720.14;SPXW  261002C07920000;0.0;0.05;delta=0.001
2026-10-02 10:57;7925.0;7720.14;SPXW  261002C07925000;0.0;0.05;delta=0.001
2026-10-02 10:57;7930.0;7720.14;SPXW  261002C07930000;0.0;0.05;delta=0.001
2026-10-02 10:57;7935.0;7720.14;SPXW  261002C07935000;0.0;0.05;delta=0.001
2026-10-02 10:57;7940.0;7720.14;SPXW  261002C07940000;0.0;0.05;delta=0.001
2026-10-02 10:57;7945.0;7720.14;SPXW  261002C07945000;0.0;0.05;delta=0.001
2026-10-02 10:57;7950.0;7720.14;SPXW  261002C07950000;0.0;0.05;delta=0.001
2026-10-02 10:57;7955.0;7720.14;SPXW  261002C07955000;0.0;0.05;delta=0.001
2026-10-02 10:57;7960.0;7720.14;SPXW  261002C07960000;0.0;0.05;delta=0.001
2026-10-02 10:57;7965.0;7720.14;SPXW  261002C07965000;0.0;0.05;delta=0.001
2026-10-02 10:57;7970.0;7720.14;SPXW  261002C07970000;0.0;0.05;delta=0.001
2026-10-02 10:57;7475.0;7720.14;SPXW  261002P07475000;0.0;0.05;delta=-0.001
2026-10-02 10:57;7480.0;7720.14;SPXW  261002P07480000;0.0;0.05;delta=-0.001
2026-10-02 10:57;7485.0;7720.14;SPXW  261002P07485000;0.0;0.05;delta=-0.001
2026-10-02 10:57;7490.0;7720.14;SPXW  261002P07490000;0.0;0.1;delta=-0.001
2026-10-02 10:57;7495.0;7720.14;SPXW  261002P07495000;0.0;0.1;delta=-0.001
2026-10-02 10:57;7500.0;7720.14;SPXW  261002P07500000;0.05;0.1;delta=-0.003
2026-10-02 10:57;7505.0;7720.14;SPXW  261002P07505000;0.0;0.1;delta=-0.002
2026-10-02 10:57;7510.0;7720.14;SPXW  261002P07510000;0.05;0.1;delta=-0.003
2026-10-02 10:57;7515.0;7720.14;SPXW  261002P07515000;0.05;0.1;delta=-0.003
2026-10-02 10:57;7520.0;7720.14;SPXW  261002P07520000;0.05;0.1;delta=-0.003
2026-10-02 10:57;7525.0;7720.14;SPXW  261002P07525000;0.05;0.1;delta=-0.003
2026-10-02 10:57;7530.0;7720.14;SPXW  261002P07530000;0.05;0.1;delta=-0.003
2026-10-02 10:57;7535.0;7720.14;SPXW  261002P07535000;0.05;0.1;delta=-0.004
2026-10-02 10:57;7540.0;7720.14;SPXW  261002P07540000;0.05;0.1;delta=-0.004
2026-10-02 10:57;7545.0;7720.14;SPXW  261002P07545000;0.05;0.1;delta=-0.004
2026-10-02 10:57;7550.0;7720.14;SPXW  261002P07550000;0.05;0.1;delta=-0.004
2026-10-02 10:57;7555.0;7720.14;SPXW  261002P07555000;0.05;0.1;delta=-0.004
2026-10-02 10:57;7560.0;7720.14;SPXW  261002P07560000;0.05;0.1;delta=-0.004
2026-10-02 10:57;7565.0;7720.14;SPXW  261002P07565000;0.05;0.1;delta=-0.004
2026-10-02 10:57;7570.0;7720.14;SPXW  261002P07570000;0.05;0.1;delta=-0.004
2026-10-02 10:57;7575.0;7720.14;SPXW  261002P07575000;0.05;0.1;delta=-0.004
2026-10-02 10:57;7580.0;7720.14;SPXW  261002P07580000;0.05;0.1;delta=-0.004
2026-10-02 10:57;7585.0;7720.14;SPXW  261002P07585000;0.05;0.1;delta=-0.005
2026-10-02 10:57;7590.0;7720.14;SPXW  261002P07590000;0.05;0.1;delta=-0.005
2026-10-02 10:57;7595.0;7720.14;SPXW  261002P07595000;0.05;0.1;delta=-0.005
2026-10-02 10:57;7600.0;7720.14;SPXW  261002P07600000;0.05;0.1;delta=-0.005
2026-10-02 10:57;7605.0;7720.14;SPXW  261002P07605000;0.05;0.1;delta=-0.005
2026-10-02 10:57;7610.0;7720.14;SPXW  261002P07610000;0.05;0.1;delta=-0.005
2026-10-02 10:57;7615.0;7720.14;SPXW  261002P07615000;0.05;0.1;delta=-0.006
2026-10-02 10:57;7620.0;7720.14;SPXW  261002P07620000;0.1;0.15;delta=-0.009
2026-10-02 10:57;7625.0;7720.14;SPXW  261002P07625000;0.1;0.15;delta=-0.009
2026-10-02 10:57;7630.0;7720.14;SPXW  261002P07630000;0.1;0.15;delta=-0.01
2026-10-02 10:57;7635.0;7720.14;SPXW  261002P07635000;0.1;0.15;delta=-0.01
2026-10-02 10:57;7640.0;7720.14;SPXW  261002P07640000;0.1;0.15;delta=-0.01
2026-10-02 10:57;7645.0;7720.14;SPXW  261002P07645000;0.15;0.2;delta=-0.014
2026-10-02 10:57;7650.0;7720.14;SPXW  261002P07650000;0.15;0.2;delta=-0.015
2026-10-02 10:57;7655.0;7720.14;SPXW  261002P07655000;0.2;0.25;delta=-0.016
2026-10-02 10:57;7660.0;7720.14;SPXW  261002P07660000;0.2;0.25;delta=-0.02
2026-10-02 10:57;7665.0;7720.14;SPXW  261002P07665000;0.25;0.3;delta=-0.025
2026-10-02 10:57;7670.0;7720.14;SPXW  261002P07670000;0.3;0.4;delta=-0.031
2026-10-02 10:57;7675.0;7720.14;SPXW  261002P07675000;0.4;0.45;delta=-0.04
2026-10-02 10:57;7680.0;7720.14;SPXW  261002P07680000;0.5;0.55;delta=-0.05
2026-10-02 10:57;7685.0;7720.14;SPXW  261002P07685000;0.65;0.7;delta=-0.065
2026-10-02 10:57;7690.0;7720.14;SPXW  261002P07690000;0.9;0.95;delta=-0.085
2026-10-02 10:57;7695.0;7720.14;SPXW  261002P07695000;1.2;1.25;delta=-0.113
2026-10-02 10:57;7700.0;7720.14;SPXW  261002P07700000;1.65;1.7;delta=-0.152
2026-10-02 10:57;7705.0;7720.14;SPXW  261002P07705000;2.3;2.35;delta=-0.207
2026-10-02 10:57;7710.0;7720.14;SPXW  261002P07710000;3.3;3.4;delta=-0.278
2026-10-02 10:57;7715.0;7720.14;SPXW  261002P07715000;4.7;4.8;delta=-0.373
2026-10-02 10:57;7720.0;7720.14;SPXW  261002P07720000;6.7;6.8;delta=-0.483
2026-10-02 10:57;7725.0;7720.14;SPXW  261002P07725000;9.4;9.5;delta=-0.599
2026-10-02 10:57;7730.0;7720.14;SPXW  261002P07730000;12.6;12.8;delta=-0.71
2026-10-02 10:57;7735.0;7720.14;SPXW  261002P07735000;16.5;16.7;delta=-0.801
2026-10-02 10:57;7740.0;7720.14;SPXW  261002P07740000;20.8;21.0;delta=-0.866
2026-10-02 10:57;7745.0;7720.14;SPXW  261002P07745000;25.4;25.7;delta=-0.908
2026-10-02 10:57;7750.0;7720.14;SPXW  261002P07750000;30.1;30.5;delta=-0.937
2026-10-02 10:57;7755.0;7720.14;SPXW  261002P07755000;35.0;35.4;delta=-0.955
2026-10-02 10:57;7760.0;7720.14;SPXW  261002P07760000;39.9;40.3;delta=-0.965
2026-10-02 10:57;7765.0;7720.14;SPXW  261002P07765000;44.9;45.3;delta=-0.974
2026-10-02 10:57;7770.0;7720.14;SPXW  261002P07770000;49.9;50.2;delta=-0.976
2026-10-02 10:57;7775.0;7720.14;SPXW  261002P07775000;54.8;55.2;delta=-0.981
2026-10-02 10:57;7780.0;7720.14;SPXW  261002P07780000;59.8;60.2;delta=-0.983
2026-10-02 10:57;7785.0;7720.14;SPXW  261002P07785000;64.7;65.5;delta=-0.984
2026-10-02 10:57;7790.0;7720.14;SPXW  261002P07790000;69.7;70.5;delta=-0.988
2026-10-02 10:57;7795.0;7720.14;SPXW  261002P07795000;74.7;75.5;delta=-0.989
2026-10-02 10:57;7800.0;7720.14;SPXW  261002P07800000;79.7;80.5;delta=-0.989
2026-10-02 10:57;7805.0;7720.14;SPXW  261002P07805000;84.7;85.5;delta=-0.99
2026-10-02 10:57;7810.0;7720.14;SPXW  261002P07810000;89.7;90.5;delta=-0.99
2026-10-02 10:57;7815.0;7720.14;SPXW  261002P07815000;94.7;95.5;delta=-0.991
2026-10-02 10:57;7820.0;7720.14;SPXW  261002P07820000;99.4;100.7;delta=-0.991
2026-10-02 10:57;7825.0;7720.14;SPXW  261002P07825000;104.4;105.6;delta=-0.993
2026-10-02 10:57;7830.0;7720.14;SPXW  261002P07830000;109.3;110.6;delta=-0.994
2026-10-02 10:57;7835.0;7720.14;SPXW  261002P07835000;114.3;115.6;delta=-0.995
2026-10-02 10:57;7840.0;7720.14;SPXW  261002P07840000;119.3;120.6;delta=-0.995
2026-10-02 10:57;7845.0;7720.14;SPXW  261002P07845000;124.3;125.6;delta=-0.995
2026-10-02 10:57;7850.0;7720.14;SPXW  261002P07850000;129.3;130.5;delta=-0.995
2026-10-02 10:57;7855.0;7720.14;SPXW  261002P07855000;134.3;135.5;delta=-0.995
2026-10-02 10:57;7860.0;7720.14;SPXW  261002P07860000;139.3;140.5;delta=-0.995
2026-10-02 10:57;7865.0;7720.14;SPXW  261002P07865000;141.3;148.5;delta=-0.996
2026-10-02 10:57;7870.0;7720.14;SPXW  261002P07870000;146.3;153.5;delta=-0.996
2026-10-02 10:57;7875.0;7720.14;SPXW  261002P07875000;154.3;155.6;delta=-0.996
2026-10-02 10:57;7880.0;7720.14;SPXW  261002P07880000;156.3;163.5;delta=-0.996
2026-10-02 10:57;7885.0;7720.14;SPXW  261002P07885000;161.3;168.6;delta=-0.996
2026-10-02 10:57;7890.0;7720.14;SPXW  261002P07890000;166.3;173.4;delta=-0.996
2026-10-02 10:57;7895.0;7720.14;SPXW  261002P07895000;171.1;178.4;delta=-0.997
2026-10-02 10:57;7900.0;7720.14;SPXW  261002P07900000;179.3;180.6;delta=-0.997
2026-10-02 10:57;7905.0;7720.14;SPXW  261002P07905000;181.1;188.6;delta=-0.997
2026-10-02 10:57;7910.0;7720.14;SPXW  261002P07910000;186.3;193.6;delta=-0.999
2026-10-02 10:57;7915.0;7720.14;SPXW  261002P07915000;191.1;198.6;delta=-0.999
2026-10-02 10:57;7920.0;7720.14;SPXW  261002P07920000;199.3;200.6;delta=-0.999
2026-10-02 10:57;7925.0;7720.14;SPXW  261002P07925000;197.6;211.9;delta=-0.999
2026-10-02 10:57;7930.0;7720.14;SPXW  261002P07930000;202.6;216.9;delta=-0.999
2026-10-02 10:57;7935.0;7720.14;SPXW  261002P07935000;208.0;221.7;delta=-0.999
2026-10-02 10:57;7940.0;7720.14;SPXW  261002P07940000;208.8;229.0;delta=-0.999
2026-10-02 10:57;7945.0;7720.14;SPXW  261002P07945000;214.3;234.2;delta=-0.999
2026-10-02 10:57;7950.0;7720.14;SPXW  261002P07950000;229.3;230.6;delta=-0.999
2026-10-02 10:57;7955.0;7720.14;SPXW  261002P07955000;225.3;244.2;delta=-0.999
2026-10-02 10:57;7960.0;7720.14;SPXW  261002P07960000;228.7;249.2;delta=-0.999
2026-10-02 10:57;7965.0;7720.14;SPXW  261002P07965000;233.9;254.2;delta=-0.999
2026-10-02 10:57;7970.0;7720.14;SPXW  261002P07970000;238.7;259.2;delta=-0.999
2026-10-02 11:46;7475.0;7720.78;SPXW  261002C07475000;235.9;251.9;delta=0.999
2026-10-02 11:46;7480.0;7720.78;SPXW  261002C07480000;230.9;247.9;delta=0.999
2026-10-02 11:46;7485.0;7720.78;SPXW  261002C07485000;225.9;242.9;delta=0.999
2026-10-02 11:46;7490.0;7720.78;SPXW  261002C07490000;220.9;237.7;delta=0.999
2026-10-02 11:46;7495.0;7720.78;SPXW  261002C07495000;215.9;232.9;delta=0.999
2026-10-02 11:46;7500.0;7720.78;SPXW  261002C07500000;219.8;220.8;delta=0.999
2026-10-02 11:46;7505.0;7720.78;SPXW  261002C07505000;208.6;222.4;delta=0.999
2026-10-02 11:46;7510.0;7720.78;SPXW  261002C07510000;203.6;217.4;delta=0.999
2026-10-02 11:46;7515.0;7720.78;SPXW  261002C07515000;198.6;211.5;delta=0.999
2026-10-02 11:46;7520.0;7720.78;SPXW  261002C07520000;193.6;207.4;delta=0.999
2026-10-02 11:46;7525.0;7720.78;SPXW  261002C07525000;192.2;199.4;delta=0.999
2026-10-02 11:46;7530.0;7720.78;SPXW  261002C07530000;187.2;194.4;delta=0.999
2026-10-02 11:46;7535.0;7720.78;SPXW  261002C07535000;182.2;189.4;delta=0.999
2026-10-02 11:46;7540.0;7720.78;SPXW  261002C07540000;177.2;184.4;delta=0.999
2026-10-02 11:46;7545.0;7720.78;SPXW  261002C07545000;172.2;179.4;delta=0.999
2026-10-02 11:46;7550.0;7720.78;SPXW  261002C07550000;169.8;170.9;delta=0.998
2026-10-02 11:46;7555.0;7720.78;SPXW  261002C07555000;162.2;169.5;delta=0.998
2026-10-02 11:46;7560.0;7720.78;SPXW  261002C07560000;157.2;164.5;delta=0.997
2026-10-02 11:46;7565.0;7720.78;SPXW  261002C07565000;152.2;159.5;delta=0.998
2026-10-02 11:46;7570.0;7720.78;SPXW  261002C07570000;147.2;154.5;delta=0.996
2026-10-02 11:46;7575.0;7720.78;SPXW  261002C07575000;142.2;149.5;delta=0.996
2026-10-02 11:46;7580.0;7720.78;SPXW  261002C07580000;139.7;140.9;delta=0.996
2026-10-02 11:46;7585.0;7720.78;SPXW  261002C07585000;132.2;139.5;delta=0.995
2026-10-02 11:46;7590.0;7720.78;SPXW  261002C07590000;129.7;130.9;delta=0.995
2026-10-02 11:46;7595.0;7720.78;SPXW  261002C07595000;124.7;125.9;delta=0.995
2026-10-02 11:46;7600.0;7720.78;SPXW  261002C07600000;119.7;120.9;delta=0.995
2026-10-02 11:46;7605.0;7720.78;SPXW  261002C07605000;114.8;115.9;delta=0.995
2026-10-02 11:46;7610.0;7720.78;SPXW  261002C07610000;109.7;110.9;delta=0.995
2026-10-02 11:46;7615.0;7720.78;SPXW  261002C07615000;102.2;109.5;delta=0.994
2026-10-02 11:46;7620.0;7720.78;SPXW  261002C07620000;99.7;100.9;delta=0.994
2026-10-02 11:46;7625.0;7720.78;SPXW  261002C07625000;94.8;95.7;delta=0.994
2026-10-02 11:46;7630.0;7720.78;SPXW  261002C07630000;89.8;90.7;delta=0.994
2026-10-02 11:46;7635.0;7720.78;SPXW  261002C07635000;84.8;85.7;delta=0.993
2026-10-02 11:46;7640.0;7720.78;SPXW  261002C07640000;79.8;80.7;delta=0.993
2026-10-02 11:46;7645.0;7720.78;SPXW  261002C07645000;74.8;75.7;delta=0.993
2026-10-02 11:46;7650.0;7720.78;SPXW  261002C07650000;70.2;70.5;delta=0.988
2026-10-02 11:46;7655.0;7720.78;SPXW  261002C07655000;65.2;65.6;delta=0.988
2026-10-02 11:46;7660.0;7720.78;SPXW  261002C07660000;60.3;60.6;delta=0.987
2026-10-02 11:46;7665.0;7720.78;SPXW  261002C07665000;55.3;55.6;delta=0.986
2026-10-02 11:46;7670.0;7720.78;SPXW  261002C07670000;50.3;50.6;delta=0.981
2026-10-02 11:46;7675.0;7720.78;SPXW  261002C07675000;45.3;45.6;delta=0.979
2026-10-02 11:46;7680.0;7720.78;SPXW  261002C07680000;40.4;40.7;delta=0.972
2026-10-02 11:46;7685.0;7720.78;SPXW  261002C07685000;35.4;35.7;delta=0.965
2026-10-02 11:46;7690.0;7720.78;SPXW  261002C07690000;30.5;30.8;delta=0.954
2026-10-02 11:46;7695.0;7720.78;SPXW  261002C07695000;25.6;25.9;delta=0.936
2026-10-02 11:46;7700.0;7720.78;SPXW  261002C07700000;20.9;21.1;delta=0.907
2026-10-02 11:46;7705.0;7720.78;SPXW  261002C07705000;16.2;16.5;delta=0.857
2026-10-02 11:46;7710.0;7720.78;SPXW  261002C07710000;12.0;12.2;delta=0.781
2026-10-02 11:46;7715.0;7720.78;SPXW  261002C07715000;8.2;8.3;delta=0.669
2026-10-02 11:46;7720.0;7720.78;SPXW  261002C07720000;5.1;5.2;delta=0.521
2026-10-02 11:46;7725.0;7720.78;SPXW  261002C07725000;2.9;2.95;delta=0.364
2026-10-02 11:46;7730.0;7720.78;SPXW  261002C07730000;1.55;1.6;delta=0.229
2026-10-02 11:46;7735.0;7720.78;SPXW  261002C07735000;0.8;0.85;delta=0.134
2026-10-02 11:46;7740.0;7720.78;SPXW  261002C07740000;0.45;0.5;delta=0.083
2026-10-02 11:46;7745.0;7720.78;SPXW  261002C07745000;0.3;0.35;delta=0.052
2026-10-02 11:46;7750.0;7720.78;SPXW  261002C07750000;0.2;0.25;delta=0.035
2026-10-02 11:46;7755.0;7720.78;SPXW  261002C07755000;0.15;0.2;delta=0.026
2026-10-02 11:46;7760.0;7720.78;SPXW  261002C07760000;0.15;0.2;delta=0.024
2026-10-02 11:46;7765.0;7720.78;SPXW  261002C07765000;0.1;0.15;delta=0.017
2026-10-02 11:46;7770.0;7720.78;SPXW  261002C07770000;0.1;0.15;delta=0.015
2026-10-02 11:46;7775.0;7720.78;SPXW  261002C07775000;0.1;0.15;delta=0.014
2026-10-02 11:46;7780.0;7720.78;SPXW  261002C07780000;0.05;0.15;delta=0.013
2026-10-02 11:46;7785.0;7720.78;SPXW  261002C07785000;0.05;0.1;delta=0.008
2026-10-02 11:46;7790.0;7720.78;SPXW  261002C07790000;0.05;0.1;delta=0.008
2026-10-02 11:46;7795.0;7720.78;SPXW  261002C07795000;0.05;0.1;delta=0.008
2026-10-02 11:46;7800.0;7720.78;SPXW  261002C07800000;0.05;0.1;delta=0.007
2026-10-02 11:46;7805.0;7720.78;SPXW  261002C07805000;0.05;0.1;delta=0.007
2026-10-02 11:46;7810.0;7720.78;SPXW  261002C07810000;0.05;0.1;delta=0.006
2026-10-02 11:46;7815.0;7720.78;SPXW  261002C07815000;0.05;0.1;delta=0.006
2026-10-02 11:46;7820.0;7720.78;SPXW  261002C07820000;0.05;0.1;delta=0.006
2026-10-02 11:46;7825.0;7720.78;SPXW  261002C07825000;0.05;0.1;delta=0.006
2026-10-02 11:46;7830.0;7720.78;SPXW  261002C07830000;0.05;0.1;delta=0.006
2026-10-02 11:46;7835.0;7720.78;SPXW  261002C07835000;0.0;0.1;delta=0.004
2026-10-02 11:46;7840.0;7720.78;SPXW  261002C07840000;0.05;0.1;delta=0.005
2026-10-02 11:46;7845.0;7720.78;SPXW  261002C07845000;0.05;0.1;delta=0.005
2026-10-02 11:46;7850.0;7720.78;SPXW  261002C07850000;0.05;0.1;delta=0.005
2026-10-02 11:46;7855.0;7720.78;SPXW  261002C07855000;0.0;0.1;delta=0.003
2026-10-02 11:46;7860.0;7720.78;SPXW  261002C07860000;0.0;0.05;delta=0.002
2026-10-02 11:46;7865.0;7720.78;SPXW  261002C07865000;0.0;0.05;delta=0.002
2026-10-02 11:46;7870.0;7720.78;SPXW  261002C07870000;0.0;0.05;delta=0.002
2026-10-02 11:46;7875.0;7720.78;SPXW  261002C07875000;0.0;0.05;delta=0.002
2026-10-02 11:46;7880.0;7720.78;SPXW  261002C07880000;0.0;0.05;delta=0.002
2026-10-02 11:46;7885.0;7720.78;SPXW  261002C07885000;0.0;0.05;delta=0.002
2026-10-02 11:46;7890.0;7720.78;SPXW  261002C07890000;0.0;0.05;delta=0.002
2026-10-02 11:46;7895.0;7720.78;SPXW  261002C07895000;0.0;0.05;delta=0.002
2026-10-02 11:46;7900.0;7720.78;SPXW  261002C07900000;0.0;0.05;delta=0.001
2026-10-02 11:46;7905.0;7720.78;SPXW  261002C07905000;0.0;0.05;delta=0.001
2026-10-02 11:46;7910.0;7720.78;SPXW  261002C07910000;0.0;0.05;delta=0.001
2026-10-02 11:46;7915.0;7720.78;SPXW  261002C07915000;0.0;0.05;delta=0.001
2026-10-02 11:46;7920.0;7720.78;SPXW  261002C07920000;0.0;0.05;delta=0.001
2026-10-02 11:46;7925.0;7720.78;SPXW  261002C07925000;0.0;0.05;delta=0.001
2026-10-02 11:46;7930.0;7720.78;SPXW  261002C07930000;0.0;0.05;delta=0.001
2026-10-02 11:46;7935.0;7720.78;SPXW  261002C07935000;0.0;0.05;delta=0.001
2026-10-02 11:46;7940.0;7720.78;SPXW  261002C07940000;0.0;0.05;delta=0.001
2026-10-02 11:46;7945.0;7720.78;SPXW  261002C07945000;0.0;0.05;delta=0.001
2026-10-02 11:46;7950.0;7720.78;SPXW  261002C07950000;0.0;0.05;delta=0.001
2026-10-02 11:46;7955.0;7720.78;SPXW  261002C07955000;0.0;0.05;delta=0.001
2026-10-02 11:46;7960.0;7720.78;SPXW  261002C07960000;0.0;0.05;delta=0.001
2026-10-02 11:46;7965.0;7720.78;SPXW  261002C07965000;0.0;0.05;delta=0.001
2026-10-02 11:46;7970.0;7720.78;SPXW  261002C07970000;0.0;0.05;delta=0.001
2026-10-02 11:46;7475.0;7720.78;SPXW  261002P07475000;0.0;0.05;delta=-0.001
2026-10-02 11:46;7480.0;7720.78;SPXW  261002P07480000;0.0;0.05;delta=-0.001
2026-10-02 11:46;7485.0;7720.78;SPXW  261002P07485000;0.0;0.05;delta=-0.001
2026-10-02 11:46;7490.0;7720.78;SPXW  261002P07490000;0.0;0.05;delta=-0.001
2026-10-02 11:46;7495.0;7720.78;SPXW  261002P07495000;0.0;0.05;delta=-0.001
2026-10-02 11:46;7500.0;7720.78;SPXW  261002P07500000;0.0;0.05;delta=-0.001
2026-10-02 11:46;7505.0;7720.78;SPXW  261002P07505000;0.0;0.05;delta=-0.001
2026-10-02 11:46;7510.0;7720.78;SPXW  261002P07510000;0.0;0.05;delta=-0.001
2026-10-02 11:46;7515.0;7720.78;SPXW  261002P07515000;0.0;0.05;delta=-0.001
2026-10-02 11:46;7520.0;7720.78;SPXW  261002P07520000;0.0;0.05;delta=-0.001
2026-10-02 11:46;7525.0;7720.78;SPXW  261002P07525000;0.0;0.05;delta=-0.001
2026-10-02 11:46;7530.0;7720.78;SPXW  261002P07530000;0.0;0.05;delta=-0.001
2026-10-02 11:46;7535.0;7720.78;SPXW  261002P07535000;0.0;0.05;delta=-0.001
2026-10-02 11:46;7540.0;7720.78;SPXW  261002P07540000;0.0;0.05;delta=-0.001
2026-10-02 11:46;7545.0;7720.78;SPXW  261002P07545000;0.0;0.05;delta=-0.001
2026-10-02 11:46;7550.0;7720.78;SPXW  261002P07550000;0.0;0.05;delta=-0.002
2026-10-02 11:46;7555.0;7720.78;SPXW  261002P07555000;0.0;0.05;delta=-0.002
2026-10-02 11:46;7560.0;7720.78;SPXW  261002P07560000;0.0;0.1;delta=-0.003
2026-10-02 11:46;7565.0;7720.78;SPXW  261002P07565000;0.0;0.1;delta=-0.003
2026-10-02 11:46;7570.0;7720.78;SPXW  261002P07570000;0.05;0.1;delta=-0.004
2026-10-02 11:46;7575.0;7720.78;SPXW  261002P07575000;0.05;0.1;delta=-0.004
2026-10-02 11:46;7580.0;7720.78;SPXW  261002P07580000;0.05;0.1;delta=-0.004
2026-10-02 11:46;7585.0;7720.78;SPXW  261002P07585000;0.05;0.1;delta=-0.005
2026-10-02 11:46;7590.0;7720.78;SPXW  261002P07590000;0.05;0.1;delta=-0.005
2026-10-02 11:46;7595.0;7720.78;SPXW  261002P07595000;0.05;0.1;delta=-0.005
2026-10-02 11:46;7600.0;7720.78;SPXW  261002P07600000;0.05;0.1;delta=-0.005
2026-10-02 11:46;7605.0;7720.78;SPXW  261002P07605000;0.05;0.1;delta=-0.005
2026-10-02 11:46;7610.0;7720.78;SPXW  261002P07610000;0.05;0.1;delta=-0.005
2026-10-02 11:46;7615.0;7720.78;SPXW  261002P07615000;0.05;0.1;delta=-0.006
2026-10-02 11:46;7620.0;7720.78;SPXW  261002P07620000;0.05;0.1;delta=-0.006
2026-10-02 11:46;7625.0;7720.78;SPXW  261002P07625000;0.05;0.1;delta=-0.006
2026-10-02 11:46;7630.0;7720.78;SPXW  261002P07630000;0.05;0.1;delta=-0.006
2026-10-02 11:46;7635.0;7720.78;SPXW  261002P07635000;0.05;0.1;delta=-0.007
2026-10-02 11:46;7640.0;7720.78;SPXW  261002P07640000;0.05;0.1;delta=-0.007
2026-10-02 11:46;7645.0;7720.78;SPXW  261002P07645000;0.05;0.1;delta=-0.007
2026-10-02 11:46;7650.0;7720.78;SPXW  261002P07650000;0.1;0.15;delta=-0.012
2026-10-02 11:46;7655.0;7720.78;SPXW  261002P07655000;0.1;0.15;delta=-0.012
2026-10-02 11:46;7660.0;7720.78;SPXW  261002P07660000;0.1;0.15;delta=-0.013
2026-10-02 11:46;7665.0;7720.78;SPXW  261002P07665000;0.1;0.15;delta=-0.014
2026-10-02 11:46;7670.0;7720.78;SPXW  261002P07670000;0.15;0.2;delta=-0.02
2026-10-02 11:46;7675.0;7720.78;SPXW  261002P07675000;0.15;0.2;delta=-0.021
2026-10-02 11:46;7680.0;7720.78;SPXW  261002P07680000;0.2;0.25;delta=-0.028
2026-10-02 11:46;7685.0;7720.78;SPXW  261002P07685000;0.25;0.3;delta=-0.036
2026-10-02 11:46;7690.0;7720.78;SPXW  261002P07690000;0.3;0.4;delta=-0.047
2026-10-02 11:46;7695.0;7720.78;SPXW  261002P07695000;0.45;0.5;delta=-0.065
2026-10-02 11:46;7700.0;7720.78;SPXW  261002P07700000;0.7;0.75;delta=-0.098
2026-10-02 11:46;7705.0;7720.78;SPXW  261002P07705000;1.1;1.15;delta=-0.149
2026-10-02 11:46;7710.0;7720.78;SPXW  261002P07710000;1.75;1.8;delta=-0.227
2026-10-02 11:46;7715.0;7720.78;SPXW  261002P07715000;2.9;3.0;delta=-0.345
2026-10-02 11:46;7720.0;7720.78;SPXW  261002P07720000;4.8;4.9;delta=-0.495
2026-10-02 11:46;7725.0;7720.78;SPXW  261002P07725000;7.6;7.7;delta=-0.653
2026-10-02 11:46;7730.0;7720.78;SPXW  261002P07730000;11.2;11.4;delta=-0.782
2026-10-02 11:46;7735.0;7720.78;SPXW  261002P07735000;15.5;15.7;delta=-0.873
2026-10-02 11:46;7740.0;7720.78;SPXW  261002P07740000;20.1;20.4;delta=-0.924
2026-10-02 11:46;7745.0;7720.78;SPXW  261002P07745000;24.9;25.2;delta=-0.949
2026-10-02 11:46;7750.0;7720.78;SPXW  261002P07750000;29.8;30.2;delta=-0.965
2026-10-02 11:46;7755.0;7720.78;SPXW  261002P07755000;34.8;35.1;delta=-0.974
2026-10-02 11:46;7760.0;7720.78;SPXW  261002P07760000;39.8;40.1;delta=-0.977
2026-10-02 11:46;7765.0;7720.78;SPXW  261002P07765000;44.5;45.4;delta=-0.983
2026-10-02 11:46;7770.0;7720.78;SPXW  261002P07770000;49.5;50.4;delta=-0.985
2026-10-02 11:46;7775.0;7720.78;SPXW  261002P07775000;54.5;55.4;delta=-0.986
2026-10-02 11:46;7780.0;7720.78;SPXW  261002P07780000;59.5;60.3;delta=-0.989
2026-10-02 11:46;7785.0;7720.78;SPXW  261002P07785000;64.5;65.3;delta=-0.992
2026-10-02 11:46;7790.0;7720.78;SPXW  261002P07790000;69.5;70.3;delta=-0.992
2026-10-02 11:46;7795.0;7720.78;SPXW  261002P07795000;74.5;75.3;delta=-0.992
2026-10-02 11:46;7800.0;7720.78;SPXW  261002P07800000;79.5;80.3;delta=-0.993
2026-10-02 11:46;7805.0;7720.78;SPXW  261002P07805000;84.5;85.3;delta=-0.993
2026-10-02 11:46;7810.0;7720.78;SPXW  261002P07810000;89.4;90.3;delta=-0.993
2026-10-02 11:46;7815.0;7720.78;SPXW  261002P07815000;94.4;95.3;delta=-0.994
2026-10-02 11:46;7820.0;7720.78;SPXW  261002P07820000;99.4;100.3;delta=-0.994
2026-10-02 11:46;7825.0;7720.78;SPXW  261002P07825000;104.3;105.3;delta=-0.994
2026-10-02 11:46;7830.0;7720.78;SPXW  261002P07830000;109.3;110.3;delta=-0.994
2026-10-02 11:46;7835.0;7720.78;SPXW  261002P07835000;114.3;115.3;delta=-0.996
2026-10-02 11:46;7840.0;7720.78;SPXW  261002P07840000;119.3;120.3;delta=-0.995
2026-10-02 11:46;7845.0;7720.78;SPXW  261002P07845000;124.3;125.3;delta=-0.995
2026-10-02 11:46;7850.0;7720.78;SPXW  261002P07850000;129.2;130.4;delta=-0.995
2026-10-02 11:46;7855.0;7720.78;SPXW  261002P07855000;134.3;135.3;delta=-0.997
2026-10-02 11:46;7860.0;7720.78;SPXW  261002P07860000;139.3;140.3;delta=-0.998
2026-10-02 11:46;7865.0;7720.78;SPXW  261002P07865000;144.3;145.3;delta=-0.998
2026-10-02 11:46;7870.0;7720.78;SPXW  261002P07870000;149.3;150.3;delta=-0.998
2026-10-02 11:46;7875.0;7720.78;SPXW  261002P07875000;154.3;155.3;delta=-0.998
2026-10-02 11:46;7880.0;7720.78;SPXW  261002P07880000;159.3;160.3;delta=-0.998
2026-10-02 11:46;7885.0;7720.78;SPXW  261002P07885000;164.3;165.3;delta=-0.998
2026-10-02 11:46;7890.0;7720.78;SPXW  261002P07890000;169.3;170.3;delta=-0.998
2026-10-02 11:46;7895.0;7720.78;SPXW  261002P07895000;174.3;175.3;delta=-0.998
2026-10-02 11:46;7900.0;7720.78;SPXW  261002P07900000;179.3;180.3;delta=-0.998
2026-10-02 11:46;7905.0;7720.78;SPXW  261002P07905000;184.3;185.3;delta=-0.999
2026-10-02 11:46;7910.0;7720.78;SPXW  261002P07910000;189.3;190.3;delta=-0.999
2026-10-02 11:46;7915.0;7720.78;SPXW  261002P07915000;194.3;195.3;delta=-0.999
2026-10-02 11:46;7920.0;7720.78;SPXW  261002P07920000;199.3;200.3;delta=-0.999
2026-10-02 11:46;7925.0;7720.78;SPXW  261002P07925000;204.3;205.3;delta=-0.999
2026-10-02 11:46;7930.0;7720.78;SPXW  261002P07930000;209.3;210.3;delta=-0.999
2026-10-02 11:46;7935.0;7720.78;SPXW  261002P07935000;214.3;215.3;delta=-0.999
2026-10-02 11:46;7940.0;7720.78;SPXW  261002P07940000;219.3;220.3;delta=-0.999
2026-10-02 11:46;7945.0;7720.78;SPXW  261002P07945000;224.3;225.3;delta=-0.999
2026-10-02 11:46;7950.0;7720.78;SPXW  261002P07950000;229.3;230.3;delta=-0.999
2026-10-02 11:46;7955.0;7720.78;SPXW  261002P07955000;234.3;235.3;delta=-0.999
2026-10-02 11:46;7960.0;7720.78;SPXW  261002P07960000;239.3;240.3;delta=-0.999
2026-10-02 11:46;7965.0;7720.78;SPXW  261002P07965000;244.3;245.3;delta=-0.999
2026-10-02 11:46;7970.0;7720.78;SPXW  261002P07970000;249.3;250.3;delta=-0.999
2026-10-02 11:50;7475.0;7719.93;SPXW  261002C07475000;235.9;251.9;delta=0.999
2026-10-02 11:50;7480.0;7719.93;SPXW  261002C07480000;230.9;247.9;delta=0.999
2026-10-02 11:50;7485.0;7719.93;SPXW  261002C07485000;225.9;242.9;delta=0.999
2026-10-02 11:50;7490.0;7719.93;SPXW  261002C07490000;220.9;237.7;delta=0.999
2026-10-02 11:50;7495.0;7719.93;SPXW  261002C07495000;215.9;232.9;delta=0.999
2026-10-02 11:50;7500.0;7719.93;SPXW  261002C07500000;219.2;220.3;delta=0.999
2026-10-02 11:50;7505.0;7719.93;SPXW  261002C07505000;208.6;222.1;delta=0.999
2026-10-02 11:50;7510.0;7719.93;SPXW  261002C07510000;203.6;217.1;delta=0.999
2026-10-02 11:50;7515.0;7719.93;SPXW  261002C07515000;198.6;211.5;delta=0.999
2026-10-02 11:50;7520.0;7719.93;SPXW  261002C07520000;195.6;203.7;delta=0.999
2026-10-02 11:50;7525.0;7719.93;SPXW  261002C07525000;191.0;198.8;delta=0.999
2026-10-02 11:50;7530.0;7719.93;SPXW  261002C07530000;186.0;193.8;delta=0.999
2026-10-02 11:50;7535.0;7719.93;SPXW  261002C07535000;181.0;188.8;delta=0.998
2026-10-02 11:50;7540.0;7719.93;SPXW  261002C07540000;176.0;183.8;delta=0.998
2026-10-02 11:50;7545.0;7719.93;SPXW  261002C07545000;171.0;178.8;delta=0.998
2026-10-02 11:50;7550.0;7719.93;SPXW  261002C07550000;169.2;170.3;delta=0.998
2026-10-02 11:50;7555.0;7719.93;SPXW  261002C07555000;161.2;168.4;delta=0.998
2026-10-02 11:50;7560.0;7719.93;SPXW  261002C07560000;156.2;163.4;delta=0.998
2026-10-02 11:50;7565.0;7719.93;SPXW  261002C07565000;151.2;158.4;delta=0.998
2026-10-02 11:50;7570.0;7719.93;SPXW  261002C07570000;146.2;153.4;delta=0.998
2026-10-02 11:50;7575.0;7719.93;SPXW  261002C07575000;140.9;148.4;delta=0.996
2026-10-02 11:50;7580.0;7719.93;SPXW  261002C07580000;139.3;140.3;delta=0.995
2026-10-02 11:50;7585.0;7719.93;SPXW  261002C07585000;131.2;138.6;delta=0.995
2026-10-02 11:50;7590.0;7719.93;SPXW  261002C07590000;129.3;130.3;delta=0.995
2026-10-02 11:50;7595.0;7719.93;SPXW  261002C07595000;124.3;125.3;delta=0.995
2026-10-02 11:50;7600.0;7719.93;SPXW  261002C07600000;119.3;120.3;delta=0.996
2026-10-02 11:50;7605.0;7719.93;SPXW  261002C07605000;114.2;115.3;delta=0.995
2026-10-02 11:50;7610.0;7719.93;SPXW  261002C07610000;109.2;110.3;delta=0.994
2026-10-02 11:50;7615.0;7719.93;SPXW  261002C07615000;104.2;105.3;delta=0.994
2026-10-02 11:50;7620.0;7719.93;SPXW  261002C07620000;99.3;100.1;delta=0.994
2026-10-02 11:50;7625.0;7719.93;SPXW  261002C07625000;94.3;95.1;delta=0.994
2026-10-02 11:50;7630.0;7719.93;SPXW  261002C07630000;89.4;90.1;delta=0.993
2026-10-02 11:50;7635.0;7719.93;SPXW  261002C07635000;84.4;85.1;delta=0.993
2026-10-02 11:50;7640.0;7719.93;SPXW  261002C07640000;79.3;80.1;delta=0.993
2026-10-02 11:50;7645.0;7719.93;SPXW  261002C07645000;74.4;75.1;delta=0.992
2026-10-02 11:50;7650.0;7719.93;SPXW  261002C07650000;69.4;70.2;delta=0.992
2026-10-02 11:50;7655.0;7719.93;SPXW  261002C07655000;64.4;65.2;delta=0.987
2026-10-02 11:50;7660.0;7719.93;SPXW  261002C07660000;59.4;60.2;delta=0.987
2026-10-02 11:50;7665.0;7719.93;SPXW  261002C07665000;54.7;55.0;delta=0.986
2026-10-02 11:50;7670.0;7719.93;SPXW  261002C07670000;49.7;50.0;delta=0.985
2026-10-02 11:50;7675.0;7719.93;SPXW  261002C07675000;44.8;45.1;delta=0.978
2026-10-02 11:50;7680.0;7719.93;SPXW  261002C07680000;39.8;40.1;delta=0.972
2026-10-02 11:50;7685.0;7719.93;SPXW  261002C07685000;34.8;35.1;delta=0.966
2026-10-02 11:50;7690.0;7719.93;SPXW  261002C07690000;29.9;30.2;delta=0.955
2026-10-02 11:50;7695.0;7719.93;SPXW  261002C07695000;25.0;25.3;delta=0.936
2026-10-02 11:50;7700.0;7719.93;SPXW  261002C07700000;20.3;20.5;delta=0.904
2026-10-02 11:50;7705.0;7719.93;SPXW  261002C07705000;15.7;15.9;delta=0.853
2026-10-02 11:50;7710.0;7719.93;SPXW  261002C07710000;11.4;11.5;delta=0.769
2026-10-02 11:50;7715.0;7719.93;SPXW  261002C07715000;7.6;7.7;delta=0.645
2026-10-02 11:50;7720.0;7719.93;SPXW  261002C07720000;4.6;4.7;delta=0.485
2026-10-02 11:50;7725.0;7719.93;SPXW  261002C07725000;2.5;2.6;delta=0.322
2026-10-02 11:50;7730.0;7719.93;SPXW  261002C07730000;1.3;1.35;delta=0.192
2026-10-02 11:50;7735.0;7719.93;SPXW  261002C07735000;0.65;0.7;delta=0.108
2026-10-02 11:50;7740.0;7719.93;SPXW  261002C07740000;0.35;0.4;delta=0.064
2026-10-02 11:50;7745.0;7719.93;SPXW  261002C07745000;0.2;0.25;delta=0.039
2026-10-02 11:50;7750.0;7719.93;SPXW  261002C07750000;0.15;0.2;delta=0.029
2026-10-02 11:50;7755.0;7719.93;SPXW  261002C07755000;0.1;0.15;delta=0.02
2026-10-02 11:50;7760.0;7719.93;SPXW  261002C07760000;0.1;0.15;delta=0.018
2026-10-02 11:50;7765.0;7719.93;SPXW  261002C07765000;0.1;0.15;delta=0.016
2026-10-02 11:50;7770.0;7719.93;SPXW  261002C07770000;0.1;0.15;delta=0.015
2026-10-02 11:50;7775.0;7719.93;SPXW  261002C07775000;0.05;0.1;delta=0.009
2026-10-02 11:50;7780.0;7719.93;SPXW  261002C07780000;0.05;0.1;delta=0.009
2026-10-02 11:50;7785.0;7719.93;SPXW  261002C07785000;0.05;0.1;delta=0.008
2026-10-02 11:50;7790.0;7719.93;SPXW  261002C07790000;0.05;0.1;delta=0.008
2026-10-02 11:50;7795.0;7719.93;SPXW  261002C07795000;0.05;0.1;delta=0.007
2026-10-02 11:50;7800.0;7719.93;SPXW  261002C07800000;0.05;0.1;delta=0.007
2026-10-02 11:50;7805.0;7719.93;SPXW  261002C07805000;0.05;0.1;delta=0.007
2026-10-02 11:50;7810.0;7719.93;SPXW  261002C07810000;0.05;0.1;delta=0.006
2026-10-02 11:50;7815.0;7719.93;SPXW  261002C07815000;0.05;0.1;delta=0.006
2026-10-02 11:50;7820.0;7719.93;SPXW  261002C07820000;0.05;0.1;delta=0.006
2026-10-02 11:50;7825.0;7719.93;SPXW  261002C07825000;0.05;0.1;delta=0.006
2026-10-02 11:50;7830.0;7719.93;SPXW  261002C07830000;0.05;0.1;delta=0.005
2026-10-02 11:50;7835.0;7719.93;SPXW  261002C07835000;0.05;0.1;delta=0.005
2026-10-02 11:50;7840.0;7719.93;SPXW  261002C07840000;0.05;0.1;delta=0.005
2026-10-02 11:50;7845.0;7719.93;SPXW  261002C07845000;0.0;0.1;delta=0.004
2026-10-02 11:50;7850.0;7719.93;SPXW  261002C07850000;0.0;0.05;delta=0.002
2026-10-02 11:50;7855.0;7719.93;SPXW  261002C07855000;0.0;0.05;delta=0.002
2026-10-02 11:50;7860.0;7719.93;SPXW  261002C07860000;0.0;0.05;delta=0.002
2026-10-02 11:50;7865.0;7719.93;SPXW  261002C07865000;0.0;0.05;delta=0.002
2026-10-02 11:50;7870.0;7719.93;SPXW  261002C07870000;0.0;0.05;delta=0.002
2026-10-02 11:50;7875.0;7719.93;SPXW  261002C07875000;0.0;0.05;delta=0.002
2026-10-02 11:50;7880.0;7719.93;SPXW  261002C07880000;0.0;0.05;delta=0.002
2026-10-02 11:50;7885.0;7719.93;SPXW  261002C07885000;0.0;0.05;delta=0.002
2026-10-02 11:50;7890.0;7719.93;SPXW  261002C07890000;0.0;0.05;delta=0.002
2026-10-02 11:50;7895.0;7719.93;SPXW  261002C07895000;0.0;0.05;delta=0.002
2026-10-02 11:50;7900.0;7719.93;SPXW  261002C07900000;0.0;0.05;delta=0.001
2026-10-02 11:50;7905.0;7719.93;SPXW  261002C07905000;0.0;0.05;delta=0.001
2026-10-02 11:50;7910.0;7719.93;SPXW  261002C07910000;0.0;0.05;delta=0.001
2026-10-02 11:50;7915.0;7719.93;SPXW  261002C07915000;0.0;0.05;delta=0.001
2026-10-02 11:50;7920.0;7719.93;SPXW  261002C07920000;0.0;0.05;delta=0.001
2026-10-02 11:50;7925.0;7719.93;SPXW  261002C07925000;0.0;0.05;delta=0.001
2026-10-02 11:50;7930.0;7719.93;SPXW  261002C07930000;0.0;0.05;delta=0.001
2026-10-02 11:50;7935.0;7719.93;SPXW  261002C07935000;0.0;0.05;delta=0.001
2026-10-02 11:50;7940.0;7719.93;SPXW  261002C07940000;0.0;0.05;delta=0.001
2026-10-02 11:50;7945.0;7719.93;SPXW  261002C07945000;0.0;0.05;delta=0.001
2026-10-02 11:50;7950.0;7719.93;SPXW  261002C07950000;0.0;0.05;delta=0.001
2026-10-02 11:50;7955.0;7719.93;SPXW  261002C07955000;0.0;0.05;delta=0.001
2026-10-02 11:50;7960.0;7719.93;SPXW  261002C07960000;0.0;0.05;delta=0.001
2026-10-02 11:50;7965.0;7719.93;SPXW  261002C07965000;0.0;0.05;delta=0.001
2026-10-02 11:50;7970.0;7719.93;SPXW  261002C07970000;0.0;0.05;delta=0.001
2026-10-02 11:50;7475.0;7719.93;SPXW  261002P07475000;0.0;0.05;delta=-0.001
2026-10-02 11:50;7480.0;7719.93;SPXW  261002P07480000;0.0;0.05;delta=-0.001
2026-10-02 11:50;7485.0;7719.93;SPXW  261002P07485000;0.0;0.05;delta=-0.001
2026-10-02 11:50;7490.0;7719.93;SPXW  261002P07490000;0.0;0.05;delta=-0.001
2026-10-02 11:50;7495.0;7719.93;SPXW  261002P07495000;0.0;0.05;delta=-0.001
2026-10-02 11:50;7500.0;7719.93;SPXW  261002P07500000;0.0;0.05;delta=-0.001
2026-10-02 11:50;7505.0;7719.93;SPXW  261002P07505000;0.0;0.05;delta=-0.001
2026-10-02 11:50;7510.0;7719.93;SPXW  261002P07510000;0.0;0.05;delta=-0.001
2026-10-02 11:50;7515.0;7719.93;SPXW  261002P07515000;0.0;0.05;delta=-0.001
2026-10-02 11:50;7520.0;7719.93;SPXW  261002P07520000;0.0;0.05;delta=-0.001
2026-10-02 11:50;7525.0;7719.93;SPXW  261002P07525000;0.0;0.05;delta=-0.001
2026-10-02 11:50;7530.0;7719.93;SPXW  261002P07530000;0.0;0.05;delta=-0.001
2026-10-02 11:50;7535.0;7719.93;SPXW  261002P07535000;0.0;0.05;delta=-0.001
2026-10-02 11:50;7540.0;7719.93;SPXW  261002P07540000;0.0;0.05;delta=-0.001
2026-10-02 11:50;7545.0;7719.93;SPXW  261002P07545000;0.0;0.05;delta=-0.001
2026-10-02 11:50;7550.0;7719.93;SPXW  261002P07550000;0.0;0.05;delta=-0.002
2026-10-02 11:50;7555.0;7719.93;SPXW  261002P07555000;0.0;0.05;delta=-0.002
2026-10-02 11:50;7560.0;7719.93;SPXW  261002P07560000;0.0;0.05;delta=-0.002
2026-10-02 11:50;7565.0;7719.93;SPXW  261002P07565000;0.0;0.05;delta=-0.002
2026-10-02 11:50;7570.0;7719.93;SPXW  261002P07570000;0.0;0.05;delta=-0.002
2026-10-02 11:50;7575.0;7719.93;SPXW  261002P07575000;0.0;0.1;delta=-0.004
2026-10-02 11:50;7580.0;7719.93;SPXW  261002P07580000;0.05;0.1;delta=-0.004
2026-10-02 11:50;7585.0;7719.93;SPXW  261002P07585000;0.05;0.1;delta=-0.005
2026-10-02 11:50;7590.0;7719.93;SPXW  261002P07590000;0.05;0.1;delta=-0.005
2026-10-02 11:50;7595.0;7719.93;SPXW  261002P07595000;0.05;0.1;delta=-0.005
2026-10-02 11:50;7600.0;7719.93;SPXW  261002P07600000;0.0;0.1;delta=-0.004
2026-10-02 11:50;7605.0;7719.93;SPXW  261002P07605000;0.05;0.1;delta=-0.005
2026-10-02 11:50;7610.0;7719.93;SPXW  261002P07610000;0.05;0.1;delta=-0.005
2026-10-02 11:50;7615.0;7719.93;SPXW  261002P07615000;0.05;0.1;delta=-0.006
2026-10-02 11:50;7620.0;7719.93;SPXW  261002P07620000;0.05;0.1;delta=-0.006
2026-10-02 11:50;7625.0;7719.93;SPXW  261002P07625000;0.05;0.1;delta=-0.006
2026-10-02 11:50;7630.0;7719.93;SPXW  261002P07630000;0.05;0.1;delta=-0.006
2026-10-02 11:50;7635.0;7719.93;SPXW  261002P07635000;0.05;0.1;delta=-0.007
2026-10-02 11:50;7640.0;7719.93;SPXW  261002P07640000;0.05;0.1;delta=-0.007
2026-10-02 11:50;7645.0;7719.93;SPXW  261002P07645000;0.05;0.1;delta=-0.007
2026-10-02 11:50;7650.0;7719.93;SPXW  261002P07650000;0.05;0.1;delta=-0.008
2026-10-02 11:50;7655.0;7719.93;SPXW  261002P07655000;0.1;0.15;delta=-0.012
2026-10-02 11:50;7660.0;7719.93;SPXW  261002P07660000;0.1;0.15;delta=-0.013
2026-10-02 11:50;7665.0;7719.93;SPXW  261002P07665000;0.1;0.15;delta=-0.014
2026-10-02 11:50;7670.0;7719.93;SPXW  261002P07670000;0.1;0.15;delta=-0.015
2026-10-02 11:50;7675.0;7719.93;SPXW  261002P07675000;0.15;0.2;delta=-0.021
2026-10-02 11:50;7680.0;7719.93;SPXW  261002P07680000;0.2;0.25;delta=-0.028
2026-10-02 11:50;7685.0;7719.93;SPXW  261002P07685000;0.25;0.3;delta=-0.034
2026-10-02 11:50;7690.0;7719.93;SPXW  261002P07690000;0.3;0.35;delta=-0.045
2026-10-02 11:50;7695.0;7719.93;SPXW  261002P07695000;0.4;0.45;delta=-0.064
2026-10-02 11:50;7700.0;7719.93;SPXW  261002P07700000;0.6;0.65;delta=-0.096
2026-10-02 11:50;7705.0;7719.93;SPXW  261002P07705000;1.0;1.05;delta=-0.147
2026-10-02 11:50;7710.0;7719.93;SPXW  261002P07710000;1.65;1.7;delta=-0.23
2026-10-02 11:50;7715.0;7719.93;SPXW  261002P07715000;2.8;2.85;delta=-0.354
2026-10-02 11:50;7720.0;7719.93;SPXW  261002P07720000;4.7;4.8;delta=-0.515
2026-10-02 11:50;7725.0;7719.93;SPXW  261002P07725000;7.6;7.7;delta=-0.678
2026-10-02 11:50;7730.0;7719.93;SPXW  261002P07730000;11.3;11.5;delta=-0.808
2026-10-02 11:50;7735.0;7719.93;SPXW  261002P07735000;15.6;15.9;delta=-0.892
2026-10-02 11:50;7740.0;7719.93;SPXW  261002P07740000;20.3;20.7;delta=-0.936
2026-10-02 11:50;7745.0;7719.93;SPXW  261002P07745000;25.2;25.5;delta=-0.961
2026-10-02 11:50;7750.0;7719.93;SPXW  261002P07750000;30.1;30.5;delta=-0.971
2026-10-02 11:50;7755.0;7719.93;SPXW  261002P07755000;35.1;35.4;delta=-0.98
2026-10-02 11:50;7760.0;7719.93;SPXW  261002P07760000;40.1;40.4;delta=-0.982
2026-10-02 11:50;7765.0;7719.93;SPXW  261002P07765000;44.8;45.6;delta=-0.983
2026-10-02 11:50;7770.0;7719.93;SPXW  261002P07770000;49.8;50.5;delta=-0.985
2026-10-02 11:50;7775.0;7719.93;SPXW  261002P07775000;54.7;55.6;delta=-0.99
2026-10-02 11:50;7780.0;7719.93;SPXW  261002P07780000;59.7;60.5;delta=-0.991
2026-10-02 11:50;7785.0;7719.93;SPXW  261002P07785000;64.7;65.5;delta=-0.992
2026-10-02 11:50;7790.0;7719.93;SPXW  261002P07790000;69.7;70.5;delta=-0.992
2026-10-02 11:50;7795.0;7719.93;SPXW  261002P07795000;74.7;75.5;delta=-0.992
2026-10-02 11:50;7800.0;7719.93;SPXW  261002P07800000;79.7;80.5;delta=-0.993
2026-10-02 11:50;7805.0;7719.93;SPXW  261002P07805000;84.7;85.5;delta=-0.993
2026-10-02 11:50;7810.0;7719.93;SPXW  261002P07810000;89.7;90.5;delta=-0.993
2026-10-02 11:50;7815.0;7719.93;SPXW  261002P07815000;94.7;95.5;delta=-0.994
2026-10-02 11:50;7820.0;7719.93;SPXW  261002P07820000;99.7;100.7;delta=-0.994
2026-10-02 11:50;7825.0;7719.93;SPXW  261002P07825000;104.7;105.7;delta=-0.994
2026-10-02 11:50;7830.0;7719.93;SPXW  261002P07830000;109.7;110.7;delta=-0.994
2026-10-02 11:50;7835.0;7719.93;SPXW  261002P07835000;114.7;115.7;delta=-0.995
2026-10-02 11:50;7840.0;7719.93;SPXW  261002P07840000;119.7;120.7;delta=-0.995
2026-10-02 11:50;7845.0;7719.93;SPXW  261002P07845000;124.6;125.7;delta=-0.996
2026-10-02 11:50;7850.0;7719.93;SPXW  261002P07850000;129.6;130.7;delta=-0.998
2026-10-02 11:50;7855.0;7719.93;SPXW  261002P07855000;134.6;135.7;delta=-0.998
2026-10-02 11:50;7860.0;7719.93;SPXW  261002P07860000;139.6;140.7;delta=-0.998
2026-10-02 11:50;7865.0;7719.93;SPXW  261002P07865000;141.3;148.5;delta=-0.998
2026-10-02 11:50;7870.0;7719.93;SPXW  261002P07870000;146.3;153.5;delta=-0.998
2026-10-02 11:50;7875.0;7719.93;SPXW  261002P07875000;151.3;158.5;delta=-0.998
2026-10-02 11:50;7880.0;7719.93;SPXW  261002P07880000;156.3;163.5;delta=-0.998
2026-10-02 11:50;7885.0;7719.93;SPXW  261002P07885000;161.3;168.5;delta=-0.998
2026-10-02 11:50;7890.0;7719.93;SPXW  261002P07890000;166.2;173.5;delta=-0.998
2026-10-02 11:50;7895.0;7719.93;SPXW  261002P07895000;171.2;178.5;delta=-0.998
2026-10-02 11:50;7900.0;7719.93;SPXW  261002P07900000;179.6;180.7;delta=-0.998
2026-10-02 11:50;7905.0;7719.93;SPXW  261002P07905000;181.2;188.5;delta=-0.998
2026-10-02 11:50;7910.0;7719.93;SPXW  261002P07910000;186.2;193.5;delta=-0.998
2026-10-02 11:50;7915.0;7719.93;SPXW  261002P07915000;191.2;198.5;delta=-0.999
2026-10-02 11:50;7920.0;7719.93;SPXW  261002P07920000;193.4;206.3;delta=-0.999
2026-10-02 11:50;7925.0;7719.93;SPXW  261002P07925000;197.8;211.3;delta=-0.999
2026-10-02 11:50;7930.0;7719.93;SPXW  261002P07930000;203.1;216.0;delta=-0.999
2026-10-02 11:50;7935.0;7719.93;SPXW  261002P07935000;207.8;221.0;delta=-0.999
2026-10-02 11:50;7940.0;7719.93;SPXW  261002P07940000;212.2;228.8;delta=-0.999
2026-10-02 11:50;7945.0;7719.93;SPXW  261002P07945000;214.3;233.8;delta=-0.999
2026-10-02 11:50;7950.0;7719.93;SPXW  261002P07950000;229.6;230.7;delta=-0.999
2026-10-02 11:50;7955.0;7719.93;SPXW  261002P07955000;225.3;243.8;delta=-0.999
2026-10-02 11:50;7960.0;7719.93;SPXW  261002P07960000;232.2;248.7;delta=-0.999
2026-10-02 11:50;7965.0;7719.93;SPXW  261002P07965000;235.0;253.7;delta=-0.999
2026-10-02 11:50;7970.0;7719.93;SPXW  261002P07970000;248.9;251.4;delta=-0.999
2026-10-02 11:54;7475.0;7721.07;SPXW  261002C07475000;235.9;251.9;delta=0.999
2026-10-02 11:54;7480.0;7721.07;SPXW  261002C07480000;230.9;247.9;delta=0.999
2026-10-02 11:54;7485.0;7721.07;SPXW  261002C07485000;225.9;242.9;delta=0.999
2026-10-02 11:54;7490.0;7721.07;SPXW  261002C07490000;220.9;237.7;delta=0.999
2026-10-02 11:54;7495.0;7721.07;SPXW  261002C07495000;215.9;232.9;delta=0.999
2026-10-02 11:54;7500.0;7721.07;SPXW  261002C07500000;213.3;227.9;delta=0.999
2026-10-02 11:54;7505.0;7721.07;SPXW  261002C07505000;208.6;222.4;delta=0.999
2026-10-02 11:54;7510.0;7721.07;SPXW  261002C07510000;203.6;217.4;delta=0.999
2026-10-02 11:54;7515.0;7721.07;SPXW  261002C07515000;198.6;211.5;delta=0.999
2026-10-02 11:54;7520.0;7721.07;SPXW  261002C07520000;193.6;207.4;delta=0.999
2026-10-02 11:54;7525.0;7721.07;SPXW  261002C07525000;192.1;199.3;delta=0.999
2026-10-02 11:54;7530.0;7721.07;SPXW  261002C07530000;187.1;194.3;delta=0.999
2026-10-02 11:54;7535.0;7721.07;SPXW  261002C07535000;181.7;189.3;delta=0.999
2026-10-02 11:54;7540.0;7721.07;SPXW  261002C07540000;176.7;184.3;delta=0.999
2026-10-02 11:54;7545.0;7721.07;SPXW  261002C07545000;171.7;179.3;delta=0.999
2026-10-02 11:54;7550.0;7721.07;SPXW  261002C07550000;166.7;174.4;delta=0.998
2026-10-02 11:54;7555.0;7721.07;SPXW  261002C07555000;161.7;169.0;delta=0.998
2026-10-02 11:54;7560.0;7721.07;SPXW  261002C07560000;156.7;164.0;delta=0.998
2026-10-02 11:54;7565.0;7721.07;SPXW  261002C07565000;151.7;159.0;delta=0.998
2026-10-02 11:54;7570.0;7721.07;SPXW  261002C07570000;146.7;154.0;delta=0.998
2026-10-02 11:54;7575.0;7721.07;SPXW  261002C07575000;141.9;149.0;delta=0.998
2026-10-02 11:54;7580.0;7721.07;SPXW  261002C07580000;137.0;144.5;delta=0.998
2026-10-02 11:54;7585.0;7721.07;SPXW  261002C07585000;131.7;139.1;delta=0.997
2026-10-02 11:54;7590.0;7721.07;SPXW  261002C07590000;127.1;134.5;delta=0.995
2026-10-02 11:54;7595.0;7721.07;SPXW  261002C07595000;122.1;129.1;delta=0.995
2026-10-02 11:54;7600.0;7721.07;SPXW  261002C07600000;120.6;121.7;delta=0.998
2026-10-02 11:54;7605.0;7721.07;SPXW  261002C07605000;114.5;119.5;delta=0.995
2026-10-02 11:54;7610.0;7721.07;SPXW  261002C07610000;109.5;114.5;delta=0.995
2026-10-02 11:54;7615.0;7721.07;SPXW  261002C07615000;104.5;109.5;delta=0.994
2026-10-02 11:54;7620.0;7721.07;SPXW  261002C07620000;99.5;104.3;delta=0.994
2026-10-02 11:54;7625.0;7721.07;SPXW  261002C07625000;95.7;96.5;delta=0.994
2026-10-02 11:54;7630.0;7721.07;SPXW  261002C07630000;90.7;91.5;delta=0.994
2026-10-02 11:54;7635.0;7721.07;SPXW  261002C07635000;85.7;86.5;delta=0.993
2026-10-02 11:54;7640.0;7721.07;SPXW  261002C07640000;80.7;81.5;delta=0.993
2026-10-02 11:54;7645.0;7721.07;SPXW  261002C07645000;75.7;76.5;delta=0.993
2026-10-02 11:54;7650.0;7721.07;SPXW  261002C07650000;70.7;71.5;delta=0.992
2026-10-02 11:54;7655.0;7721.07;SPXW  261002C07655000;65.7;66.6;delta=0.992
2026-10-02 11:54;7660.0;7721.07;SPXW  261002C07660000;60.8;61.6;delta=0.987
2026-10-02 11:54;7665.0;7721.07;SPXW  261002C07665000;56.0;56.3;delta=0.986
2026-10-02 11:54;7670.0;7721.07;SPXW  261002C07670000;51.0;51.3;delta=0.985
2026-10-02 11:54;7675.0;7721.07;SPXW  261002C07675000;46.0;46.3;delta=0.979
2026-10-02 11:54;7680.0;7721.07;SPXW  261002C07680000;41.1;41.4;delta=0.977
2026-10-02 11:54;7685.0;7721.07;SPXW  261002C07685000;36.1;36.4;delta=0.97
2026-10-02 11:54;7690.0;7721.07;SPXW  261002C07690000;31.2;31.5;delta=0.961
2026-10-02 11:54;7695.0;7721.07;SPXW  261002C07695000;26.3;26.6;delta=0.945
2026-10-02 11:54;7700.0;7721.07;SPXW  261002C07700000;21.5;21.7;delta=0.919
2026-10-02 11:54;7705.0;7721.07;SPXW  261002C07705000;16.8;17.0;delta=0.874
2026-10-02 11:54;7710.0;7721.07;SPXW  261002C07710000;12.4;12.6;delta=0.802
2026-10-02 11:54;7715.0;7721.07;SPXW  261002C07715000;8.4;8.5;delta=0.688
2026-10-02 11:54;7720.0;7721.07;SPXW  261002C07720000;5.1;5.3;delta=0.533
2026-10-02 11:54;7725.0;7721.07;SPXW  261002C07725000;2.85;2.9;delta=0.364
2026-10-02 11:54;7730.0;7721.07;SPXW  261002C07730000;1.45;1.5;delta=0.219
2026-10-02 11:54;7735.0;7721.07;SPXW  261002C07735000;0.7;0.8;delta=0.122
2026-10-02 11:54;7740.0;7721.07;SPXW  261002C07740000;0.35;0.45;delta=0.07
2026-10-02 11:54;7745.0;7721.07;SPXW  261002C07745000;0.2;0.3;delta=0.044
2026-10-02 11:54;7750.0;7721.07;SPXW  261002C07750000;0.15;0.2;delta=0.029
2026-10-02 11:54;7755.0;7721.07;SPXW  261002C07755000;0.1;0.15;delta=0.02
2026-10-02 11:54;7760.0;7721.07;SPXW  261002C07760000;0.1;0.15;delta=0.018
2026-10-02 11:54;7765.0;7721.07;SPXW  261002C07765000;0.1;0.15;delta=0.017
2026-10-02 11:54;7770.0;7721.07;SPXW  261002C07770000;0.05;0.1;delta=0.01
2026-10-02 11:54;7775.0;7721.07;SPXW  261002C07775000;0.05;0.1;delta=0.01
2026-10-02 11:54;7780.0;7721.07;SPXW  261002C07780000;0.05;0.1;delta=0.009
2026-10-02 11:54;7785.0;7721.07;SPXW  261002C07785000;0.05;0.1;delta=0.008
2026-10-02 11:54;7790.0;7721.07;SPXW  261002C07790000;0.05;0.1;delta=0.008
2026-10-02 11:54;7795.0;7721.07;SPXW  261002C07795000;0.05;0.1;delta=0.008
2026-10-02 11:54;7800.0;7721.07;SPXW  261002C07800000;0.05;0.1;delta=0.007
2026-10-02 11:54;7805.0;7721.07;SPXW  261002C07805000;0.05;0.1;delta=0.007
2026-10-02 11:54;7810.0;7721.07;SPXW  261002C07810000;0.05;0.1;delta=0.006
2026-10-02 11:54;7815.0;7721.07;SPXW  261002C07815000;0.05;0.1;delta=0.006
2026-10-02 11:54;7820.0;7721.07;SPXW  261002C07820000;0.05;0.1;delta=0.006
2026-10-02 11:54;7825.0;7721.07;SPXW  261002C07825000;0.05;0.1;delta=0.006
2026-10-02 11:54;7830.0;7721.07;SPXW  261002C07830000;0.05;0.1;delta=0.006
2026-10-02 11:54;7835.0;7721.07;SPXW  261002C07835000;0.05;0.1;delta=0.005
2026-10-02 11:54;7840.0;7721.07;SPXW  261002C07840000;0.05;0.1;delta=0.005
2026-10-02 11:54;7845.0;7721.07;SPXW  261002C07845000;0.05;0.1;delta=0.002
2026-10-02 11:54;7850.0;7721.07;SPXW  261002C07850000;0.0;0.05;delta=0.002
2026-10-02 11:54;7855.0;7721.07;SPXW  261002C07855000;0.0;0.05;delta=0.002
2026-10-02 11:54;7860.0;7721.07;SPXW  261002C07860000;0.0;0.05;delta=0.002
2026-10-02 11:54;7865.0;7721.07;SPXW  261002C07865000;0.0;0.05;delta=0.002
2026-10-02 11:54;7870.0;7721.07;SPXW  261002C07870000;0.0;0.05;delta=0.002
2026-10-02 11:54;7875.0;7721.07;SPXW  261002C07875000;0.0;0.05;delta=0.002
2026-10-02 11:54;7880.0;7721.07;SPXW  261002C07880000;0.0;0.05;delta=0.002
2026-10-02 11:54;7885.0;7721.07;SPXW  261002C07885000;0.0;0.05;delta=0.002
2026-10-02 11:54;7890.0;7721.07;SPXW  261002C07890000;0.0;0.05;delta=0.002
2026-10-02 11:54;7895.0;7721.07;SPXW  261002C07895000;0.0;0.05;delta=0.002
2026-10-02 11:54;7900.0;7721.07;SPXW  261002C07900000;0.0;0.05;delta=0.001
2026-10-02 11:54;7905.0;7721.07;SPXW  261002C07905000;0.0;0.05;delta=0.001
2026-10-02 11:54;7910.0;7721.07;SPXW  261002C07910000;0.0;0.05;delta=0.001
2026-10-02 11:54;7915.0;7721.07;SPXW  261002C07915000;0.0;0.05;delta=0.001
2026-10-02 11:54;7920.0;7721.07;SPXW  261002C07920000;0.0;0.05;delta=0.001
2026-10-02 11:54;7925.0;7721.07;SPXW  261002C07925000;0.0;0.05;delta=0.001
2026-10-02 11:54;7930.0;7721.07;SPXW  261002C07930000;0.0;0.05;delta=0.001
2026-10-02 11:54;7935.0;7721.07;SPXW  261002C07935000;0.0;0.05;delta=0.001
2026-10-02 11:54;7940.0;7721.07;SPXW  261002C07940000;0.0;0.05;delta=0.001
2026-10-02 11:54;7945.0;7721.07;SPXW  261002C07945000;0.0;0.05;delta=0.001
2026-10-02 11:54;7950.0;7721.07;SPXW  261002C07950000;0.0;0.05;delta=0.001
2026-10-02 11:54;7955.0;7721.07;SPXW  261002C07955000;0.0;0.05;delta=0.001
2026-10-02 11:54;7960.0;7721.07;SPXW  261002C07960000;0.0;0.05;delta=0.001
2026-10-02 11:54;7965.0;7721.07;SPXW  261002C07965000;0.0;0.05;delta=0.001
2026-10-02 11:54;7970.0;7721.07;SPXW  261002C07970000;0.0;0.05;delta=0.001
2026-10-02 11:54;7475.0;7721.07;SPXW  261002P07475000;0.0;0.05;delta=-0.001
2026-10-02 11:54;7480.0;7721.07;SPXW  261002P07480000;0.0;0.05;delta=-0.001
2026-10-02 11:54;7485.0;7721.07;SPXW  261002P07485000;0.0;0.05;delta=-0.001
2026-10-02 11:54;7490.0;7721.07;SPXW  261002P07490000;0.0;0.05;delta=-0.001
2026-10-02 11:54;7495.0;7721.07;SPXW  261002P07495000;0.0;0.05;delta=-0.001
2026-10-02 11:54;7500.0;7721.07;SPXW  261002P07500000;0.0;0.05;delta=-0.001
2026-10-02 11:54;7505.0;7721.07;SPXW  261002P07505000;0.0;0.05;delta=-0.001
2026-10-02 11:54;7510.0;7721.07;SPXW  261002P07510000;0.0;0.05;delta=-0.001
2026-10-02 11:54;7515.0;7721.07;SPXW  261002P07515000;0.0;0.05;delta=-0.001
2026-10-02 11:54;7520.0;7721.07;SPXW  261002P07520000;0.0;0.05;delta=-0.001
2026-10-02 11:54;7525.0;7721.07;SPXW  261002P07525000;0.0;0.05;delta=-0.001
2026-10-02 11:54;7530.0;7721.07;SPXW  261002P07530000;0.0;0.05;delta=-0.001
2026-10-02 11:54;7535.0;7721.07;SPXW  261002P07535000;0.0;0.05;delta=-0.001
2026-10-02 11:54;7540.0;7721.07;SPXW  261002P07540000;0.0;0.05;delta=-0.001
2026-10-02 11:54;7545.0;7721.07;SPXW  261002P07545000;0.0;0.05;delta=-0.001
2026-10-02 11:54;7550.0;7721.07;SPXW  261002P07550000;0.0;0.05;delta=-0.001
2026-10-02 11:54;7555.0;7721.07;SPXW  261002P07555000;0.0;0.05;delta=-0.002
2026-10-02 11:54;7560.0;7721.07;SPXW  261002P07560000;0.0;0.05;delta=-0.002
2026-10-02 11:54;7565.0;7721.07;SPXW  261002P07565000;0.0;0.05;delta=-0.002
2026-10-02 11:54;7570.0;7721.07;SPXW  261002P07570000;0.0;0.05;delta=-0.002
2026-10-02 11:54;7575.0;7721.07;SPXW  261002P07575000;0.0;0.05;delta=-0.002
2026-10-02 11:54;7580.0;7721.07;SPXW  261002P07580000;0.0;0.05;delta=-0.002
2026-10-02 11:54;7585.0;7721.07;SPXW  261002P07585000;0.0;0.1;delta=-0.003
2026-10-02 11:54;7590.0;7721.07;SPXW  261002P07590000;0.05;0.1;delta=-0.005
2026-10-02 11:54;7595.0;7721.07;SPXW  261002P07595000;0.05;0.1;delta=-0.005
2026-10-02 11:54;7600.0;7721.07;SPXW  261002P07600000;0.05;0.1;delta=-0.005
2026-10-02 11:54;7605.0;7721.07;SPXW  261002P07605000;0.05;0.1;delta=-0.005
2026-10-02 11:54;7610.0;7721.07;SPXW  261002P07610000;0.05;0.1;delta=-0.005
2026-10-02 11:54;7615.0;7721.07;SPXW  261002P07615000;0.05;0.1;delta=-0.006
2026-10-02 11:54;7620.0;7721.07;SPXW  261002P07620000;0.05;0.1;delta=-0.006
2026-10-02 11:54;7625.0;7721.07;SPXW  261002P07625000;0.05;0.1;delta=-0.006
2026-10-02 11:54;7630.0;7721.07;SPXW  261002P07630000;0.05;0.1;delta=-0.006
2026-10-02 11:54;7635.0;7721.07;SPXW  261002P07635000;0.05;0.1;delta=-0.007
2026-10-02 11:54;7640.0;7721.07;SPXW  261002P07640000;0.05;0.1;delta=-0.007
2026-10-02 11:54;7645.0;7721.07;SPXW  261002P07645000;0.05;0.1;delta=-0.007
2026-10-02 11:54;7650.0;7721.07;SPXW  261002P07650000;0.05;0.1;delta=-0.008
2026-10-02 11:54;7655.0;7721.07;SPXW  261002P07655000;0.05;0.1;delta=-0.008
2026-10-02 11:54;7660.0;7721.07;SPXW  261002P07660000;0.1;0.15;delta=-0.013
2026-10-02 11:54;7665.0;7721.07;SPXW  261002P07665000;0.1;0.15;delta=-0.014
2026-10-02 11:54;7670.0;7721.07;SPXW  261002P07670000;0.1;0.15;delta=-0.015
2026-10-02 11:54;7675.0;7721.07;SPXW  261002P07675000;0.15;0.2;delta=-0.021
2026-10-02 11:54;7680.0;7721.07;SPXW  261002P07680000;0.15;0.2;delta=-0.023
2026-10-02 11:54;7685.0;7721.07;SPXW  261002P07685000;0.2;0.25;delta=-0.03
2026-10-02 11:54;7690.0;7721.07;SPXW  261002P07690000;0.25;0.3;delta=-0.039
2026-10-02 11:54;7695.0;7721.07;SPXW  261002P07695000;0.35;0.4;delta=-0.054
2026-10-02 11:54;7700.0;7721.07;SPXW  261002P07700000;0.5;0.55;delta=-0.078
2026-10-02 11:54;7705.0;7721.07;SPXW  261002P07705000;0.8;0.85;delta=-0.121
2026-10-02 11:54;7710.0;7721.07;SPXW  261002P07710000;1.3;1.4;delta=-0.192
2026-10-02 11:54;7715.0;7721.07;SPXW  261002P07715000;2.3;2.35;delta=-0.304
2026-10-02 11:54;7720.0;7721.07;SPXW  261002P07720000;4.0;4.1;delta=-0.457
2026-10-02 11:54;7725.0;7721.07;SPXW  261002P07725000;6.6;6.7;delta=-0.627
2026-10-02 11:54;7730.0;7721.07;SPXW  261002P07730000;10.1;10.3;delta=-0.773
2026-10-02 11:54;7735.0;7721.07;SPXW  261002P07735000;14.4;14.5;delta=-0.872
2026-10-02 11:54;7740.0;7721.07;SPXW  261002P07740000;19.0;19.2;delta=-0.926
2026-10-02 11:54;7745.0;7721.07;SPXW  261002P07745000;23.8;24.0;delta=-0.953
2026-10-02 11:54;7750.0;7721.07;SPXW  261002P07750000;28.8;29.0;delta=-0.97
2026-10-02 11:54;7755.0;7721.07;SPXW  261002P07755000;33.7;33.9;delta=-0.979
2026-10-02 11:54;7760.0;7721.07;SPXW  261002P07760000;38.7;38.9;delta=-0.981
2026-10-02 11:54;7765.0;7721.07;SPXW  261002P07765000;43.5;44.3;delta=-0.983
2026-10-02 11:54;7770.0;7721.07;SPXW  261002P07770000;48.5;49.3;delta=-0.989
2026-10-02 11:54;7775.0;7721.07;SPXW  261002P07775000;53.5;54.3;delta=-0.99
2026-10-02 11:54;7780.0;7721.07;SPXW  261002P07780000;58.5;59.3;delta=-0.991
2026-10-02 11:54;7785.0;7721.07;SPXW  261002P07785000;63.5;64.3;delta=-0.992
2026-10-02 11:54;7790.0;7721.07;SPXW  261002P07790000;68.5;69.3;delta=-0.992
2026-10-02 11:54;7795.0;7721.07;SPXW  261002P07795000;73.5;74.3;delta=-0.992
2026-10-02 11:54;7800.0;7721.07;SPXW  261002P07800000;78.5;79.3;delta=-0.993
2026-10-02 11:54;7805.0;7721.07;SPXW  261002P07805000;83.5;84.3;delta=-0.993
2026-10-02 11:54;7810.0;7721.07;SPXW  261002P07810000;88.5;89.2;delta=-0.993
2026-10-02 11:54;7815.0;7721.07;SPXW  261002P07815000;93.5;94.2;delta=-0.994
2026-10-02 11:54;7820.0;7721.07;SPXW  261002P07820000;98.5;99.2;delta=-0.994
2026-10-02 11:54;7825.0;7721.07;SPXW  261002P07825000;103.3;104.4;delta=-0.994
2026-10-02 11:54;7830.0;7721.07;SPXW  261002P07830000;108.3;109.2;delta=-0.994
2026-10-02 11:54;7835.0;7721.07;SPXW  261002P07835000;113.3;114.3;delta=-0.995
2026-10-02 11:54;7840.0;7721.07;SPXW  261002P07840000;118.3;119.3;delta=-0.995
2026-10-02 11:54;7845.0;7721.07;SPXW  261002P07845000;123.3;124.3;delta=-0.995
2026-10-02 11:54;7850.0;7721.07;SPXW  261002P07850000;128.3;129.3;delta=-0.998
2026-10-02 11:54;7855.0;7721.07;SPXW  261002P07855000;133.3;134.3;delta=-0.998
2026-10-02 11:54;7860.0;7721.07;SPXW  261002P07860000;138.3;139.3;delta=-0.998
2026-10-02 11:54;7865.0;7721.07;SPXW  261002P07865000;143.3;144.3;delta=-0.998
2026-10-02 11:54;7870.0;7721.07;SPXW  261002P07870000;148.3;149.3;delta=-0.998
2026-10-02 11:54;7875.0;7721.07;SPXW  261002P07875000;153.3;154.3;delta=-0.998
2026-10-02 11:54;7880.0;7721.07;SPXW  261002P07880000;158.3;159.3;delta=-0.998
2026-10-02 11:54;7885.0;7721.07;SPXW  261002P07885000;163.3;164.3;delta=-0.998
2026-10-02 11:54;7890.0;7721.07;SPXW  261002P07890000;168.3;169.3;delta=-0.998
2026-10-02 11:54;7895.0;7721.07;SPXW  261002P07895000;173.3;174.3;delta=-0.998
2026-10-02 11:54;7900.0;7721.07;SPXW  261002P07900000;178.3;179.3;delta=-0.999
2026-10-02 11:54;7905.0;7721.07;SPXW  261002P07905000;183.3;184.3;delta=-0.999
2026-10-02 11:54;7910.0;7721.07;SPXW  261002P07910000;188.3;189.3;delta=-0.999
2026-10-02 11:54;7915.0;7721.07;SPXW  261002P07915000;193.3;194.3;delta=-0.999
2026-10-02 11:54;7920.0;7721.07;SPXW  261002P07920000;198.3;199.3;delta=-0.999
2026-10-02 11:54;7925.0;7721.07;SPXW  261002P07925000;203.3;204.3;delta=-0.999
2026-10-02 11:54;7930.0;7721.07;SPXW  261002P07930000;208.3;209.3;delta=-0.999
2026-10-02 11:54;7935.0;7721.07;SPXW  261002P07935000;213.3;214.3;delta=-0.999
2026-10-02 11:54;7940.0;7721.07;SPXW  261002P07940000;218.3;219.3;delta=-0.999
2026-10-02 11:54;7945.0;7721.07;SPXW  261002P07945000;223.3;224.3;delta=-0.999
2026-10-02 11:54;7950.0;7721.07;SPXW  261002P07950000;228.3;229.3;delta=-0.999
2026-10-02 11:54;7955.0;7721.07;SPXW  261002P07955000;233.3;234.3;delta=-0.999
2026-10-02 11:54;7960.0;7721.07;SPXW  261002P07960000;238.3;239.3;delta=-0.999
2026-10-02 11:54;7965.0;7721.07;SPXW  261002P07965000;243.3;244.3;delta=-0.999
2026-10-02 11:54;7970.0;7721.07;SPXW  261002P07970000;248.3;249.3;delta=-0.999
2026-10-02 11:59;7475.0;7721.53;SPXW  261002C07475000;235.9;251.9;delta=0.999
2026-10-02 11:59;7480.0;7721.53;SPXW  261002C07480000;230.9;248.0;delta=0.999
2026-10-02 11:59;7485.0;7721.53;SPXW  261002C07485000;225.9;243.0;delta=0.999
2026-10-02 11:59;7490.0;7721.53;SPXW  261002C07490000;220.9;237.7;delta=0.999
2026-10-02 11:59;7495.0;7721.53;SPXW  261002C07495000;215.9;233.0;delta=0.999
2026-10-02 11:59;7500.0;7721.53;SPXW  261002C07500000;220.0;228.0;delta=0.999
2026-10-02 11:59;7505.0;7721.53;SPXW  261002C07505000;210.2;222.5;delta=0.999
2026-10-02 11:59;7510.0;7721.53;SPXW  261002C07510000;205.2;217.5;delta=0.999
2026-10-02 11:59;7515.0;7721.53;SPXW  261002C07515000;200.2;212.5;delta=0.999
2026-10-02 11:59;7520.0;7721.53;SPXW  261002C07520000;195.2;207.5;delta=0.999
2026-10-02 11:59;7525.0;7721.53;SPXW  261002C07525000;192.5;199.8;delta=0.999
2026-10-02 11:59;7530.0;7721.53;SPXW  261002C07530000;187.5;194.8;delta=0.999
2026-10-02 11:59;7535.0;7721.53;SPXW  261002C07535000;182.5;189.8;delta=0.999
2026-10-02 11:59;7540.0;7721.53;SPXW  261002C07540000;177.5;184.8;delta=0.999
2026-10-02 11:59;7545.0;7721.53;SPXW  261002C07545000;172.5;179.8;delta=0.999
2026-10-02 11:59;7550.0;7721.53;SPXW  261002C07550000;167.5;174.8;delta=0.998
2026-10-02 11:59;7555.0;7721.53;SPXW  261002C07555000;162.5;170.0;delta=0.998
2026-10-02 11:59;7560.0;7721.53;SPXW  261002C07560000;157.5;165.0;delta=0.998
2026-10-02 11:59;7565.0;7721.53;SPXW  261002C07565000;152.5;160.0;delta=0.998
2026-10-02 11:59;7570.0;7721.53;SPXW  261002C07570000;147.5;155.0;delta=0.998
2026-10-02 11:59;7575.0;7721.53;SPXW  261002C07575000;143.0;150.0;delta=0.998
2026-10-02 11:59;7580.0;7721.53;SPXW  261002C07580000;138.0;145.0;delta=0.997
2026-10-02 11:59;7585.0;7721.53;SPXW  261002C07585000;133.0;140.1;delta=0.995
2026-10-02 11:59;7590.0;7721.53;SPXW  261002C07590000;127.6;135.0;delta=0.995
2026-10-02 11:59;7595.0;7721.53;SPXW  261002C07595000;122.6;130.0;delta=0.995
2026-10-02 11:59;7600.0;7721.53;SPXW  261002C07600000;121.4;122.5;delta=0.996
2026-10-02 11:59;7605.0;7721.53;SPXW  261002C07605000;113.0;120.0;delta=0.995
2026-10-02 11:59;7610.0;7721.53;SPXW  261002C07610000;108.0;115.0;delta=0.995
2026-10-02 11:59;7615.0;7721.53;SPXW  261002C07615000;103.0;110.0;delta=0.994
2026-10-02 11:59;7620.0;7721.53;SPXW  261002C07620000;98.0;105.2;delta=0.994
2026-10-02 11:59;7625.0;7721.53;SPXW  261002C07625000;96.6;97.4;delta=0.994
2026-10-02 11:59;7630.0;7721.53;SPXW  261002C07630000;91.6;92.4;delta=0.994
2026-10-02 11:59;7635.0;7721.53;SPXW  261002C07635000;86.6;87.4;delta=0.993
2026-10-02 11:59;7640.0;7721.53;SPXW  261002C07640000;81.6;82.4;delta=0.993
2026-10-02 11:59;7645.0;7721.53;SPXW  261002C07645000;76.6;77.4;delta=0.993
2026-10-02 11:59;7650.0;7721.53;SPXW  261002C07650000;71.6;72.4;delta=0.992
2026-10-02 11:59;7655.0;7721.53;SPXW  261002C07655000;66.6;67.4;delta=0.992
2026-10-02 11:59;7660.0;7721.53;SPXW  261002C07660000;61.6;62.4;delta=0.991
2026-10-02 11:59;7665.0;7721.53;SPXW  261002C07665000;56.9;57.2;delta=0.986
2026-10-02 11:59;7670.0;7721.53;SPXW  261002C07670000;51.9;52.2;delta=0.985
2026-10-02 11:59;7675.0;7721.53;SPXW  261002C07675000;46.9;47.2;delta=0.984
2026-10-02 11:59;7680.0;7721.53;SPXW  261002C07680000;41.9;42.2;delta=0.977
2026-10-02 11:59;7685.0;7721.53;SPXW  261002C07685000;37.0;37.3;delta=0.97
2026-10-02 11:59;7690.0;7721.53;SPXW  261002C07690000;32.0;32.3;delta=0.961
2026-10-02 11:59;7695.0;7721.53;SPXW  261002C07695000;27.1;27.4;delta=0.951
2026-10-02 11:59;7700.0;7721.53;SPXW  261002C07700000;22.2;22.6;delta=0.927
2026-10-02 11:59;7705.0;7721.53;SPXW  261002C07705000;17.5;17.8;delta=0.886
2026-10-02 11:59;7710.0;7721.53;SPXW  261002C07710000;13.0;13.2;delta=0.816
2026-10-02 11:59;7715.0;7721.53;SPXW  261002C07715000;8.9;9.1;delta=0.705
2026-10-02 11:59;7720.0;7721.53;SPXW  261002C07720000;5.5;5.6;delta=0.548
2026-10-02 11:59;7725.0;7721.53;SPXW  261002C07725000;3.1;3.2;delta=0.374
2026-10-02 11:59;7730.0;7721.53;SPXW  261002C07730000;1.6;1.65;delta=0.224
2026-10-02 11:59;7735.0;7721.53;SPXW  261002C07735000;0.8;0.85;delta=0.129
2026-10-02 11:59;7740.0;7721.53;SPXW  261002C07740000;0.4;0.45;delta=0.074
2026-10-02 11:59;7745.0;7721.53;SPXW  261002C07745000;0.25;0.3;delta=0.047
2026-10-02 11:59;7750.0;7721.53;SPXW  261002C07750000;0.15;0.2;delta=0.03
2026-10-02 11:59;7755.0;7721.53;SPXW  261002C07755000;0.1;0.15;delta=0.021
2026-10-02 11:59;7760.0;7721.53;SPXW  261002C07760000;0.1;0.15;delta=0.019
2026-10-02 11:59;7765.0;7721.53;SPXW  261002C07765000;0.1;0.15;delta=0.017
2026-10-02 11:59;7770.0;7721.53;SPXW  261002C07770000;0.05;0.15;delta=0.013
2026-10-02 11:59;7775.0;7721.53;SPXW  261002C07775000;0.05;0.1;delta=0.01
2026-10-02 11:59;7780.0;7721.53;SPXW  261002C07780000;0.05;0.1;delta=0.009
2026-10-02 11:59;7785.0;7721.53;SPXW  261002C07785000;0.05;0.1;delta=0.008
2026-10-02 11:59;7790.0;7721.53;SPXW  261002C07790000;0.05;0.1;delta=0.008
2026-10-02 11:59;7795.0;7721.53;SPXW  261002C07795000;0.05;0.1;delta=0.008
2026-10-02 11:59;7800.0;7721.53;SPXW  261002C07800000;0.05;0.1;delta=0.007
2026-10-02 11:59;7805.0;7721.53;SPXW  261002C07805000;0.05;0.1;delta=0.007
2026-10-02 11:59;7810.0;7721.53;SPXW  261002C07810000;0.05;0.1;delta=0.007
2026-10-02 11:59;7815.0;7721.53;SPXW  261002C07815000;0.05;0.1;delta=0.006
2026-10-02 11:59;7820.0;7721.53;SPXW  261002C07820000;0.05;0.1;delta=0.006
2026-10-02 11:59;7825.0;7721.53;SPXW  261002C07825000;0.05;0.1;delta=0.006
2026-10-02 11:59;7830.0;7721.53;SPXW  261002C07830000;0.05;0.1;delta=0.006
2026-10-02 11:59;7835.0;7721.53;SPXW  261002C07835000;0.0;0.05;delta=0.002
2026-10-02 11:59;7840.0;7721.53;SPXW  261002C07840000;0.05;0.1;delta=0.004
2026-10-02 11:59;7845.0;7721.53;SPXW  261002C07845000;0.0;0.05;delta=0.002
2026-10-02 11:59;7850.0;7721.53;SPXW  261002C07850000;0.0;0.05;delta=0.002
2026-10-02 11:59;7855.0;7721.53;SPXW  261002C07855000;0.0;0.05;delta=0.002
2026-10-02 11:59;7860.0;7721.53;SPXW  261002C07860000;0.0;0.05;delta=0.002
2026-10-02 11:59;7865.0;7721.53;SPXW  261002C07865000;0.0;0.05;delta=0.002
2026-10-02 11:59;7870.0;7721.53;SPXW  261002C07870000;0.0;0.05;delta=0.002
2026-10-02 11:59;7875.0;7721.53;SPXW  261002C07875000;0.0;0.05;delta=0.002
2026-10-02 11:59;7880.0;7721.53;SPXW  261002C07880000;0.0;0.05;delta=0.002
2026-10-02 11:59;7885.0;7721.53;SPXW  261002C07885000;0.0;0.05;delta=0.002
2026-10-02 11:59;7890.0;7721.53;SPXW  261002C07890000;0.0;0.05;delta=0.002
2026-10-02 11:59;7895.0;7721.53;SPXW  261002C07895000;0.0;0.05;delta=0.002
2026-10-02 11:59;7900.0;7721.53;SPXW  261002C07900000;0.0;0.05;delta=0.001
2026-10-02 11:59;7905.0;7721.53;SPXW  261002C07905000;0.0;0.05;delta=0.001
2026-10-02 11:59;7910.0;7721.53;SPXW  261002C07910000;0.0;0.05;delta=0.001
2026-10-02 11:59;7915.0;7721.53;SPXW  261002C07915000;0.0;0.05;delta=0.001
2026-10-02 11:59;7920.0;7721.53;SPXW  261002C07920000;0.0;0.05;delta=0.001
2026-10-02 11:59;7925.0;7721.53;SPXW  261002C07925000;0.0;0.05;delta=0.001
2026-10-02 11:59;7930.0;7721.53;SPXW  261002C07930000;0.0;0.05;delta=0.001
2026-10-02 11:59;7935.0;7721.53;SPXW  261002C07935000;0.0;0.05;delta=0.001
2026-10-02 11:59;7940.0;7721.53;SPXW  261002C07940000;0.0;0.05;delta=0.001
2026-10-02 11:59;7945.0;7721.53;SPXW  261002C07945000;0.0;0.05;delta=0.001
2026-10-02 11:59;7950.0;7721.53;SPXW  261002C07950000;0.0;0.05;delta=0.001
2026-10-02 11:59;7955.0;7721.53;SPXW  261002C07955000;0.0;0.05;delta=0.001
2026-10-02 11:59;7960.0;7721.53;SPXW  261002C07960000;0.0;0.05;delta=0.001
2026-10-02 11:59;7965.0;7721.53;SPXW  261002C07965000;0.0;0.05;delta=0.001
2026-10-02 11:59;7970.0;7721.53;SPXW  261002C07970000;0.0;0.05;delta=0.001
2026-10-02 11:59;7475.0;7721.53;SPXW  261002P07475000;0.0;0.05;delta=-0.001
2026-10-02 11:59;7480.0;7721.53;SPXW  261002P07480000;0.0;0.05;delta=-0.001
2026-10-02 11:59;7485.0;7721.53;SPXW  261002P07485000;0.0;0.05;delta=-0.001
2026-10-02 11:59;7490.0;7721.53;SPXW  261002P07490000;0.0;0.05;delta=-0.001
2026-10-02 11:59;7495.0;7721.53;SPXW  261002P07495000;0.0;0.05;delta=-0.001
2026-10-02 11:59;7500.0;7721.53;SPXW  261002P07500000;0.0;0.05;delta=-0.001
2026-10-02 11:59;7505.0;7721.53;SPXW  261002P07505000;0.0;0.05;delta=-0.001
2026-10-02 11:59;7510.0;7721.53;SPXW  261002P07510000;0.0;0.05;delta=-0.001
2026-10-02 11:59;7515.0;7721.53;SPXW  261002P07515000;0.0;0.05;delta=-0.001
2026-10-02 11:59;7520.0;7721.53;SPXW  261002P07520000;0.0;0.05;delta=-0.001
2026-10-02 11:59;7525.0;7721.53;SPXW  261002P07525000;0.0;0.05;delta=-0.001
2026-10-02 11:59;7530.0;7721.53;SPXW  261002P07530000;0.0;0.05;delta=-0.001
2026-10-02 11:59;7535.0;7721.53;SPXW  261002P07535000;0.0;0.05;delta=-0.001
2026-10-02 11:59;7540.0;7721.53;SPXW  261002P07540000;0.0;0.05;delta=-0.001
2026-10-02 11:59;7545.0;7721.53;SPXW  261002P07545000;0.0;0.05;delta=-0.001
2026-10-02 11:59;7550.0;7721.53;SPXW  261002P07550000;0.0;0.05;delta=-0.001
2026-10-02 11:59;7555.0;7721.53;SPXW  261002P07555000;0.0;0.05;delta=-0.002
2026-10-02 11:59;7560.0;7721.53;SPXW  261002P07560000;0.0;0.05;delta=-0.002
2026-10-02 11:59;7565.0;7721.53;SPXW  261002P07565000;0.0;0.05;delta=-0.002
2026-10-02 11:59;7570.0;7721.53;SPXW  261002P07570000;0.0;0.05;delta=-0.002
2026-10-02 11:59;7575.0;7721.53;SPXW  261002P07575000;0.0;0.05;delta=-0.002
2026-10-02 11:59;7580.0;7721.53;SPXW  261002P07580000;0.0;0.1;delta=-0.003
2026-10-02 11:59;7585.0;7721.53;SPXW  261002P07585000;0.05;0.1;delta=-0.005
2026-10-02 11:59;7590.0;7721.53;SPXW  261002P07590000;0.05;0.1;delta=-0.005
2026-10-02 11:59;7595.0;7721.53;SPXW  261002P07595000;0.05;0.1;delta=-0.005
2026-10-02 11:59;7600.0;7721.53;SPXW  261002P07600000;0.0;0.1;delta=-0.004
2026-10-02 11:59;7605.0;7721.53;SPXW  261002P07605000;0.05;0.1;delta=-0.005
2026-10-02 11:59;7610.0;7721.53;SPXW  261002P07610000;0.05;0.1;delta=-0.005
2026-10-02 11:59;7615.0;7721.53;SPXW  261002P07615000;0.05;0.1;delta=-0.006
2026-10-02 11:59;7620.0;7721.53;SPXW  261002P07620000;0.05;0.1;delta=-0.006
2026-10-02 11:59;7625.0;7721.53;SPXW  261002P07625000;0.05;0.1;delta=-0.006
2026-10-02 11:59;7630.0;7721.53;SPXW  261002P07630000;0.05;0.1;delta=-0.006
2026-10-02 11:59;7635.0;7721.53;SPXW  261002P07635000;0.05;0.1;delta=-0.007
2026-10-02 11:59;7640.0;7721.53;SPXW  261002P07640000;0.05;0.1;delta=-0.007
2026-10-02 11:59;7645.0;7721.53;SPXW  261002P07645000;0.05;0.1;delta=-0.007
2026-10-02 11:59;7650.0;7721.53;SPXW  261002P07650000;0.05;0.1;delta=-0.008
2026-10-02 11:59;7655.0;7721.53;SPXW  261002P07655000;0.05;0.1;delta=-0.008
2026-10-02 11:59;7660.0;7721.53;SPXW  261002P07660000;0.05;0.1;delta=-0.009
2026-10-02 11:59;7665.0;7721.53;SPXW  261002P07665000;0.1;0.15;delta=-0.014
2026-10-02 11:59;7670.0;7721.53;SPXW  261002P07670000;0.1;0.15;delta=-0.015
2026-10-02 11:59;7675.0;7721.53;SPXW  261002P07675000;0.1;0.15;delta=-0.016
2026-10-02 11:59;7680.0;7721.53;SPXW  261002P07680000;0.15;0.2;delta=-0.023
2026-10-02 11:59;7685.0;7721.53;SPXW  261002P07685000;0.15;0.2;delta=-0.03
2026-10-02 11:59;7690.0;7721.53;SPXW  261002P07690000;0.2;0.25;delta=-0.039
2026-10-02 11:59;7695.0;7721.53;SPXW  261002P07695000;0.3;0.35;delta=-0.049
2026-10-02 11:59;7700.0;7721.53;SPXW  261002P07700000;0.4;0.45;delta=-0.073
2026-10-02 11:59;7705.0;7721.53;SPXW  261002P07705000;0.65;0.7;delta=-0.114
2026-10-02 11:59;7710.0;7721.53;SPXW  261002P07710000;1.1;1.15;delta=-0.183
2026-10-02 11:59;7715.0;7721.53;SPXW  261002P07715000;1.95;2.0;delta=-0.294
2026-10-02 11:59;7720.0;7721.53;SPXW  261002P07720000;3.5;3.6;delta=-0.452
2026-10-02 11:59;7725.0;7721.53;SPXW  261002P07725000;5.9;6.1;delta=-0.626
2026-10-02 11:59;7730.0;7721.53;SPXW  261002P07730000;9.4;9.5;delta=-0.776
2026-10-02 11:59;7735.0;7721.53;SPXW  261002P07735000;13.6;13.7;delta=-0.871
2026-10-02 11:59;7740.0;7721.53;SPXW  261002P07740000;18.0;18.3;delta=-0.926
2026-10-02 11:59;7745.0;7721.53;SPXW  261002P07745000;22.9;23.2;delta=-0.953
2026-10-02 11:59;7750.0;7721.53;SPXW  261002P07750000;27.8;28.1;delta=-0.97
2026-10-02 11:59;7755.0;7721.53;SPXW  261002P07755000;32.7;33.0;delta=-0.979
2026-10-02 11:59;7760.0;7721.53;SPXW  261002P07760000;37.7;38.0;delta=-0.981
2026-10-02 11:59;7765.0;7721.53;SPXW  261002P07765000;42.6;43.4;delta=-0.983
2026-10-02 11:59;7770.0;7721.53;SPXW  261002P07770000;47.6;48.3;delta=-0.987
2026-10-02 11:59;7775.0;7721.53;SPXW  261002P07775000;52.5;53.3;delta=-0.99
2026-10-02 11:59;7780.0;7721.53;SPXW  261002P07780000;57.5;58.3;delta=-0.991
2026-10-02 11:59;7785.0;7721.53;SPXW  261002P07785000;62.5;63.4;delta=-0.992
2026-10-02 11:59;7790.0;7721.53;SPXW  261002P07790000;67.5;68.4;delta=-0.992
2026-10-02 11:59;7795.0;7721.53;SPXW  261002P07795000;72.5;73.4;delta=-0.992
2026-10-02 11:59;7800.0;7721.53;SPXW  261002P07800000;77.5;78.4;delta=-0.993
2026-10-02 11:59;7805.0;7721.53;SPXW  261002P07805000;82.5;83.4;delta=-0.993
2026-10-02 11:59;7810.0;7721.53;SPXW  261002P07810000;87.5;88.4;delta=-0.993
2026-10-02 11:59;7815.0;7721.53;SPXW  261002P07815000;92.6;93.3;delta=-0.994
2026-10-02 11:59;7820.0;7721.53;SPXW  261002P07820000;97.6;98.3;delta=-0.994
2026-10-02 11:59;7825.0;7721.53;SPXW  261002P07825000;102.3;103.3;delta=-0.994
2026-10-02 11:59;7830.0;7721.53;SPXW  261002P07830000;107.3;108.3;delta=-0.994
2026-10-02 11:59;7835.0;7721.53;SPXW  261002P07835000;112.3;113.3;delta=-0.998
2026-10-02 11:59;7840.0;7721.53;SPXW  261002P07840000;117.3;118.3;delta=-0.996
2026-10-02 11:59;7845.0;7721.53;SPXW  261002P07845000;122.3;123.3;delta=-0.998
2026-10-02 11:59;7850.0;7721.53;SPXW  261002P07850000;127.3;128.3;delta=-0.998
2026-10-02 11:59;7855.0;7721.53;SPXW  261002P07855000;132.3;133.3;delta=-0.998
2026-10-02 11:59;7860.0;7721.53;SPXW  261002P07860000;137.3;138.3;delta=-0.998
2026-10-02 11:59;7865.0;7721.53;SPXW  261002P07865000;142.3;143.3;delta=-0.998
2026-10-02 11:59;7870.0;7721.53;SPXW  261002P07870000;147.3;148.3;delta=-0.998
2026-10-02 11:59;7875.0;7721.53;SPXW  261002P07875000;152.3;153.3;delta=-0.998
2026-10-02 11:59;7880.0;7721.53;SPXW  261002P07880000;157.3;158.3;delta=-0.998
2026-10-02 11:59;7885.0;7721.53;SPXW  261002P07885000;162.3;163.3;delta=-0.998
2026-10-02 11:59;7890.0;7721.53;SPXW  261002P07890000;167.3;168.3;delta=-0.998
2026-10-02 11:59;7895.0;7721.53;SPXW  261002P07895000;172.3;173.3;delta=-0.998
2026-10-02 11:59;7900.0;7721.53;SPXW  261002P07900000;177.3;178.3;delta=-0.999
2026-10-02 11:59;7905.0;7721.53;SPXW  261002P07905000;182.2;183.3;delta=-0.999
2026-10-02 11:59;7910.0;7721.53;SPXW  261002P07910000;187.2;188.3;delta=-0.999
2026-10-02 11:59;7915.0;7721.53;SPXW  261002P07915000;192.2;193.3;delta=-0.999
2026-10-02 11:59;7920.0;7721.53;SPXW  261002P07920000;197.2;198.3;delta=-0.999
2026-10-02 11:59;7925.0;7721.53;SPXW  261002P07925000;202.2;203.3;delta=-0.999
2026-10-02 11:59;7930.0;7721.53;SPXW  261002P07930000;207.2;208.3;delta=-0.999
2026-10-02 11:59;7935.0;7721.53;SPXW  261002P07935000;212.2;213.3;delta=-0.999
2026-10-02 11:59;7940.0;7721.53;SPXW  261002P07940000;217.2;218.3;delta=-0.999
2026-10-02 11:59;7945.0;7721.53;SPXW  261002P07945000;222.2;223.3;delta=-0.999
2026-10-02 11:59;7950.0;7721.53;SPXW  261002P07950000;227.2;228.3;delta=-0.999
2026-10-02 11:59;7955.0;7721.53;SPXW  261002P07955000;232.2;233.3;delta=-0.999
2026-10-02 11:59;7960.0;7721.53;SPXW  261002P07960000;237.2;238.3;delta=-0.999
2026-10-02 11:59;7965.0;7721.53;SPXW  261002P07965000;242.2;243.3;delta=-0.999
2026-10-02 11:59;7970.0;7721.53;SPXW  261002P07970000;247.2;248.3;delta=-0.999
2026-10-02 12:03;7475.0;7720.78;SPXW  261002C07475000;235.9;256.4;delta=0.999
2026-10-02 12:03;7480.0;7720.78;SPXW  261002C07480000;230.9;251.4;delta=0.999
2026-10-02 12:03;7485.0;7720.78;SPXW  261002C07485000;225.9;245.6;delta=0.999
2026-10-02 12:03;7490.0;7720.78;SPXW  261002C07490000;220.9;237.7;delta=0.999
2026-10-02 12:03;7495.0;7720.78;SPXW  261002C07495000;215.9;235.6;delta=0.999
2026-10-02 12:03;7500.0;7720.78;SPXW  261002C07500000;210.9;228.1;delta=0.999
2026-10-02 12:03;7505.0;7720.78;SPXW  261002C07505000;209.3;223.0;delta=0.999
2026-10-02 12:03;7510.0;7720.78;SPXW  261002C07510000;204.0;217.7;delta=0.999
2026-10-02 12:03;7515.0;7720.78;SPXW  261002C07515000;199.0;212.7;delta=0.999
2026-10-02 12:03;7520.0;7720.78;SPXW  261002C07520000;194.0;207.7;delta=0.999
2026-10-02 12:03;7525.0;7720.78;SPXW  261002C07525000;191.8;199.3;delta=0.999
2026-10-02 12:03;7530.0;7720.78;SPXW  261002C07530000;186.8;194.3;delta=0.999
2026-10-02 12:03;7535.0;7720.78;SPXW  261002C07535000;181.8;189.3;delta=0.999
2026-10-02 12:03;7540.0;7720.78;SPXW  261002C07540000;176.8;184.3;delta=0.999
2026-10-02 12:03;7545.0;7720.78;SPXW  261002C07545000;172.1;179.3;delta=0.999
2026-10-02 12:03;7550.0;7720.78;SPXW  261002C07550000;167.1;174.3;delta=0.999
2026-10-02 12:03;7555.0;7720.78;SPXW  261002C07555000;162.0;169.4;delta=0.998
2026-10-02 12:03;7560.0;7720.78;SPXW  261002C07560000;157.0;164.4;delta=0.998
2026-10-02 12:03;7565.0;7720.78;SPXW  261002C07565000;152.0;159.4;delta=0.998
2026-10-02 12:03;7570.0;7720.78;SPXW  261002C07570000;147.0;154.4;delta=0.998
2026-10-02 12:03;7575.0;7720.78;SPXW  261002C07575000;142.0;149.4;delta=0.998
2026-10-02 12:03;7580.0;7720.78;SPXW  261002C07580000;137.0;144.4;delta=0.998
2026-10-02 12:03;7585.0;7720.78;SPXW  261002C07585000;132.0;139.1;delta=0.998
2026-10-02 12:03;7590.0;7720.78;SPXW  261002C07590000;127.1;134.4;delta=0.998
2026-10-02 12:03;7595.0;7720.78;SPXW  261002C07595000;122.1;129.4;delta=0.998
2026-10-02 12:03;7600.0;7720.78;SPXW  261002C07600000;120.4;121.5;delta=0.998
2026-10-02 12:03;7605.0;7720.78;SPXW  261002C07605000;112.0;119.1;delta=0.995
2026-10-02 12:03;7610.0;7720.78;SPXW  261002C07610000;107.0;114.4;delta=0.995
2026-10-02 12:03;7615.0;7720.78;SPXW  261002C07615000;102.0;109.4;delta=0.994
2026-10-02 12:03;7620.0;7720.78;SPXW  261002C07620000;97.0;104.1;delta=0.994
2026-10-02 12:03;7625.0;7720.78;SPXW  261002C07625000;95.6;96.4;delta=0.994
2026-10-02 12:03;7630.0;7720.78;SPXW  261002C07630000;90.7;91.4;delta=0.994
2026-10-02 12:03;7635.0;7720.78;SPXW  261002C07635000;85.7;86.4;delta=0.993
2026-10-02 12:03;7640.0;7720.78;SPXW  261002C07640000;80.7;81.4;delta=0.993
2026-10-02 12:03;7645.0;7720.78;SPXW  261002C07645000;75.7;76.4;delta=0.993
2026-10-02 12:03;7650.0;7720.78;SPXW  261002C07650000;70.7;71.4;delta=0.992
2026-10-02 12:03;7655.0;7720.78;SPXW  261002C07655000;65.7;66.5;delta=0.992
2026-10-02 12:03;7660.0;7720.78;SPXW  261002C07660000;60.7;61.5;delta=0.991
2026-10-02 12:03;7665.0;7720.78;SPXW  261002C07665000;55.9;56.2;delta=0.986
2026-10-02 12:03;7670.0;7720.78;SPXW  261002C07670000;50.9;51.2;delta=0.985
2026-10-02 12:03;7675.0;7720.78;SPXW  261002C07675000;45.9;46.2;delta=0.984
2026-10-02 12:03;7680.0;7720.78;SPXW  261002C07680000;41.0;41.3;delta=0.977
2026-10-02 12:03;7685.0;7720.78;SPXW  261002C07685000;36.0;36.3;delta=0.97
2026-10-02 12:03;7690.0;7720.78;SPXW  261002C07690000;31.0;31.4;delta=0.964
2026-10-02 12:03;7695.0;7720.78;SPXW  261002C07695000;26.1;26.4;delta=0.95
2026-10-02 12:03;7700.0;7720.78;SPXW  261002C07700000;21.3;21.6;delta=0.926
2026-10-02 12:03;7705.0;7720.78;SPXW  261002C07705000;16.6;16.7;delta=0.886
2026-10-02 12:03;7710.0;7720.78;SPXW  261002C07710000;12.0;12.2;delta=0.818
2026-10-02 12:03;7715.0;7720.78;SPXW  261002C07715000;7.9;8.1;delta=0.699
2026-10-02 12:03;7720.0;7720.78;SPXW  261002C07720000;4.7;4.8;delta=0.529
2026-10-02 12:03;7725.0;7720.78;SPXW  261002C07725000;2.45;2.55;delta=0.345
2026-10-02 12:03;7730.0;7720.78;SPXW  261002C07730000;1.15;1.25;delta=0.196
2026-10-02 12:03;7735.0;7720.78;SPXW  261002C07735000;0.55;0.6;delta=0.106
2026-10-02 12:03;7740.0;7720.78;SPXW  261002C07740000;0.3;0.35;delta=0.061
2026-10-02 12:03;7745.0;7720.78;SPXW  261002C07745000;0.15;0.2;delta=0.034
2026-10-02 12:03;7750.0;7720.78;SPXW  261002C07750000;0.1;0.15;delta=0.023
2026-10-02 12:03;7755.0;7720.78;SPXW  261002C07755000;0.1;0.15;delta=0.02
2026-10-02 12:03;7760.0;7720.78;SPXW  261002C07760000;0.05;0.15;delta=0.018
2026-10-02 12:03;7765.0;7720.78;SPXW  261002C07765000;0.05;0.1;delta=0.011
2026-10-02 12:03;7770.0;7720.78;SPXW  261002C07770000;0.05;0.1;delta=0.01
2026-10-02 12:03;7775.0;7720.78;SPXW  261002C07775000;0.05;0.1;delta=0.01
2026-10-02 12:03;7780.0;7720.78;SPXW  261002C07780000;0.05;0.1;delta=0.009
2026-10-02 12:03;7785.0;7720.78;SPXW  261002C07785000;0.05;0.1;delta=0.008
2026-10-02 12:03;7790.0;7720.78;SPXW  261002C07790000;0.05;0.1;delta=0.008
2026-10-02 12:03;7795.0;7720.78;SPXW  261002C07795000;0.05;0.1;delta=0.008
2026-10-02 12:03;7800.0;7720.78;SPXW  261002C07800000;0.05;0.1;delta=0.007
2026-10-02 12:03;7805.0;7720.78;SPXW  261002C07805000;0.05;0.1;delta=0.007
2026-10-02 12:03;7810.0;7720.78;SPXW  261002C07810000;0.05;0.1;delta=0.006
2026-10-02 12:03;7815.0;7720.78;SPXW  261002C07815000;0.05;0.1;delta=0.006
2026-10-02 12:03;7820.0;7720.78;SPXW  261002C07820000;0.05;0.1;delta=0.006
2026-10-02 12:03;7825.0;7720.78;SPXW  261002C07825000;0.0;0.05;delta=0.002
2026-10-02 12:03;7830.0;7720.78;SPXW  261002C07830000;0.0;0.05;delta=0.002
2026-10-02 12:03;7835.0;7720.78;SPXW  261002C07835000;0.0;0.05;delta=0.002
2026-10-02 12:03;7840.0;7720.78;SPXW  261002C07840000;0.0;0.05;delta=0.002
2026-10-02 12:03;7845.0;7720.78;SPXW  261002C07845000;0.0;0.05;delta=0.002
2026-10-02 12:03;7850.0;7720.78;SPXW  261002C07850000;0.0;0.05;delta=0.002
2026-10-02 12:03;7855.0;7720.78;SPXW  261002C07855000;0.0;0.05;delta=0.002
2026-10-02 12:03;7860.0;7720.78;SPXW  261002C07860000;0.0;0.05;delta=0.002
2026-10-02 12:03;7865.0;7720.78;SPXW  261002C07865000;0.0;0.05;delta=0.002
2026-10-02 12:03;7870.0;7720.78;SPXW  261002C07870000;0.0;0.05;delta=0.002
2026-10-02 12:03;7875.0;7720.78;SPXW  261002C07875000;0.0;0.05;delta=0.002
2026-10-02 12:03;7880.0;7720.78;SPXW  261002C07880000;0.0;0.05;delta=0.002
2026-10-02 12:03;7885.0;7720.78;SPXW  261002C07885000;0.0;0.05;delta=0.002
2026-10-02 12:03;7890.0;7720.78;SPXW  261002C07890000;0.0;0.05;delta=0.002
2026-10-02 12:03;7895.0;7720.78;SPXW  261002C07895000;0.0;0.05;delta=0.002
2026-10-02 12:03;7900.0;7720.78;SPXW  261002C07900000;0.0;0.05;delta=0.001
2026-10-02 12:03;7905.0;7720.78;SPXW  261002C07905000;0.0;0.05;delta=0.001
2026-10-02 12:03;7910.0;7720.78;SPXW  261002C07910000;0.0;0.05;delta=0.001
2026-10-02 12:03;7915.0;7720.78;SPXW  261002C07915000;0.0;0.05;delta=0.001
2026-10-02 12:03;7920.0;7720.78;SPXW  261002C07920000;0.0;0.05;delta=0.001
2026-10-02 12:03;7925.0;7720.78;SPXW  261002C07925000;0.0;0.05;delta=0.001
2026-10-02 12:03;7930.0;7720.78;SPXW  261002C07930000;0.0;0.05;delta=0.001
2026-10-02 12:03;7935.0;7720.78;SPXW  261002C07935000;0.0;0.05;delta=0.001
2026-10-02 12:03;7940.0;7720.78;SPXW  261002C07940000;0.0;0.05;delta=0.001
2026-10-02 12:03;7945.0;7720.78;SPXW  261002C07945000;0.0;0.05;delta=0.001
2026-10-02 12:03;7950.0;7720.78;SPXW  261002C07950000;0.0;0.05;delta=0.001
2026-10-02 12:03;7955.0;7720.78;SPXW  261002C07955000;0.0;0.05;delta=0.001
2026-10-02 12:03;7960.0;7720.78;SPXW  261002C07960000;0.0;0.05;delta=0.001
2026-10-02 12:03;7965.0;7720.78;SPXW  261002C07965000;0.0;0.05;delta=0.001
2026-10-02 12:03;7970.0;7720.78;SPXW  261002C07970000;0.0;0.05;delta=0.001
2026-10-02 12:03;7475.0;7720.78;SPXW  261002P07475000;0.0;0.05;delta=-0.001
2026-10-02 12:03;7480.0;7720.78;SPXW  261002P07480000;0.0;0.05;delta=-0.001
2026-10-02 12:03;7485.0;7720.78;SPXW  261002P07485000;0.0;0.05;delta=-0.001
2026-10-02 12:03;7490.0;7720.78;SPXW  261002P07490000;0.0;0.05;delta=-0.001
2026-10-02 12:03;7495.0;7720.78;SPXW  261002P07495000;0.0;0.05;delta=-0.001
2026-10-02 12:03;7500.0;7720.78;SPXW  261002P07500000;0.0;0.05;delta=-0.001
2026-10-02 12:03;7505.0;7720.78;SPXW  261002P07505000;0.0;0.05;delta=-0.001
2026-10-02 12:03;7510.0;7720.78;SPXW  261002P07510000;0.0;0.05;delta=-0.001
2026-10-02 12:03;7515.0;7720.78;SPXW  261002P07515000;0.0;0.05;delta=-0.001
2026-10-02 12:03;7520.0;7720.78;SPXW  261002P07520000;0.0;0.05;delta=-0.001
2026-10-02 12:03;7525.0;7720.78;SPXW  261002P07525000;0.0;0.05;delta=-0.001
2026-10-02 12:03;7530.0;7720.78;SPXW  261002P07530000;0.0;0.05;delta=-0.001
2026-10-02 12:03;7535.0;7720.78;SPXW  261002P07535000;0.0;0.05;delta=-0.001
2026-10-02 12:03;7540.0;7720.78;SPXW  261002P07540000;0.0;0.05;delta=-0.001
2026-10-02 12:03;7545.0;7720.78;SPXW  261002P07545000;0.0;0.05;delta=-0.001
2026-10-02 12:03;7550.0;7720.78;SPXW  261002P07550000;0.0;0.05;delta=-0.002
2026-10-02 12:03;7555.0;7720.78;SPXW  261002P07555000;0.0;0.05;delta=-0.002
2026-10-02 12:03;7560.0;7720.78;SPXW  261002P07560000;0.0;0.05;delta=-0.002
2026-10-02 12:03;7565.0;7720.78;SPXW  261002P07565000;0.0;0.05;delta=-0.002
2026-10-02 12:03;7570.0;7720.78;SPXW  261002P07570000;0.0;0.05;delta=-0.002
2026-10-02 12:03;7575.0;7720.78;SPXW  261002P07575000;0.0;0.05;delta=-0.002
2026-10-02 12:03;7580.0;7720.78;SPXW  261002P07580000;0.0;0.05;delta=-0.002
2026-10-02 12:03;7585.0;7720.78;SPXW  261002P07585000;0.0;0.05;delta=-0.002
2026-10-02 12:03;7590.0;7720.78;SPXW  261002P07590000;0.0;0.05;delta=-0.002
2026-10-02 12:03;7595.0;7720.78;SPXW  261002P07595000;0.0;0.1;delta=-0.002
2026-10-02 12:03;7600.0;7720.78;SPXW  261002P07600000;0.0;0.05;delta=-0.002
2026-10-02 12:03;7605.0;7720.78;SPXW  261002P07605000;0.05;0.1;delta=-0.005
2026-10-02 12:03;7610.0;7720.78;SPXW  261002P07610000;0.05;0.1;delta=-0.005
2026-10-02 12:03;7615.0;7720.78;SPXW  261002P07615000;0.05;0.1;delta=-0.006
2026-10-02 12:03;7620.0;7720.78;SPXW  261002P07620000;0.05;0.1;delta=-0.006
2026-10-02 12:03;7625.0;7720.78;SPXW  261002P07625000;0.05;0.1;delta=-0.006
2026-10-02 12:03;7630.0;7720.78;SPXW  261002P07630000;0.05;0.1;delta=-0.006
2026-10-02 12:03;7635.0;7720.78;SPXW  261002P07635000;0.05;0.1;delta=-0.007
2026-10-02 12:03;7640.0;7720.78;SPXW  261002P07640000;0.05;0.1;delta=-0.007
2026-10-02 12:03;7645.0;7720.78;SPXW  261002P07645000;0.05;0.1;delta=-0.007
2026-10-02 12:03;7650.0;7720.78;SPXW  261002P07650000;0.05;0.1;delta=-0.008
2026-10-02 12:03;7655.0;7720.78;SPXW  261002P07655000;0.05;0.1;delta=-0.008
2026-10-02 12:03;7660.0;7720.78;SPXW  261002P07660000;0.05;0.1;delta=-0.009
2026-10-02 12:03;7665.0;7720.78;SPXW  261002P07665000;0.1;0.15;delta=-0.014
2026-10-02 12:03;7670.0;7720.78;SPXW  261002P07670000;0.1;0.15;delta=-0.015
2026-10-02 12:03;7675.0;7720.78;SPXW  261002P07675000;0.1;0.15;delta=-0.016
2026-10-02 12:03;7680.0;7720.78;SPXW  261002P07680000;0.15;0.2;delta=-0.023
2026-10-02 12:03;7685.0;7720.78;SPXW  261002P07685000;0.15;0.2;delta=-0.03
2026-10-02 12:03;7690.0;7720.78;SPXW  261002P07690000;0.2;0.25;delta=-0.036
2026-10-02 12:03;7695.0;7720.78;SPXW  261002P07695000;0.3;0.35;delta=-0.05
2026-10-02 12:03;7700.0;7720.78;SPXW  261002P07700000;0.4;0.45;delta=-0.074
2026-10-02 12:03;7705.0;7720.78;SPXW  261002P07705000;0.65;0.7;delta=-0.114
2026-10-02 12:03;7710.0;7720.78;SPXW  261002P07710000;1.1;1.15;delta=-0.184
2026-10-02 12:03;7715.0;7720.78;SPXW  261002P07715000;1.95;2.0;delta=-0.299
2026-10-02 12:03;7720.0;7720.78;SPXW  261002P07720000;3.5;3.7;delta=-0.471
2026-10-02 12:03;7725.0;7720.78;SPXW  261002P07725000;6.2;6.4;delta=-0.655
2026-10-02 12:03;7730.0;7720.78;SPXW  261002P07730000;9.8;10.0;delta=-0.804
2026-10-02 12:03;7735.0;7720.78;SPXW  261002P07735000;14.2;14.3;delta=-0.894
2026-10-02 12:03;7740.0;7720.78;SPXW  261002P07740000;18.8;19.1;delta=-0.939
2026-10-02 12:03;7745.0;7720.78;SPXW  261002P07745000;23.7;24.0;delta=-0.966
2026-10-02 12:03;7750.0;7720.78;SPXW  261002P07750000;28.6;28.9;delta=-0.977
2026-10-02 12:03;7755.0;7720.78;SPXW  261002P07755000;33.6;33.9;delta=-0.98
2026-10-02 12:03;7760.0;7720.78;SPXW  261002P07760000;38.6;38.9;delta=-0.982
2026-10-02 12:03;7765.0;7720.78;SPXW  261002P07765000;43.3;44.2;delta=-0.989
2026-10-02 12:03;7770.0;7720.78;SPXW  261002P07770000;48.5;49.0;delta=-0.99
2026-10-02 12:03;7775.0;7720.78;SPXW  261002P07775000;53.3;54.2;delta=-0.99
2026-10-02 12:03;7780.0;7720.78;SPXW  261002P07780000;58.3;59.2;delta=-0.991
2026-10-02 12:03;7785.0;7720.78;SPXW  261002P07785000;63.3;64.2;delta=-0.992
2026-10-02 12:03;7790.0;7720.78;SPXW  261002P07790000;68.3;69.2;delta=-0.992
2026-10-02 12:03;7795.0;7720.78;SPXW  261002P07795000;73.3;74.1;delta=-0.992
2026-10-02 12:03;7800.0;7720.78;SPXW  261002P07800000;78.3;79.1;delta=-0.993
2026-10-02 12:03;7805.0;7720.78;SPXW  261002P07805000;83.2;84.1;delta=-0.993
2026-10-02 12:03;7810.0;7720.78;SPXW  261002P07810000;88.2;89.1;delta=-0.994
2026-10-02 12:03;7815.0;7720.78;SPXW  261002P07815000;93.2;94.1;delta=-0.994
2026-10-02 12:03;7820.0;7720.78;SPXW  261002P07820000;98.2;99.1;delta=-0.994
2026-10-02 12:03;7825.0;7720.78;SPXW  261002P07825000;103.1;104.2;delta=-0.998
2026-10-02 12:03;7830.0;7720.78;SPXW  261002P07830000;108.1;109.2;delta=-0.998
2026-10-02 12:03;7835.0;7720.78;SPXW  261002P07835000;113.1;114.2;delta=-0.998
2026-10-02 12:03;7840.0;7720.78;SPXW  261002P07840000;118.1;119.2;delta=-0.998
2026-10-02 12:03;7845.0;7720.78;SPXW  261002P07845000;123.1;124.2;delta=-0.998
2026-10-02 12:03;7850.0;7720.78;SPXW  261002P07850000;128.1;129.2;delta=-0.998
2026-10-02 12:03;7855.0;7720.78;SPXW  261002P07855000;133.1;134.2;delta=-0.998
2026-10-02 12:03;7860.0;7720.78;SPXW  261002P07860000;138.1;139.2;delta=-0.998
2026-10-02 12:03;7865.0;7720.78;SPXW  261002P07865000;143.1;144.2;delta=-0.998
2026-10-02 12:03;7870.0;7720.78;SPXW  261002P07870000;148.1;149.2;delta=-0.998
2026-10-02 12:03;7875.0;7720.78;SPXW  261002P07875000;153.1;154.2;delta=-0.998
2026-10-02 12:03;7880.0;7720.78;SPXW  261002P07880000;158.1;159.2;delta=-0.998
2026-10-02 12:03;7885.0;7720.78;SPXW  261002P07885000;163.1;164.2;delta=-0.998
2026-10-02 12:03;7890.0;7720.78;SPXW  261002P07890000;168.1;169.2;delta=-0.998
2026-10-02 12:03;7895.0;7720.78;SPXW  261002P07895000;173.1;174.2;delta=-0.999
2026-10-02 12:03;7900.0;7720.78;SPXW  261002P07900000;178.1;179.2;delta=-0.999
2026-10-02 12:03;7905.0;7720.78;SPXW  261002P07905000;183.1;184.2;delta=-0.999
2026-10-02 12:03;7910.0;7720.78;SPXW  261002P07910000;188.1;189.2;delta=-0.999
2026-10-02 12:03;7915.0;7720.78;SPXW  261002P07915000;193.1;194.2;delta=-0.999
2026-10-02 12:03;7920.0;7720.78;SPXW  261002P07920000;198.1;199.2;delta=-0.999
2026-10-02 12:03;7925.0;7720.78;SPXW  261002P07925000;203.1;204.2;delta=-0.999
2026-10-02 12:03;7930.0;7720.78;SPXW  261002P07930000;208.1;209.2;delta=-0.999
2026-10-02 12:03;7935.0;7720.78;SPXW  261002P07935000;213.1;214.2;delta=-0.999
2026-10-02 12:03;7940.0;7720.78;SPXW  261002P07940000;218.1;219.2;delta=-0.999
2026-10-02 12:03;7945.0;7720.78;SPXW  261002P07945000;223.1;224.2;delta=-0.999
2026-10-02 12:03;7950.0;7720.78;SPXW  261002P07950000;228.1;229.2;delta=-0.999
2026-10-02 12:03;7955.0;7720.78;SPXW  261002P07955000;233.1;234.2;delta=-0.999
2026-10-02 12:03;7960.0;7720.78;SPXW  261002P07960000;238.1;239.2;delta=-0.999
2026-10-02 12:03;7965.0;7720.78;SPXW  261002P07965000;243.1;244.2;delta=-0.999
2026-10-02 12:03;7970.0;7720.78;SPXW  261002P07970000;248.1;249.2;delta=-0.999
2026-10-02 12:08;7470.0;7718.41;SPXW  261002C07470000;247.9;249.1;delta=0.999
2026-10-02 12:08;7475.0;7718.41;SPXW  261002C07475000;242.9;244.1;delta=0.999
2026-10-02 12:08;7480.0;7718.41;SPXW  261002C07480000;237.9;239.1;delta=0.999
2026-10-02 12:08;7485.0;7718.41;SPXW  261002C07485000;232.9;234.1;delta=0.999
2026-10-02 12:08;7490.0;7718.41;SPXW  261002C07490000;227.9;229.1;delta=0.999
2026-10-02 12:08;7495.0;7718.41;SPXW  261002C07495000;222.9;224.1;delta=0.999
2026-10-02 12:08;7500.0;7718.41;SPXW  261002C07500000;217.9;219.1;delta=0.999
2026-10-02 12:08;7505.0;7718.41;SPXW  261002C07505000;212.9;214.1;delta=0.999
2026-10-02 12:08;7510.0;7718.41;SPXW  261002C07510000;207.9;209.1;delta=0.999
2026-10-02 12:08;7515.0;7718.41;SPXW  261002C07515000;202.9;204.1;delta=0.999
2026-10-02 12:08;7520.0;7718.41;SPXW  261002C07520000;197.9;199.1;delta=0.999
2026-10-02 12:08;7525.0;7718.41;SPXW  261002C07525000;192.9;194.1;delta=0.999
2026-10-02 12:08;7530.0;7718.41;SPXW  261002C07530000;188.0;189.1;delta=0.999
2026-10-02 12:08;7535.0;7718.41;SPXW  261002C07535000;183.0;184.1;delta=0.999
2026-10-02 12:08;7540.0;7718.41;SPXW  261002C07540000;178.0;179.1;delta=0.999
2026-10-02 12:08;7545.0;7718.41;SPXW  261002C07545000;173.0;174.1;delta=0.999
2026-10-02 12:08;7550.0;7718.41;SPXW  261002C07550000;168.0;169.1;delta=0.999
2026-10-02 12:08;7555.0;7718.41;SPXW  261002C07555000;163.0;164.1;delta=0.998
2026-10-02 12:08;7560.0;7718.41;SPXW  261002C07560000;158.0;159.1;delta=0.998
2026-10-02 12:08;7565.0;7718.41;SPXW  261002C07565000;153.0;154.1;delta=0.998
2026-10-02 12:08;7570.0;7718.41;SPXW  261002C07570000;148.0;149.1;delta=0.998
2026-10-02 12:08;7575.0;7718.41;SPXW  261002C07575000;143.0;144.1;delta=0.998
2026-10-02 12:08;7580.0;7718.41;SPXW  261002C07580000;138.0;139.1;delta=0.998
2026-10-02 12:08;7585.0;7718.41;SPXW  261002C07585000;133.0;134.1;delta=0.998
2026-10-02 12:08;7590.0;7718.41;SPXW  261002C07590000;128.0;129.1;delta=0.998
2026-10-02 12:08;7595.0;7718.41;SPXW  261002C07595000;123.0;124.1;delta=0.998
2026-10-02 12:08;7600.0;7718.41;SPXW  261002C07600000;118.0;119.1;delta=0.998
2026-10-02 12:08;7605.0;7718.41;SPXW  261002C07605000;113.0;114.1;delta=0.996
2026-10-02 12:08;7610.0;7718.41;SPXW  261002C07610000;108.0;109.1;delta=0.995
2026-10-02 12:08;7615.0;7718.41;SPXW  261002C07615000;103.0;104.1;delta=0.994
2026-10-02 12:08;7620.0;7718.41;SPXW  261002C07620000;98.1;98.9;delta=0.994
2026-10-02 12:08;7625.0;7718.41;SPXW  261002C07625000;93.1;93.9;delta=0.994
2026-10-02 12:08;7630.0;7718.41;SPXW  261002C07630000;88.1;88.9;delta=0.994
2026-10-02 12:08;7635.0;7718.41;SPXW  261002C07635000;83.2;83.9;delta=0.993
2026-10-02 12:08;7640.0;7718.41;SPXW  261002C07640000;78.2;78.9;delta=0.993
2026-10-02 12:08;7645.0;7718.41;SPXW  261002C07645000;73.2;73.9;delta=0.993
2026-10-02 12:08;7650.0;7718.41;SPXW  261002C07650000;68.2;68.9;delta=0.992
2026-10-02 12:08;7655.0;7718.41;SPXW  261002C07655000;63.2;63.9;delta=0.992
2026-10-02 12:08;7660.0;7718.41;SPXW  261002C07660000;58.2;59.0;delta=0.991
2026-10-02 12:08;7665.0;7718.41;SPXW  261002C07665000;53.4;53.7;delta=0.986
2026-10-02 12:08;7670.0;7718.41;SPXW  261002C07670000;48.4;48.7;delta=0.985
2026-10-02 12:08;7675.0;7718.41;SPXW  261002C07675000;43.4;43.8;delta=0.978
2026-10-02 12:08;7680.0;7718.41;SPXW  261002C07680000;38.5;38.8;delta=0.976
2026-10-02 12:08;7685.0;7718.41;SPXW  261002C07685000;33.5;33.8;delta=0.968
2026-10-02 12:08;7690.0;7718.41;SPXW  261002C07690000;28.6;28.9;delta=0.954
2026-10-02 12:08;7695.0;7718.41;SPXW  261002C07695000;23.7;24.0;delta=0.942
2026-10-02 12:08;7700.0;7718.41;SPXW  261002C07700000;18.9;19.2;delta=0.911
2026-10-02 12:08;7705.0;7718.41;SPXW  261002C07705000;14.2;14.5;delta=0.863
2026-10-02 12:08;7710.0;7718.41;SPXW  261002C07710000;9.9;10.1;delta=0.776
2026-10-02 12:08;7715.0;7718.41;SPXW  261002C07715000;6.1;6.3;delta=0.636
2026-10-02 12:08;7720.0;7718.41;SPXW  261002C07720000;3.3;3.4;delta=0.448
2026-10-02 12:08;7725.0;7718.41;SPXW  261002C07725000;1.6;1.65;delta=0.268
2026-10-02 12:08;7730.0;7718.41;SPXW  261002C07730000;0.7;0.8;delta=0.143
2026-10-02 12:08;7735.0;7718.41;SPXW  261002C07735000;0.35;0.4;delta=0.074
2026-10-02 12:08;7740.0;7718.41;SPXW  261002C07740000;0.2;0.25;delta=0.044
2026-10-02 12:08;7745.0;7718.41;SPXW  261002C07745000;0.1;0.2;delta=0.032
2026-10-02 12:08;7750.0;7718.41;SPXW  261002C07750000;0.1;0.15;delta=0.022
2026-10-02 12:08;7755.0;7718.41;SPXW  261002C07755000;0.05;0.15;delta=0.019
2026-10-02 12:08;7760.0;7718.41;SPXW  261002C07760000;0.05;0.1;delta=0.012
2026-10-02 12:08;7765.0;7718.41;SPXW  261002C07765000;0.05;0.1;delta=0.011
2026-10-02 12:08;7770.0;7718.41;SPXW  261002C07770000;0.05;0.1;delta=0.01
2026-10-02 12:08;7775.0;7718.41;SPXW  261002C07775000;0.05;0.1;delta=0.009
2026-10-02 12:08;7780.0;7718.41;SPXW  261002C07780000;0.05;0.1;delta=0.009
2026-10-02 12:08;7785.0;7718.41;SPXW  261002C07785000;0.05;0.1;delta=0.008
2026-10-02 12:08;7790.0;7718.41;SPXW  261002C07790000;0.05;0.1;delta=0.008
2026-10-02 12:08;7795.0;7718.41;SPXW  261002C07795000;0.05;0.1;delta=0.007
2026-10-02 12:08;7800.0;7718.41;SPXW  261002C07800000;0.05;0.1;delta=0.007
2026-10-02 12:08;7805.0;7718.41;SPXW  261002C07805000;0.05;0.1;delta=0.007
2026-10-02 12:08;7810.0;7718.41;SPXW  261002C07810000;0.05;0.1;delta=0.006
2026-10-02 12:08;7815.0;7718.41;SPXW  261002C07815000;0.0;0.05;delta=0.002
2026-10-02 12:08;7820.0;7718.41;SPXW  261002C07820000;0.0;0.1;delta=0.004
2026-10-02 12:08;7825.0;7718.41;SPXW  261002C07825000;0.0;0.05;delta=0.002
2026-10-02 12:08;7830.0;7718.41;SPXW  261002C07830000;0.0;0.05;delta=0.002
2026-10-02 12:08;7835.0;7718.41;SPXW  261002C07835000;0.0;0.05;delta=0.002
2026-10-02 12:08;7840.0;7718.41;SPXW  261002C07840000;0.0;0.05;delta=0.002
2026-10-02 12:08;7845.0;7718.41;SPXW  261002C07845000;0.0;0.05;delta=0.002
2026-10-02 12:08;7850.0;7718.41;SPXW  261002C07850000;0.0;0.05;delta=0.002
2026-10-02 12:08;7855.0;7718.41;SPXW  261002C07855000;0.0;0.05;delta=0.002
2026-10-02 12:08;7860.0;7718.41;SPXW  261002C07860000;0.0;0.05;delta=0.002
2026-10-02 12:08;7865.0;7718.41;SPXW  261002C07865000;0.0;0.05;delta=0.002
2026-10-02 12:08;7870.0;7718.41;SPXW  261002C07870000;0.0;0.05;delta=0.002
2026-10-02 12:08;7875.0;7718.41;SPXW  261002C07875000;0.0;0.05;delta=0.002
2026-10-02 12:08;7880.0;7718.41;SPXW  261002C07880000;0.0;0.05;delta=0.002
2026-10-02 12:08;7885.0;7718.41;SPXW  261002C07885000;0.0;0.05;delta=0.002
2026-10-02 12:08;7890.0;7718.41;SPXW  261002C07890000;0.0;0.05;delta=0.002
2026-10-02 12:08;7895.0;7718.41;SPXW  261002C07895000;0.0;0.05;delta=0.001
2026-10-02 12:08;7900.0;7718.41;SPXW  261002C07900000;0.0;0.05;delta=0.001
2026-10-02 12:08;7905.0;7718.41;SPXW  261002C07905000;0.0;0.05;delta=0.001
2026-10-02 12:08;7910.0;7718.41;SPXW  261002C07910000;0.0;0.05;delta=0.001
2026-10-02 12:08;7915.0;7718.41;SPXW  261002C07915000;0.0;0.05;delta=0.001
2026-10-02 12:08;7920.0;7718.41;SPXW  261002C07920000;0.0;0.05;delta=0.001
2026-10-02 12:08;7925.0;7718.41;SPXW  261002C07925000;0.0;0.05;delta=0.001
2026-10-02 12:08;7930.0;7718.41;SPXW  261002C07930000;0.0;0.05;delta=0.001
2026-10-02 12:08;7935.0;7718.41;SPXW  261002C07935000;0.0;0.05;delta=0.001
2026-10-02 12:08;7940.0;7718.41;SPXW  261002C07940000;0.0;0.05;delta=0.001
2026-10-02 12:08;7945.0;7718.41;SPXW  261002C07945000;0.0;0.05;delta=0.001
2026-10-02 12:08;7950.0;7718.41;SPXW  261002C07950000;0.0;0.05;delta=0.001
2026-10-02 12:08;7955.0;7718.41;SPXW  261002C07955000;0.0;0.05;delta=0.001
2026-10-02 12:08;7960.0;7718.41;SPXW  261002C07960000;0.0;0.05;delta=0.001
2026-10-02 12:08;7965.0;7718.41;SPXW  261002C07965000;0.0;0.05;delta=0.001
2026-10-02 12:08;7470.0;7718.41;SPXW  261002P07470000;0.0;0.05;delta=-0.001
2026-10-02 12:08;7475.0;7718.41;SPXW  261002P07475000;0.0;0.05;delta=-0.001
2026-10-02 12:08;7480.0;7718.41;SPXW  261002P07480000;0.0;0.05;delta=-0.001
2026-10-02 12:08;7485.0;7718.41;SPXW  261002P07485000;0.0;0.05;delta=-0.001
2026-10-02 12:08;7490.0;7718.41;SPXW  261002P07490000;0.0;0.05;delta=-0.001
2026-10-02 12:08;7495.0;7718.41;SPXW  261002P07495000;0.0;0.05;delta=-0.001
2026-10-02 12:08;7500.0;7718.41;SPXW  261002P07500000;0.0;0.05;delta=-0.001
2026-10-02 12:08;7505.0;7718.41;SPXW  261002P07505000;0.0;0.05;delta=-0.001
2026-10-02 12:08;7510.0;7718.41;SPXW  261002P07510000;0.0;0.05;delta=-0.001
2026-10-02 12:08;7515.0;7718.41;SPXW  261002P07515000;0.0;0.05;delta=-0.001
2026-10-02 12:08;7520.0;7718.41;SPXW  261002P07520000;0.0;0.05;delta=-0.001
2026-10-02 12:08;7525.0;7718.41;SPXW  261002P07525000;0.0;0.05;delta=-0.001
2026-10-02 12:08;7530.0;7718.41;SPXW  261002P07530000;0.0;0.05;delta=-0.001
2026-10-02 12:08;7535.0;7718.41;SPXW  261002P07535000;0.0;0.05;delta=-0.001
2026-10-02 12:08;7540.0;7718.41;SPXW  261002P07540000;0.0;0.05;delta=-0.001
2026-10-02 12:08;7545.0;7718.41;SPXW  261002P07545000;0.0;0.05;delta=-0.001
2026-10-02 12:08;7550.0;7718.41;SPXW  261002P07550000;0.0;0.05;delta=-0.002
2026-10-02 12:08;7555.0;7718.41;SPXW  261002P07555000;0.0;0.05;delta=-0.002
2026-10-02 12:08;7560.0;7718.41;SPXW  261002P07560000;0.0;0.05;delta=-0.002
2026-10-02 12:08;7565.0;7718.41;SPXW  261002P07565000;0.0;0.05;delta=-0.002
2026-10-02 12:08;7570.0;7718.41;SPXW  261002P07570000;0.0;0.05;delta=-0.002
2026-10-02 12:08;7575.0;7718.41;SPXW  261002P07575000;0.0;0.05;delta=-0.002
2026-10-02 12:08;7580.0;7718.41;SPXW  261002P07580000;0.0;0.05;delta=-0.002
2026-10-02 12:08;7585.0;7718.41;SPXW  261002P07585000;0.0;0.05;delta=-0.002
2026-10-02 12:08;7590.0;7718.41;SPXW  261002P07590000;0.0;0.05;delta=-0.002
2026-10-02 12:08;7595.0;7718.41;SPXW  261002P07595000;0.0;0.05;delta=-0.002
2026-10-02 12:08;7600.0;7718.41;SPXW  261002P07600000;0.0;0.05;delta=-0.002
2026-10-02 12:08;7605.0;7718.41;SPXW  261002P07605000;0.0;0.1;delta=-0.004
2026-10-02 12:08;7610.0;7718.41;SPXW  261002P07610000;0.05;0.1;delta=-0.005
2026-10-02 12:08;7615.0;7718.41;SPXW  261002P07615000;0.05;0.1;delta=-0.006
2026-10-02 12:08;7620.0;7718.41;SPXW  261002P07620000;0.05;0.1;delta=-0.006
2026-10-02 12:08;7625.0;7718.41;SPXW  261002P07625000;0.05;0.1;delta=-0.006
2026-10-02 12:08;7630.0;7718.41;SPXW  261002P07630000;0.05;0.1;delta=-0.006
2026-10-02 12:08;7635.0;7718.41;SPXW  261002P07635000;0.05;0.1;delta=-0.007
2026-10-02 12:08;7640.0;7718.41;SPXW  261002P07640000;0.05;0.1;delta=-0.007
2026-10-02 12:08;7645.0;7718.41;SPXW  261002P07645000;0.05;0.1;delta=-0.007
2026-10-02 12:08;7650.0;7718.41;SPXW  261002P07650000;0.05;0.1;delta=-0.008
2026-10-02 12:08;7655.0;7718.41;SPXW  261002P07655000;0.05;0.1;delta=-0.008
2026-10-02 12:08;7660.0;7718.41;SPXW  261002P07660000;0.05;0.1;delta=-0.009
2026-10-02 12:08;7665.0;7718.41;SPXW  261002P07665000;0.1;0.15;delta=-0.014
2026-10-02 12:08;7670.0;7718.41;SPXW  261002P07670000;0.1;0.15;delta=-0.015
2026-10-02 12:08;7675.0;7718.41;SPXW  261002P07675000;0.15;0.2;delta=-0.022
2026-10-02 12:08;7680.0;7718.41;SPXW  261002P07680000;0.15;0.2;delta=-0.024
2026-10-02 12:08;7685.0;7718.41;SPXW  261002P07685000;0.2;0.25;delta=-0.032
2026-10-02 12:08;7690.0;7718.41;SPXW  261002P07690000;0.3;0.35;delta=-0.046
2026-10-02 12:08;7695.0;7718.41;SPXW  261002P07695000;0.4;0.45;delta=-0.058
2026-10-02 12:08;7700.0;7718.41;SPXW  261002P07700000;0.55;0.6;delta=-0.089
2026-10-02 12:08;7705.0;7718.41;SPXW  261002P07705000;0.85;0.9;delta=-0.137
2026-10-02 12:08;7710.0;7718.41;SPXW  261002P07710000;1.45;1.5;delta=-0.224
2026-10-02 12:08;7715.0;7718.41;SPXW  261002P07715000;2.65;2.7;delta=-0.363
2026-10-02 12:08;7720.0;7718.41;SPXW  261002P07720000;4.7;4.9;delta=-0.552
2026-10-02 12:08;7725.0;7718.41;SPXW  261002P07725000;7.9;8.1;delta=-0.732
2026-10-02 12:08;7730.0;7718.41;SPXW  261002P07730000;12.0;12.3;delta=-0.857
2026-10-02 12:08;7735.0;7718.41;SPXW  261002P07735000;16.6;16.9;delta=-0.926
2026-10-02 12:08;7740.0;7718.41;SPXW  261002P07740000;21.4;21.7;delta=-0.956
2026-10-02 12:08;7745.0;7718.41;SPXW  261002P07745000;26.4;26.7;delta=-0.968
2026-10-02 12:08;7750.0;7718.41;SPXW  261002P07750000;31.3;31.6;delta=-0.978
2026-10-02 12:08;7755.0;7718.41;SPXW  261002P07755000;36.2;36.7;delta=-0.981
2026-10-02 12:08;7760.0;7718.41;SPXW  261002P07760000;41.2;41.6;delta=-0.988
2026-10-02 12:08;7765.0;7718.41;SPXW  261002P07765000;46.1;46.9;delta=-0.989
2026-10-02 12:08;7770.0;7718.41;SPXW  261002P07770000;51.2;51.9;delta=-0.99
2026-10-02 12:08;7775.0;7718.41;SPXW  261002P07775000;56.1;56.9;delta=-0.991
2026-10-02 12:08;7780.0;7718.41;SPXW  261002P07780000;61.1;61.9;delta=-0.991
2026-10-02 12:08;7785.0;7718.41;SPXW  261002P07785000;66.1;66.9;delta=-0.992
2026-10-02 12:08;7790.0;7718.41;SPXW  261002P07790000;71.1;71.9;delta=-0.992
2026-10-02 12:08;7795.0;7718.41;SPXW  261002P07795000;76.1;76.9;delta=-0.993
2026-10-02 12:08;7800.0;7718.41;SPXW  261002P07800000;81.2;81.7;delta=-0.993
2026-10-02 12:08;7805.0;7718.41;SPXW  261002P07805000;86.1;86.9;delta=-0.993
2026-10-02 12:08;7810.0;7718.41;SPXW  261002P07810000;91.1;91.9;delta=-0.994
2026-10-02 12:08;7815.0;7718.41;SPXW  261002P07815000;96.1;96.9;delta=-0.998
2026-10-02 12:08;7820.0;7718.41;SPXW  261002P07820000;100.8;102.0;delta=-0.996
2026-10-02 12:08;7825.0;7718.41;SPXW  261002P07825000;105.8;107.0;delta=-0.998
2026-10-02 12:08;7830.0;7718.41;SPXW  261002P07830000;110.8;112.0;delta=-0.998
2026-10-02 12:08;7835.0;7718.41;SPXW  261002P07835000;115.8;117.0;delta=-0.998
2026-10-02 12:08;7840.0;7718.41;SPXW  261002P07840000;120.8;122.0;delta=-0.998
2026-10-02 12:08;7845.0;7718.41;SPXW  261002P07845000;125.8;127.0;delta=-0.998
2026-10-02 12:08;7850.0;7718.41;SPXW  261002P07850000;130.8;132.0;delta=-0.998
2026-10-02 12:08;7855.0;7718.41;SPXW  261002P07855000;135.8;137.0;delta=-0.998
2026-10-02 12:08;7860.0;7718.41;SPXW  261002P07860000;140.8;142.0;delta=-0.998
2026-10-02 12:08;7865.0;7718.41;SPXW  261002P07865000;145.8;147.3;delta=-0.998
2026-10-02 12:08;7870.0;7718.41;SPXW  261002P07870000;150.8;152.3;delta=-0.998
2026-10-02 12:08;7875.0;7718.41;SPXW  261002P07875000;155.7;157.3;delta=-0.998
2026-10-02 12:08;7880.0;7718.41;SPXW  261002P07880000;160.7;162.3;delta=-0.998
2026-10-02 12:08;7885.0;7718.41;SPXW  261002P07885000;165.7;167.3;delta=-0.998
2026-10-02 12:08;7890.0;7718.41;SPXW  261002P07890000;170.7;172.3;delta=-0.998
2026-10-02 12:08;7895.0;7718.41;SPXW  261002P07895000;175.7;177.3;delta=-0.999
2026-10-02 12:08;7900.0;7718.41;SPXW  261002P07900000;180.8;182.0;delta=-0.999
2026-10-02 12:08;7905.0;7718.41;SPXW  261002P07905000;185.7;187.3;delta=-0.999
2026-10-02 12:08;7910.0;7718.41;SPXW  261002P07910000;190.7;192.3;delta=-0.999
2026-10-02 12:08;7915.0;7718.41;SPXW  261002P07915000;195.7;197.3;delta=-0.999
2026-10-02 12:08;7920.0;7718.41;SPXW  261002P07920000;200.7;202.3;delta=-0.999
2026-10-02 12:08;7925.0;7718.41;SPXW  261002P07925000;205.7;207.3;delta=-0.999
2026-10-02 12:08;7930.0;7718.41;SPXW  261002P07930000;210.7;212.3;delta=-0.999
2026-10-02 12:08;7935.0;7718.41;SPXW  261002P07935000;215.7;217.3;delta=-0.999
2026-10-02 12:08;7940.0;7718.41;SPXW  261002P07940000;220.7;222.3;delta=-0.999
2026-10-02 12:08;7945.0;7718.41;SPXW  261002P07945000;225.7;227.3;delta=-0.999
2026-10-02 12:08;7950.0;7718.41;SPXW  261002P07950000;230.7;232.3;delta=-0.999
2026-10-02 12:08;7955.0;7718.41;SPXW  261002P07955000;235.7;237.3;delta=-0.999
2026-10-02 12:08;7960.0;7718.41;SPXW  261002P07960000;240.7;242.3;delta=-0.999
2026-10-02 12:08;7965.0;7718.41;SPXW  261002P07965000;245.7;247.3;delta=-0.999
2026-10-02 12:13;7470.0;7719.3;SPXW  261002C07470000;248.9;250.1;delta=0.999
2026-10-02 12:13;7475.0;7719.3;SPXW  261002C07475000;243.9;245.1;delta=0.999
2026-10-02 12:13;7480.0;7719.3;SPXW  261002C07480000;238.9;240.1;delta=0.999
2026-10-02 12:13;7485.0;7719.3;SPXW  261002C07485000;233.9;235.1;delta=0.999
2026-10-02 12:13;7490.0;7719.3;SPXW  261002C07490000;228.9;230.1;delta=0.999
2026-10-02 12:13;7495.0;7719.3;SPXW  261002C07495000;223.9;225.1;delta=0.999
2026-10-02 12:13;7500.0;7719.3;SPXW  261002C07500000;218.9;220.1;delta=0.999
2026-10-02 12:13;7505.0;7719.3;SPXW  261002C07505000;213.9;215.1;delta=0.999
2026-10-02 12:13;7510.0;7719.3;SPXW  261002C07510000;208.9;210.1;delta=0.999
2026-10-02 12:13;7515.0;7719.3;SPXW  261002C07515000;203.9;205.1;delta=0.999
2026-10-02 12:13;7520.0;7719.3;SPXW  261002C07520000;198.9;200.1;delta=0.999
2026-10-02 12:13;7525.0;7719.3;SPXW  261002C07525000;193.9;195.1;delta=0.999
2026-10-02 12:13;7530.0;7719.3;SPXW  261002C07530000;188.9;190.1;delta=0.999
2026-10-02 12:13;7535.0;7719.3;SPXW  261002C07535000;183.9;185.1;delta=0.999
2026-10-02 12:13;7540.0;7719.3;SPXW  261002C07540000;178.9;180.1;delta=0.999
2026-10-02 12:13;7545.0;7719.3;SPXW  261002C07545000;173.9;175.1;delta=0.999
2026-10-02 12:13;7550.0;7719.3;SPXW  261002C07550000;168.9;170.1;delta=0.998
2026-10-02 12:13;7555.0;7719.3;SPXW  261002C07555000;163.9;165.1;delta=0.998
2026-10-02 12:13;7560.0;7719.3;SPXW  261002C07560000;158.9;160.1;delta=0.998
2026-10-02 12:13;7565.0;7719.3;SPXW  261002C07565000;153.9;155.1;delta=0.998
2026-10-02 12:13;7570.0;7719.3;SPXW  261002C07570000;148.9;150.1;delta=0.998
2026-10-02 12:13;7575.0;7719.3;SPXW  261002C07575000;143.9;145.1;delta=0.998
2026-10-02 12:13;7580.0;7719.3;SPXW  261002C07580000;138.9;140.1;delta=0.998
2026-10-02 12:13;7585.0;7719.3;SPXW  261002C07585000;133.9;135.1;delta=0.998
2026-10-02 12:13;7590.0;7719.3;SPXW  261002C07590000;128.9;130.1;delta=0.998
2026-10-02 12:13;7595.0;7719.3;SPXW  261002C07595000;123.9;125.1;delta=0.998
2026-10-02 12:13;7600.0;7719.3;SPXW  261002C07600000;118.9;120.1;delta=0.998
2026-10-02 12:13;7605.0;7719.3;SPXW  261002C07605000;113.9;115.1;delta=0.996
2026-10-02 12:13;7610.0;7719.3;SPXW  261002C07610000;108.9;110.1;delta=0.996
2026-10-02 12:13;7615.0;7719.3;SPXW  261002C07615000;103.9;105.1;delta=0.994
2026-10-02 12:13;7620.0;7719.3;SPXW  261002C07620000;99.2;100.0;delta=0.994
2026-10-02 12:13;7625.0;7719.3;SPXW  261002C07625000;94.2;95.0;delta=0.994
2026-10-02 12:13;7630.0;7719.3;SPXW  261002C07630000;89.2;90.0;delta=0.994
2026-10-02 12:13;7635.0;7719.3;SPXW  261002C07635000;84.2;85.0;delta=0.993
2026-10-02 12:13;7640.0;7719.3;SPXW  261002C07640000;79.2;80.0;delta=0.993
2026-10-02 12:13;7645.0;7719.3;SPXW  261002C07645000;74.2;75.0;delta=0.993
2026-10-02 12:13;7650.0;7719.3;SPXW  261002C07650000;69.2;70.0;delta=0.992
2026-10-02 12:13;7655.0;7719.3;SPXW  261002C07655000;64.2;65.0;delta=0.992
2026-10-02 12:13;7660.0;7719.3;SPXW  261002C07660000;59.2;60.0;delta=0.991
2026-10-02 12:13;7665.0;7719.3;SPXW  261002C07665000;54.4;54.8;delta=0.99
2026-10-02 12:13;7670.0;7719.3;SPXW  261002C07670000;49.4;49.8;delta=0.985
2026-10-02 12:13;7675.0;7719.3;SPXW  261002C07675000;44.4;44.8;delta=0.983
2026-10-02 12:13;7680.0;7719.3;SPXW  261002C07680000;39.5;39.8;delta=0.977
2026-10-02 12:13;7685.0;7719.3;SPXW  261002C07685000;34.5;34.8;delta=0.974
2026-10-02 12:13;7690.0;7719.3;SPXW  261002C07690000;29.6;29.9;delta=0.965
2026-10-02 12:13;7695.0;7719.3;SPXW  261002C07695000;24.6;25.0;delta=0.951
2026-10-02 12:13;7700.0;7719.3;SPXW  261002C07700000;19.8;20.1;delta=0.928
2026-10-02 12:13;7705.0;7719.3;SPXW  261002C07705000;15.0;15.3;delta=0.885
2026-10-02 12:13;7710.0;7719.3;SPXW  261002C07710000;10.5;10.7;delta=0.81
2026-10-02 12:13;7715.0;7719.3;SPXW  261002C07715000;6.5;6.7;delta=0.676
2026-10-02 12:13;7720.0;7719.3;SPXW  261002C07720000;3.5;3.6;delta=0.478
2026-10-02 12:13;7725.0;7719.3;SPXW  261002C07725000;1.65;1.7;delta=0.282
2026-10-02 12:13;7730.0;7719.3;SPXW  261002C07730000;0.7;0.75;delta=0.143
2026-10-02 12:13;7735.0;7719.3;SPXW  261002C07735000;0.35;0.4;delta=0.077
2026-10-02 12:13;7740.0;7719.3;SPXW  261002C07740000;0.2;0.25;delta=0.045
2026-10-02 12:13;7745.0;7719.3;SPXW  261002C07745000;0.1;0.15;delta=0.025
2026-10-02 12:13;7750.0;7719.3;SPXW  261002C07750000;0.1;0.15;delta=0.022
2026-10-02 12:13;7755.0;7719.3;SPXW  261002C07755000;0.1;0.15;delta=0.02
2026-10-02 12:13;7760.0;7719.3;SPXW  261002C07760000;0.05;0.1;delta=0.012
2026-10-02 12:13;7765.0;7719.3;SPXW  261002C07765000;0.05;0.1;delta=0.011
2026-10-02 12:13;7770.0;7719.3;SPXW  261002C07770000;0.05;0.1;delta=0.01
2026-10-02 12:13;7775.0;7719.3;SPXW  261002C07775000;0.05;0.1;delta=0.009
2026-10-02 12:13;7780.0;7719.3;SPXW  261002C07780000;0.05;0.1;delta=0.009
2026-10-02 12:13;7785.0;7719.3;SPXW  261002C07785000;0.05;0.1;delta=0.008
2026-10-02 12:13;7790.0;7719.3;SPXW  261002C07790000;0.05;0.1;delta=0.008
2026-10-02 12:13;7795.0;7719.3;SPXW  261002C07795000;0.05;0.1;delta=0.007
2026-10-02 12:13;7800.0;7719.3;SPXW  261002C07800000;0.05;0.1;delta=0.005
2026-10-02 12:13;7805.0;7719.3;SPXW  261002C07805000;0.0;0.05;delta=0.003
2026-10-02 12:13;7810.0;7719.3;SPXW  261002C07810000;0.0;0.1;delta=0.003
2026-10-02 12:13;7815.0;7719.3;SPXW  261002C07815000;0.0;0.05;delta=0.002
2026-10-02 12:13;7820.0;7719.3;SPXW  261002C07820000;0.0;0.05;delta=0.002
2026-10-02 12:13;7825.0;7719.3;SPXW  261002C07825000;0.0;0.05;delta=0.002
2026-10-02 12:13;7830.0;7719.3;SPXW  261002C07830000;0.0;0.05;delta=0.002
2026-10-02 12:13;7835.0;7719.3;SPXW  261002C07835000;0.0;0.05;delta=0.002
2026-10-02 12:13;7840.0;7719.3;SPXW  261002C07840000;0.0;0.05;delta=0.002
2026-10-02 12:13;7845.0;7719.3;SPXW  261002C07845000;0.0;0.05;delta=0.002
2026-10-02 12:13;7850.0;7719.3;SPXW  261002C07850000;0.0;0.05;delta=0.002
2026-10-02 12:13;7855.0;7719.3;SPXW  261002C07855000;0.0;0.05;delta=0.002
2026-10-02 12:13;7860.0;7719.3;SPXW  261002C07860000;0.0;0.05;delta=0.002
2026-10-02 12:13;7865.0;7719.3;SPXW  261002C07865000;0.0;0.05;delta=0.002
2026-10-02 12:13;7870.0;7719.3;SPXW  261002C07870000;0.0;0.05;delta=0.002
2026-10-02 12:13;7875.0;7719.3;SPXW  261002C07875000;0.0;0.05;delta=0.002
2026-10-02 12:13;7880.0;7719.3;SPXW  261002C07880000;0.0;0.05;delta=0.002
2026-10-02 12:13;7885.0;7719.3;SPXW  261002C07885000;0.0;0.05;delta=0.002
2026-10-02 12:13;7890.0;7719.3;SPXW  261002C07890000;0.0;0.05;delta=0.002
2026-10-02 12:13;7895.0;7719.3;SPXW  261002C07895000;0.0;0.05;delta=0.002
2026-10-02 12:13;7900.0;7719.3;SPXW  261002C07900000;0.0;0.05;delta=0.001
2026-10-02 12:13;7905.0;7719.3;SPXW  261002C07905000;0.0;0.05;delta=0.001
2026-10-02 12:13;7910.0;7719.3;SPXW  261002C07910000;0.0;0.05;delta=0.001
2026-10-02 12:13;7915.0;7719.3;SPXW  261002C07915000;0.0;0.05;delta=0.001
2026-10-02 12:13;7920.0;7719.3;SPXW  261002C07920000;0.0;0.05;delta=0.001
2026-10-02 12:13;7925.0;7719.3;SPXW  261002C07925000;0.0;0.05;delta=0.001
2026-10-02 12:13;7930.0;7719.3;SPXW  261002C07930000;0.0;0.05;delta=0.001
2026-10-02 12:13;7935.0;7719.3;SPXW  261002C07935000;0.0;0.05;delta=0.001
2026-10-02 12:13;7940.0;7719.3;SPXW  261002C07940000;0.0;0.05;delta=0.001
2026-10-02 12:13;7945.0;7719.3;SPXW  261002C07945000;0.0;0.05;delta=0.001
2026-10-02 12:13;7950.0;7719.3;SPXW  261002C07950000;0.0;0.05;delta=0.001
2026-10-02 12:13;7955.0;7719.3;SPXW  261002C07955000;0.0;0.05;delta=0.001
2026-10-02 12:13;7960.0;7719.3;SPXW  261002C07960000;0.0;0.05;delta=0.001
2026-10-02 12:13;7965.0;7719.3;SPXW  261002C07965000;0.0;0.05;delta=0.001
2026-10-02 12:13;7470.0;7719.3;SPXW  261002P07470000;0.0;0.05;delta=-0.001
2026-10-02 12:13;7475.0;7719.3;SPXW  261002P07475000;0.0;0.05;delta=-0.001
2026-10-02 12:13;7480.0;7719.3;SPXW  261002P07480000;0.0;0.05;delta=-0.001
2026-10-02 12:13;7485.0;7719.3;SPXW  261002P07485000;0.0;0.05;delta=-0.001
2026-10-02 12:13;7490.0;7719.3;SPXW  261002P07490000;0.0;0.05;delta=-0.001
2026-10-02 12:13;7495.0;7719.3;SPXW  261002P07495000;0.0;0.05;delta=-0.001
2026-10-02 12:13;7500.0;7719.3;SPXW  261002P07500000;0.0;0.05;delta=-0.001
2026-10-02 12:13;7505.0;7719.3;SPXW  261002P07505000;0.0;0.05;delta=-0.001
2026-10-02 12:13;7510.0;7719.3;SPXW  261002P07510000;0.0;0.05;delta=-0.001
2026-10-02 12:13;7515.0;7719.3;SPXW  261002P07515000;0.0;0.05;delta=-0.001
2026-10-02 12:13;7520.0;7719.3;SPXW  261002P07520000;0.0;0.05;delta=-0.001
2026-10-02 12:13;7525.0;7719.3;SPXW  261002P07525000;0.0;0.05;delta=-0.001
2026-10-02 12:13;7530.0;7719.3;SPXW  261002P07530000;0.0;0.05;delta=-0.001
2026-10-02 12:13;7535.0;7719.3;SPXW  261002P07535000;0.0;0.05;delta=-0.001
2026-10-02 12:13;7540.0;7719.3;SPXW  261002P07540000;0.0;0.05;delta=-0.001
2026-10-02 12:13;7545.0;7719.3;SPXW  261002P07545000;0.0;0.05;delta=-0.001
2026-10-02 12:13;7550.0;7719.3;SPXW  261002P07550000;0.0;0.05;delta=-0.002
2026-10-02 12:13;7555.0;7719.3;SPXW  261002P07555000;0.0;0.05;delta=-0.002
2026-10-02 12:13;7560.0;7719.3;SPXW  261002P07560000;0.0;0.05;delta=-0.002
2026-10-02 12:13;7565.0;7719.3;SPXW  261002P07565000;0.0;0.05;delta=-0.002
2026-10-02 12:13;7570.0;7719.3;SPXW  261002P07570000;0.0;0.05;delta=-0.002
2026-10-02 12:13;7575.0;7719.3;SPXW  261002P07575000;0.0;0.05;delta=-0.002
2026-10-02 12:13;7580.0;7719.3;SPXW  261002P07580000;0.0;0.05;delta=-0.002
2026-10-02 12:13;7585.0;7719.3;SPXW  261002P07585000;0.0;0.05;delta=-0.002
2026-10-02 12:13;7590.0;7719.3;SPXW  261002P07590000;0.0;0.05;delta=-0.002
2026-10-02 12:13;7595.0;7719.3;SPXW  261002P07595000;0.0;0.05;delta=-0.002
2026-10-02 12:13;7600.0;7719.3;SPXW  261002P07600000;0.0;0.05;delta=-0.002
2026-10-02 12:13;7605.0;7719.3;SPXW  261002P07605000;0.0;0.05;delta=-0.004
2026-10-02 12:13;7610.0;7719.3;SPXW  261002P07610000;0.0;0.1;delta=-0.004
2026-10-02 12:13;7615.0;7719.3;SPXW  261002P07615000;0.05;0.1;delta=-0.006
2026-10-02 12:13;7620.0;7719.3;SPXW  261002P07620000;0.05;0.1;delta=-0.006
2026-10-02 12:13;7625.0;7719.3;SPXW  261002P07625000;0.05;0.1;delta=-0.006
2026-10-02 12:13;7630.0;7719.3;SPXW  261002P07630000;0.05;0.1;delta=-0.006
2026-10-02 12:13;7635.0;7719.3;SPXW  261002P07635000;0.05;0.1;delta=-0.007
2026-10-02 12:13;7640.0;7719.3;SPXW  261002P07640000;0.05;0.1;delta=-0.007
2026-10-02 12:13;7645.0;7719.3;SPXW  261002P07645000;0.05;0.1;delta=-0.007
2026-10-02 12:13;7650.0;7719.3;SPXW  261002P07650000;0.05;0.1;delta=-0.008
2026-10-02 12:13;7655.0;7719.3;SPXW  261002P07655000;0.05;0.1;delta=-0.008
2026-10-02 12:13;7660.0;7719.3;SPXW  261002P07660000;0.05;0.1;delta=-0.009
2026-10-02 12:13;7665.0;7719.3;SPXW  261002P07665000;0.05;0.1;delta=-0.01
2026-10-02 12:13;7670.0;7719.3;SPXW  261002P07670000;0.1;0.15;delta=-0.015
2026-10-02 12:13;7675.0;7719.3;SPXW  261002P07675000;0.1;0.15;delta=-0.017
2026-10-02 12:13;7680.0;7719.3;SPXW  261002P07680000;0.15;0.2;delta=-0.023
2026-10-02 12:13;7685.0;7719.3;SPXW  261002P07685000;0.15;0.2;delta=-0.026
2026-10-02 12:13;7690.0;7719.3;SPXW  261002P07690000;0.2;0.25;delta=-0.035
2026-10-02 12:13;7695.0;7719.3;SPXW  261002P07695000;0.25;0.3;delta=-0.049
2026-10-02 12:13;7700.0;7719.3;SPXW  261002P07700000;0.4;0.45;delta=-0.072
2026-10-02 12:13;7705.0;7719.3;SPXW  261002P07705000;0.6;0.65;delta=-0.115
2026-10-02 12:13;7710.0;7719.3;SPXW  261002P07710000;1.05;1.15;delta=-0.192
2026-10-02 12:13;7715.0;7719.3;SPXW  261002P07715000;2.05;2.1;delta=-0.329
2026-10-02 12:13;7720.0;7719.3;SPXW  261002P07720000;3.9;4.1;delta=-0.522
2026-10-02 12:13;7725.0;7719.3;SPXW  261002P07725000;7.0;7.2;delta=-0.718
2026-10-02 12:13;7730.0;7719.3;SPXW  261002P07730000;11.1;11.3;delta=-0.857
2026-10-02 12:13;7735.0;7719.3;SPXW  261002P07735000;15.6;15.9;delta=-0.923
2026-10-02 12:13;7740.0;7719.3;SPXW  261002P07740000;20.5;20.8;delta=-0.955
2026-10-02 12:13;7745.0;7719.3;SPXW  261002P07745000;25.4;25.7;delta=-0.975
2026-10-02 12:13;7750.0;7719.3;SPXW  261002P07750000;30.4;30.7;delta=-0.978
2026-10-02 12:13;7755.0;7719.3;SPXW  261002P07755000;35.3;35.7;delta=-0.98
2026-10-02 12:13;7760.0;7719.3;SPXW  261002P07760000;40.1;40.9;delta=-0.988
2026-10-02 12:13;7765.0;7719.3;SPXW  261002P07765000;45.1;45.9;delta=-0.989
2026-10-02 12:13;7770.0;7719.3;SPXW  261002P07770000;50.1;50.9;delta=-0.99
2026-10-02 12:13;7775.0;7719.3;SPXW  261002P07775000;55.1;55.9;delta=-0.991
2026-10-02 12:13;7780.0;7719.3;SPXW  261002P07780000;60.1;60.9;delta=-0.991
2026-10-02 12:13;7785.0;7719.3;SPXW  261002P07785000;65.1;65.9;delta=-0.992
2026-10-02 12:13;7790.0;7719.3;SPXW  261002P07790000;70.1;70.9;delta=-0.992
2026-10-02 12:13;7795.0;7719.3;SPXW  261002P07795000;75.1;75.9;delta=-0.993
2026-10-02 12:13;7800.0;7719.3;SPXW  261002P07800000;80.1;80.9;delta=-0.995
2026-10-02 12:13;7805.0;7719.3;SPXW  261002P07805000;85.1;85.9;delta=-0.997
2026-10-02 12:13;7810.0;7719.3;SPXW  261002P07810000;90.1;90.9;delta=-0.997
2026-10-02 12:13;7815.0;7719.3;SPXW  261002P07815000;95.1;95.9;delta=-0.998
2026-10-02 12:13;7820.0;7719.3;SPXW  261002P07820000;99.8;101.1;delta=-0.998
2026-10-02 12:13;7825.0;7719.3;SPXW  261002P07825000;104.8;106.1;delta=-0.998
2026-10-02 12:13;7830.0;7719.3;SPXW  261002P07830000;109.8;111.1;delta=-0.998
2026-10-02 12:13;7835.0;7719.3;SPXW  261002P07835000;114.8;116.1;delta=-0.998
2026-10-02 12:13;7840.0;7719.3;SPXW  261002P07840000;119.8;121.1;delta=-0.998
2026-10-02 12:13;7845.0;7719.3;SPXW  261002P07845000;124.8;126.1;delta=-0.998
2026-10-02 12:13;7850.0;7719.3;SPXW  261002P07850000;129.8;131.1;delta=-0.998
2026-10-02 12:13;7855.0;7719.3;SPXW  261002P07855000;134.8;136.1;delta=-0.998
2026-10-02 12:13;7860.0;7719.3;SPXW  261002P07860000;139.8;141.1;delta=-0.998
2026-10-02 12:13;7865.0;7719.3;SPXW  261002P07865000;141.8;149.3;delta=-0.998
2026-10-02 12:13;7870.0;7719.3;SPXW  261002P07870000;146.8;154.3;delta=-0.998
2026-10-02 12:13;7875.0;7719.3;SPXW  261002P07875000;151.8;159.3;delta=-0.998
2026-10-02 12:13;7880.0;7719.3;SPXW  261002P07880000;156.8;164.3;delta=-0.998
2026-10-02 12:13;7885.0;7719.3;SPXW  261002P07885000;161.8;169.3;delta=-0.998
2026-10-02 12:13;7890.0;7719.3;SPXW  261002P07890000;167.0;174.3;delta=-0.998
2026-10-02 12:13;7895.0;7719.3;SPXW  261002P07895000;172.0;179.3;delta=-0.999
2026-10-02 12:13;7900.0;7719.3;SPXW  261002P07900000;179.8;181.1;delta=-0.999
2026-10-02 12:13;7905.0;7719.3;SPXW  261002P07905000;182.0;189.3;delta=-0.999
2026-10-02 12:13;7910.0;7719.3;SPXW  261002P07910000;187.0;194.3;delta=-0.999
2026-10-02 12:13;7915.0;7719.3;SPXW  261002P07915000;192.0;199.3;delta=-0.999
2026-10-02 12:13;7920.0;7719.3;SPXW  261002P07920000;193.5;206.7;delta=-0.999
2026-10-02 12:13;7925.0;7719.3;SPXW  261002P07925000;198.5;212.7;delta=-0.999
2026-10-02 12:13;7930.0;7719.3;SPXW  261002P07930000;203.3;217.0;delta=-0.999
2026-10-02 12:13;7935.0;7719.3;SPXW  261002P07935000;208.0;221.7;delta=-0.999
2026-10-02 12:13;7940.0;7719.3;SPXW  261002P07940000;210.1;230.8;delta=-0.999
2026-10-02 12:13;7945.0;7719.3;SPXW  261002P07945000;215.1;235.8;delta=-0.999
2026-10-02 12:13;7950.0;7719.3;SPXW  261002P07950000;221.1;240.8;delta=-0.999
2026-10-02 12:13;7955.0;7719.3;SPXW  261002P07955000;225.3;245.8;delta=-0.999
2026-10-02 12:13;7960.0;7719.3;SPXW  261002P07960000;230.0;250.5;delta=-0.999
2026-10-02 12:13;7965.0;7719.3;SPXW  261002P07965000;235.0;255.5;delta=-0.999
2026-10-02 12:18;7475.0;7720.77;SPXW  261002C07475000;245.2;246.5;delta=0.999
2026-10-02 12:18;7480.0;7720.77;SPXW  261002C07480000;240.2;241.5;delta=0.999
2026-10-02 12:18;7485.0;7720.77;SPXW  261002C07485000;235.2;236.5;delta=0.999
2026-10-02 12:18;7490.0;7720.77;SPXW  261002C07490000;230.2;231.5;delta=0.999
2026-10-02 12:18;7495.0;7720.77;SPXW  261002C07495000;225.2;226.5;delta=0.999
2026-10-02 12:18;7500.0;7720.77;SPXW  261002C07500000;220.2;221.5;delta=0.999
2026-10-02 12:18;7505.0;7720.77;SPXW  261002C07505000;215.2;216.5;delta=0.999
2026-10-02 12:18;7510.0;7720.77;SPXW  261002C07510000;210.2;211.5;delta=0.999
2026-10-02 12:18;7515.0;7720.77;SPXW  261002C07515000;205.2;206.5;delta=0.999
2026-10-02 12:18;7520.0;7720.77;SPXW  261002C07520000;200.2;201.5;delta=0.999
2026-10-02 12:18;7525.0;7720.77;SPXW  261002C07525000;195.2;196.5;delta=0.999
2026-10-02 12:18;7530.0;7720.77;SPXW  261002C07530000;190.2;191.5;delta=0.999
2026-10-02 12:18;7535.0;7720.77;SPXW  261002C07535000;185.2;186.5;delta=0.999
2026-10-02 12:18;7540.0;7720.77;SPXW  261002C07540000;180.2;181.5;delta=0.999
2026-10-02 12:18;7545.0;7720.77;SPXW  261002C07545000;175.2;176.5;delta=0.999
2026-10-02 12:18;7550.0;7720.77;SPXW  261002C07550000;170.2;171.5;delta=0.998
2026-10-02 12:18;7555.0;7720.77;SPXW  261002C07555000;165.2;166.5;delta=0.998
2026-10-02 12:18;7560.0;7720.77;SPXW  261002C07560000;160.2;161.5;delta=0.998
2026-10-02 12:18;7565.0;7720.77;SPXW  261002C07565000;155.2;156.5;delta=0.998
2026-10-02 12:18;7570.0;7720.77;SPXW  261002C07570000;150.2;151.5;delta=0.998
2026-10-02 12:18;7575.0;7720.77;SPXW  261002C07575000;145.2;146.5;delta=0.998
2026-10-02 12:18;7580.0;7720.77;SPXW  261002C07580000;140.2;141.5;delta=0.998
2026-10-02 12:18;7585.0;7720.77;SPXW  261002C07585000;135.2;136.5;delta=0.998
2026-10-02 12:18;7590.0;7720.77;SPXW  261002C07590000;130.2;131.5;delta=0.998
2026-10-02 12:18;7595.0;7720.77;SPXW  261002C07595000;125.2;126.5;delta=0.998
2026-10-02 12:18;7600.0;7720.77;SPXW  261002C07600000;120.2;121.5;delta=0.998
2026-10-02 12:18;7605.0;7720.77;SPXW  261002C07605000;115.2;116.5;delta=0.998
2026-10-02 12:18;7610.0;7720.77;SPXW  261002C07610000;110.2;111.5;delta=0.998
2026-10-02 12:18;7615.0;7720.77;SPXW  261002C07615000;105.2;106.5;delta=0.998
2026-10-02 12:18;7620.0;7720.77;SPXW  261002C07620000;100.2;101.5;delta=0.998
2026-10-02 12:18;7625.0;7720.77;SPXW  261002C07625000;95.4;96.2;delta=0.998
2026-10-02 12:18;7630.0;7720.77;SPXW  261002C07630000;90.4;91.2;delta=0.997
2026-10-02 12:18;7635.0;7720.77;SPXW  261002C07635000;85.4;86.2;delta=0.993
2026-10-02 12:18;7640.0;7720.77;SPXW  261002C07640000;80.4;81.2;delta=0.997
2026-10-02 12:18;7645.0;7720.77;SPXW  261002C07645000;75.4;76.2;delta=0.993
2026-10-02 12:18;7650.0;7720.77;SPXW  261002C07650000;70.4;71.2;delta=0.992
2026-10-02 12:18;7655.0;7720.77;SPXW  261002C07655000;65.4;66.2;delta=0.992
2026-10-02 12:18;7660.0;7720.77;SPXW  261002C07660000;60.5;61.2;delta=0.991
2026-10-02 12:18;7665.0;7720.77;SPXW  261002C07665000;55.7;56.1;delta=0.991
2026-10-02 12:18;7670.0;7720.77;SPXW  261002C07670000;50.7;51.1;delta=0.99
2026-10-02 12:18;7675.0;7720.77;SPXW  261002C07675000;45.8;46.1;delta=0.984
2026-10-02 12:18;7680.0;7720.77;SPXW  261002C07680000;40.8;41.1;delta=0.982
2026-10-02 12:18;7685.0;7720.77;SPXW  261002C07685000;35.8;36.2;delta=0.981
2026-10-02 12:18;7690.0;7720.77;SPXW  261002C07690000;30.8;31.2;delta=0.972
2026-10-02 12:18;7695.0;7720.77;SPXW  261002C07695000;25.9;26.2;delta=0.962
2026-10-02 12:18;7700.0;7720.77;SPXW  261002C07700000;21.0;21.3;delta=0.949
2026-10-02 12:18;7705.0;7720.77;SPXW  261002C07705000;16.1;16.5;delta=0.919
2026-10-02 12:18;7710.0;7720.77;SPXW  261002C07710000;11.5;11.7;delta=0.858
2026-10-02 12:18;7715.0;7720.77;SPXW  261002C07715000;7.2;7.4;delta=0.745
2026-10-02 12:18;7720.0;7720.77;SPXW  261002C07720000;3.8;4.0;delta=0.551
2026-10-02 12:18;7725.0;7720.77;SPXW  261002C07725000;1.75;1.8;delta=0.329
2026-10-02 12:18;7730.0;7720.77;SPXW  261002C07730000;0.7;0.8;delta=0.169
2026-10-02 12:18;7735.0;7720.77;SPXW  261002C07735000;0.35;0.4;delta=0.083
2026-10-02 12:18;7740.0;7720.77;SPXW  261002C07740000;0.2;0.25;delta=0.048
2026-10-02 12:18;7745.0;7720.77;SPXW  261002C07745000;0.15;0.2;delta=0.034
2026-10-02 12:18;7750.0;7720.77;SPXW  261002C07750000;0.1;0.15;delta=0.023
2026-10-02 12:18;7755.0;7720.77;SPXW  261002C07755000;0.05;0.1;delta=0.014
2026-10-02 12:18;7760.0;7720.77;SPXW  261002C07760000;0.05;0.1;delta=0.012
2026-10-02 12:18;7765.0;7720.77;SPXW  261002C07765000;0.05;0.1;delta=0.011
2026-10-02 12:18;7770.0;7720.77;SPXW  261002C07770000;0.05;0.1;delta=0.01
2026-10-02 12:18;7775.0;7720.77;SPXW  261002C07775000;0.05;0.1;delta=0.01
2026-10-02 12:18;7780.0;7720.77;SPXW  261002C07780000;0.05;0.1;delta=0.009
2026-10-02 12:18;7785.0;7720.77;SPXW  261002C07785000;0.05;0.1;delta=0.008
2026-10-02 12:18;7790.0;7720.77;SPXW  261002C07790000;0.0;0.1;delta=0.006
2026-10-02 12:18;7795.0;7720.77;SPXW  261002C07795000;0.05;0.1;delta=0.008
2026-10-02 12:18;7800.0;7720.77;SPXW  261002C07800000;0.05;0.1;delta=0.007
2026-10-02 12:18;7805.0;7720.77;SPXW  261002C07805000;0.0;0.05;delta=0.003
2026-10-02 12:18;7810.0;7720.77;SPXW  261002C07810000;0.0;0.05;delta=0.003
2026-10-02 12:18;7815.0;7720.77;SPXW  261002C07815000;0.0;0.05;delta=0.003
2026-10-02 12:18;7820.0;7720.77;SPXW  261002C07820000;0.0;0.05;delta=0.002
2026-10-02 12:18;7825.0;7720.77;SPXW  261002C07825000;0.0;0.05;delta=0.002
2026-10-02 12:18;7830.0;7720.77;SPXW  261002C07830000;0.0;0.05;delta=0.002
2026-10-02 12:18;7835.0;7720.77;SPXW  261002C07835000;0.0;0.05;delta=0.002
2026-10-02 12:18;7840.0;7720.77;SPXW  261002C07840000;0.0;0.05;delta=0.002
2026-10-02 12:18;7845.0;7720.77;SPXW  261002C07845000;0.0;0.05;delta=0.002
2026-10-02 12:18;7850.0;7720.77;SPXW  261002C07850000;0.0;0.05;delta=0.002
2026-10-02 12:18;7855.0;7720.77;SPXW  261002C07855000;0.0;0.05;delta=0.002
2026-10-02 12:18;7860.0;7720.77;SPXW  261002C07860000;0.0;0.05;delta=0.002
2026-10-02 12:18;7865.0;7720.77;SPXW  261002C07865000;0.0;0.05;delta=0.002
2026-10-02 12:18;7870.0;7720.77;SPXW  261002C07870000;0.0;0.05;delta=0.002
2026-10-02 12:18;7875.0;7720.77;SPXW  261002C07875000;0.0;0.05;delta=0.002
2026-10-02 12:18;7880.0;7720.77;SPXW  261002C07880000;0.0;0.05;delta=0.002
2026-10-02 12:18;7885.0;7720.77;SPXW  261002C07885000;0.0;0.05;delta=0.002
2026-10-02 12:18;7890.0;7720.77;SPXW  261002C07890000;0.0;0.05;delta=0.002
2026-10-02 12:18;7895.0;7720.77;SPXW  261002C07895000;0.0;0.05;delta=0.002
2026-10-02 12:18;7900.0;7720.77;SPXW  261002C07900000;0.0;0.05;delta=0.001
2026-10-02 12:18;7905.0;7720.77;SPXW  261002C07905000;0.0;0.05;delta=0.001
2026-10-02 12:18;7910.0;7720.77;SPXW  261002C07910000;0.0;0.05;delta=0.001
2026-10-02 12:18;7915.0;7720.77;SPXW  261002C07915000;0.0;0.05;delta=0.001
2026-10-02 12:18;7920.0;7720.77;SPXW  261002C07920000;0.0;0.05;delta=0.001
2026-10-02 12:18;7925.0;7720.77;SPXW  261002C07925000;0.0;0.05;delta=0.001
2026-10-02 12:18;7930.0;7720.77;SPXW  261002C07930000;0.0;0.05;delta=0.001
2026-10-02 12:18;7935.0;7720.77;SPXW  261002C07935000;0.0;0.05;delta=0.001
2026-10-02 12:18;7940.0;7720.77;SPXW  261002C07940000;0.0;0.05;delta=0.001
2026-10-02 12:18;7945.0;7720.77;SPXW  261002C07945000;0.0;0.05;delta=0.001
2026-10-02 12:18;7950.0;7720.77;SPXW  261002C07950000;0.0;0.05;delta=0.001
2026-10-02 12:18;7955.0;7720.77;SPXW  261002C07955000;0.0;0.05;delta=0.001
2026-10-02 12:18;7960.0;7720.77;SPXW  261002C07960000;0.0;0.05;delta=0.001
2026-10-02 12:18;7965.0;7720.77;SPXW  261002C07965000;0.0;0.05;delta=0.001
2026-10-02 12:18;7970.0;7720.77;SPXW  261002C07970000;0.0;0.05;delta=0.001
2026-10-02 12:18;7475.0;7720.77;SPXW  261002P07475000;0.0;0.05;delta=-0.001
2026-10-02 12:18;7480.0;7720.77;SPXW  261002P07480000;0.0;0.05;delta=-0.001
2026-10-02 12:18;7485.0;7720.77;SPXW  261002P07485000;0.0;0.05;delta=-0.001
2026-10-02 12:18;7490.0;7720.77;SPXW  261002P07490000;0.0;0.05;delta=-0.001
2026-10-02 12:18;7495.0;7720.77;SPXW  261002P07495000;0.0;0.05;delta=-0.001
2026-10-02 12:18;7500.0;7720.77;SPXW  261002P07500000;0.0;0.05;delta=-0.001
2026-10-02 12:18;7505.0;7720.77;SPXW  261002P07505000;0.0;0.05;delta=-0.001
2026-10-02 12:18;7510.0;7720.77;SPXW  261002P07510000;0.0;0.05;delta=-0.001
2026-10-02 12:18;7515.0;7720.77;SPXW  261002P07515000;0.0;0.05;delta=-0.001
2026-10-02 12:18;7520.0;7720.77;SPXW  261002P07520000;0.0;0.05;delta=-0.001
2026-10-02 12:18;7525.0;7720.77;SPXW  261002P07525000;0.0;0.05;delta=-0.001
2026-10-02 12:18;7530.0;7720.77;SPXW  261002P07530000;0.0;0.05;delta=-0.001
2026-10-02 12:18;7535.0;7720.77;SPXW  261002P07535000;0.0;0.05;delta=-0.001
2026-10-02 12:18;7540.0;7720.77;SPXW  261002P07540000;0.0;0.05;delta=-0.001
2026-10-02 12:18;7545.0;7720.77;SPXW  261002P07545000;0.0;0.05;delta=-0.001
2026-10-02 12:18;7550.0;7720.77;SPXW  261002P07550000;0.0;0.05;delta=-0.002
2026-10-02 12:18;7555.0;7720.77;SPXW  261002P07555000;0.0;0.05;delta=-0.002
2026-10-02 12:18;7560.0;7720.77;SPXW  261002P07560000;0.0;0.05;delta=-0.002
2026-10-02 12:18;7565.0;7720.77;SPXW  261002P07565000;0.0;0.05;delta=-0.002
2026-10-02 12:18;7570.0;7720.77;SPXW  261002P07570000;0.0;0.05;delta=-0.002
2026-10-02 12:18;7575.0;7720.77;SPXW  261002P07575000;0.0;0.05;delta=-0.002
2026-10-02 12:18;7580.0;7720.77;SPXW  261002P07580000;0.0;0.05;delta=-0.002
2026-10-02 12:18;7585.0;7720.77;SPXW  261002P07585000;0.0;0.05;delta=-0.002
2026-10-02 12:18;7590.0;7720.77;SPXW  261002P07590000;0.0;0.05;delta=-0.002
2026-10-02 12:18;7595.0;7720.77;SPXW  261002P07595000;0.0;0.05;delta=-0.002
2026-10-02 12:18;7600.0;7720.77;SPXW  261002P07600000;0.0;0.05;delta=-0.002
2026-10-02 12:18;7605.0;7720.77;SPXW  261002P07605000;0.0;0.05;delta=-0.002
2026-10-02 12:18;7610.0;7720.77;SPXW  261002P07610000;0.0;0.05;delta=-0.002
2026-10-02 12:18;7615.0;7720.77;SPXW  261002P07615000;0.0;0.05;delta=-0.002
2026-10-02 12:18;7620.0;7720.77;SPXW  261002P07620000;0.0;0.05;delta=-0.002
2026-10-02 12:18;7625.0;7720.77;SPXW  261002P07625000;0.0;0.05;delta=-0.002
2026-10-02 12:18;7630.0;7720.77;SPXW  261002P07630000;0.0;0.05;delta=-0.003
2026-10-02 12:18;7635.0;7720.77;SPXW  261002P07635000;0.0;0.05;delta=-0.003
2026-10-02 12:18;7640.0;7720.77;SPXW  261002P07640000;0.0;0.05;delta=-0.003
2026-10-02 12:18;7645.0;7720.77;SPXW  261002P07645000;0.05;0.1;delta=-0.007
2026-10-02 12:18;7650.0;7720.77;SPXW  261002P07650000;0.05;0.1;delta=-0.008
2026-10-02 12:18;7655.0;7720.77;SPXW  261002P07655000;0.05;0.1;delta=-0.008
2026-10-02 12:18;7660.0;7720.77;SPXW  261002P07660000;0.05;0.1;delta=-0.009
2026-10-02 12:18;7665.0;7720.77;SPXW  261002P07665000;0.05;0.1;delta=-0.009
2026-10-02 12:18;7670.0;7720.77;SPXW  261002P07670000;0.05;0.1;delta=-0.01
2026-10-02 12:18;7675.0;7720.77;SPXW  261002P07675000;0.1;0.15;delta=-0.016
2026-10-02 12:18;7680.0;7720.77;SPXW  261002P07680000;0.1;0.15;delta=-0.018
2026-10-02 12:18;7685.0;7720.77;SPXW  261002P07685000;0.1;0.15;delta=-0.02
2026-10-02 12:18;7690.0;7720.77;SPXW  261002P07690000;0.15;0.2;delta=-0.028
2026-10-02 12:18;7695.0;7720.77;SPXW  261002P07695000;0.2;0.25;delta=-0.039
2026-10-02 12:18;7700.0;7720.77;SPXW  261002P07700000;0.3;0.35;delta=-0.058
2026-10-02 12:18;7705.0;7720.77;SPXW  261002P07705000;0.45;0.5;delta=-0.088
2026-10-02 12:18;7710.0;7720.77;SPXW  261002P07710000;0.8;0.85;delta=-0.152
2026-10-02 12:18;7715.0;7720.77;SPXW  261002P07715000;1.55;1.6;delta=-0.273
2026-10-02 12:18;7720.0;7720.77;SPXW  261002P07720000;3.2;3.3;delta=-0.469
2026-10-02 12:18;7725.0;7720.77;SPXW  261002P07725000;6.1;6.3;delta=-0.691
2026-10-02 12:18;7730.0;7720.77;SPXW  261002P07730000;10.2;10.3;delta=-0.847
2026-10-02 12:18;7735.0;7720.77;SPXW  261002P07735000;14.6;15.0;delta=-0.919
2026-10-02 12:18;7740.0;7720.77;SPXW  261002P07740000;19.5;19.8;delta=-0.953
2026-10-02 12:18;7745.0;7720.77;SPXW  261002P07745000;24.4;24.8;delta=-0.966
2026-10-02 12:18;7750.0;7720.77;SPXW  261002P07750000;29.4;29.7;delta=-0.977
2026-10-02 12:18;7755.0;7720.77;SPXW  261002P07755000;34.4;34.6;delta=-0.986
2026-10-02 12:18;7760.0;7720.77;SPXW  261002P07760000;39.0;39.7;delta=-0.988
2026-10-02 12:18;7765.0;7720.77;SPXW  261002P07765000;44.0;44.7;delta=-0.989
2026-10-02 12:18;7770.0;7720.77;SPXW  261002P07770000;49.1;49.7;delta=-0.99
2026-10-02 12:18;7775.0;7720.77;SPXW  261002P07775000;53.9;54.8;delta=-0.99
2026-10-02 12:18;7780.0;7720.77;SPXW  261002P07780000;58.9;59.8;delta=-0.991
2026-10-02 12:18;7785.0;7720.77;SPXW  261002P07785000;64.0;64.8;delta=-0.992
2026-10-02 12:18;7790.0;7720.77;SPXW  261002P07790000;68.9;69.8;delta=-0.994
2026-10-02 12:18;7795.0;7720.77;SPXW  261002P07795000;73.9;74.8;delta=-0.992
2026-10-02 12:18;7800.0;7720.77;SPXW  261002P07800000;79.0;79.8;delta=-0.993
2026-10-02 12:18;7805.0;7720.77;SPXW  261002P07805000;83.9;84.8;delta=-0.997
2026-10-02 12:18;7810.0;7720.77;SPXW  261002P07810000;88.9;89.8;delta=-0.997
2026-10-02 12:18;7815.0;7720.77;SPXW  261002P07815000;94.0;94.8;delta=-0.997
2026-10-02 12:18;7820.0;7720.77;SPXW  261002P07820000;98.9;99.8;delta=-0.998
2026-10-02 12:18;7825.0;7720.77;SPXW  261002P07825000;103.6;105.1;delta=-0.998
2026-10-02 12:18;7830.0;7720.77;SPXW  261002P07830000;108.6;110.1;delta=-0.998
2026-10-02 12:18;7835.0;7720.77;SPXW  261002P07835000;113.6;115.1;delta=-0.998
2026-10-02 12:18;7840.0;7720.77;SPXW  261002P07840000;118.7;120.1;delta=-0.998
2026-10-02 12:18;7845.0;7720.77;SPXW  261002P07845000;123.7;125.1;delta=-0.998
2026-10-02 12:18;7850.0;7720.77;SPXW  261002P07850000;128.7;130.1;delta=-0.998
2026-10-02 12:18;7855.0;7720.77;SPXW  261002P07855000;133.7;135.1;delta=-0.998
2026-10-02 12:18;7860.0;7720.77;SPXW  261002P07860000;138.7;140.1;delta=-0.998
2026-10-02 12:18;7865.0;7720.77;SPXW  261002P07865000;143.7;145.1;delta=-0.998
2026-10-02 12:18;7870.0;7720.77;SPXW  261002P07870000;148.7;150.1;delta=-0.998
2026-10-02 12:18;7875.0;7720.77;SPXW  261002P07875000;153.7;155.1;delta=-0.998
2026-10-02 12:18;7880.0;7720.77;SPXW  261002P07880000;158.7;160.1;delta=-0.998
2026-10-02 12:18;7885.0;7720.77;SPXW  261002P07885000;163.7;165.1;delta=-0.998
2026-10-02 12:18;7890.0;7720.77;SPXW  261002P07890000;168.7;170.0;delta=-0.998
2026-10-02 12:18;7895.0;7720.77;SPXW  261002P07895000;173.7;175.0;delta=-0.998
2026-10-02 12:18;7900.0;7720.77;SPXW  261002P07900000;178.7;180.0;delta=-0.999
2026-10-02 12:18;7905.0;7720.77;SPXW  261002P07905000;183.7;185.0;delta=-0.999
2026-10-02 12:18;7910.0;7720.77;SPXW  261002P07910000;188.7;190.0;delta=-0.999
2026-10-02 12:18;7915.0;7720.77;SPXW  261002P07915000;193.7;195.0;delta=-0.999
2026-10-02 12:18;7920.0;7720.77;SPXW  261002P07920000;198.7;200.0;delta=-0.999
2026-10-02 12:18;7925.0;7720.77;SPXW  261002P07925000;203.7;205.0;delta=-0.999
2026-10-02 12:18;7930.0;7720.77;SPXW  261002P07930000;208.7;210.0;delta=-0.999
2026-10-02 12:18;7935.0;7720.77;SPXW  261002P07935000;213.7;215.0;delta=-0.999
2026-10-02 12:18;7940.0;7720.77;SPXW  261002P07940000;218.7;220.0;delta=-0.999
2026-10-02 12:18;7945.0;7720.77;SPXW  261002P07945000;223.7;225.0;delta=-0.999
2026-10-02 12:18;7950.0;7720.77;SPXW  261002P07950000;228.7;230.0;delta=-0.999
2026-10-02 12:18;7955.0;7720.77;SPXW  261002P07955000;233.7;235.0;delta=-0.999
2026-10-02 12:18;7960.0;7720.77;SPXW  261002P07960000;238.7;240.0;delta=-0.999
2026-10-02 12:18;7965.0;7720.77;SPXW  261002P07965000;243.7;245.0;delta=-0.999
2026-10-02 12:18;7970.0;7720.77;SPXW  261002P07970000;248.7;250.0;delta=-0.999
2026-10-02 12:22;7475.0;7721.0;SPXW  261002C07475000;245.5;246.9;delta=0.999
2026-10-02 12:22;7480.0;7721.0;SPXW  261002C07480000;240.5;241.9;delta=0.999
2026-10-02 12:22;7485.0;7721.0;SPXW  261002C07485000;235.5;236.9;delta=0.999
2026-10-02 12:22;7490.0;7721.0;SPXW  261002C07490000;230.5;231.9;delta=0.999
2026-10-02 12:22;7495.0;7721.0;SPXW  261002C07495000;225.5;226.9;delta=0.999
2026-10-02 12:22;7500.0;7721.0;SPXW  261002C07500000;220.4;221.9;delta=0.999
2026-10-02 12:22;7505.0;7721.0;SPXW  261002C07505000;215.5;216.9;delta=0.999
2026-10-02 12:22;7510.0;7721.0;SPXW  261002C07510000;210.5;211.9;delta=0.999
2026-10-02 12:22;7515.0;7721.0;SPXW  261002C07515000;205.5;206.9;delta=0.999
2026-10-02 12:22;7520.0;7721.0;SPXW  261002C07520000;200.5;201.9;delta=0.999
2026-10-02 12:22;7525.0;7721.0;SPXW  261002C07525000;195.4;196.9;delta=0.999
2026-10-02 12:22;7530.0;7721.0;SPXW  261002C07530000;190.4;191.9;delta=0.999
2026-10-02 12:22;7535.0;7721.0;SPXW  261002C07535000;185.4;186.9;delta=0.999
2026-10-02 12:22;7540.0;7721.0;SPXW  261002C07540000;180.4;181.9;delta=0.999
2026-10-02 12:22;7545.0;7721.0;SPXW  261002C07545000;175.4;176.9;delta=0.999
2026-10-02 12:22;7550.0;7721.0;SPXW  261002C07550000;170.4;171.9;delta=0.999
2026-10-02 12:22;7555.0;7721.0;SPXW  261002C07555000;165.4;166.7;delta=0.999
2026-10-02 12:22;7560.0;7721.0;SPXW  261002C07560000;160.4;161.7;delta=0.998
2026-10-02 12:22;7565.0;7721.0;SPXW  261002C07565000;155.5;156.7;delta=0.998
2026-10-02 12:22;7570.0;7721.0;SPXW  261002C07570000;150.4;151.7;delta=0.998
2026-10-02 12:22;7575.0;7721.0;SPXW  261002C07575000;145.4;146.7;delta=0.998
2026-10-02 12:22;7580.0;7721.0;SPXW  261002C07580000;140.4;141.7;delta=0.998
2026-10-02 12:22;7585.0;7721.0;SPXW  261002C07585000;135.4;136.7;delta=0.998
2026-10-02 12:22;7590.0;7721.0;SPXW  261002C07590000;130.4;131.7;delta=0.998
2026-10-02 12:22;7595.0;7721.0;SPXW  261002C07595000;125.4;126.9;delta=0.998
2026-10-02 12:22;7600.0;7721.0;SPXW  261002C07600000;120.4;121.9;delta=0.998
2026-10-02 12:22;7605.0;7721.0;SPXW  261002C07605000;115.4;116.9;delta=0.998
2026-10-02 12:22;7610.0;7721.0;SPXW  261002C07610000;110.4;111.9;delta=0.998
2026-10-02 12:22;7615.0;7721.0;SPXW  261002C07615000;105.4;106.9;delta=0.998
2026-10-02 12:22;7620.0;7721.0;SPXW  261002C07620000;100.4;101.9;delta=0.998
2026-10-02 12:22;7625.0;7721.0;SPXW  261002C07625000;95.7;96.5;delta=0.998
2026-10-02 12:22;7630.0;7721.0;SPXW  261002C07630000;90.7;91.5;delta=0.998
2026-10-02 12:22;7635.0;7721.0;SPXW  261002C07635000;85.7;86.5;delta=0.997
2026-10-02 12:22;7640.0;7721.0;SPXW  261002C07640000;80.7;81.5;delta=0.997
2026-10-02 12:22;7645.0;7721.0;SPXW  261002C07645000;75.7;76.5;delta=0.993
2026-10-02 12:22;7650.0;7721.0;SPXW  261002C07650000;70.8;71.5;delta=0.994
2026-10-02 12:22;7655.0;7721.0;SPXW  261002C07655000;65.8;66.5;delta=0.992
2026-10-02 12:22;7660.0;7721.0;SPXW  261002C07660000;60.8;61.5;delta=0.991
2026-10-02 12:22;7665.0;7721.0;SPXW  261002C07665000;55.8;56.5;delta=0.991
2026-10-02 12:22;7670.0;7721.0;SPXW  261002C07670000;50.8;51.6;delta=0.99
2026-10-02 12:22;7675.0;7721.0;SPXW  261002C07675000;46.0;46.4;delta=0.984
2026-10-02 12:22;7680.0;7721.0;SPXW  261002C07680000;41.1;41.4;delta=0.982
2026-10-02 12:22;7685.0;7721.0;SPXW  261002C07685000;36.1;36.5;delta=0.981
2026-10-02 12:22;7690.0;7721.0;SPXW  261002C07690000;31.1;31.5;delta=0.972
2026-10-02 12:22;7695.0;7721.0;SPXW  261002C07695000;26.2;26.5;delta=0.962
2026-10-02 12:22;7700.0;7721.0;SPXW  261002C07700000;21.2;21.6;delta=0.95
2026-10-02 12:22;7705.0;7721.0;SPXW  261002C07705000;16.4;16.7;delta=0.92
2026-10-02 12:22;7710.0;7721.0;SPXW  261002C07710000;11.6;11.8;delta=0.868
2026-10-02 12:22;7715.0;7721.0;SPXW  261002C07715000;7.3;7.5;delta=0.759
2026-10-02 12:22;7720.0;7721.0;SPXW  261002C07720000;3.8;3.9;delta=0.562
2026-10-02 12:22;7725.0;7721.0;SPXW  261002C07725000;1.7;1.75;delta=0.327
2026-10-02 12:22;7730.0;7721.0;SPXW  261002C07730000;0.7;0.75;delta=0.16
2026-10-02 12:22;7735.0;7721.0;SPXW  261002C07735000;0.3;0.4;delta=0.076
2026-10-02 12:22;7740.0;7721.0;SPXW  261002C07740000;0.2;0.25;delta=0.045
2026-10-02 12:22;7745.0;7721.0;SPXW  261002C07745000;0.15;0.2;delta=0.031
2026-10-02 12:22;7750.0;7721.0;SPXW  261002C07750000;0.1;0.15;delta=0.023
2026-10-02 12:22;7755.0;7721.0;SPXW  261002C07755000;0.1;0.15;delta=0.021
2026-10-02 12:22;7760.0;7721.0;SPXW  261002C07760000;0.05;0.1;delta=0.013
2026-10-02 12:22;7765.0;7721.0;SPXW  261002C07765000;0.05;0.1;delta=0.011
2026-10-02 12:22;7770.0;7721.0;SPXW  261002C07770000;0.05;0.1;delta=0.01
2026-10-02 12:22;7775.0;7721.0;SPXW  261002C07775000;0.05;0.1;delta=0.01
2026-10-02 12:22;7780.0;7721.0;SPXW  261002C07780000;0.05;0.1;delta=0.009
2026-10-02 12:22;7785.0;7721.0;SPXW  261002C07785000;0.05;0.1;delta=0.008
2026-10-02 12:22;7790.0;7721.0;SPXW  261002C07790000;0.05;0.1;delta=0.008
2026-10-02 12:22;7795.0;7721.0;SPXW  261002C07795000;0.05;0.1;delta=0.008
2026-10-02 12:22;7800.0;7721.0;SPXW  261002C07800000;0.0;0.05;delta=0.003
2026-10-02 12:22;7805.0;7721.0;SPXW  261002C07805000;0.0;0.05;delta=0.003
2026-10-02 12:22;7810.0;7721.0;SPXW  261002C07810000;0.0;0.05;delta=0.003
2026-10-02 12:22;7815.0;7721.0;SPXW  261002C07815000;0.0;0.05;delta=0.003
2026-10-02 12:22;7820.0;7721.0;SPXW  261002C07820000;0.0;0.05;delta=0.002
2026-10-02 12:22;7825.0;7721.0;SPXW  261002C07825000;0.0;0.05;delta=0.002
2026-10-02 12:22;7830.0;7721.0;SPXW  261002C07830000;0.0;0.05;delta=0.002
2026-10-02 12:22;7835.0;7721.0;SPXW  261002C07835000;0.0;0.05;delta=0.002
2026-10-02 12:22;7840.0;7721.0;SPXW  261002C07840000;0.0;0.05;delta=0.002
2026-10-02 12:22;7845.0;7721.0;SPXW  261002C07845000;0.0;0.05;delta=0.002
2026-10-02 12:22;7850.0;7721.0;SPXW  261002C07850000;0.0;0.05;delta=0.002
2026-10-02 12:22;7855.0;7721.0;SPXW  261002C07855000;0.0;0.05;delta=0.002
2026-10-02 12:22;7860.0;7721.0;SPXW  261002C07860000;0.0;0.05;delta=0.002
2026-10-02 12:22;7865.0;7721.0;SPXW  261002C07865000;0.0;0.05;delta=0.002
2026-10-02 12:22;7870.0;7721.0;SPXW  261002C07870000;0.0;0.05;delta=0.002
2026-10-02 12:22;7875.0;7721.0;SPXW  261002C07875000;0.0;0.05;delta=0.002
2026-10-02 12:22;7880.0;7721.0;SPXW  261002C07880000;0.0;0.05;delta=0.002
2026-10-02 12:22;7885.0;7721.0;SPXW  261002C07885000;0.0;0.05;delta=0.002
2026-10-02 12:22;7890.0;7721.0;SPXW  261002C07890000;0.0;0.05;delta=0.002
2026-10-02 12:22;7895.0;7721.0;SPXW  261002C07895000;0.0;0.05;delta=0.002
2026-10-02 12:22;7900.0;7721.0;SPXW  261002C07900000;0.0;0.05;delta=0.001
2026-10-02 12:22;7905.0;7721.0;SPXW  261002C07905000;0.0;0.05;delta=0.001
2026-10-02 12:22;7910.0;7721.0;SPXW  261002C07910000;0.0;0.05;delta=0.001
2026-10-02 12:22;7915.0;7721.0;SPXW  261002C07915000;0.0;0.05;delta=0.001
2026-10-02 12:22;7920.0;7721.0;SPXW  261002C07920000;0.0;0.05;delta=0.001
2026-10-02 12:22;7925.0;7721.0;SPXW  261002C07925000;0.0;0.05;delta=0.001
2026-10-02 12:22;7930.0;7721.0;SPXW  261002C07930000;0.0;0.05;delta=0.001
2026-10-02 12:22;7935.0;7721.0;SPXW  261002C07935000;0.0;0.05;delta=0.001
2026-10-02 12:22;7940.0;7721.0;SPXW  261002C07940000;0.0;0.05;delta=0.001
2026-10-02 12:22;7945.0;7721.0;SPXW  261002C07945000;0.0;0.05;delta=0.001
2026-10-02 12:22;7950.0;7721.0;SPXW  261002C07950000;0.0;0.05;delta=0.001
2026-10-02 12:22;7955.0;7721.0;SPXW  261002C07955000;0.0;0.05;delta=0.001
2026-10-02 12:22;7960.0;7721.0;SPXW  261002C07960000;0.0;0.05;delta=0.001
2026-10-02 12:22;7965.0;7721.0;SPXW  261002C07965000;0.0;0.05;delta=0.001
2026-10-02 12:22;7970.0;7721.0;SPXW  261002C07970000;0.0;0.05;delta=0.001
2026-10-02 12:22;7475.0;7721.0;SPXW  261002P07475000;0.0;0.05;delta=-0.001
2026-10-02 12:22;7480.0;7721.0;SPXW  261002P07480000;0.0;0.05;delta=-0.001
2026-10-02 12:22;7485.0;7721.0;SPXW  261002P07485000;0.0;0.05;delta=-0.001
2026-10-02 12:22;7490.0;7721.0;SPXW  261002P07490000;0.0;0.05;delta=-0.001
2026-10-02 12:22;7495.0;7721.0;SPXW  261002P07495000;0.0;0.05;delta=-0.001
2026-10-02 12:22;7500.0;7721.0;SPXW  261002P07500000;0.0;0.05;delta=-0.001
2026-10-02 12:22;7505.0;7721.0;SPXW  261002P07505000;0.0;0.05;delta=-0.001
2026-10-02 12:22;7510.0;7721.0;SPXW  261002P07510000;0.0;0.05;delta=-0.001
2026-10-02 12:22;7515.0;7721.0;SPXW  261002P07515000;0.0;0.05;delta=-0.001
2026-10-02 12:22;7520.0;7721.0;SPXW  261002P07520000;0.0;0.05;delta=-0.001
2026-10-02 12:22;7525.0;7721.0;SPXW  261002P07525000;0.0;0.05;delta=-0.001
2026-10-02 12:22;7530.0;7721.0;SPXW  261002P07530000;0.0;0.05;delta=-0.001
2026-10-02 12:22;7535.0;7721.0;SPXW  261002P07535000;0.0;0.05;delta=-0.001
2026-10-02 12:22;7540.0;7721.0;SPXW  261002P07540000;0.0;0.05;delta=-0.001
2026-10-02 12:22;7545.0;7721.0;SPXW  261002P07545000;0.0;0.05;delta=-0.001
2026-10-02 12:22;7550.0;7721.0;SPXW  261002P07550000;0.0;0.05;delta=-0.001
2026-10-02 12:22;7555.0;7721.0;SPXW  261002P07555000;0.0;0.05;delta=-0.002
2026-10-02 12:22;7560.0;7721.0;SPXW  261002P07560000;0.0;0.05;delta=-0.002
2026-10-02 12:22;7565.0;7721.0;SPXW  261002P07565000;0.0;0.05;delta=-0.002
2026-10-02 12:22;7570.0;7721.0;SPXW  261002P07570000;0.0;0.05;delta=-0.002
2026-10-02 12:22;7575.0;7721.0;SPXW  261002P07575000;0.0;0.05;delta=-0.002
2026-10-02 12:22;7580.0;7721.0;SPXW  261002P07580000;0.0;0.05;delta=-0.002
2026-10-02 12:22;7585.0;7721.0;SPXW  261002P07585000;0.0;0.05;delta=-0.002
2026-10-02 12:22;7590.0;7721.0;SPXW  261002P07590000;0.0;0.05;delta=-0.002
2026-10-02 12:22;7595.0;7721.0;SPXW  261002P07595000;0.0;0.05;delta=-0.002
2026-10-02 12:22;7600.0;7721.0;SPXW  261002P07600000;0.0;0.05;delta=-0.002
2026-10-02 12:22;7605.0;7721.0;SPXW  261002P07605000;0.0;0.05;delta=-0.002
2026-10-02 12:22;7610.0;7721.0;SPXW  261002P07610000;0.0;0.05;delta=-0.002
2026-10-02 12:22;7615.0;7721.0;SPXW  261002P07615000;0.0;0.05;delta=-0.002
2026-10-02 12:22;7620.0;7721.0;SPXW  261002P07620000;0.0;0.05;delta=-0.002
2026-10-02 12:22;7625.0;7721.0;SPXW  261002P07625000;0.0;0.05;delta=-0.002
2026-10-02 12:22;7630.0;7721.0;SPXW  261002P07630000;0.0;0.05;delta=-0.003
2026-10-02 12:22;7635.0;7721.0;SPXW  261002P07635000;0.0;0.05;delta=-0.003
2026-10-02 12:22;7640.0;7721.0;SPXW  261002P07640000;0.0;0.05;delta=-0.003
2026-10-02 12:22;7645.0;7721.0;SPXW  261002P07645000;0.05;0.1;delta=-0.007
2026-10-02 12:22;7650.0;7721.0;SPXW  261002P07650000;0.0;0.1;delta=-0.006
2026-10-02 12:22;7655.0;7721.0;SPXW  261002P07655000;0.05;0.1;delta=-0.008
2026-10-02 12:22;7660.0;7721.0;SPXW  261002P07660000;0.05;0.1;delta=-0.009
2026-10-02 12:22;7665.0;7721.0;SPXW  261002P07665000;0.05;0.1;delta=-0.009
2026-10-02 12:22;7670.0;7721.0;SPXW  261002P07670000;0.05;0.1;delta=-0.01
2026-10-02 12:22;7675.0;7721.0;SPXW  261002P07675000;0.1;0.15;delta=-0.016
2026-10-02 12:22;7680.0;7721.0;SPXW  261002P07680000;0.1;0.15;delta=-0.018
2026-10-02 12:22;7685.0;7721.0;SPXW  261002P07685000;0.1;0.15;delta=-0.019
2026-10-02 12:22;7690.0;7721.0;SPXW  261002P07690000;0.15;0.2;delta=-0.028
2026-10-02 12:22;7695.0;7721.0;SPXW  261002P07695000;0.2;0.25;delta=-0.038
2026-10-02 12:22;7700.0;7721.0;SPXW  261002P07700000;0.25;0.35;delta=-0.054
2026-10-02 12:22;7705.0;7721.0;SPXW  261002P07705000;0.4;0.45;delta=-0.081
2026-10-02 12:22;7710.0;7721.0;SPXW  261002P07710000;0.65;0.7;delta=-0.132
2026-10-02 12:22;7715.0;7721.0;SPXW  261002P07715000;1.35;1.4;delta=-0.244
2026-10-02 12:22;7720.0;7721.0;SPXW  261002P07720000;2.9;2.95;delta=-0.449
2026-10-02 12:22;7725.0;7721.0;SPXW  261002P07725000;5.7;5.9;delta=-0.682
2026-10-02 12:22;7730.0;7721.0;SPXW  261002P07730000;9.8;10.0;delta=-0.844
2026-10-02 12:22;7735.0;7721.0;SPXW  261002P07735000;14.3;14.7;delta=-0.925
2026-10-02 12:22;7740.0;7721.0;SPXW  261002P07740000;19.2;19.6;delta=-0.952
2026-10-02 12:22;7745.0;7721.0;SPXW  261002P07745000;24.1;24.5;delta=-0.966
2026-10-02 12:22;7750.0;7721.0;SPXW  261002P07750000;29.1;29.5;delta=-0.977
2026-10-02 12:22;7755.0;7721.0;SPXW  261002P07755000;34.1;34.5;delta=-0.98
2026-10-02 12:22;7760.0;7721.0;SPXW  261002P07760000;39.0;39.5;delta=-0.987
2026-10-02 12:22;7765.0;7721.0;SPXW  261002P07765000;43.8;44.5;delta=-0.989
2026-10-02 12:22;7770.0;7721.0;SPXW  261002P07770000;48.7;49.5;delta=-0.99
2026-10-02 12:22;7775.0;7721.0;SPXW  261002P07775000;53.7;54.5;delta=-0.99
2026-10-02 12:22;7780.0;7721.0;SPXW  261002P07780000;58.7;59.5;delta=-0.991
2026-10-02 12:22;7785.0;7721.0;SPXW  261002P07785000;63.7;64.5;delta=-0.992
2026-10-02 12:22;7790.0;7721.0;SPXW  261002P07790000;68.7;69.5;delta=-0.992
2026-10-02 12:22;7795.0;7721.0;SPXW  261002P07795000;73.7;74.5;delta=-0.992
2026-10-02 12:22;7800.0;7721.0;SPXW  261002P07800000;78.7;79.5;delta=-0.997
2026-10-02 12:22;7805.0;7721.0;SPXW  261002P07805000;83.7;84.5;delta=-0.997
2026-10-02 12:22;7810.0;7721.0;SPXW  261002P07810000;88.7;89.5;delta=-0.997
2026-10-02 12:22;7815.0;7721.0;SPXW  261002P07815000;93.7;94.5;delta=-0.997
2026-10-02 12:22;7820.0;7721.0;SPXW  261002P07820000;98.7;99.5;delta=-0.998
2026-10-02 12:22;7825.0;7721.0;SPXW  261002P07825000;103.5;104.9;delta=-0.998
2026-10-02 12:22;7830.0;7721.0;SPXW  261002P07830000;108.5;109.9;delta=-0.998
2026-10-02 12:22;7835.0;7721.0;SPXW  261002P07835000;113.5;114.9;delta=-0.998
2026-10-02 12:22;7840.0;7721.0;SPXW  261002P07840000;118.5;119.9;delta=-0.998
2026-10-02 12:22;7845.0;7721.0;SPXW  261002P07845000;123.4;124.9;delta=-0.998
2026-10-02 12:22;7850.0;7721.0;SPXW  261002P07850000;128.4;129.9;delta=-0.998
2026-10-02 12:22;7855.0;7721.0;SPXW  261002P07855000;133.4;134.9;delta=-0.998
2026-10-02 12:22;7860.0;7721.0;SPXW  261002P07860000;138.4;139.9;delta=-0.998
2026-10-02 12:22;7865.0;7721.0;SPXW  261002P07865000;140.9;147.9;delta=-0.998
2026-10-02 12:22;7870.0;7721.0;SPXW  261002P07870000;145.9;152.9;delta=-0.998
2026-10-02 12:22;7875.0;7721.0;SPXW  261002P07875000;150.9;157.9;delta=-0.998
2026-10-02 12:22;7880.0;7721.0;SPXW  261002P07880000;155.9;162.9;delta=-0.998
2026-10-02 12:22;7885.0;7721.0;SPXW  261002P07885000;160.4;167.9;delta=-0.998
2026-10-02 12:22;7890.0;7721.0;SPXW  261002P07890000;165.4;172.9;delta=-0.998
2026-10-02 12:22;7895.0;7721.0;SPXW  261002P07895000;170.4;177.9;delta=-0.998
2026-10-02 12:22;7900.0;7721.0;SPXW  261002P07900000;178.4;179.9;delta=-0.998
2026-10-02 12:22;7905.0;7721.0;SPXW  261002P07905000;180.4;187.9;delta=-0.999
2026-10-02 12:22;7910.0;7721.0;SPXW  261002P07910000;185.4;192.9;delta=-0.999
2026-10-02 12:22;7915.0;7721.0;SPXW  261002P07915000;190.4;197.9;delta=-0.999
2026-10-02 12:22;7920.0;7721.0;SPXW  261002P07920000;195.8;202.7;delta=-0.999
2026-10-02 12:22;7925.0;7721.0;SPXW  261002P07925000;196.6;210.3;delta=-0.999
2026-10-02 12:22;7930.0;7721.0;SPXW  261002P07930000;202.1;215.8;delta=-0.999
2026-10-02 12:22;7935.0;7721.0;SPXW  261002P07935000;206.5;220.2;delta=-0.999
2026-10-02 12:22;7940.0;7721.0;SPXW  261002P07940000;209.1;229.5;delta=-0.999
2026-10-02 12:22;7945.0;7721.0;SPXW  261002P07945000;214.3;233.8;delta=-0.999
2026-10-02 12:22;7950.0;7721.0;SPXW  261002P07950000;221.1;238.8;delta=-0.999
2026-10-02 12:22;7955.0;7721.0;SPXW  261002P07955000;225.3;244.2;delta=-0.999
2026-10-02 12:22;7960.0;7721.0;SPXW  261002P07960000;229.1;248.4;delta=-0.999
2026-10-02 12:22;7965.0;7721.0;SPXW  261002P07965000;233.1;253.4;delta=-0.999
2026-10-02 12:22;7970.0;7721.0;SPXW  261002P07970000;239.1;258.4;delta=-0.999
2026-10-02 12:27;7475.0;7722.02;SPXW  261002C07475000;245.6;247.3;delta=0.999
2026-10-02 12:27;7480.0;7722.02;SPXW  261002C07480000;240.6;242.2;delta=0.999
2026-10-02 12:27;7485.0;7722.02;SPXW  261002C07485000;235.6;237.2;delta=0.999
2026-10-02 12:27;7490.0;7722.02;SPXW  261002C07490000;230.6;232.2;delta=0.999
2026-10-02 12:27;7495.0;7722.02;SPXW  261002C07495000;225.6;227.2;delta=0.999
2026-10-02 12:27;7500.0;7722.02;SPXW  261002C07500000;221.1;222.2;delta=0.999
2026-10-02 12:27;7505.0;7722.02;SPXW  261002C07505000;215.6;217.3;delta=0.999
2026-10-02 12:27;7510.0;7722.02;SPXW  261002C07510000;210.6;212.3;delta=0.999
2026-10-02 12:27;7515.0;7722.02;SPXW  261002C07515000;205.6;207.3;delta=0.999
2026-10-02 12:27;7520.0;7722.02;SPXW  261002C07520000;200.6;202.3;delta=0.999
2026-10-02 12:27;7525.0;7722.02;SPXW  261002C07525000;195.6;197.3;delta=0.999
2026-10-02 12:27;7530.0;7722.02;SPXW  261002C07530000;190.6;192.3;delta=0.999
2026-10-02 12:27;7535.0;7722.02;SPXW  261002C07535000;185.6;187.3;delta=0.999
2026-10-02 12:27;7540.0;7722.02;SPXW  261002C07540000;180.6;182.3;delta=0.999
2026-10-02 12:27;7545.0;7722.02;SPXW  261002C07545000;175.6;177.3;delta=0.998
2026-10-02 12:27;7550.0;7722.02;SPXW  261002C07550000;170.6;172.3;delta=0.998
2026-10-02 12:27;7555.0;7722.02;SPXW  261002C07555000;165.6;167.3;delta=0.998
2026-10-02 12:27;7560.0;7722.02;SPXW  261002C07560000;160.6;162.3;delta=0.998
2026-10-02 12:27;7565.0;7722.02;SPXW  261002C07565000;155.6;157.3;delta=0.998
2026-10-02 12:27;7570.0;7722.02;SPXW  261002C07570000;150.6;152.3;delta=0.998
2026-10-02 12:27;7575.0;7722.02;SPXW  261002C07575000;145.6;147.3;delta=0.998
2026-10-02 12:27;7580.0;7722.02;SPXW  261002C07580000;140.6;142.3;delta=0.998
2026-10-02 12:27;7585.0;7722.02;SPXW  261002C07585000;135.6;137.3;delta=0.998
2026-10-02 12:27;7590.0;7722.02;SPXW  261002C07590000;131.1;132.3;delta=0.998
2026-10-02 12:27;7595.0;7722.02;SPXW  261002C07595000;125.7;127.3;delta=0.998
2026-10-02 12:27;7600.0;7722.02;SPXW  261002C07600000;121.1;122.3;delta=0.998
2026-10-02 12:27;7605.0;7722.02;SPXW  261002C07605000;116.1;117.3;delta=0.998
2026-10-02 12:27;7610.0;7722.02;SPXW  261002C07610000;111.1;112.3;delta=0.998
2026-10-02 12:27;7615.0;7722.02;SPXW  261002C07615000;105.7;110.6;delta=0.998
2026-10-02 12:27;7620.0;7722.02;SPXW  261002C07620000;101.1;102.3;delta=0.998
2026-10-02 12:27;7625.0;7722.02;SPXW  261002C07625000;96.3;97.1;delta=0.998
2026-10-02 12:27;7630.0;7722.02;SPXW  261002C07630000;91.3;92.1;delta=0.997
2026-10-02 12:27;7635.0;7722.02;SPXW  261002C07635000;86.3;87.1;delta=0.997
2026-10-02 12:27;7640.0;7722.02;SPXW  261002C07640000;81.3;82.1;delta=0.997
2026-10-02 12:27;7645.0;7722.02;SPXW  261002C07645000;76.3;77.1;delta=0.997
2026-10-02 12:27;7650.0;7722.02;SPXW  261002C07650000;71.3;72.1;delta=0.994
2026-10-02 12:27;7655.0;7722.02;SPXW  261002C07655000;66.3;67.1;delta=0.992
2026-10-02 12:27;7660.0;7722.02;SPXW  261002C07660000;61.3;62.1;delta=0.991
2026-10-02 12:27;7665.0;7722.02;SPXW  261002C07665000;56.3;57.1;delta=0.991
2026-10-02 12:27;7670.0;7722.02;SPXW  261002C07670000;51.3;52.1;delta=0.99
2026-10-02 12:27;7675.0;7722.02;SPXW  261002C07675000;46.7;47.0;delta=0.989
2026-10-02 12:27;7680.0;7722.02;SPXW  261002C07680000;41.7;42.0;delta=0.982
2026-10-02 12:27;7685.0;7722.02;SPXW  261002C07685000;36.7;37.0;delta=0.98
2026-10-02 12:27;7690.0;7722.02;SPXW  261002C07690000;31.7;32.1;delta=0.972
2026-10-02 12:27;7695.0;7722.02;SPXW  261002C07695000;26.8;27.1;delta=0.968
2026-10-02 12:27;7700.0;7722.02;SPXW  261002C07700000;21.8;22.2;delta=0.956
2026-10-02 12:27;7705.0;7722.02;SPXW  261002C07705000;16.9;17.3;delta=0.925
2026-10-02 12:27;7710.0;7722.02;SPXW  261002C07710000;12.1;12.5;delta=0.872
2026-10-02 12:27;7715.0;7722.02;SPXW  261002C07715000;7.7;7.9;delta=0.762
2026-10-02 12:27;7720.0;7722.02;SPXW  261002C07720000;4.1;4.2;delta=0.553
2026-10-02 12:27;7725.0;7722.02;SPXW  261002C07725000;1.75;1.85;delta=0.309
2026-10-02 12:27;7730.0;7722.02;SPXW  261002C07730000;0.7;0.75;delta=0.144
2026-10-02 12:27;7735.0;7722.02;SPXW  261002C07735000;0.3;0.35;delta=0.067
2026-10-02 12:27;7740.0;7722.02;SPXW  261002C07740000;0.15;0.2;delta=0.04
2026-10-02 12:27;7745.0;7722.02;SPXW  261002C07745000;0.1;0.15;delta=0.026
2026-10-02 12:27;7750.0;7722.02;SPXW  261002C07750000;0.05;0.1;delta=0.016
2026-10-02 12:27;7755.0;7722.02;SPXW  261002C07755000;0.05;0.1;delta=0.014
2026-10-02 12:27;7760.0;7722.02;SPXW  261002C07760000;0.05;0.1;delta=0.012
2026-10-02 12:27;7765.0;7722.02;SPXW  261002C07765000;0.05;0.1;delta=0.011
2026-10-02 12:27;7770.0;7722.02;SPXW  261002C07770000;0.05;0.1;delta=0.01
2026-10-02 12:27;7775.0;7722.02;SPXW  261002C07775000;0.05;0.1;delta=0.01
2026-10-02 12:27;7780.0;7722.02;SPXW  261002C07780000;0.05;0.1;delta=0.009
2026-10-02 12:27;7785.0;7722.02;SPXW  261002C07785000;0.05;0.1;delta=0.008
2026-10-02 12:27;7790.0;7722.02;SPXW  261002C07790000;0.0;0.05;delta=0.003
2026-10-02 12:27;7795.0;7722.02;SPXW  261002C07795000;0.0;0.05;delta=0.003
2026-10-02 12:27;7800.0;7722.02;SPXW  261002C07800000;0.0;0.05;delta=0.003
2026-10-02 12:27;7805.0;7722.02;SPXW  261002C07805000;0.0;0.05;delta=0.003
2026-10-02 12:27;7810.0;7722.02;SPXW  261002C07810000;0.0;0.05;delta=0.003
2026-10-02 12:27;7815.0;7722.02;SPXW  261002C07815000;0.0;0.05;delta=0.003
2026-10-02 12:27;7820.0;7722.02;SPXW  261002C07820000;0.0;0.05;delta=0.002
2026-10-02 12:27;7825.0;7722.02;SPXW  261002C07825000;0.0;0.05;delta=0.002
2026-10-02 12:27;7830.0;7722.02;SPXW  261002C07830000;0.0;0.05;delta=0.002
2026-10-02 12:27;7835.0;7722.02;SPXW  261002C07835000;0.0;0.05;delta=0.002
2026-10-02 12:27;7840.0;7722.02;SPXW  261002C07840000;0.0;0.05;delta=0.002
2026-10-02 12:27;7845.0;7722.02;SPXW  261002C07845000;0.0;0.05;delta=0.002
2026-10-02 12:27;7850.0;7722.02;SPXW  261002C07850000;0.0;0.05;delta=0.002
2026-10-02 12:27;7855.0;7722.02;SPXW  261002C07855000;0.0;0.05;delta=0.002
2026-10-02 12:27;7860.0;7722.02;SPXW  261002C07860000;0.0;0.05;delta=0.002
2026-10-02 12:27;7865.0;7722.02;SPXW  261002C07865000;0.0;0.05;delta=0.002
2026-10-02 12:27;7870.0;7722.02;SPXW  261002C07870000;0.0;0.05;delta=0.002
2026-10-02 12:27;7875.0;7722.02;SPXW  261002C07875000;0.0;0.05;delta=0.002
2026-10-02 12:27;7880.0;7722.02;SPXW  261002C07880000;0.0;0.05;delta=0.002
2026-10-02 12:27;7885.0;7722.02;SPXW  261002C07885000;0.0;0.05;delta=0.002
2026-10-02 12:27;7890.0;7722.02;SPXW  261002C07890000;0.0;0.05;delta=0.002
2026-10-02 12:27;7895.0;7722.02;SPXW  261002C07895000;0.0;0.05;delta=0.002
2026-10-02 12:27;7900.0;7722.02;SPXW  261002C07900000;0.0;0.05;delta=0.001
2026-10-02 12:27;7905.0;7722.02;SPXW  261002C07905000;0.0;0.05;delta=0.001
2026-10-02 12:27;7910.0;7722.02;SPXW  261002C07910000;0.0;0.05;delta=0.001
2026-10-02 12:27;7915.0;7722.02;SPXW  261002C07915000;0.0;0.05;delta=0.001
2026-10-02 12:27;7920.0;7722.02;SPXW  261002C07920000;0.0;0.05;delta=0.001
2026-10-02 12:27;7925.0;7722.02;SPXW  261002C07925000;0.0;0.05;delta=0.001
2026-10-02 12:27;7930.0;7722.02;SPXW  261002C07930000;0.0;0.05;delta=0.001
2026-10-02 12:27;7935.0;7722.02;SPXW  261002C07935000;0.0;0.05;delta=0.001
2026-10-02 12:27;7940.0;7722.02;SPXW  261002C07940000;0.0;0.05;delta=0.001
2026-10-02 12:27;7945.0;7722.02;SPXW  261002C07945000;0.0;0.05;delta=0.001
2026-10-02 12:27;7950.0;7722.02;SPXW  261002C07950000;0.0;0.05;delta=0.001
2026-10-02 12:27;7955.0;7722.02;SPXW  261002C07955000;0.0;0.05;delta=0.001
2026-10-02 12:27;7960.0;7722.02;SPXW  261002C07960000;0.0;0.05;delta=0.001
2026-10-02 12:27;7965.0;7722.02;SPXW  261002C07965000;0.0;0.05;delta=0.001
2026-10-02 12:27;7970.0;7722.02;SPXW  261002C07970000;0.0;0.05;delta=0.001
2026-10-02 12:27;7475.0;7722.02;SPXW  261002P07475000;0.0;0.05;delta=-0.001
2026-10-02 12:27;7480.0;7722.02;SPXW  261002P07480000;0.0;0.05;delta=-0.001
2026-10-02 12:27;7485.0;7722.02;SPXW  261002P07485000;0.0;0.05;delta=-0.001
2026-10-02 12:27;7490.0;7722.02;SPXW  261002P07490000;0.0;0.05;delta=-0.001
2026-10-02 12:27;7495.0;7722.02;SPXW  261002P07495000;0.0;0.05;delta=-0.001
2026-10-02 12:27;7500.0;7722.02;SPXW  261002P07500000;0.0;0.05;delta=-0.001
2026-10-02 12:27;7505.0;7722.02;SPXW  261002P07505000;0.0;0.05;delta=-0.001
2026-10-02 12:27;7510.0;7722.02;SPXW  261002P07510000;0.0;0.05;delta=-0.001
2026-10-02 12:27;7515.0;7722.02;SPXW  261002P07515000;0.0;0.05;delta=-0.001
2026-10-02 12:27;7520.0;7722.02;SPXW  261002P07520000;0.0;0.05;delta=-0.001
2026-10-02 12:27;7525.0;7722.02;SPXW  261002P07525000;0.0;0.05;delta=-0.001
2026-10-02 12:27;7530.0;7722.02;SPXW  261002P07530000;0.0;0.05;delta=-0.001
2026-10-02 12:27;7535.0;7722.02;SPXW  261002P07535000;0.0;0.05;delta=-0.001
2026-10-02 12:27;7540.0;7722.02;SPXW  261002P07540000;0.0;0.05;delta=-0.001
2026-10-02 12:27;7545.0;7722.02;SPXW  261002P07545000;0.0;0.05;delta=-0.001
2026-10-02 12:27;7550.0;7722.02;SPXW  261002P07550000;0.0;0.05;delta=-0.001
2026-10-02 12:27;7555.0;7722.02;SPXW  261002P07555000;0.0;0.05;delta=-0.002
2026-10-02 12:27;7560.0;7722.02;SPXW  261002P07560000;0.0;0.05;delta=-0.002
2026-10-02 12:27;7565.0;7722.02;SPXW  261002P07565000;0.0;0.05;delta=-0.002
2026-10-02 12:27;7570.0;7722.02;SPXW  261002P07570000;0.0;0.05;delta=-0.002
2026-10-02 12:27;7575.0;7722.02;SPXW  261002P07575000;0.0;0.05;delta=-0.002
2026-10-02 12:27;7580.0;7722.02;SPXW  261002P07580000;0.0;0.05;delta=-0.002
2026-10-02 12:27;7585.0;7722.02;SPXW  261002P07585000;0.0;0.05;delta=-0.002
2026-10-02 12:27;7590.0;7722.02;SPXW  261002P07590000;0.0;0.05;delta=-0.002
2026-10-02 12:27;7595.0;7722.02;SPXW  261002P07595000;0.0;0.05;delta=-0.002
2026-10-02 12:27;7600.0;7722.02;SPXW  261002P07600000;0.0;0.05;delta=-0.002
2026-10-02 12:27;7605.0;7722.02;SPXW  261002P07605000;0.0;0.05;delta=-0.002
2026-10-02 12:27;7610.0;7722.02;SPXW  261002P07610000;0.0;0.05;delta=-0.002
2026-10-02 12:27;7615.0;7722.02;SPXW  261002P07615000;0.0;0.05;delta=-0.002
2026-10-02 12:27;7620.0;7722.02;SPXW  261002P07620000;0.0;0.05;delta=-0.002
2026-10-02 12:27;7625.0;7722.02;SPXW  261002P07625000;0.0;0.05;delta=-0.002
2026-10-02 12:27;7630.0;7722.02;SPXW  261002P07630000;0.0;0.05;delta=-0.003
2026-10-02 12:27;7635.0;7722.02;SPXW  261002P07635000;0.0;0.05;delta=-0.003
2026-10-02 12:27;7640.0;7722.02;SPXW  261002P07640000;0.0;0.05;delta=-0.003
2026-10-02 12:27;7645.0;7722.02;SPXW  261002P07645000;0.0;0.1;delta=-0.005
2026-10-02 12:27;7650.0;7722.02;SPXW  261002P07650000;0.05;0.1;delta=-0.006
2026-10-02 12:27;7655.0;7722.02;SPXW  261002P07655000;0.05;0.1;delta=-0.008
2026-10-02 12:27;7660.0;7722.02;SPXW  261002P07660000;0.05;0.1;delta=-0.009
2026-10-02 12:27;7665.0;7722.02;SPXW  261002P07665000;0.05;0.1;delta=-0.009
2026-10-02 12:27;7670.0;7722.02;SPXW  261002P07670000;0.05;0.1;delta=-0.01
2026-10-02 12:27;7675.0;7722.02;SPXW  261002P07675000;0.05;0.1;delta=-0.011
2026-10-02 12:27;7680.0;7722.02;SPXW  261002P07680000;0.1;0.15;delta=-0.017
2026-10-02 12:27;7685.0;7722.02;SPXW  261002P07685000;0.1;0.15;delta=-0.019
2026-10-02 12:27;7690.0;7722.02;SPXW  261002P07690000;0.1;0.15;delta=-0.021
2026-10-02 12:27;7695.0;7722.02;SPXW  261002P07695000;0.15;0.2;delta=-0.031
2026-10-02 12:27;7700.0;7722.02;SPXW  261002P07700000;0.2;0.25;delta=-0.043
2026-10-02 12:27;7705.0;7722.02;SPXW  261002P07705000;0.3;0.35;delta=-0.066
2026-10-02 12:27;7710.0;7722.02;SPXW  261002P07710000;0.5;0.55;delta=-0.112
2026-10-02 12:27;7715.0;7722.02;SPXW  261002P07715000;1.0;1.05;delta=-0.217
2026-10-02 12:27;7720.0;7722.02;SPXW  261002P07720000;2.25;2.3;delta=-0.413
2026-10-02 12:27;7725.0;7722.02;SPXW  261002P07725000;4.8;5.0;delta=-0.659
2026-10-02 12:27;7730.0;7722.02;SPXW  261002P07730000;8.7;8.9;delta=-0.837
2026-10-02 12:27;7735.0;7722.02;SPXW  261002P07735000;13.2;13.6;delta=-0.922
2026-10-02 12:27;7740.0;7722.02;SPXW  261002P07740000;18.1;18.4;delta=-0.959
2026-10-02 12:27;7745.0;7722.02;SPXW  261002P07745000;23.0;23.4;delta=-0.973
2026-10-02 12:27;7750.0;7722.02;SPXW  261002P07750000;28.0;28.3;delta=-0.984
2026-10-02 12:27;7755.0;7722.02;SPXW  261002P07755000;33.0;33.3;delta=-0.986
2026-10-02 12:27;7760.0;7722.02;SPXW  261002P07760000;37.9;38.4;delta=-0.987
2026-10-02 12:27;7765.0;7722.02;SPXW  261002P07765000;42.8;43.6;delta=-0.988
2026-10-02 12:27;7770.0;7722.02;SPXW  261002P07770000;47.8;48.6;delta=-0.989
2026-10-02 12:27;7775.0;7722.02;SPXW  261002P07775000;52.8;53.6;delta=-0.99
2026-10-02 12:27;7780.0;7722.02;SPXW  261002P07780000;57.8;58.6;delta=-0.991
2026-10-02 12:27;7785.0;7722.02;SPXW  261002P07785000;62.8;63.6;delta=-0.991
2026-10-02 12:27;7790.0;7722.02;SPXW  261002P07790000;67.8;68.6;delta=-0.997
2026-10-02 12:27;7795.0;7722.02;SPXW  261002P07795000;72.8;73.6;delta=-0.997
2026-10-02 12:27;7800.0;7722.02;SPXW  261002P07800000;77.8;78.5;delta=-0.997
2026-10-02 12:27;7805.0;7722.02;SPXW  261002P07805000;82.8;83.5;delta=-0.997
2026-10-02 12:27;7810.0;7722.02;SPXW  261002P07810000;87.8;88.5;delta=-0.997
2026-10-02 12:27;7815.0;7722.02;SPXW  261002P07815000;92.8;93.5;delta=-0.997
2026-10-02 12:27;7820.0;7722.02;SPXW  261002P07820000;97.8;98.5;delta=-0.998
2026-10-02 12:27;7825.0;7722.02;SPXW  261002P07825000;102.5;103.7;delta=-0.998
2026-10-02 12:27;7830.0;7722.02;SPXW  261002P07830000;107.5;108.7;delta=-0.998
2026-10-02 12:27;7835.0;7722.02;SPXW  261002P07835000;112.5;113.7;delta=-0.998
2026-10-02 12:27;7840.0;7722.02;SPXW  261002P07840000;117.5;118.7;delta=-0.998
2026-10-02 12:27;7845.0;7722.02;SPXW  261002P07845000;122.5;123.7;delta=-0.998
2026-10-02 12:27;7850.0;7722.02;SPXW  261002P07850000;127.5;128.7;delta=-0.998
2026-10-02 12:27;7855.0;7722.02;SPXW  261002P07855000;132.5;133.7;delta=-0.998
2026-10-02 12:27;7860.0;7722.02;SPXW  261002P07860000;137.5;138.7;delta=-0.998
2026-10-02 12:27;7865.0;7722.02;SPXW  261002P07865000;139.7;147.4;delta=-0.998
2026-10-02 12:27;7870.0;7722.02;SPXW  261002P07870000;144.7;152.4;delta=-0.998
2026-10-02 12:27;7875.0;7722.02;SPXW  261002P07875000;149.7;157.4;delta=-0.998
2026-10-02 12:27;7880.0;7722.02;SPXW  261002P07880000;154.7;162.4;delta=-0.998
2026-10-02 12:27;7885.0;7722.02;SPXW  261002P07885000;159.7;167.4;delta=-0.998
2026-10-02 12:27;7890.0;7722.02;SPXW  261002P07890000;164.7;172.4;delta=-0.998
2026-10-02 12:27;7895.0;7722.02;SPXW  261002P07895000;169.7;177.4;delta=-0.998
2026-10-02 12:27;7900.0;7722.02;SPXW  261002P07900000;177.5;178.7;delta=-0.998
2026-10-02 12:27;7905.0;7722.02;SPXW  261002P07905000;179.7;187.4;delta=-0.999
2026-10-02 12:27;7910.0;7722.02;SPXW  261002P07910000;184.7;192.4;delta=-0.999
2026-10-02 12:27;7915.0;7722.02;SPXW  261002P07915000;189.7;197.4;delta=-0.999
2026-10-02 12:27;7920.0;7722.02;SPXW  261002P07920000;194.7;202.4;delta=-0.999
2026-10-02 12:27;7925.0;7722.02;SPXW  261002P07925000;196.3;208.8;delta=-0.999
2026-10-02 12:27;7930.0;7722.02;SPXW  261002P07930000;201.7;214.3;delta=-0.999
2026-10-02 12:27;7935.0;7722.02;SPXW  261002P07935000;206.9;219.3;delta=-0.999
2026-10-02 12:27;7940.0;7722.02;SPXW  261002P07940000;209.1;227.2;delta=-0.999
2026-10-02 12:27;7945.0;7722.02;SPXW  261002P07945000;214.3;231.9;delta=-0.999
2026-10-02 12:27;7950.0;7722.02;SPXW  261002P07950000;219.1;236.9;delta=-0.999
2026-10-02 12:27;7955.0;7722.02;SPXW  261002P07955000;225.3;242.3;delta=-0.999
2026-10-02 12:27;7960.0;7722.02;SPXW  261002P07960000;229.1;246.4;delta=-0.999
2026-10-02 12:27;7965.0;7722.02;SPXW  261002P07965000;232.8;251.4;delta=-0.999
2026-10-02 12:27;7970.0;7722.02;SPXW  261002P07970000;239.1;256.4;delta=-0.999
2026-10-02 12:32;7475.0;7723.62;SPXW  261002C07475000;237.2;257.8;delta=0.999
2026-10-02 12:32;7480.0;7723.62;SPXW  261002C07480000;232.2;252.8;delta=0.999
2026-10-02 12:32;7485.0;7723.62;SPXW  261002C07485000;227.2;245.6;delta=0.999
2026-10-02 12:32;7490.0;7723.62;SPXW  261002C07490000;222.2;242.8;delta=0.999
2026-10-02 12:32;7495.0;7723.62;SPXW  261002C07495000;217.2;235.6;delta=0.999
2026-10-02 12:32;7500.0;7723.62;SPXW  261002C07500000;222.4;223.7;delta=0.999
2026-10-02 12:32;7505.0;7723.62;SPXW  261002C07505000;207.0;225.3;delta=0.999
2026-10-02 12:32;7510.0;7723.62;SPXW  261002C07510000;205.6;219.8;delta=0.999
2026-10-02 12:32;7515.0;7723.62;SPXW  261002C07515000;200.6;214.8;delta=0.999
2026-10-02 12:32;7520.0;7723.62;SPXW  261002C07520000;195.2;208.8;delta=0.999
2026-10-02 12:32;7525.0;7723.62;SPXW  261002C07525000;193.5;201.1;delta=0.999
2026-10-02 12:32;7530.0;7723.62;SPXW  261002C07530000;188.5;196.1;delta=0.999
2026-10-02 12:32;7535.0;7723.62;SPXW  261002C07535000;183.5;191.1;delta=0.999
2026-10-02 12:32;7540.0;7723.62;SPXW  261002C07540000;178.5;186.1;delta=0.999
2026-10-02 12:32;7545.0;7723.62;SPXW  261002C07545000;173.5;181.1;delta=0.998
2026-10-02 12:32;7550.0;7723.62;SPXW  261002C07550000;168.5;176.1;delta=0.998
2026-10-02 12:32;7555.0;7723.62;SPXW  261002C07555000;163.5;171.1;delta=0.998
2026-10-02 12:32;7560.0;7723.62;SPXW  261002C07560000;158.5;166.1;delta=0.998
2026-10-02 12:32;7565.0;7723.62;SPXW  261002C07565000;153.5;161.1;delta=0.998
2026-10-02 12:32;7570.0;7723.62;SPXW  261002C07570000;148.5;156.1;delta=0.998
2026-10-02 12:32;7575.0;7723.62;SPXW  261002C07575000;143.5;151.1;delta=0.998
2026-10-02 12:32;7580.0;7723.62;SPXW  261002C07580000;138.5;146.1;delta=0.998
2026-10-02 12:32;7585.0;7723.62;SPXW  261002C07585000;133.5;141.1;delta=0.998
2026-10-02 12:32;7590.0;7723.62;SPXW  261002C07590000;132.3;133.7;delta=0.998
2026-10-02 12:32;7595.0;7723.62;SPXW  261002C07595000;123.5;131.1;delta=0.998
2026-10-02 12:32;7600.0;7723.62;SPXW  261002C07600000;122.3;123.7;delta=0.998
2026-10-02 12:32;7605.0;7723.62;SPXW  261002C07605000;117.4;118.7;delta=0.998
2026-10-02 12:32;7610.0;7723.62;SPXW  261002C07610000;112.4;113.7;delta=0.998
2026-10-02 12:32;7615.0;7723.62;SPXW  261002C07615000;104.0;111.1;delta=0.998
2026-10-02 12:32;7620.0;7723.62;SPXW  261002C07620000;102.4;103.7;delta=0.998
2026-10-02 12:32;7625.0;7723.62;SPXW  261002C07625000;97.5;98.5;delta=0.998
2026-10-02 12:32;7630.0;7723.62;SPXW  261002C07630000;92.4;93.5;delta=0.997
2026-10-02 12:32;7635.0;7723.62;SPXW  261002C07635000;87.4;88.5;delta=0.997
2026-10-02 12:32;7640.0;7723.62;SPXW  261002C07640000;82.4;83.5;delta=0.997
2026-10-02 12:32;7645.0;7723.62;SPXW  261002C07645000;77.4;78.6;delta=0.997
2026-10-02 12:32;7650.0;7723.62;SPXW  261002C07650000;72.4;73.5;delta=0.997
2026-10-02 12:32;7655.0;7723.62;SPXW  261002C07655000;67.4;68.5;delta=0.992
2026-10-02 12:32;7660.0;7723.62;SPXW  261002C07660000;62.4;63.6;delta=0.994
2026-10-02 12:32;7665.0;7723.62;SPXW  261002C07665000;57.4;58.6;delta=0.991
2026-10-02 12:32;7670.0;7723.62;SPXW  261002C07670000;52.6;53.5;delta=0.99
2026-10-02 12:32;7675.0;7723.62;SPXW  261002C07675000;47.6;48.6;delta=0.989
2026-10-02 12:32;7680.0;7723.62;SPXW  261002C07680000;42.9;43.3;delta=0.988
2026-10-02 12:32;7685.0;7723.62;SPXW  261002C07685000;37.9;38.3;delta=0.981
2026-10-02 12:32;7690.0;7723.62;SPXW  261002C07690000;33.0;33.3;delta=0.979
2026-10-02 12:32;7695.0;7723.62;SPXW  261002C07695000;28.0;28.3;delta=0.969
2026-10-02 12:32;7700.0;7723.62;SPXW  261002C07700000;23.0;23.4;delta=0.965
2026-10-02 12:32;7705.0;7723.62;SPXW  261002C07705000;18.1;18.4;delta=0.943
2026-10-02 12:32;7710.0;7723.62;SPXW  261002C07710000;13.2;13.6;delta=0.906
2026-10-02 12:32;7715.0;7723.62;SPXW  261002C07715000;8.7;9.0;delta=0.819
2026-10-02 12:32;7720.0;7723.62;SPXW  261002C07720000;4.8;4.9;delta=0.633
2026-10-02 12:32;7725.0;7723.62;SPXW  261002C07725000;2.15;2.25;delta=0.38
2026-10-02 12:32;7730.0;7723.62;SPXW  261002C07730000;0.85;0.9;delta=0.179
2026-10-02 12:32;7735.0;7723.62;SPXW  261002C07735000;0.35;0.4;delta=0.081
2026-10-02 12:32;7740.0;7723.62;SPXW  261002C07740000;0.15;0.2;delta=0.043
2026-10-02 12:32;7745.0;7723.62;SPXW  261002C07745000;0.1;0.15;delta=0.028
2026-10-02 12:32;7750.0;7723.62;SPXW  261002C07750000;0.1;0.15;delta=0.024
2026-10-02 12:32;7755.0;7723.62;SPXW  261002C07755000;0.05;0.1;delta=0.014
2026-10-02 12:32;7760.0;7723.62;SPXW  261002C07760000;0.05;0.1;delta=0.013
2026-10-02 12:32;7765.0;7723.62;SPXW  261002C07765000;0.05;0.1;delta=0.012
2026-10-02 12:32;7770.0;7723.62;SPXW  261002C07770000;0.05;0.1;delta=0.011
2026-10-02 12:32;7775.0;7723.62;SPXW  261002C07775000;0.05;0.1;delta=0.01
2026-10-02 12:32;7780.0;7723.62;SPXW  261002C07780000;0.0;0.1;delta=0.007
2026-10-02 12:32;7785.0;7723.62;SPXW  261002C07785000;0.0;0.05;delta=0.004
2026-10-02 12:32;7790.0;7723.62;SPXW  261002C07790000;0.0;0.05;delta=0.003
2026-10-02 12:32;7795.0;7723.62;SPXW  261002C07795000;0.0;0.05;delta=0.003
2026-10-02 12:32;7800.0;7723.62;SPXW  261002C07800000;0.0;0.05;delta=0.003
2026-10-02 12:32;7805.0;7723.62;SPXW  261002C07805000;0.0;0.05;delta=0.003
2026-10-02 12:32;7810.0;7723.62;SPXW  261002C07810000;0.0;0.05;delta=0.003
2026-10-02 12:32;7815.0;7723.62;SPXW  261002C07815000;0.0;0.05;delta=0.003
2026-10-02 12:32;7820.0;7723.62;SPXW  261002C07820000;0.0;0.05;delta=0.002
2026-10-02 12:32;7825.0;7723.62;SPXW  261002C07825000;0.0;0.05;delta=0.002
2026-10-02 12:32;7830.0;7723.62;SPXW  261002C07830000;0.0;0.05;delta=0.002
2026-10-02 12:32;7835.0;7723.62;SPXW  261002C07835000;0.0;0.05;delta=0.002
2026-10-02 12:32;7840.0;7723.62;SPXW  261002C07840000;0.0;0.05;delta=0.002
2026-10-02 12:32;7845.0;7723.62;SPXW  261002C07845000;0.0;0.05;delta=0.002
2026-10-02 12:32;7850.0;7723.62;SPXW  261002C07850000;0.0;0.05;delta=0.002
2026-10-02 12:32;7855.0;7723.62;SPXW  261002C07855000;0.0;0.05;delta=0.002
2026-10-02 12:32;7860.0;7723.62;SPXW  261002C07860000;0.0;0.05;delta=0.002
2026-10-02 12:32;7865.0;7723.62;SPXW  261002C07865000;0.0;0.05;delta=0.002
2026-10-02 12:32;7870.0;7723.62;SPXW  261002C07870000;0.0;0.05;delta=0.002
2026-10-02 12:32;7875.0;7723.62;SPXW  261002C07875000;0.0;0.05;delta=0.002
2026-10-02 12:32;7880.0;7723.62;SPXW  261002C07880000;0.0;0.05;delta=0.002
2026-10-02 12:32;7885.0;7723.62;SPXW  261002C07885000;0.0;0.05;delta=0.002
2026-10-02 12:32;7890.0;7723.62;SPXW  261002C07890000;0.0;0.05;delta=0.002
2026-10-02 12:32;7895.0;7723.62;SPXW  261002C07895000;0.0;0.05;delta=0.002
2026-10-02 12:32;7900.0;7723.62;SPXW  261002C07900000;0.0;0.05;delta=0.001
2026-10-02 12:32;7905.0;7723.62;SPXW  261002C07905000;0.0;0.05;delta=0.001
2026-10-02 12:32;7910.0;7723.62;SPXW  261002C07910000;0.0;0.05;delta=0.001
2026-10-02 12:32;7915.0;7723.62;SPXW  261002C07915000;0.0;0.05;delta=0.001
2026-10-02 12:32;7920.0;7723.62;SPXW  261002C07920000;0.0;0.05;delta=0.001
2026-10-02 12:32;7925.0;7723.62;SPXW  261002C07925000;0.0;0.05;delta=0.001
2026-10-02 12:32;7930.0;7723.62;SPXW  261002C07930000;0.0;0.05;delta=0.001
2026-10-02 12:32;7935.0;7723.62;SPXW  261002C07935000;0.0;0.05;delta=0.001
2026-10-02 12:32;7940.0;7723.62;SPXW  261002C07940000;0.0;0.05;delta=0.001
2026-10-02 12:32;7945.0;7723.62;SPXW  261002C07945000;0.0;0.05;delta=0.001
2026-10-02 12:32;7950.0;7723.62;SPXW  261002C07950000;0.0;0.05;delta=0.001
2026-10-02 12:32;7955.0;7723.62;SPXW  261002C07955000;0.0;0.05;delta=0.001
2026-10-02 12:32;7960.0;7723.62;SPXW  261002C07960000;0.0;0.05;delta=0.001
2026-10-02 12:32;7965.0;7723.62;SPXW  261002C07965000;0.0;0.05;delta=0.001
2026-10-02 12:32;7970.0;7723.62;SPXW  261002C07970000;0.0;0.05;delta=0.001
2026-10-02 12:32;7475.0;7723.62;SPXW  261002P07475000;0.0;0.05;delta=-0.001
2026-10-02 12:32;7480.0;7723.62;SPXW  261002P07480000;0.0;0.05;delta=-0.001
2026-10-02 12:32;7485.0;7723.62;SPXW  261002P07485000;0.0;0.05;delta=-0.001
2026-10-02 12:32;7490.0;7723.62;SPXW  261002P07490000;0.0;0.05;delta=-0.001
2026-10-02 12:32;7495.0;7723.62;SPXW  261002P07495000;0.0;0.05;delta=-0.001
2026-10-02 12:32;7500.0;7723.62;SPXW  261002P07500000;0.0;0.05;delta=-0.001
2026-10-02 12:32;7505.0;7723.62;SPXW  261002P07505000;0.0;0.05;delta=-0.001
2026-10-02 12:32;7510.0;7723.62;SPXW  261002P07510000;0.0;0.05;delta=-0.001
2026-10-02 12:32;7515.0;7723.62;SPXW  261002P07515000;0.0;0.05;delta=-0.001
2026-10-02 12:32;7520.0;7723.62;SPXW  261002P07520000;0.0;0.05;delta=-0.001
2026-10-02 12:32;7525.0;7723.62;SPXW  261002P07525000;0.0;0.05;delta=-0.001
2026-10-02 12:32;7530.0;7723.62;SPXW  261002P07530000;0.0;0.05;delta=-0.001
2026-10-02 12:32;7535.0;7723.62;SPXW  261002P07535000;0.0;0.05;delta=-0.001
2026-10-02 12:32;7540.0;7723.62;SPXW  261002P07540000;0.0;0.05;delta=-0.001
2026-10-02 12:32;7545.0;7723.62;SPXW  261002P07545000;0.0;0.05;delta=-0.001
2026-10-02 12:32;7550.0;7723.62;SPXW  261002P07550000;0.0;0.05;delta=-0.001
2026-10-02 12:32;7555.0;7723.62;SPXW  261002P07555000;0.0;0.05;delta=-0.002
2026-10-02 12:32;7560.0;7723.62;SPXW  261002P07560000;0.0;0.05;delta=-0.002
2026-10-02 12:32;7565.0;7723.62;SPXW  261002P07565000;0.0;0.05;delta=-0.002
2026-10-02 12:32;7570.0;7723.62;SPXW  261002P07570000;0.0;0.05;delta=-0.002
2026-10-02 12:32;7575.0;7723.62;SPXW  261002P07575000;0.0;0.05;delta=-0.002
2026-10-02 12:32;7580.0;7723.62;SPXW  261002P07580000;0.0;0.05;delta=-0.002
2026-10-02 12:32;7585.0;7723.62;SPXW  261002P07585000;0.0;0.05;delta=-0.002
2026-10-02 12:32;7590.0;7723.62;SPXW  261002P07590000;0.0;0.05;delta=-0.002
2026-10-02 12:32;7595.0;7723.62;SPXW  261002P07595000;0.0;0.05;delta=-0.002
2026-10-02 12:32;7600.0;7723.62;SPXW  261002P07600000;0.0;0.05;delta=-0.002
2026-10-02 12:32;7605.0;7723.62;SPXW  261002P07605000;0.0;0.05;delta=-0.002
2026-10-02 12:32;7610.0;7723.62;SPXW  261002P07610000;0.0;0.05;delta=-0.002
2026-10-02 12:32;7615.0;7723.62;SPXW  261002P07615000;0.0;0.05;delta=-0.002
2026-10-02 12:32;7620.0;7723.62;SPXW  261002P07620000;0.0;0.05;delta=-0.002
2026-10-02 12:32;7625.0;7723.62;SPXW  261002P07625000;0.0;0.05;delta=-0.002
2026-10-02 12:32;7630.0;7723.62;SPXW  261002P07630000;0.0;0.05;delta=-0.002
2026-10-02 12:32;7635.0;7723.62;SPXW  261002P07635000;0.0;0.05;delta=-0.003
2026-10-02 12:32;7640.0;7723.62;SPXW  261002P07640000;0.0;0.05;delta=-0.003
2026-10-02 12:32;7645.0;7723.62;SPXW  261002P07645000;0.0;0.05;delta=-0.003
2026-10-02 12:32;7650.0;7723.62;SPXW  261002P07650000;0.0;0.05;delta=-0.003
2026-10-02 12:32;7655.0;7723.62;SPXW  261002P07655000;0.05;0.1;delta=-0.008
2026-10-02 12:32;7660.0;7723.62;SPXW  261002P07660000;0.0;0.1;delta=-0.006
2026-10-02 12:32;7665.0;7723.62;SPXW  261002P07665000;0.05;0.1;delta=-0.009
2026-10-02 12:32;7670.0;7723.62;SPXW  261002P07670000;0.05;0.1;delta=-0.01
2026-10-02 12:32;7675.0;7723.62;SPXW  261002P07675000;0.05;0.1;delta=-0.011
2026-10-02 12:32;7680.0;7723.62;SPXW  261002P07680000;0.05;0.1;delta=-0.011
2026-10-02 12:32;7685.0;7723.62;SPXW  261002P07685000;0.1;0.15;delta=-0.019
2026-10-02 12:32;7690.0;7723.62;SPXW  261002P07690000;0.1;0.15;delta=-0.021
2026-10-02 12:32;7695.0;7723.62;SPXW  261002P07695000;0.15;0.2;delta=-0.03
2026-10-02 12:32;7700.0;7723.62;SPXW  261002P07700000;0.15;0.2;delta=-0.035
2026-10-02 12:32;7705.0;7723.62;SPXW  261002P07705000;0.25;0.3;delta=-0.049
2026-10-02 12:32;7710.0;7723.62;SPXW  261002P07710000;0.35;0.4;delta=-0.085
2026-10-02 12:32;7715.0;7723.62;SPXW  261002P07715000;0.75;0.85;delta=-0.17
2026-10-02 12:32;7720.0;7723.62;SPXW  261002P07720000;1.85;1.95;delta=-0.346
2026-10-02 12:32;7725.0;7723.62;SPXW  261002P07725000;4.2;4.3;delta=-0.597
2026-10-02 12:32;7730.0;7723.62;SPXW  261002P07730000;7.9;8.1;delta=-0.804
2026-10-02 12:32;7735.0;7723.62;SPXW  261002P07735000;12.4;12.7;delta=-0.909
2026-10-02 12:32;7740.0;7723.62;SPXW  261002P07740000;17.2;17.5;delta=-0.956
2026-10-02 12:32;7745.0;7723.62;SPXW  261002P07745000;22.1;22.5;delta=-0.972
2026-10-02 12:32;7750.0;7723.62;SPXW  261002P07750000;27.1;27.4;delta=-0.976
2026-10-02 12:32;7755.0;7723.62;SPXW  261002P07755000;32.1;32.4;delta=-0.985
2026-10-02 12:32;7760.0;7723.62;SPXW  261002P07760000;37.0;37.4;delta=-0.987
2026-10-02 12:32;7765.0;7723.62;SPXW  261002P07765000;41.7;42.7;delta=-0.988
2026-10-02 12:32;7770.0;7723.62;SPXW  261002P07770000;46.7;47.7;delta=-0.989
2026-10-02 12:32;7775.0;7723.62;SPXW  261002P07775000;51.7;52.7;delta=-0.99
2026-10-02 12:32;7780.0;7723.62;SPXW  261002P07780000;56.7;57.7;delta=-0.996
2026-10-02 12:32;7785.0;7723.62;SPXW  261002P07785000;61.7;62.7;delta=-0.996
2026-10-02 12:32;7790.0;7723.62;SPXW  261002P07790000;66.7;67.7;delta=-0.997
2026-10-02 12:32;7795.0;7723.62;SPXW  261002P07795000;71.7;72.7;delta=-0.997
2026-10-02 12:32;7800.0;7723.62;SPXW  261002P07800000;76.7;77.7;delta=-0.997
2026-10-02 12:32;7805.0;7723.62;SPXW  261002P07805000;81.7;82.7;delta=-0.997
2026-10-02 12:32;7810.0;7723.62;SPXW  261002P07810000;86.7;87.6;delta=-0.997
2026-10-02 12:32;7815.0;7723.62;SPXW  261002P07815000;91.7;92.6;delta=-0.997
2026-10-02 12:32;7820.0;7723.62;SPXW  261002P07820000;96.7;97.6;delta=-0.998
2026-10-02 12:32;7825.0;7723.62;SPXW  261002P07825000;101.6;102.7;delta=-0.998
2026-10-02 12:32;7830.0;7723.62;SPXW  261002P07830000;106.6;107.7;delta=-0.998
2026-10-02 12:32;7835.0;7723.62;SPXW  261002P07835000;111.6;112.7;delta=-0.998
2026-10-02 12:32;7840.0;7723.62;SPXW  261002P07840000;116.6;117.7;delta=-0.998
2026-10-02 12:32;7845.0;7723.62;SPXW  261002P07845000;118.5;126.0;delta=-0.998
2026-10-02 12:32;7850.0;7723.62;SPXW  261002P07850000;126.6;127.8;delta=-0.998
2026-10-02 12:32;7855.0;7723.62;SPXW  261002P07855000;131.6;132.8;delta=-0.998
2026-10-02 12:32;7860.0;7723.62;SPXW  261002P07860000;136.6;137.8;delta=-0.998
2026-10-02 12:32;7865.0;7723.62;SPXW  261002P07865000;138.9;146.0;delta=-0.998
2026-10-02 12:32;7870.0;7723.62;SPXW  261002P07870000;143.9;151.0;delta=-0.998
2026-10-02 12:32;7875.0;7723.62;SPXW  261002P07875000;148.9;156.0;delta=-0.998
2026-10-02 12:32;7880.0;7723.62;SPXW  261002P07880000;153.9;161.0;delta=-0.998
2026-10-02 12:32;7885.0;7723.62;SPXW  261002P07885000;158.9;166.0;delta=-0.998
2026-10-02 12:32;7890.0;7723.62;SPXW  261002P07890000;163.9;171.0;delta=-0.998
2026-10-02 12:32;7895.0;7723.62;SPXW  261002P07895000;168.9;176.0;delta=-0.998
2026-10-02 12:32;7900.0;7723.62;SPXW  261002P07900000;176.6;177.7;delta=-0.998
2026-10-02 12:32;7905.0;7723.62;SPXW  261002P07905000;178.9;186.0;delta=-0.998
2026-10-02 12:32;7910.0;7723.62;SPXW  261002P07910000;183.9;191.0;delta=-0.999
2026-10-02 12:32;7915.0;7723.62;SPXW  261002P07915000;188.9;196.0;delta=-0.999
2026-10-02 12:32;7920.0;7723.62;SPXW  261002P07920000;193.9;201.0;delta=-0.999
2026-10-02 12:32;7925.0;7723.62;SPXW  261002P07925000;195.2;208.9;delta=-0.999
2026-10-02 12:32;7930.0;7723.62;SPXW  261002P07930000;200.5;214.2;delta=-0.999
2026-10-02 12:32;7935.0;7723.62;SPXW  261002P07935000;205.5;219.2;delta=-0.999
2026-10-02 12:32;7940.0;7723.62;SPXW  261002P07940000;209.2;224.5;delta=-0.999
2026-10-02 12:32;7945.0;7723.62;SPXW  261002P07945000;214.3;231.7;delta=-0.999
2026-10-02 12:32;7950.0;7723.62;SPXW  261002P07950000;215.7;236.3;delta=-0.999
2026-10-02 12:32;7955.0;7723.62;SPXW  261002P07955000;225.3;242.5;delta=-0.999
2026-10-02 12:32;7960.0;7723.62;SPXW  261002P07960000;228.5;246.2;delta=-0.999
2026-10-02 12:32;7965.0;7723.62;SPXW  261002P07965000;232.4;251.2;delta=-0.999
2026-10-02 12:32;7970.0;7723.62;SPXW  261002P07970000;238.4;256.2;delta=-0.999
2026-10-02 12:37;7480.0;7725.86;SPXW  261002C07480000;236.0;253.5;delta=0.999
2026-10-02 12:37;7485.0;7725.86;SPXW  261002C07485000;231.0;248.9;delta=0.999
2026-10-02 12:37;7490.0;7725.86;SPXW  261002C07490000;226.0;245.0;delta=0.999
2026-10-02 12:37;7495.0;7725.86;SPXW  261002C07495000;221.0;238.9;delta=0.999
2026-10-02 12:37;7500.0;7725.86;SPXW  261002C07500000;224.2;225.6;delta=0.999
2026-10-02 12:37;7505.0;7725.86;SPXW  261002C07505000;210.1;230.6;delta=0.999
2026-10-02 12:37;7510.0;7725.86;SPXW  261002C07510000;209.5;221.7;delta=0.999
2026-10-02 12:37;7515.0;7725.86;SPXW  261002C07515000;204.5;216.8;delta=0.999
2026-10-02 12:37;7520.0;7725.86;SPXW  261002C07520000;199.5;211.7;delta=0.999
2026-10-02 12:37;7525.0;7725.86;SPXW  261002C07525000;195.8;203.9;delta=0.999
2026-10-02 12:37;7530.0;7725.86;SPXW  261002C07530000;192.4;198.8;delta=0.999
2026-10-02 12:37;7535.0;7725.86;SPXW  261002C07535000;187.4;193.8;delta=0.999
2026-10-02 12:37;7540.0;7725.86;SPXW  261002C07540000;182.4;188.8;delta=0.999
2026-10-02 12:37;7545.0;7725.86;SPXW  261002C07545000;177.4;183.8;delta=0.998
2026-10-02 12:37;7550.0;7725.86;SPXW  261002C07550000;172.4;178.8;delta=0.998
2026-10-02 12:37;7555.0;7725.86;SPXW  261002C07555000;167.4;173.8;delta=0.998
2026-10-02 12:37;7560.0;7725.86;SPXW  261002C07560000;162.4;168.8;delta=0.998
2026-10-02 12:37;7565.0;7725.86;SPXW  261002C07565000;157.4;163.8;delta=0.998
2026-10-02 12:37;7570.0;7725.86;SPXW  261002C07570000;152.4;158.8;delta=0.998
2026-10-02 12:37;7575.0;7725.86;SPXW  261002C07575000;147.4;153.8;delta=0.998
2026-10-02 12:37;7580.0;7725.86;SPXW  261002C07580000;142.4;148.8;delta=0.998
2026-10-02 12:37;7585.0;7725.86;SPXW  261002C07585000;137.4;143.8;delta=0.998
2026-10-02 12:37;7590.0;7725.86;SPXW  261002C07590000;134.2;135.8;delta=0.998
2026-10-02 12:37;7595.0;7725.86;SPXW  261002C07595000;127.4;133.8;delta=0.998
2026-10-02 12:37;7600.0;7725.86;SPXW  261002C07600000;124.2;125.6;delta=0.998
2026-10-02 12:37;7605.0;7725.86;SPXW  261002C07605000;119.2;120.6;delta=0.998
2026-10-02 12:37;7610.0;7725.86;SPXW  261002C07610000;114.3;115.6;delta=0.998
2026-10-02 12:37;7615.0;7725.86;SPXW  261002C07615000;109.2;110.8;delta=0.998
2026-10-02 12:37;7620.0;7725.86;SPXW  261002C07620000;104.3;105.6;delta=0.998
2026-10-02 12:37;7625.0;7725.86;SPXW  261002C07625000;99.3;100.1;delta=0.998
2026-10-02 12:37;7630.0;7725.86;SPXW  261002C07630000;94.3;95.2;delta=0.997
2026-10-02 12:37;7635.0;7725.86;SPXW  261002C07635000;89.3;90.2;delta=0.997
2026-10-02 12:37;7640.0;7725.86;SPXW  261002C07640000;84.3;85.1;delta=0.997
2026-10-02 12:37;7645.0;7725.86;SPXW  261002C07645000;79.3;80.2;delta=0.997
2026-10-02 12:37;7650.0;7725.86;SPXW  261002C07650000;74.4;75.2;delta=0.997
2026-10-02 12:37;7655.0;7725.86;SPXW  261002C07655000;69.3;70.2;delta=0.997
2026-10-02 12:37;7660.0;7725.86;SPXW  261002C07660000;64.4;65.3;delta=0.996
2026-10-02 12:37;7665.0;7725.86;SPXW  261002C07665000;59.4;60.3;delta=0.996
2026-10-02 12:37;7670.0;7725.86;SPXW  261002C07670000;54.4;55.2;delta=0.99
2026-10-02 12:37;7675.0;7725.86;SPXW  261002C07675000;49.4;50.3;delta=0.99
2026-10-02 12:37;7680.0;7725.86;SPXW  261002C07680000;44.5;45.3;delta=0.989
2026-10-02 12:37;7685.0;7725.86;SPXW  261002C07685000;39.8;40.2;delta=0.988
2026-10-02 12:37;7690.0;7725.86;SPXW  261002C07690000;34.8;35.2;delta=0.986
2026-10-02 12:37;7695.0;7725.86;SPXW  261002C07695000;29.8;30.2;delta=0.978
2026-10-02 12:37;7700.0;7725.86;SPXW  261002C07700000;24.8;25.2;delta=0.974
2026-10-02 12:37;7705.0;7725.86;SPXW  261002C07705000;19.9;20.3;delta=0.962
2026-10-02 12:37;7710.0;7725.86;SPXW  261002C07710000;15.0;15.4;delta=0.936
2026-10-02 12:37;7715.0;7725.86;SPXW  261002C07715000;10.3;10.6;delta=0.872
2026-10-02 12:37;7720.0;7725.86;SPXW  261002C07720000;6.1;6.4;delta=0.735
2026-10-02 12:37;7725.0;7725.86;SPXW  261002C07725000;3.0;3.1;delta=0.509
2026-10-02 12:37;7730.0;7725.86;SPXW  261002C07730000;1.25;1.3;delta=0.272
2026-10-02 12:37;7735.0;7725.86;SPXW  261002C07735000;0.5;0.55;delta=0.131
2026-10-02 12:37;7740.0;7725.86;SPXW  261002C07740000;0.25;0.3;delta=0.065
2026-10-02 12:37;7745.0;7725.86;SPXW  261002C07745000;0.15;0.2;delta=0.039
2026-10-02 12:37;7750.0;7725.86;SPXW  261002C07750000;0.1;0.15;delta=0.026
2026-10-02 12:37;7755.0;7725.86;SPXW  261002C07755000;0.05;0.1;delta=0.015
2026-10-02 12:37;7760.0;7725.86;SPXW  261002C07760000;0.05;0.1;delta=0.014
2026-10-02 12:37;7765.0;7725.86;SPXW  261002C07765000;0.05;0.1;delta=0.012
2026-10-02 12:37;7770.0;7725.86;SPXW  261002C07770000;0.05;0.1;delta=0.011
2026-10-02 12:37;7775.0;7725.86;SPXW  261002C07775000;0.0;0.05;delta=0.004
2026-10-02 12:37;7780.0;7725.86;SPXW  261002C07780000;0.0;0.05;delta=0.004
2026-10-02 12:37;7785.0;7725.86;SPXW  261002C07785000;0.0;0.05;delta=0.004
2026-10-02 12:37;7790.0;7725.86;SPXW  261002C07790000;0.0;0.05;delta=0.003
2026-10-02 12:37;7795.0;7725.86;SPXW  261002C07795000;0.0;0.05;delta=0.003
2026-10-02 12:37;7800.0;7725.86;SPXW  261002C07800000;0.0;0.05;delta=0.003
2026-10-02 12:37;7805.0;7725.86;SPXW  261002C07805000;0.0;0.05;delta=0.003
2026-10-02 12:37;7810.0;7725.86;SPXW  261002C07810000;0.0;0.05;delta=0.003
2026-10-02 12:37;7815.0;7725.86;SPXW  261002C07815000;0.0;0.05;delta=0.003
2026-10-02 12:37;7820.0;7725.86;SPXW  261002C07820000;0.0;0.05;delta=0.002
2026-10-02 12:37;7825.0;7725.86;SPXW  261002C07825000;0.0;0.05;delta=0.002
2026-10-02 12:37;7830.0;7725.86;SPXW  261002C07830000;0.0;0.05;delta=0.002
2026-10-02 12:37;7835.0;7725.86;SPXW  261002C07835000;0.0;0.05;delta=0.002
2026-10-02 12:37;7840.0;7725.86;SPXW  261002C07840000;0.0;0.05;delta=0.002
2026-10-02 12:37;7845.0;7725.86;SPXW  261002C07845000;0.0;0.05;delta=0.002
2026-10-02 12:37;7850.0;7725.86;SPXW  261002C07850000;0.0;0.05;delta=0.002
2026-10-02 12:37;7855.0;7725.86;SPXW  261002C07855000;0.0;0.05;delta=0.002
2026-10-02 12:37;7860.0;7725.86;SPXW  261002C07860000;0.0;0.05;delta=0.002
2026-10-02 12:37;7865.0;7725.86;SPXW  261002C07865000;0.0;0.05;delta=0.002
2026-10-02 12:37;7870.0;7725.86;SPXW  261002C07870000;0.0;0.05;delta=0.002
2026-10-02 12:37;7875.0;7725.86;SPXW  261002C07875000;0.0;0.05;delta=0.002
2026-10-02 12:37;7880.0;7725.86;SPXW  261002C07880000;0.0;0.05;delta=0.002
2026-10-02 12:37;7885.0;7725.86;SPXW  261002C07885000;0.0;0.05;delta=0.002
2026-10-02 12:37;7890.0;7725.86;SPXW  261002C07890000;0.0;0.05;delta=0.002
2026-10-02 12:37;7895.0;7725.86;SPXW  261002C07895000;0.0;0.05;delta=0.002
2026-10-02 12:37;7900.0;7725.86;SPXW  261002C07900000;0.0;0.05;delta=0.002
2026-10-02 12:37;7905.0;7725.86;SPXW  261002C07905000;0.0;0.05;delta=0.001
2026-10-02 12:37;7910.0;7725.86;SPXW  261002C07910000;0.0;0.05;delta=0.001
2026-10-02 12:37;7915.0;7725.86;SPXW  261002C07915000;0.0;0.05;delta=0.001
2026-10-02 12:37;7920.0;7725.86;SPXW  261002C07920000;0.0;0.05;delta=0.001
2026-10-02 12:37;7925.0;7725.86;SPXW  261002C07925000;0.0;0.05;delta=0.001
2026-10-02 12:37;7930.0;7725.86;SPXW  261002C07930000;0.0;0.05;delta=0.001
2026-10-02 12:37;7935.0;7725.86;SPXW  261002C07935000;0.0;0.05;delta=0.001
2026-10-02 12:37;7940.0;7725.86;SPXW  261002C07940000;0.0;0.05;delta=0.001
2026-10-02 12:37;7945.0;7725.86;SPXW  261002C07945000;0.0;0.05;delta=0.001
2026-10-02 12:37;7950.0;7725.86;SPXW  261002C07950000;0.0;0.05;delta=0.001
2026-10-02 12:37;7955.0;7725.86;SPXW  261002C07955000;0.0;0.05;delta=0.001
2026-10-02 12:37;7960.0;7725.86;SPXW  261002C07960000;0.0;0.05;delta=0.001
2026-10-02 12:37;7965.0;7725.86;SPXW  261002C07965000;0.0;0.05;delta=0.001
2026-10-02 12:37;7970.0;7725.86;SPXW  261002C07970000;0.0;0.05;delta=0.001
2026-10-02 12:37;7975.0;7725.86;SPXW  261002C07975000;0.0;0.05;delta=0.001
2026-10-02 12:37;7480.0;7725.86;SPXW  261002P07480000;0.0;0.05;delta=-0.001
2026-10-02 12:37;7485.0;7725.86;SPXW  261002P07485000;0.0;0.05;delta=-0.001
2026-10-02 12:37;7490.0;7725.86;SPXW  261002P07490000;0.0;0.05;delta=-0.001
2026-10-02 12:37;7495.0;7725.86;SPXW  261002P07495000;0.0;0.05;delta=-0.001
2026-10-02 12:37;7500.0;7725.86;SPXW  261002P07500000;0.0;0.05;delta=-0.001
2026-10-02 12:37;7505.0;7725.86;SPXW  261002P07505000;0.0;0.05;delta=-0.001
2026-10-02 12:37;7510.0;7725.86;SPXW  261002P07510000;0.0;0.05;delta=-0.001
2026-10-02 12:37;7515.0;7725.86;SPXW  261002P07515000;0.0;0.05;delta=-0.001
2026-10-02 12:37;7520.0;7725.86;SPXW  261002P07520000;0.0;0.05;delta=-0.001
2026-10-02 12:37;7525.0;7725.86;SPXW  261002P07525000;0.0;0.05;delta=-0.001
2026-10-02 12:37;7530.0;7725.86;SPXW  261002P07530000;0.0;0.05;delta=-0.001
2026-10-02 12:37;7535.0;7725.86;SPXW  261002P07535000;0.0;0.05;delta=-0.001
2026-10-02 12:37;7540.0;7725.86;SPXW  261002P07540000;0.0;0.05;delta=-0.001
2026-10-02 12:37;7545.0;7725.86;SPXW  261002P07545000;0.0;0.05;delta=-0.001
2026-10-02 12:37;7550.0;7725.86;SPXW  261002P07550000;0.0;0.05;delta=-0.001
2026-10-02 12:37;7555.0;7725.86;SPXW  261002P07555000;0.0;0.05;delta=-0.002
2026-10-02 12:37;7560.0;7725.86;SPXW  261002P07560000;0.0;0.05;delta=-0.002
2026-10-02 12:37;7565.0;7725.86;SPXW  261002P07565000;0.0;0.05;delta=-0.002
2026-10-02 12:37;7570.0;7725.86;SPXW  261002P07570000;0.0;0.05;delta=-0.002
2026-10-02 12:37;7575.0;7725.86;SPXW  261002P07575000;0.0;0.05;delta=-0.002
2026-10-02 12:37;7580.0;7725.86;SPXW  261002P07580000;0.0;0.05;delta=-0.002
2026-10-02 12:37;7585.0;7725.86;SPXW  261002P07585000;0.0;0.05;delta=-0.002
2026-10-02 12:37;7590.0;7725.86;SPXW  261002P07590000;0.0;0.05;delta=-0.002
2026-10-02 12:37;7595.0;7725.86;SPXW  261002P07595000;0.0;0.05;delta=-0.002
2026-10-02 12:37;7600.0;7725.86;SPXW  261002P07600000;0.0;0.05;delta=-0.002
2026-10-02 12:37;7605.0;7725.86;SPXW  261002P07605000;0.0;0.05;delta=-0.002
2026-10-02 12:37;7610.0;7725.86;SPXW  261002P07610000;0.0;0.05;delta=-0.002
2026-10-02 12:37;7615.0;7725.86;SPXW  261002P07615000;0.0;0.05;delta=-0.002
2026-10-02 12:37;7620.0;7725.86;SPXW  261002P07620000;0.0;0.05;delta=-0.002
2026-10-02 12:37;7625.0;7725.86;SPXW  261002P07625000;0.0;0.05;delta=-0.002
2026-10-02 12:37;7630.0;7725.86;SPXW  261002P07630000;0.0;0.05;delta=-0.002
2026-10-02 12:37;7635.0;7725.86;SPXW  261002P07635000;0.0;0.05;delta=-0.003
2026-10-02 12:37;7640.0;7725.86;SPXW  261002P07640000;0.0;0.05;delta=-0.003
2026-10-02 12:37;7645.0;7725.86;SPXW  261002P07645000;0.0;0.05;delta=-0.003
2026-10-02 12:37;7650.0;7725.86;SPXW  261002P07650000;0.0;0.05;delta=-0.003
2026-10-02 12:37;7655.0;7725.86;SPXW  261002P07655000;0.0;0.05;delta=-0.003
2026-10-02 12:37;7660.0;7725.86;SPXW  261002P07660000;0.0;0.05;delta=-0.003
2026-10-02 12:37;7665.0;7725.86;SPXW  261002P07665000;0.0;0.05;delta=-0.004
2026-10-02 12:37;7670.0;7725.86;SPXW  261002P07670000;0.05;0.1;delta=-0.009
2026-10-02 12:37;7675.0;7725.86;SPXW  261002P07675000;0.05;0.1;delta=-0.01
2026-10-02 12:37;7680.0;7725.86;SPXW  261002P07680000;0.05;0.1;delta=-0.011
2026-10-02 12:37;7685.0;7725.86;SPXW  261002P07685000;0.05;0.1;delta=-0.012
2026-10-02 12:37;7690.0;7725.86;SPXW  261002P07690000;0.05;0.1;delta=-0.013
2026-10-02 12:37;7695.0;7725.86;SPXW  261002P07695000;0.1;0.15;delta=-0.022
2026-10-02 12:37;7700.0;7725.86;SPXW  261002P07700000;0.1;0.15;delta=-0.025
2026-10-02 12:37;7705.0;7725.86;SPXW  261002P07705000;0.15;0.2;delta=-0.038
2026-10-02 12:37;7710.0;7725.86;SPXW  261002P07710000;0.25;0.3;delta=-0.063
2026-10-02 12:37;7715.0;7725.86;SPXW  261002P07715000;0.5;0.6;delta=-0.128
2026-10-02 12:37;7720.0;7725.86;SPXW  261002P07720000;1.25;1.35;delta=-0.265
2026-10-02 12:37;7725.0;7725.86;SPXW  261002P07725000;3.0;3.1;delta=-0.491
2026-10-02 12:37;7730.0;7725.86;SPXW  261002P07730000;6.1;6.3;delta=-0.728
2026-10-02 12:37;7735.0;7725.86;SPXW  261002P07735000;10.3;10.5;delta=-0.869
2026-10-02 12:37;7740.0;7725.86;SPXW  261002P07740000;14.9;15.2;delta=-0.935
2026-10-02 12:37;7745.0;7725.86;SPXW  261002P07745000;19.8;20.1;delta=-0.961
2026-10-02 12:37;7750.0;7725.86;SPXW  261002P07750000;24.8;25.1;delta=-0.974
2026-10-02 12:37;7755.0;7725.86;SPXW  261002P07755000;29.8;30.1;delta=-0.985
2026-10-02 12:37;7760.0;7725.86;SPXW  261002P07760000;34.7;35.1;delta=-0.986
2026-10-02 12:37;7765.0;7725.86;SPXW  261002P07765000;39.5;40.3;delta=-0.988
2026-10-02 12:37;7770.0;7725.86;SPXW  261002P07770000;44.5;45.3;delta=-0.989
2026-10-02 12:37;7775.0;7725.86;SPXW  261002P07775000;49.5;50.3;delta=-0.996
2026-10-02 12:37;7780.0;7725.86;SPXW  261002P07780000;54.5;55.3;delta=-0.996
2026-10-02 12:37;7785.0;7725.86;SPXW  261002P07785000;59.5;60.3;delta=-0.996
2026-10-02 12:37;7790.0;7725.86;SPXW  261002P07790000;64.5;65.3;delta=-0.996
2026-10-02 12:37;7795.0;7725.86;SPXW  261002P07795000;69.5;70.3;delta=-0.997
2026-10-02 12:37;7800.0;7725.86;SPXW  261002P07800000;74.5;75.3;delta=-0.997
2026-10-02 12:37;7805.0;7725.86;SPXW  261002P07805000;79.4;80.3;delta=-0.997
2026-10-02 12:37;7810.0;7725.86;SPXW  261002P07810000;84.4;85.3;delta=-0.997
2026-10-02 12:37;7815.0;7725.86;SPXW  261002P07815000;89.5;90.3;delta=-0.997
2026-10-02 12:37;7820.0;7725.86;SPXW  261002P07820000;94.4;95.3;delta=-0.997
2026-10-02 12:37;7825.0;7725.86;SPXW  261002P07825000;99.4;100.3;delta=-0.998
2026-10-02 12:37;7830.0;7725.86;SPXW  261002P07830000;104.2;105.4;delta=-0.998
2026-10-02 12:37;7835.0;7725.86;SPXW  261002P07835000;109.2;110.4;delta=-0.998
2026-10-02 12:37;7840.0;7725.86;SPXW  261002P07840000;114.2;115.4;delta=-0.998
2026-10-02 12:37;7845.0;7725.86;SPXW  261002P07845000;119.2;120.4;delta=-0.998
2026-10-02 12:37;7850.0;7725.86;SPXW  261002P07850000;124.2;125.4;delta=-0.998
2026-10-02 12:37;7855.0;7725.86;SPXW  261002P07855000;129.2;130.4;delta=-0.998
2026-10-02 12:37;7860.0;7725.86;SPXW  261002P07860000;134.2;135.4;delta=-0.998
2026-10-02 12:37;7865.0;7725.86;SPXW  261002P07865000;136.2;142.6;delta=-0.998
2026-10-02 12:37;7870.0;7725.86;SPXW  261002P07870000;141.2;147.6;delta=-0.998
2026-10-02 12:37;7875.0;7725.86;SPXW  261002P07875000;146.2;152.6;delta=-0.998
2026-10-02 12:37;7880.0;7725.86;SPXW  261002P07880000;151.2;157.6;delta=-0.998
2026-10-02 12:37;7885.0;7725.86;SPXW  261002P07885000;156.2;162.6;delta=-0.998
2026-10-02 12:37;7890.0;7725.86;SPXW  261002P07890000;161.2;167.6;delta=-0.998
2026-10-02 12:37;7895.0;7725.86;SPXW  261002P07895000;166.2;172.6;delta=-0.998
2026-10-02 12:37;7900.0;7725.86;SPXW  261002P07900000;174.3;175.4;delta=-0.998
2026-10-02 12:37;7905.0;7725.86;SPXW  261002P07905000;176.2;182.6;delta=-0.998
2026-10-02 12:37;7910.0;7725.86;SPXW  261002P07910000;181.2;187.6;delta=-0.998
2026-10-02 12:37;7915.0;7725.86;SPXW  261002P07915000;186.2;192.6;delta=-0.998
2026-10-02 12:37;7920.0;7725.86;SPXW  261002P07920000;191.2;197.6;delta=-0.999
2026-10-02 12:37;7925.0;7725.86;SPXW  261002P07925000;195.8;202.8;delta=-0.999
2026-10-02 12:37;7930.0;7725.86;SPXW  261002P07930000;198.0;210.3;delta=-0.999
2026-10-02 12:37;7935.0;7725.86;SPXW  261002P07935000;202.4;215.0;delta=-0.999
2026-10-02 12:37;7940.0;7725.86;SPXW  261002P07940000;208.2;220.3;delta=-0.999
2026-10-02 12:37;7945.0;7725.86;SPXW  261002P07945000;211.1;229.7;delta=-0.999
2026-10-02 12:37;7950.0;7725.86;SPXW  261002P07950000;213.8;234.0;delta=-0.999
2026-10-02 12:37;7955.0;7725.86;SPXW  261002P07955000;218.5;238.7;delta=-0.999
2026-10-02 12:37;7960.0;7725.86;SPXW  261002P07960000;228.4;243.9;delta=-0.999
2026-10-02 12:37;7965.0;7725.86;SPXW  261002P07965000;232.4;248.9;delta=-0.999
2026-10-02 12:37;7970.0;7725.86;SPXW  261002P07970000;238.3;253.9;delta=-0.999
2026-10-02 12:37;7975.0;7725.86;SPXW  261002P07975000;243.3;258.9;delta=-0.999
2026-10-02 12:42;7480.0;7725.3;SPXW  261002C07480000;235.7;253.5;delta=0.999
2026-10-02 12:42;7485.0;7725.3;SPXW  261002C07485000;230.7;251.1;delta=0.999
2026-10-02 12:42;7490.0;7725.3;SPXW  261002C07490000;225.7;245.0;delta=0.999
2026-10-02 12:42;7495.0;7725.3;SPXW  261002C07495000;220.7;241.1;delta=0.999
2026-10-02 12:42;7500.0;7725.3;SPXW  261002C07500000;224.1;225.5;delta=0.999
2026-10-02 12:42;7505.0;7725.3;SPXW  261002C07505000;209.6;230.1;delta=0.999
2026-10-02 12:42;7510.0;7725.3;SPXW  261002C07510000;207.9;221.6;delta=0.999
2026-10-02 12:42;7515.0;7725.3;SPXW  261002C07515000;202.9;216.6;delta=0.999
2026-10-02 12:42;7520.0;7725.3;SPXW  261002C07520000;197.9;211.6;delta=0.999
2026-10-02 12:42;7525.0;7725.3;SPXW  261002C07525000;195.7;203.8;delta=0.999
2026-10-02 12:42;7530.0;7725.3;SPXW  261002C07530000;191.4;198.9;delta=0.999
2026-10-02 12:42;7535.0;7725.3;SPXW  261002C07535000;186.4;193.9;delta=0.999
2026-10-02 12:42;7540.0;7725.3;SPXW  261002C07540000;184.1;185.5;delta=0.999
2026-10-02 12:42;7545.0;7725.3;SPXW  261002C07545000;176.4;183.9;delta=0.999
2026-10-02 12:42;7550.0;7725.3;SPXW  261002C07550000;171.4;178.9;delta=0.998
2026-10-02 12:42;7555.0;7725.3;SPXW  261002C07555000;166.4;173.9;delta=0.998
2026-10-02 12:42;7560.0;7725.3;SPXW  261002C07560000;161.4;168.9;delta=0.998
2026-10-02 12:42;7565.0;7725.3;SPXW  261002C07565000;156.4;163.9;delta=0.998
2026-10-02 12:42;7570.0;7725.3;SPXW  261002C07570000;154.1;155.5;delta=0.998
2026-10-02 12:42;7575.0;7725.3;SPXW  261002C07575000;146.4;153.9;delta=0.998
2026-10-02 12:42;7580.0;7725.3;SPXW  261002C07580000;144.1;145.5;delta=0.998
2026-10-02 12:42;7585.0;7725.3;SPXW  261002C07585000;139.1;140.5;delta=0.998
2026-10-02 12:42;7590.0;7725.3;SPXW  261002C07590000;134.1;135.5;delta=0.998
2026-10-02 12:42;7595.0;7725.3;SPXW  261002C07595000;129.1;130.5;delta=0.998
2026-10-02 12:42;7600.0;7725.3;SPXW  261002C07600000;124.1;125.5;delta=0.998
2026-10-02 12:42;7605.0;7725.3;SPXW  261002C07605000;119.1;120.5;delta=0.998
2026-10-02 12:42;7610.0;7725.3;SPXW  261002C07610000;114.1;115.5;delta=0.998
2026-10-02 12:42;7615.0;7725.3;SPXW  261002C07615000;109.1;110.5;delta=0.998
2026-10-02 12:42;7620.0;7725.3;SPXW  261002C07620000;104.1;105.5;delta=0.998
2026-10-02 12:42;7625.0;7725.3;SPXW  261002C07625000;99.5;100.3;delta=0.998
2026-10-02 12:42;7630.0;7725.3;SPXW  261002C07630000;94.5;95.3;delta=0.997
2026-10-02 12:42;7635.0;7725.3;SPXW  261002C07635000;89.5;90.3;delta=0.997
2026-10-02 12:42;7640.0;7725.3;SPXW  261002C07640000;84.5;85.3;delta=0.997
2026-10-02 12:42;7645.0;7725.3;SPXW  261002C07645000;79.5;80.3;delta=0.997
2026-10-02 12:42;7650.0;7725.3;SPXW  261002C07650000;74.6;75.1;delta=0.997
2026-10-02 12:42;7655.0;7725.3;SPXW  261002C07655000;69.5;70.3;delta=0.997
2026-10-02 12:42;7660.0;7725.3;SPXW  261002C07660000;64.5;65.3;delta=0.997
2026-10-02 12:42;7665.0;7725.3;SPXW  261002C07665000;59.5;60.3;delta=0.996
2026-10-02 12:42;7670.0;7725.3;SPXW  261002C07670000;54.6;55.3;delta=0.996
2026-10-02 12:42;7675.0;7725.3;SPXW  261002C07675000;49.5;50.3;delta=0.996
2026-10-02 12:42;7680.0;7725.3;SPXW  261002C07680000;44.5;45.4;delta=0.995
2026-10-02 12:42;7685.0;7725.3;SPXW  261002C07685000;39.7;40.0;delta=0.988
2026-10-02 12:42;7690.0;7725.3;SPXW  261002C07690000;34.7;35.1;delta=0.986
2026-10-02 12:42;7695.0;7725.3;SPXW  261002C07695000;29.7;30.1;delta=0.985
2026-10-02 12:42;7700.0;7725.3;SPXW  261002C07700000;24.7;25.1;delta=0.982
2026-10-02 12:42;7705.0;7725.3;SPXW  261002C07705000;19.8;20.1;delta=0.97
2026-10-02 12:42;7710.0;7725.3;SPXW  261002C07710000;14.9;15.2;delta=0.944
2026-10-02 12:42;7715.0;7725.3;SPXW  261002C07715000;10.2;10.5;delta=0.876
2026-10-02 12:42;7720.0;7725.3;SPXW  261002C07720000;6.0;6.2;delta=0.733
2026-10-02 12:42;7725.0;7725.3;SPXW  261002C07725000;3.0;3.1;delta=0.494
2026-10-02 12:42;7730.0;7725.3;SPXW  261002C07730000;1.25;1.3;delta=0.262
2026-10-02 12:42;7735.0;7725.3;SPXW  261002C07735000;0.5;0.55;delta=0.122
2026-10-02 12:42;7740.0;7725.3;SPXW  261002C07740000;0.2;0.25;delta=0.056
2026-10-02 12:42;7745.0;7725.3;SPXW  261002C07745000;0.1;0.15;delta=0.03
2026-10-02 12:42;7750.0;7725.3;SPXW  261002C07750000;0.05;0.1;delta=0.017
2026-10-02 12:42;7755.0;7725.3;SPXW  261002C07755000;0.05;0.1;delta=0.015
2026-10-02 12:42;7760.0;7725.3;SPXW  261002C07760000;0.0;0.05;delta=0.006
2026-10-02 12:42;7765.0;7725.3;SPXW  261002C07765000;0.0;0.05;delta=0.005
2026-10-02 12:42;7770.0;7725.3;SPXW  261002C07770000;0.0;0.05;delta=0.005
2026-10-02 12:42;7775.0;7725.3;SPXW  261002C07775000;0.0;0.05;delta=0.004
2026-10-02 12:42;7780.0;7725.3;SPXW  261002C07780000;0.0;0.05;delta=0.004
2026-10-02 12:42;7785.0;7725.3;SPXW  261002C07785000;0.0;0.05;delta=0.004
2026-10-02 12:42;7790.0;7725.3;SPXW  261002C07790000;0.0;0.05;delta=0.003
2026-10-02 12:42;7795.0;7725.3;SPXW  261002C07795000;0.0;0.05;delta=0.003
2026-10-02 12:42;7800.0;7725.3;SPXW  261002C07800000;0.0;0.05;delta=0.003
2026-10-02 12:42;7805.0;7725.3;SPXW  261002C07805000;0.0;0.05;delta=0.003
2026-10-02 12:42;7810.0;7725.3;SPXW  261002C07810000;0.0;0.05;delta=0.003
2026-10-02 12:42;7815.0;7725.3;SPXW  261002C07815000;0.0;0.05;delta=0.003
2026-10-02 12:42;7820.0;7725.3;SPXW  261002C07820000;0.0;0.05;delta=0.002
2026-10-02 12:42;7825.0;7725.3;SPXW  261002C07825000;0.0;0.05;delta=0.002
2026-10-02 12:42;7830.0;7725.3;SPXW  261002C07830000;0.0;0.05;delta=0.002
2026-10-02 12:42;7835.0;7725.3;SPXW  261002C07835000;0.0;0.05;delta=0.002
2026-10-02 12:42;7840.0;7725.3;SPXW  261002C07840000;0.0;0.05;delta=0.002
2026-10-02 12:42;7845.0;7725.3;SPXW  261002C07845000;0.0;0.05;delta=0.002
2026-10-02 12:42;7850.0;7725.3;SPXW  261002C07850000;0.0;0.05;delta=0.002
2026-10-02 12:42;7855.0;7725.3;SPXW  261002C07855000;0.0;0.05;delta=0.002
2026-10-02 12:42;7860.0;7725.3;SPXW  261002C07860000;0.0;0.05;delta=0.002
2026-10-02 12:42;7865.0;7725.3;SPXW  261002C07865000;0.0;0.05;delta=0.002
2026-10-02 12:42;7870.0;7725.3;SPXW  261002C07870000;0.0;0.05;delta=0.002
2026-10-02 12:42;7875.0;7725.3;SPXW  261002C07875000;0.0;0.05;delta=0.002
2026-10-02 12:42;7880.0;7725.3;SPXW  261002C07880000;0.0;0.05;delta=0.002
2026-10-02 12:42;7885.0;7725.3;SPXW  261002C07885000;0.0;0.05;delta=0.002
2026-10-02 12:42;7890.0;7725.3;SPXW  261002C07890000;0.0;0.05;delta=0.002
2026-10-02 12:42;7895.0;7725.3;SPXW  261002C07895000;0.0;0.05;delta=0.002
2026-10-02 12:42;7900.0;7725.3;SPXW  261002C07900000;0.0;0.05;delta=0.002
2026-10-02 12:42;7905.0;7725.3;SPXW  261002C07905000;0.0;0.05;delta=0.001
2026-10-02 12:42;7910.0;7725.3;SPXW  261002C07910000;0.0;0.05;delta=0.001
2026-10-02 12:42;7915.0;7725.3;SPXW  261002C07915000;0.0;0.05;delta=0.001
2026-10-02 12:42;7920.0;7725.3;SPXW  261002C07920000;0.0;0.05;delta=0.001
2026-10-02 12:42;7925.0;7725.3;SPXW  261002C07925000;0.0;0.05;delta=0.001
2026-10-02 12:42;7930.0;7725.3;SPXW  261002C07930000;0.0;0.05;delta=0.001
2026-10-02 12:42;7935.0;7725.3;SPXW  261002C07935000;0.0;0.05;delta=0.001
2026-10-02 12:42;7940.0;7725.3;SPXW  261002C07940000;0.0;0.05;delta=0.001
2026-10-02 12:42;7945.0;7725.3;SPXW  261002C07945000;0.0;0.05;delta=0.001
2026-10-02 12:42;7950.0;7725.3;SPXW  261002C07950000;0.0;0.05;delta=0.001
2026-10-02 12:42;7955.0;7725.3;SPXW  261002C07955000;0.0;0.05;delta=0.001
2026-10-02 12:42;7960.0;7725.3;SPXW  261002C07960000;0.0;0.05;delta=0.001
2026-10-02 12:42;7965.0;7725.3;SPXW  261002C07965000;0.0;0.05;delta=0.001
2026-10-02 12:42;7970.0;7725.3;SPXW  261002C07970000;0.0;0.05;delta=0.001
2026-10-02 12:42;7975.0;7725.3;SPXW  261002C07975000;0.0;0.05;delta=0.001
2026-10-02 12:42;7475.0;7725.3;SPXW  261002P07475000;0.0;0.05;delta=-0.001
2026-10-02 12:42;7480.0;7725.3;SPXW  261002P07480000;0.0;0.05;delta=-0.001
2026-10-02 12:42;7485.0;7725.3;SPXW  261002P07485000;0.0;0.05;delta=-0.001
2026-10-02 12:42;7490.0;7725.3;SPXW  261002P07490000;0.0;0.05;delta=-0.001
2026-10-02 12:42;7495.0;7725.3;SPXW  261002P07495000;0.0;0.05;delta=-0.001
2026-10-02 12:42;7500.0;7725.3;SPXW  261002P07500000;0.0;0.05;delta=-0.001
2026-10-02 12:42;7505.0;7725.3;SPXW  261002P07505000;0.0;0.05;delta=-0.001
2026-10-02 12:42;7510.0;7725.3;SPXW  261002P07510000;0.0;0.05;delta=-0.001
2026-10-02 12:42;7515.0;7725.3;SPXW  261002P07515000;0.0;0.05;delta=-0.001
2026-10-02 12:42;7520.0;7725.3;SPXW  261002P07520000;0.0;0.05;delta=-0.001
2026-10-02 12:42;7525.0;7725.3;SPXW  261002P07525000;0.0;0.05;delta=-0.001
2026-10-02 12:42;7530.0;7725.3;SPXW  261002P07530000;0.0;0.05;delta=-0.001
2026-10-02 12:42;7535.0;7725.3;SPXW  261002P07535000;0.0;0.05;delta=-0.001
2026-10-02 12:42;7540.0;7725.3;SPXW  261002P07540000;0.0;0.05;delta=-0.001
2026-10-02 12:42;7545.0;7725.3;SPXW  261002P07545000;0.0;0.05;delta=-0.001
2026-10-02 12:42;7550.0;7725.3;SPXW  261002P07550000;0.0;0.05;delta=-0.001
2026-10-02 12:42;7555.0;7725.3;SPXW  261002P07555000;0.0;0.05;delta=-0.002
2026-10-02 12:42;7560.0;7725.3;SPXW  261002P07560000;0.0;0.05;delta=-0.002
2026-10-02 12:42;7565.0;7725.3;SPXW  261002P07565000;0.0;0.05;delta=-0.002
2026-10-02 12:42;7570.0;7725.3;SPXW  261002P07570000;0.0;0.05;delta=-0.002
2026-10-02 12:42;7575.0;7725.3;SPXW  261002P07575000;0.0;0.05;delta=-0.002
2026-10-02 12:42;7580.0;7725.3;SPXW  261002P07580000;0.0;0.05;delta=-0.002
2026-10-02 12:42;7585.0;7725.3;SPXW  261002P07585000;0.0;0.05;delta=-0.002
2026-10-02 12:42;7590.0;7725.3;SPXW  261002P07590000;0.0;0.05;delta=-0.002
2026-10-02 12:42;7595.0;7725.3;SPXW  261002P07595000;0.0;0.05;delta=-0.002
2026-10-02 12:42;7600.0;7725.3;SPXW  261002P07600000;0.0;0.05;delta=-0.002
2026-10-02 12:42;7605.0;7725.3;SPXW  261002P07605000;0.0;0.05;delta=-0.002
2026-10-02 12:42;7610.0;7725.3;SPXW  261002P07610000;0.0;0.05;delta=-0.002
2026-10-02 12:42;7615.0;7725.3;SPXW  261002P07615000;0.0;0.05;delta=-0.002
2026-10-02 12:42;7620.0;7725.3;SPXW  261002P07620000;0.0;0.05;delta=-0.002
2026-10-02 12:42;7625.0;7725.3;SPXW  261002P07625000;0.0;0.05;delta=-0.002
2026-10-02 12:42;7630.0;7725.3;SPXW  261002P07630000;0.0;0.05;delta=-0.002
2026-10-02 12:42;7635.0;7725.3;SPXW  261002P07635000;0.0;0.05;delta=-0.003
2026-10-02 12:42;7640.0;7725.3;SPXW  261002P07640000;0.0;0.05;delta=-0.003
2026-10-02 12:42;7645.0;7725.3;SPXW  261002P07645000;0.0;0.05;delta=-0.003
2026-10-02 12:42;7650.0;7725.3;SPXW  261002P07650000;0.0;0.05;delta=-0.003
2026-10-02 12:42;7655.0;7725.3;SPXW  261002P07655000;0.0;0.05;delta=-0.003
2026-10-02 12:42;7660.0;7725.3;SPXW  261002P07660000;0.0;0.05;delta=-0.003
2026-10-02 12:42;7665.0;7725.3;SPXW  261002P07665000;0.0;0.05;delta=-0.004
2026-10-02 12:42;7670.0;7725.3;SPXW  261002P07670000;0.0;0.05;delta=-0.004
2026-10-02 12:42;7675.0;7725.3;SPXW  261002P07675000;0.0;0.05;delta=-0.004
2026-10-02 12:42;7680.0;7725.3;SPXW  261002P07680000;0.0;0.05;delta=-0.005
2026-10-02 12:42;7685.0;7725.3;SPXW  261002P07685000;0.05;0.1;delta=-0.012
2026-10-02 12:42;7690.0;7725.3;SPXW  261002P07690000;0.05;0.1;delta=-0.014
2026-10-02 12:42;7695.0;7725.3;SPXW  261002P07695000;0.05;0.1;delta=-0.015
2026-10-02 12:42;7700.0;7725.3;SPXW  261002P07700000;0.05;0.1;delta=-0.018
2026-10-02 12:42;7705.0;7725.3;SPXW  261002P07705000;0.1;0.15;delta=-0.03
2026-10-02 12:42;7710.0;7725.3;SPXW  261002P07710000;0.25;0.3;delta=-0.056
2026-10-02 12:42;7715.0;7725.3;SPXW  261002P07715000;0.55;0.6;delta=-0.124
2026-10-02 12:42;7720.0;7725.3;SPXW  261002P07720000;1.35;1.45;delta=-0.267
2026-10-02 12:42;7725.0;7725.3;SPXW  261002P07725000;3.2;3.3;delta=-0.506
2026-10-02 12:42;7730.0;7725.3;SPXW  261002P07730000;6.8;6.9;delta=-0.736
2026-10-02 12:42;7735.0;7725.3;SPXW  261002P07735000;11.0;11.2;delta=-0.878
2026-10-02 12:42;7740.0;7725.3;SPXW  261002P07740000;15.6;16.1;delta=-0.944
2026-10-02 12:42;7745.0;7725.3;SPXW  261002P07745000;20.6;21.0;delta=-0.97
2026-10-02 12:42;7750.0;7725.3;SPXW  261002P07750000;25.5;26.0;delta=-0.982
2026-10-02 12:42;7755.0;7725.3;SPXW  261002P07755000;30.5;30.9;delta=-0.985
2026-10-02 12:42;7760.0;7725.3;SPXW  261002P07760000;35.5;36.0;delta=-0.994
2026-10-02 12:42;7765.0;7725.3;SPXW  261002P07765000;40.5;41.0;delta=-0.995
2026-10-02 12:42;7770.0;7725.3;SPXW  261002P07770000;45.5;46.3;delta=-0.995
2026-10-02 12:42;7775.0;7725.3;SPXW  261002P07775000;50.5;51.3;delta=-0.996
2026-10-02 12:42;7780.0;7725.3;SPXW  261002P07780000;55.5;56.3;delta=-0.996
2026-10-02 12:42;7785.0;7725.3;SPXW  261002P07785000;60.5;61.3;delta=-0.996
2026-10-02 12:42;7790.0;7725.3;SPXW  261002P07790000;65.5;66.3;delta=-0.997
2026-10-02 12:42;7795.0;7725.3;SPXW  261002P07795000;70.4;71.3;delta=-0.997
2026-10-02 12:42;7800.0;7725.3;SPXW  261002P07800000;75.4;76.3;delta=-0.997
2026-10-02 12:42;7805.0;7725.3;SPXW  261002P07805000;80.5;81.3;delta=-0.997
2026-10-02 12:42;7810.0;7725.3;SPXW  261002P07810000;85.4;86.3;delta=-0.997
2026-10-02 12:42;7815.0;7725.3;SPXW  261002P07815000;90.4;91.3;delta=-0.997
2026-10-02 12:42;7820.0;7725.3;SPXW  261002P07820000;95.4;96.3;delta=-0.997
2026-10-02 12:42;7825.0;7725.3;SPXW  261002P07825000;96.1;101.5;delta=-0.998
2026-10-02 12:42;7830.0;7725.3;SPXW  261002P07830000;101.1;106.5;delta=-0.998
2026-10-02 12:42;7835.0;7725.3;SPXW  261002P07835000;106.1;111.5;delta=-0.998
2026-10-02 12:42;7840.0;7725.3;SPXW  261002P07840000;110.4;116.5;delta=-0.998
2026-10-02 12:42;7845.0;7725.3;SPXW  261002P07845000;115.4;121.5;delta=-0.998
2026-10-02 12:42;7850.0;7725.3;SPXW  261002P07850000;120.4;126.5;delta=-0.998
2026-10-02 12:42;7855.0;7725.3;SPXW  261002P07855000;125.4;131.5;delta=-0.998
2026-10-02 12:42;7860.0;7725.3;SPXW  261002P07860000;131.4;136.5;delta=-0.998
2026-10-02 12:42;7865.0;7725.3;SPXW  261002P07865000;136.8;144.1;delta=-0.998
2026-10-02 12:42;7870.0;7725.3;SPXW  261002P07870000;141.8;149.1;delta=-0.998
2026-10-02 12:42;7875.0;7725.3;SPXW  261002P07875000;146.8;154.1;delta=-0.998
2026-10-02 12:42;7880.0;7725.3;SPXW  261002P07880000;151.8;159.1;delta=-0.998
2026-10-02 12:42;7885.0;7725.3;SPXW  261002P07885000;156.8;164.1;delta=-0.998
2026-10-02 12:42;7890.0;7725.3;SPXW  261002P07890000;161.8;169.1;delta=-0.998
2026-10-02 12:42;7895.0;7725.3;SPXW  261002P07895000;166.8;174.1;delta=-0.998
2026-10-02 12:42;7900.0;7725.3;SPXW  261002P07900000;171.4;176.5;delta=-0.998
2026-10-02 12:42;7905.0;7725.3;SPXW  261002P07905000;176.8;184.1;delta=-0.998
2026-10-02 12:42;7910.0;7725.3;SPXW  261002P07910000;181.8;189.1;delta=-0.999
2026-10-02 12:42;7915.0;7725.3;SPXW  261002P07915000;186.8;194.1;delta=-0.999
2026-10-02 12:42;7920.0;7725.3;SPXW  261002P07920000;191.8;198.7;delta=-0.999
2026-10-02 12:42;7925.0;7725.3;SPXW  261002P07925000;193.7;207.4;delta=-0.999
2026-10-02 12:42;7930.0;7725.3;SPXW  261002P07930000;198.1;211.8;delta=-0.999
2026-10-02 12:42;7935.0;7725.3;SPXW  261002P07935000;203.7;217.4;delta=-0.999
2026-10-02 12:42;7940.0;7725.3;SPXW  261002P07940000;208.1;221.8;delta=-0.999
2026-10-02 12:42;7945.0;7725.3;SPXW  261002P07945000;209.3;229.0;delta=-0.999
2026-10-02 12:42;7950.0;7725.3;SPXW  261002P07950000;213.9;234.0;delta=-0.999
2026-10-02 12:42;7955.0;7725.3;SPXW  261002P07955000;220.1;240.6;delta=-0.999
2026-10-02 12:42;7960.0;7725.3;SPXW  261002P07960000;223.9;244.0;delta=-0.999
2026-10-02 12:42;7965.0;7725.3;SPXW  261002P07965000;230.2;249.2;delta=-0.999
2026-10-02 12:42;7970.0;7725.3;SPXW  261002P07970000;235.2;255.2;delta=-0.999
2026-10-02 12:46;7480.0;7727.36;SPXW  261002C07480000;236.9;256.1;delta=0.999
2026-10-02 12:46;7485.0;7727.36;SPXW  261002C07485000;230.7;251.1;delta=0.999
2026-10-02 12:46;7490.0;7727.36;SPXW  261002C07490000;225.7;245.0;delta=0.999
2026-10-02 12:46;7495.0;7727.36;SPXW  261002C07495000;220.7;241.1;delta=0.999
2026-10-02 12:46;7500.0;7727.36;SPXW  261002C07500000;226.2;227.7;delta=0.999
2026-10-02 12:46;7505.0;7727.36;SPXW  261002C07505000;210.6;231.1;delta=0.999
2026-10-02 12:46;7510.0;7727.36;SPXW  261002C07510000;206.9;227.4;delta=0.999
2026-10-02 12:46;7515.0;7727.36;SPXW  261002C07515000;204.6;218.5;delta=0.999
2026-10-02 12:46;7520.0;7727.36;SPXW  261002C07520000;199.6;213.5;delta=0.999
2026-10-02 12:46;7525.0;7727.36;SPXW  261002C07525000;194.6;208.5;delta=0.999
2026-10-02 12:46;7530.0;7727.36;SPXW  261002C07530000;190.6;203.3;delta=0.999
2026-10-02 12:46;7535.0;7727.36;SPXW  261002C07535000;185.1;198.8;delta=0.999
2026-10-02 12:46;7540.0;7727.36;SPXW  261002C07540000;179.6;193.3;delta=0.999
2026-10-02 12:46;7545.0;7727.36;SPXW  261002C07545000;175.6;188.3;delta=0.999
2026-10-02 12:46;7550.0;7727.36;SPXW  261002C07550000;170.3;183.3;delta=0.999
2026-10-02 12:46;7555.0;7727.36;SPXW  261002C07555000;165.1;178.8;delta=0.998
2026-10-02 12:46;7560.0;7727.36;SPXW  261002C07560000;160.6;173.3;delta=0.998
2026-10-02 12:46;7565.0;7727.36;SPXW  261002C07565000;155.5;168.5;delta=0.998
2026-10-02 12:46;7570.0;7727.36;SPXW  261002C07570000;156.2;157.8;delta=0.998
2026-10-02 12:46;7575.0;7727.36;SPXW  261002C07575000;145.5;158.5;delta=0.998
2026-10-02 12:46;7580.0;7727.36;SPXW  261002C07580000;140.1;153.8;delta=0.998
2026-10-02 12:46;7585.0;7727.36;SPXW  261002C07585000;135.1;148.8;delta=0.998
2026-10-02 12:46;7590.0;7727.36;SPXW  261002C07590000;129.9;143.6;delta=0.998
2026-10-02 12:46;7595.0;7727.36;SPXW  261002C07595000;125.1;138.8;delta=0.998
2026-10-02 12:46;7600.0;7727.36;SPXW  261002C07600000;126.2;127.8;delta=0.998
2026-10-02 12:46;7605.0;7727.36;SPXW  261002C07605000;121.2;122.8;delta=0.998
2026-10-02 12:46;7610.0;7727.36;SPXW  261002C07610000;116.2;117.8;delta=0.998
2026-10-02 12:46;7615.0;7727.36;SPXW  261002C07615000;111.2;112.8;delta=0.998
2026-10-02 12:46;7620.0;7727.36;SPXW  261002C07620000;106.2;107.8;delta=0.998
2026-10-02 12:46;7625.0;7727.36;SPXW  261002C07625000;101.2;102.8;delta=0.998
2026-10-02 12:46;7630.0;7727.36;SPXW  261002C07630000;96.2;97.8;delta=0.998
2026-10-02 12:46;7635.0;7727.36;SPXW  261002C07635000;91.2;92.8;delta=0.997
2026-10-02 12:46;7640.0;7727.36;SPXW  261002C07640000;86.2;87.8;delta=0.997
2026-10-02 12:46;7645.0;7727.36;SPXW  261002C07645000;81.2;82.8;delta=0.997
2026-10-02 12:46;7650.0;7727.36;SPXW  261002C07650000;76.6;77.2;delta=0.997
2026-10-02 12:46;7655.0;7727.36;SPXW  261002C07655000;71.2;72.8;delta=0.997
2026-10-02 12:46;7660.0;7727.36;SPXW  261002C07660000;66.2;67.8;delta=0.997
2026-10-02 12:46;7665.0;7727.36;SPXW  261002C07665000;61.2;62.8;delta=0.996
2026-10-02 12:46;7670.0;7727.36;SPXW  261002C07670000;56.2;57.8;delta=0.996
2026-10-02 12:46;7675.0;7727.36;SPXW  261002C07675000;51.2;52.8;delta=0.996
2026-10-02 12:46;7680.0;7727.36;SPXW  261002C07680000;46.2;47.8;delta=0.996
2026-10-02 12:46;7685.0;7727.36;SPXW  261002C07685000;41.4;42.2;delta=0.995
2026-10-02 12:46;7690.0;7727.36;SPXW  261002C07690000;36.6;37.2;delta=0.987
2026-10-02 12:46;7695.0;7727.36;SPXW  261002C07695000;31.4;32.2;delta=0.986
2026-10-02 12:46;7700.0;7727.36;SPXW  261002C07700000;26.6;27.1;delta=0.984
2026-10-02 12:46;7705.0;7727.36;SPXW  261002C07705000;21.7;22.1;delta=0.972
2026-10-02 12:46;7710.0;7727.36;SPXW  261002C07710000;17.0;17.2;delta=0.957
2026-10-02 12:46;7715.0;7727.36;SPXW  261002C07715000;11.9;12.4;delta=0.918
2026-10-02 12:46;7720.0;7727.36;SPXW  261002C07720000;7.5;7.8;delta=0.814
2026-10-02 12:46;7725.0;7727.36;SPXW  261002C07725000;3.9;4.1;delta=0.607
2026-10-02 12:46;7730.0;7727.36;SPXW  261002C07730000;1.65;1.7;delta=0.348
2026-10-02 12:46;7735.0;7727.36;SPXW  261002C07735000;0.6;0.65;delta=0.16
2026-10-02 12:46;7740.0;7727.36;SPXW  261002C07740000;0.2;0.25;delta=0.07
2026-10-02 12:46;7745.0;7727.36;SPXW  261002C07745000;0.1;0.15;delta=0.033
2026-10-02 12:46;7750.0;7727.36;SPXW  261002C07750000;0.05;0.1;delta=0.019
2026-10-02 12:46;7755.0;7727.36;SPXW  261002C07755000;0.0;0.05;delta=0.007
2026-10-02 12:46;7760.0;7727.36;SPXW  261002C07760000;0.0;0.05;delta=0.006
2026-10-02 12:46;7765.0;7727.36;SPXW  261002C07765000;0.0;0.05;delta=0.005
2026-10-02 12:46;7770.0;7727.36;SPXW  261002C07770000;0.0;0.05;delta=0.005
2026-10-02 12:46;7775.0;7727.36;SPXW  261002C07775000;0.0;0.05;delta=0.004
2026-10-02 12:46;7780.0;7727.36;SPXW  261002C07780000;0.0;0.05;delta=0.004
2026-10-02 12:46;7785.0;7727.36;SPXW  261002C07785000;0.0;0.05;delta=0.004
2026-10-02 12:46;7790.0;7727.36;SPXW  261002C07790000;0.0;0.05;delta=0.004
2026-10-02 12:46;7795.0;7727.36;SPXW  261002C07795000;0.0;0.05;delta=0.003
2026-10-02 12:46;7800.0;7727.36;SPXW  261002C07800000;0.0;0.05;delta=0.003
2026-10-02 12:46;7805.0;7727.36;SPXW  261002C07805000;0.0;0.05;delta=0.003
2026-10-02 12:46;7810.0;7727.36;SPXW  261002C07810000;0.0;0.05;delta=0.003
2026-10-02 12:46;7815.0;7727.36;SPXW  261002C07815000;0.0;0.05;delta=0.003
2026-10-02 12:46;7820.0;7727.36;SPXW  261002C07820000;0.0;0.05;delta=0.003
2026-10-02 12:46;7825.0;7727.36;SPXW  261002C07825000;0.0;0.05;delta=0.002
2026-10-02 12:46;7830.0;7727.36;SPXW  261002C07830000;0.0;0.05;delta=0.002
2026-10-02 12:46;7835.0;7727.36;SPXW  261002C07835000;0.0;0.05;delta=0.002
2026-10-02 12:46;7840.0;7727.36;SPXW  261002C07840000;0.0;0.05;delta=0.002
2026-10-02 12:46;7845.0;7727.36;SPXW  261002C07845000;0.0;0.05;delta=0.002
2026-10-02 12:46;7850.0;7727.36;SPXW  261002C07850000;0.0;0.05;delta=0.002
2026-10-02 12:46;7855.0;7727.36;SPXW  261002C07855000;0.0;0.05;delta=0.002
2026-10-02 12:46;7860.0;7727.36;SPXW  261002C07860000;0.0;0.05;delta=0.002
2026-10-02 12:46;7865.0;7727.36;SPXW  261002C07865000;0.0;0.05;delta=0.002
2026-10-02 12:46;7870.0;7727.36;SPXW  261002C07870000;0.0;0.05;delta=0.002
2026-10-02 12:46;7875.0;7727.36;SPXW  261002C07875000;0.0;0.05;delta=0.002
2026-10-02 12:46;7880.0;7727.36;SPXW  261002C07880000;0.0;0.05;delta=0.002
2026-10-02 12:46;7885.0;7727.36;SPXW  261002C07885000;0.0;0.05;delta=0.002
2026-10-02 12:46;7890.0;7727.36;SPXW  261002C07890000;0.0;0.05;delta=0.002
2026-10-02 12:46;7895.0;7727.36;SPXW  261002C07895000;0.0;0.05;delta=0.002
2026-10-02 12:46;7900.0;7727.36;SPXW  261002C07900000;0.0;0.05;delta=0.002
2026-10-02 12:46;7905.0;7727.36;SPXW  261002C07905000;0.0;0.05;delta=0.001
2026-10-02 12:46;7910.0;7727.36;SPXW  261002C07910000;0.0;0.05;delta=0.001
2026-10-02 12:46;7915.0;7727.36;SPXW  261002C07915000;0.0;0.05;delta=0.001
2026-10-02 12:46;7920.0;7727.36;SPXW  261002C07920000;0.0;0.05;delta=0.001
2026-10-02 12:46;7925.0;7727.36;SPXW  261002C07925000;0.0;0.05;delta=0.001
2026-10-02 12:46;7930.0;7727.36;SPXW  261002C07930000;0.0;0.05;delta=0.001
2026-10-02 12:46;7935.0;7727.36;SPXW  261002C07935000;0.0;0.05;delta=0.001
2026-10-02 12:46;7940.0;7727.36;SPXW  261002C07940000;0.0;0.05;delta=0.001
2026-10-02 12:46;7945.0;7727.36;SPXW  261002C07945000;0.0;0.05;delta=0.001
2026-10-02 12:46;7950.0;7727.36;SPXW  261002C07950000;0.0;0.05;delta=0.001
2026-10-02 12:46;7955.0;7727.36;SPXW  261002C07955000;0.0;0.05;delta=0.001
2026-10-02 12:46;7960.0;7727.36;SPXW  261002C07960000;0.0;0.05;delta=0.001
2026-10-02 12:46;7965.0;7727.36;SPXW  261002C07965000;0.0;0.05;delta=0.001
2026-10-02 12:46;7970.0;7727.36;SPXW  261002C07970000;0.0;0.05;delta=0.001
2026-10-02 12:46;7975.0;7727.36;SPXW  261002C07975000;0.0;0.05;delta=0.001
2026-10-02 12:46;7480.0;7727.36;SPXW  261002P07480000;0.0;0.05;delta=-0.001
2026-10-02 12:46;7485.0;7727.36;SPXW  261002P07485000;0.0;0.05;delta=-0.001
2026-10-02 12:46;7490.0;7727.36;SPXW  261002P07490000;0.0;0.05;delta=-0.001
2026-10-02 12:46;7495.0;7727.36;SPXW  261002P07495000;0.0;0.05;delta=-0.001
2026-10-02 12:46;7500.0;7727.36;SPXW  261002P07500000;0.0;0.05;delta=-0.001
2026-10-02 12:46;7505.0;7727.36;SPXW  261002P07505000;0.0;0.05;delta=-0.001
2026-10-02 12:46;7510.0;7727.36;SPXW  261002P07510000;0.0;0.05;delta=-0.001
2026-10-02 12:46;7515.0;7727.36;SPXW  261002P07515000;0.0;0.05;delta=-0.001
2026-10-02 12:46;7520.0;7727.36;SPXW  261002P07520000;0.0;0.05;delta=-0.001
2026-10-02 12:46;7525.0;7727.36;SPXW  261002P07525000;0.0;0.05;delta=-0.001
2026-10-02 12:46;7530.0;7727.36;SPXW  261002P07530000;0.0;0.05;delta=-0.001
2026-10-02 12:46;7535.0;7727.36;SPXW  261002P07535000;0.0;0.05;delta=-0.001
2026-10-02 12:46;7540.0;7727.36;SPXW  261002P07540000;0.0;0.05;delta=-0.001
2026-10-02 12:46;7545.0;7727.36;SPXW  261002P07545000;0.0;0.05;delta=-0.001
2026-10-02 12:46;7550.0;7727.36;SPXW  261002P07550000;0.0;0.05;delta=-0.001
2026-10-02 12:46;7555.0;7727.36;SPXW  261002P07555000;0.0;0.05;delta=-0.001
2026-10-02 12:46;7560.0;7727.36;SPXW  261002P07560000;0.0;0.05;delta=-0.002
2026-10-02 12:46;7565.0;7727.36;SPXW  261002P07565000;0.0;0.05;delta=-0.002
2026-10-02 12:46;7570.0;7727.36;SPXW  261002P07570000;0.0;0.05;delta=-0.002
2026-10-02 12:46;7575.0;7727.36;SPXW  261002P07575000;0.0;0.05;delta=-0.002
2026-10-02 12:46;7580.0;7727.36;SPXW  261002P07580000;0.0;0.05;delta=-0.002
2026-10-02 12:46;7585.0;7727.36;SPXW  261002P07585000;0.0;0.05;delta=-0.002
2026-10-02 12:46;7590.0;7727.36;SPXW  261002P07590000;0.0;0.05;delta=-0.002
2026-10-02 12:46;7595.0;7727.36;SPXW  261002P07595000;0.0;0.05;delta=-0.002
2026-10-02 12:46;7600.0;7727.36;SPXW  261002P07600000;0.0;0.05;delta=-0.002
2026-10-02 12:46;7605.0;7727.36;SPXW  261002P07605000;0.0;0.05;delta=-0.002
2026-10-02 12:46;7610.0;7727.36;SPXW  261002P07610000;0.0;0.05;delta=-0.002
2026-10-02 12:46;7615.0;7727.36;SPXW  261002P07615000;0.0;0.05;delta=-0.002
2026-10-02 12:46;7620.0;7727.36;SPXW  261002P07620000;0.0;0.05;delta=-0.002
2026-10-02 12:46;7625.0;7727.36;SPXW  261002P07625000;0.0;0.05;delta=-0.002
2026-10-02 12:46;7630.0;7727.36;SPXW  261002P07630000;0.0;0.05;delta=-0.002
2026-10-02 12:46;7635.0;7727.36;SPXW  261002P07635000;0.0;0.05;delta=-0.003
2026-10-02 12:46;7640.0;7727.36;SPXW  261002P07640000;0.0;0.05;delta=-0.003
2026-10-02 12:46;7645.0;7727.36;SPXW  261002P07645000;0.0;0.05;delta=-0.003
2026-10-02 12:46;7650.0;7727.36;SPXW  261002P07650000;0.0;0.05;delta=-0.003
2026-10-02 12:46;7655.0;7727.36;SPXW  261002P07655000;0.0;0.05;delta=-0.003
2026-10-02 12:46;7660.0;7727.36;SPXW  261002P07660000;0.0;0.05;delta=-0.003
2026-10-02 12:46;7665.0;7727.36;SPXW  261002P07665000;0.0;0.05;delta=-0.004
2026-10-02 12:46;7670.0;7727.36;SPXW  261002P07670000;0.0;0.05;delta=-0.004
2026-10-02 12:46;7675.0;7727.36;SPXW  261002P07675000;0.0;0.05;delta=-0.004
2026-10-02 12:46;7680.0;7727.36;SPXW  261002P07680000;0.0;0.05;delta=-0.004
2026-10-02 12:46;7685.0;7727.36;SPXW  261002P07685000;0.0;0.05;delta=-0.005
2026-10-02 12:46;7690.0;7727.36;SPXW  261002P07690000;0.05;0.1;delta=-0.013
2026-10-02 12:46;7695.0;7727.36;SPXW  261002P07695000;0.05;0.1;delta=-0.014
2026-10-02 12:46;7700.0;7727.36;SPXW  261002P07700000;0.05;0.1;delta=-0.016
2026-10-02 12:46;7705.0;7727.36;SPXW  261002P07705000;0.05;0.15;delta=-0.028
2026-10-02 12:46;7710.0;7727.36;SPXW  261002P07710000;0.1;0.15;delta=-0.043
2026-10-02 12:46;7715.0;7727.36;SPXW  261002P07715000;0.3;0.35;delta=-0.082
2026-10-02 12:46;7720.0;7727.36;SPXW  261002P07720000;0.8;0.85;delta=-0.186
2026-10-02 12:46;7725.0;7727.36;SPXW  261002P07725000;2.2;2.25;delta=-0.393
2026-10-02 12:46;7730.0;7727.36;SPXW  261002P07730000;4.9;5.0;delta=-0.65
2026-10-02 12:46;7735.0;7727.36;SPXW  261002P07735000;8.8;9.1;delta=-0.84
2026-10-02 12:46;7740.0;7727.36;SPXW  261002P07740000;13.4;13.8;delta=-0.929
2026-10-02 12:46;7745.0;7727.36;SPXW  261002P07745000;18.3;18.6;delta=-0.967
2026-10-02 12:46;7750.0;7727.36;SPXW  261002P07750000;23.3;23.6;delta=-0.981
2026-10-02 12:46;7755.0;7727.36;SPXW  261002P07755000;28.3;28.6;delta=-0.993
2026-10-02 12:46;7760.0;7727.36;SPXW  261002P07760000;33.2;33.7;delta=-0.994
2026-10-02 12:46;7765.0;7727.36;SPXW  261002P07765000;38.2;38.6;delta=-0.995
2026-10-02 12:46;7770.0;7727.36;SPXW  261002P07770000;42.5;44.4;delta=-0.995
2026-10-02 12:46;7775.0;7727.36;SPXW  261002P07775000;47.5;49.4;delta=-0.996
2026-10-02 12:46;7780.0;7727.36;SPXW  261002P07780000;52.3;53.9;delta=-0.996
2026-10-02 12:46;7785.0;7727.36;SPXW  261002P07785000;57.3;58.9;delta=-0.996
2026-10-02 12:46;7790.0;7727.36;SPXW  261002P07790000;62.4;63.9;delta=-0.996
2026-10-02 12:46;7795.0;7727.36;SPXW  261002P07795000;67.4;68.9;delta=-0.997
2026-10-02 12:46;7800.0;7727.36;SPXW  261002P07800000;73.1;73.8;delta=-0.997
2026-10-02 12:46;7805.0;7727.36;SPXW  261002P07805000;77.4;78.9;delta=-0.997
2026-10-02 12:46;7810.0;7727.36;SPXW  261002P07810000;82.4;83.9;delta=-0.997
2026-10-02 12:46;7815.0;7727.36;SPXW  261002P07815000;87.4;88.9;delta=-0.997
2026-10-02 12:46;7820.0;7727.36;SPXW  261002P07820000;92.4;93.9;delta=-0.997
2026-10-02 12:46;7825.0;7727.36;SPXW  261002P07825000;97.4;98.9;delta=-0.998
2026-10-02 12:46;7830.0;7727.36;SPXW  261002P07830000;102.4;103.9;delta=-0.998
2026-10-02 12:46;7835.0;7727.36;SPXW  261002P07835000;107.4;108.9;delta=-0.998
2026-10-02 12:46;7840.0;7727.36;SPXW  261002P07840000;108.4;117.2;delta=-0.998
2026-10-02 12:46;7845.0;7727.36;SPXW  261002P07845000;111.4;125.3;delta=-0.998
2026-10-02 12:46;7850.0;7727.36;SPXW  261002P07850000;122.4;123.9;delta=-0.998
2026-10-02 12:46;7855.0;7727.36;SPXW  261002P07855000;121.4;135.3;delta=-0.998
2026-10-02 12:46;7860.0;7727.36;SPXW  261002P07860000;132.4;133.9;delta=-0.998
2026-10-02 12:46;7865.0;7727.36;SPXW  261002P07865000;130.9;144.6;delta=-0.998
2026-10-02 12:46;7870.0;7727.36;SPXW  261002P07870000;136.2;149.9;delta=-0.998
2026-10-02 12:46;7875.0;7727.36;SPXW  261002P07875000;141.2;154.9;delta=-0.998
2026-10-02 12:46;7880.0;7727.36;SPXW  261002P07880000;146.1;159.8;delta=-0.998
2026-10-02 12:46;7885.0;7727.36;SPXW  261002P07885000;151.6;164.7;delta=-0.998
2026-10-02 12:46;7890.0;7727.36;SPXW  261002P07890000;156.4;169.4;delta=-0.998
2026-10-02 12:46;7895.0;7727.36;SPXW  261002P07895000;161.1;174.3;delta=-0.998
2026-10-02 12:46;7900.0;7727.36;SPXW  261002P07900000;172.4;173.9;delta=-0.998
2026-10-02 12:46;7905.0;7727.36;SPXW  261002P07905000;171.3;184.7;delta=-0.998
2026-10-02 12:46;7910.0;7727.36;SPXW  261002P07910000;176.0;189.7;delta=-0.999
2026-10-02 12:46;7915.0;7727.36;SPXW  261002P07915000;181.3;195.2;delta=-0.999
2026-10-02 12:46;7920.0;7727.36;SPXW  261002P07920000;186.5;200.2;delta=-0.999
2026-10-02 12:46;7925.0;7727.36;SPXW  261002P07925000;190.8;204.5;delta=-0.999
2026-10-02 12:46;7930.0;7727.36;SPXW  261002P07930000;195.9;209.6;delta=-0.999
2026-10-02 12:46;7935.0;7727.36;SPXW  261002P07935000;200.9;214.9;delta=-0.999
2026-10-02 12:46;7940.0;7727.36;SPXW  261002P07940000;205.9;219.9;delta=-0.999
2026-10-02 12:46;7945.0;7727.36;SPXW  261002P07945000;208.6;229.1;delta=-0.999
2026-10-02 12:46;7950.0;7727.36;SPXW  261002P07950000;213.8;234.1;delta=-0.999
2026-10-02 12:46;7955.0;7727.36;SPXW  261002P07955000;218.6;239.1;delta=-0.999
2026-10-02 12:46;7960.0;7727.36;SPXW  261002P07960000;223.6;244.1;delta=-0.999
2026-10-02 12:46;7965.0;7727.36;SPXW  261002P07965000;228.6;249.1;delta=-0.999
2026-10-02 12:46;7970.0;7727.36;SPXW  261002P07970000;233.6;254.1;delta=-0.999
2026-10-02 12:46;7975.0;7727.36;SPXW  261002P07975000;238.6;259.1;delta=-0.999
2026-10-02 12:51;7480.0;7725.89;SPXW  261002C07480000;235.6;254.4;delta=0.999
2026-10-02 12:51;7485.0;7725.89;SPXW  261002C07485000;230.6;250.5;delta=0.999
2026-10-02 12:51;7490.0;7725.89;SPXW  261002C07490000;225.6;245.0;delta=0.999
2026-10-02 12:51;7495.0;7725.89;SPXW  261002C07495000;220.6;240.5;delta=0.999
2026-10-02 12:51;7500.0;7725.89;SPXW  261002C07500000;225.4;227.1;delta=0.999
2026-10-02 12:51;7505.0;7725.89;SPXW  261002C07505000;210.6;230.5;delta=0.999
2026-10-02 12:51;7510.0;7725.89;SPXW  261002C07510000;209.9;223.6;delta=0.999
2026-10-02 12:51;7515.0;7725.89;SPXW  261002C07515000;204.9;218.5;delta=0.999
2026-10-02 12:51;7520.0;7725.89;SPXW  261002C07520000;199.9;213.5;delta=0.999
2026-10-02 12:51;7525.0;7725.89;SPXW  261002C07525000;194.9;208.5;delta=0.999
2026-10-02 12:51;7530.0;7725.89;SPXW  261002C07530000;192.5;200.1;delta=0.999
2026-10-02 12:51;7535.0;7725.89;SPXW  261002C07535000;187.5;195.1;delta=0.999
2026-10-02 12:51;7540.0;7725.89;SPXW  261002C07540000;182.5;190.1;delta=0.999
2026-10-02 12:51;7545.0;7725.89;SPXW  261002C07545000;177.5;185.1;delta=0.999
2026-10-02 12:51;7550.0;7725.89;SPXW  261002C07550000;172.5;180.1;delta=0.999
2026-10-02 12:51;7555.0;7725.89;SPXW  261002C07555000;167.7;175.1;delta=0.999
2026-10-02 12:51;7560.0;7725.89;SPXW  261002C07560000;162.5;170.1;delta=0.999
2026-10-02 12:51;7565.0;7725.89;SPXW  261002C07565000;157.5;165.1;delta=0.998
2026-10-02 12:51;7570.0;7725.89;SPXW  261002C07570000;155.4;157.1;delta=0.998
2026-10-02 12:51;7575.0;7725.89;SPXW  261002C07575000;147.5;155.1;delta=0.998
2026-10-02 12:51;7580.0;7725.89;SPXW  261002C07580000;142.5;150.1;delta=0.998
2026-10-02 12:51;7585.0;7725.89;SPXW  261002C07585000;140.4;142.2;delta=0.998
2026-10-02 12:51;7590.0;7725.89;SPXW  261002C07590000;132.7;140.1;delta=0.998
2026-10-02 12:51;7595.0;7725.89;SPXW  261002C07595000;130.4;132.2;delta=0.998
2026-10-02 12:51;7600.0;7725.89;SPXW  261002C07600000;125.4;127.2;delta=0.998
2026-10-02 12:51;7605.0;7725.89;SPXW  261002C07605000;120.4;122.2;delta=0.998
2026-10-02 12:51;7610.0;7725.89;SPXW  261002C07610000;115.4;117.2;delta=0.998
2026-10-02 12:51;7615.0;7725.89;SPXW  261002C07615000;110.4;112.2;delta=0.998
2026-10-02 12:51;7620.0;7725.89;SPXW  261002C07620000;105.4;107.2;delta=0.998
2026-10-02 12:51;7625.0;7725.89;SPXW  261002C07625000;100.4;102.2;delta=0.998
2026-10-02 12:51;7630.0;7725.89;SPXW  261002C07630000;95.4;97.2;delta=0.998
2026-10-02 12:51;7635.0;7725.89;SPXW  261002C07635000;90.4;92.2;delta=0.998
2026-10-02 12:51;7640.0;7725.89;SPXW  261002C07640000;85.4;87.2;delta=0.997
2026-10-02 12:51;7645.0;7725.89;SPXW  261002C07645000;80.4;82.2;delta=0.997
2026-10-02 12:51;7650.0;7725.89;SPXW  261002C07650000;75.4;77.2;delta=0.997
2026-10-02 12:51;7655.0;7725.89;SPXW  261002C07655000;70.4;72.2;delta=0.997
2026-10-02 12:51;7660.0;7725.89;SPXW  261002C07660000;65.4;67.2;delta=0.997
2026-10-02 12:51;7665.0;7725.89;SPXW  261002C07665000;60.4;62.2;delta=0.996
2026-10-02 12:51;7670.0;7725.89;SPXW  261002C07670000;55.4;57.2;delta=0.996
2026-10-02 12:51;7675.0;7725.89;SPXW  261002C07675000;50.4;52.2;delta=0.996
2026-10-02 12:51;7680.0;7725.89;SPXW  261002C07680000;45.4;47.2;delta=0.996
2026-10-02 12:51;7685.0;7725.89;SPXW  261002C07685000;41.0;41.6;delta=0.995
2026-10-02 12:51;7690.0;7725.89;SPXW  261002C07690000;36.0;36.6;delta=0.995
2026-10-02 12:51;7695.0;7725.89;SPXW  261002C07695000;31.0;31.6;delta=0.994
2026-10-02 12:51;7700.0;7725.89;SPXW  261002C07700000;26.1;26.5;delta=0.983
2026-10-02 12:51;7705.0;7725.89;SPXW  261002C07705000;21.1;21.5;delta=0.981
2026-10-02 12:51;7710.0;7725.89;SPXW  261002C07710000;16.2;16.5;delta=0.965
2026-10-02 12:51;7715.0;7725.89;SPXW  261002C07715000;11.4;11.7;delta=0.933
2026-10-02 12:51;7720.0;7725.89;SPXW  261002C07720000;6.7;7.0;delta=0.837
2026-10-02 12:51;7725.0;7725.89;SPXW  261002C07725000;2.95;3.1;delta=0.601
2026-10-02 12:51;7730.0;7725.89;SPXW  261002C07730000;0.9;0.95;delta=0.279
2026-10-02 12:51;7735.0;7725.89;SPXW  261002C07735000;0.2;0.3;delta=0.092
2026-10-02 12:51;7740.0;7725.89;SPXW  261002C07740000;0.05;0.1;delta=0.028
2026-10-02 12:51;7745.0;7725.89;SPXW  261002C07745000;0.0;0.05;delta=0.01
2026-10-02 12:51;7750.0;7725.89;SPXW  261002C07750000;0.0;0.05;delta=0.008
2026-10-02 12:51;7755.0;7725.89;SPXW  261002C07755000;0.0;0.05;delta=0.007
2026-10-02 12:51;7760.0;7725.89;SPXW  261002C07760000;0.0;0.05;delta=0.006
2026-10-02 12:51;7765.0;7725.89;SPXW  261002C07765000;0.0;0.05;delta=0.005
2026-10-02 12:51;7770.0;7725.89;SPXW  261002C07770000;0.0;0.05;delta=0.005
2026-10-02 12:51;7775.0;7725.89;SPXW  261002C07775000;0.0;0.05;delta=0.004
2026-10-02 12:51;7780.0;7725.89;SPXW  261002C07780000;0.0;0.05;delta=0.004
2026-10-02 12:51;7785.0;7725.89;SPXW  261002C07785000;0.0;0.05;delta=0.004
2026-10-02 12:51;7790.0;7725.89;SPXW  261002C07790000;0.0;0.05;delta=0.004
2026-10-02 12:51;7795.0;7725.89;SPXW  261002C07795000;0.0;0.05;delta=0.003
2026-10-02 12:51;7800.0;7725.89;SPXW  261002C07800000;0.0;0.05;delta=0.003
2026-10-02 12:51;7805.0;7725.89;SPXW  261002C07805000;0.0;0.05;delta=0.003
2026-10-02 12:51;7810.0;7725.89;SPXW  261002C07810000;0.0;0.05;delta=0.003
2026-10-02 12:51;7815.0;7725.89;SPXW  261002C07815000;0.0;0.05;delta=0.003
2026-10-02 12:51;7820.0;7725.89;SPXW  261002C07820000;0.0;0.05;delta=0.003
2026-10-02 12:51;7825.0;7725.89;SPXW  261002C07825000;0.0;0.05;delta=0.002
2026-10-02 12:51;7830.0;7725.89;SPXW  261002C07830000;0.0;0.05;delta=0.002
2026-10-02 12:51;7835.0;7725.89;SPXW  261002C07835000;0.0;0.05;delta=0.002
2026-10-02 12:51;7840.0;7725.89;SPXW  261002C07840000;0.0;0.05;delta=0.002
2026-10-02 12:51;7845.0;7725.89;SPXW  261002C07845000;0.0;0.05;delta=0.002
2026-10-02 12:51;7850.0;7725.89;SPXW  261002C07850000;0.0;0.05;delta=0.002
2026-10-02 12:51;7855.0;7725.89;SPXW  261002C07855000;0.0;0.05;delta=0.002
2026-10-02 12:51;7860.0;7725.89;SPXW  261002C07860000;0.0;0.05;delta=0.002
2026-10-02 12:51;7865.0;7725.89;SPXW  261002C07865000;0.0;0.05;delta=0.002
2026-10-02 12:51;7870.0;7725.89;SPXW  261002C07870000;0.0;0.05;delta=0.002
2026-10-02 12:51;7875.0;7725.89;SPXW  261002C07875000;0.0;0.05;delta=0.002
2026-10-02 12:51;7880.0;7725.89;SPXW  261002C07880000;0.0;0.05;delta=0.002
2026-10-02 12:51;7885.0;7725.89;SPXW  261002C07885000;0.0;0.05;delta=0.002
2026-10-02 12:51;7890.0;7725.89;SPXW  261002C07890000;0.0;0.05;delta=0.002
2026-10-02 12:51;7895.0;7725.89;SPXW  261002C07895000;0.0;0.05;delta=0.002
2026-10-02 12:51;7900.0;7725.89;SPXW  261002C07900000;0.0;0.05;delta=0.002
2026-10-02 12:51;7905.0;7725.89;SPXW  261002C07905000;0.0;0.05;delta=0.001
2026-10-02 12:51;7910.0;7725.89;SPXW  261002C07910000;0.0;0.05;delta=0.001
2026-10-02 12:51;7915.0;7725.89;SPXW  261002C07915000;0.0;0.05;delta=0.001
2026-10-02 12:51;7920.0;7725.89;SPXW  261002C07920000;0.0;0.05;delta=0.001
2026-10-02 12:51;7925.0;7725.89;SPXW  261002C07925000;0.0;0.05;delta=0.001
2026-10-02 12:51;7930.0;7725.89;SPXW  261002C07930000;0.0;0.05;delta=0.001
2026-10-02 12:51;7935.0;7725.89;SPXW  261002C07935000;0.0;0.05;delta=0.001
2026-10-02 12:51;7940.0;7725.89;SPXW  261002C07940000;0.0;0.05;delta=0.001
2026-10-02 12:51;7945.0;7725.89;SPXW  261002C07945000;0.0;0.05;delta=0.001
2026-10-02 12:51;7950.0;7725.89;SPXW  261002C07950000;0.0;0.05;delta=0.001
2026-10-02 12:51;7955.0;7725.89;SPXW  261002C07955000;0.0;0.05;delta=0.001
2026-10-02 12:51;7960.0;7725.89;SPXW  261002C07960000;0.0;0.05;delta=0.001
2026-10-02 12:51;7965.0;7725.89;SPXW  261002C07965000;0.0;0.05;delta=0.001
2026-10-02 12:51;7970.0;7725.89;SPXW  261002C07970000;0.0;0.05;delta=0.001
2026-10-02 12:51;7975.0;7725.89;SPXW  261002C07975000;0.0;0.05;delta=0.001
2026-10-02 12:51;7480.0;7725.89;SPXW  261002P07480000;0.0;0.05;delta=-0.001
2026-10-02 12:51;7485.0;7725.89;SPXW  261002P07485000;0.0;0.05;delta=-0.001
2026-10-02 12:51;7490.0;7725.89;SPXW  261002P07490000;0.0;0.05;delta=-0.001
2026-10-02 12:51;7495.0;7725.89;SPXW  261002P07495000;0.0;0.05;delta=-0.001
2026-10-02 12:51;7500.0;7725.89;SPXW  261002P07500000;0.0;0.05;delta=-0.001
2026-10-02 12:51;7505.0;7725.89;SPXW  261002P07505000;0.0;0.05;delta=-0.001
2026-10-02 12:51;7510.0;7725.89;SPXW  261002P07510000;0.0;0.05;delta=-0.001
2026-10-02 12:51;7515.0;7725.89;SPXW  261002P07515000;0.0;0.05;delta=-0.001
2026-10-02 12:51;7520.0;7725.89;SPXW  261002P07520000;0.0;0.05;delta=-0.001
2026-10-02 12:51;7525.0;7725.89;SPXW  261002P07525000;0.0;0.05;delta=-0.001
2026-10-02 12:51;7530.0;7725.89;SPXW  261002P07530000;0.0;0.05;delta=-0.001
2026-10-02 12:51;7535.0;7725.89;SPXW  261002P07535000;0.0;0.05;delta=-0.001
2026-10-02 12:51;7540.0;7725.89;SPXW  261002P07540000;0.0;0.05;delta=-0.001
2026-10-02 12:51;7545.0;7725.89;SPXW  261002P07545000;0.0;0.05;delta=-0.001
2026-10-02 12:51;7550.0;7725.89;SPXW  261002P07550000;0.0;0.05;delta=-0.001
2026-10-02 12:51;7555.0;7725.89;SPXW  261002P07555000;0.0;0.05;delta=-0.001
2026-10-02 12:51;7560.0;7725.89;SPXW  261002P07560000;0.0;0.05;delta=-0.002
2026-10-02 12:51;7565.0;7725.89;SPXW  261002P07565000;0.0;0.05;delta=-0.002
2026-10-02 12:51;7570.0;7725.89;SPXW  261002P07570000;0.0;0.05;delta=-0.002
2026-10-02 12:51;7575.0;7725.89;SPXW  261002P07575000;0.0;0.05;delta=-0.002
2026-10-02 12:51;7580.0;7725.89;SPXW  261002P07580000;0.0;0.05;delta=-0.002
2026-10-02 12:51;7585.0;7725.89;SPXW  261002P07585000;0.0;0.05;delta=-0.002
2026-10-02 12:51;7590.0;7725.89;SPXW  261002P07590000;0.0;0.05;delta=-0.002
2026-10-02 12:51;7595.0;7725.89;SPXW  261002P07595000;0.0;0.05;delta=-0.002
2026-10-02 12:51;7600.0;7725.89;SPXW  261002P07600000;0.0;0.05;delta=-0.002
2026-10-02 12:51;7605.0;7725.89;SPXW  261002P07605000;0.0;0.05;delta=-0.002
2026-10-02 12:51;7610.0;7725.89;SPXW  261002P07610000;0.0;0.05;delta=-0.002
2026-10-02 12:51;7615.0;7725.89;SPXW  261002P07615000;0.0;0.05;delta=-0.002
2026-10-02 12:51;7620.0;7725.89;SPXW  261002P07620000;0.0;0.05;delta=-0.002
2026-10-02 12:51;7625.0;7725.89;SPXW  261002P07625000;0.0;0.05;delta=-0.002
2026-10-02 12:51;7630.0;7725.89;SPXW  261002P07630000;0.0;0.05;delta=-0.002
2026-10-02 12:51;7635.0;7725.89;SPXW  261002P07635000;0.0;0.05;delta=-0.003
2026-10-02 12:51;7640.0;7725.89;SPXW  261002P07640000;0.0;0.05;delta=-0.003
2026-10-02 12:51;7645.0;7725.89;SPXW  261002P07645000;0.0;0.05;delta=-0.003
2026-10-02 12:51;7650.0;7725.89;SPXW  261002P07650000;0.0;0.05;delta=-0.003
2026-10-02 12:51;7655.0;7725.89;SPXW  261002P07655000;0.0;0.05;delta=-0.003
2026-10-02 12:51;7660.0;7725.89;SPXW  261002P07660000;0.0;0.05;delta=-0.003
2026-10-02 12:51;7665.0;7725.89;SPXW  261002P07665000;0.0;0.05;delta=-0.004
2026-10-02 12:51;7670.0;7725.89;SPXW  261002P07670000;0.0;0.05;delta=-0.004
2026-10-02 12:51;7675.0;7725.89;SPXW  261002P07675000;0.0;0.05;delta=-0.004
2026-10-02 12:51;7680.0;7725.89;SPXW  261002P07680000;0.0;0.05;delta=-0.004
2026-10-02 12:51;7685.0;7725.89;SPXW  261002P07685000;0.0;0.05;delta=-0.005
2026-10-02 12:51;7690.0;7725.89;SPXW  261002P07690000;0.0;0.05;delta=-0.005
2026-10-02 12:51;7695.0;7725.89;SPXW  261002P07695000;0.0;0.05;delta=-0.006
2026-10-02 12:51;7700.0;7725.89;SPXW  261002P07700000;0.05;0.1;delta=-0.017
2026-10-02 12:51;7705.0;7725.89;SPXW  261002P07705000;0.05;0.1;delta=-0.02
2026-10-02 12:51;7710.0;7725.89;SPXW  261002P07710000;0.1;0.15;delta=-0.035
2026-10-02 12:51;7715.0;7725.89;SPXW  261002P07715000;0.2;0.25;delta=-0.068
2026-10-02 12:51;7720.0;7725.89;SPXW  261002P07720000;0.5;0.55;delta=-0.167
2026-10-02 12:51;7725.0;7725.89;SPXW  261002P07725000;1.6;1.7;delta=-0.413
2026-10-02 12:51;7730.0;7725.89;SPXW  261002P07730000;4.4;4.5;delta=-0.738
2026-10-02 12:51;7735.0;7725.89;SPXW  261002P07735000;8.6;8.8;delta=-0.914
2026-10-02 12:51;7740.0;7725.89;SPXW  261002P07740000;13.3;13.8;delta=-0.972
2026-10-02 12:51;7745.0;7725.89;SPXW  261002P07745000;18.3;18.7;delta=-0.991
2026-10-02 12:51;7750.0;7725.89;SPXW  261002P07750000;23.2;23.7;delta=-0.992
2026-10-02 12:51;7755.0;7725.89;SPXW  261002P07755000;28.2;28.7;delta=-0.993
2026-10-02 12:51;7760.0;7725.89;SPXW  261002P07760000;33.2;33.7;delta=-0.994
2026-10-02 12:51;7765.0;7725.89;SPXW  261002P07765000;37.6;39.3;delta=-0.995
2026-10-02 12:51;7770.0;7725.89;SPXW  261002P07770000;42.6;44.3;delta=-0.995
2026-10-02 12:51;7775.0;7725.89;SPXW  261002P07775000;47.6;49.3;delta=-0.996
2026-10-02 12:51;7780.0;7725.89;SPXW  261002P07780000;52.6;54.3;delta=-0.996
2026-10-02 12:51;7785.0;7725.89;SPXW  261002P07785000;57.6;59.3;delta=-0.996
2026-10-02 12:51;7790.0;7725.89;SPXW  261002P07790000;62.6;64.3;delta=-0.997
2026-10-02 12:51;7795.0;7725.89;SPXW  261002P07795000;67.6;69.3;delta=-0.997
2026-10-02 12:51;7800.0;7725.89;SPXW  261002P07800000;73.1;73.8;delta=-0.997
2026-10-02 12:51;7805.0;7725.89;SPXW  261002P07805000;77.6;79.3;delta=-0.997
2026-10-02 12:51;7810.0;7725.89;SPXW  261002P07810000;82.6;84.3;delta=-0.997
2026-10-02 12:51;7815.0;7725.89;SPXW  261002P07815000;87.6;89.3;delta=-0.997
2026-10-02 12:51;7820.0;7725.89;SPXW  261002P07820000;92.6;94.3;delta=-0.998
2026-10-02 12:51;7825.0;7725.89;SPXW  261002P07825000;97.6;99.3;delta=-0.998
2026-10-02 12:51;7830.0;7725.89;SPXW  261002P07830000;102.6;104.3;delta=-0.998
2026-10-02 12:51;7835.0;7725.89;SPXW  261002P07835000;107.6;109.3;delta=-0.998
2026-10-02 12:51;7840.0;7725.89;SPXW  261002P07840000;112.6;114.3;delta=-0.998
2026-10-02 12:51;7845.0;7725.89;SPXW  261002P07845000;117.6;119.3;delta=-0.998
2026-10-02 12:51;7850.0;7725.89;SPXW  261002P07850000;122.6;124.3;delta=-0.998
2026-10-02 12:51;7855.0;7725.89;SPXW  261002P07855000;127.6;129.3;delta=-0.998
2026-10-02 12:51;7860.0;7725.89;SPXW  261002P07860000;132.6;134.3;delta=-0.998
2026-10-02 12:51;7865.0;7725.89;SPXW  261002P07865000;134.9;142.3;delta=-0.998
2026-10-02 12:51;7870.0;7725.89;SPXW  261002P07870000;139.9;147.3;delta=-0.998
2026-10-02 12:51;7875.0;7725.89;SPXW  261002P07875000;144.9;152.5;delta=-0.998
2026-10-02 12:51;7880.0;7725.89;SPXW  261002P07880000;149.9;157.3;delta=-0.998
2026-10-02 12:51;7885.0;7725.89;SPXW  261002P07885000;154.9;162.5;delta=-0.998
2026-10-02 12:51;7890.0;7725.89;SPXW  261002P07890000;159.9;167.5;delta=-0.998
2026-10-02 12:51;7895.0;7725.89;SPXW  261002P07895000;164.9;172.5;delta=-0.998
2026-10-02 12:51;7900.0;7725.89;SPXW  261002P07900000;172.6;174.3;delta=-0.999
2026-10-02 12:51;7905.0;7725.89;SPXW  261002P07905000;174.9;182.3;delta=-0.999
2026-10-02 12:51;7910.0;7725.89;SPXW  261002P07910000;179.9;187.5;delta=-0.999
2026-10-02 12:51;7915.0;7725.89;SPXW  261002P07915000;184.9;192.5;delta=-0.999
2026-10-02 12:51;7920.0;7725.89;SPXW  261002P07920000;189.9;197.5;delta=-0.999
2026-10-02 12:51;7925.0;7725.89;SPXW  261002P07925000;195.3;202.5;delta=-0.999
2026-10-02 12:51;7930.0;7725.89;SPXW  261002P07930000;202.6;204.3;delta=-0.999
2026-10-02 12:51;7935.0;7725.89;SPXW  261002P07935000;201.1;214.9;delta=-0.999
2026-10-02 12:51;7940.0;7725.89;SPXW  261002P07940000;206.2;219.9;delta=-0.999
2026-10-02 12:51;7945.0;7725.89;SPXW  261002P07945000;208.6;229.1;delta=-0.999
2026-10-02 12:51;7950.0;7725.89;SPXW  261002P07950000;214.6;234.1;delta=-0.999
2026-10-02 12:51;7955.0;7725.89;SPXW  261002P07955000;218.1;239.1;delta=-0.999
2026-10-02 12:51;7960.0;7725.89;SPXW  261002P07960000;224.6;244.1;delta=-0.999
2026-10-02 12:51;7965.0;7725.89;SPXW  261002P07965000;228.6;249.1;delta=-0.999
2026-10-02 12:51;7970.0;7725.89;SPXW  261002P07970000;234.6;254.1;delta=-0.999
2026-10-02 12:51;7975.0;7725.89;SPXW  261002P07975000;239.6;259.1;delta=-0.999
2026-10-02 12:56;7475.0;7721.69;SPXW  261002C07475000;237.4;257.9;delta=0.999
2026-10-02 12:56;7480.0;7721.69;SPXW  261002C07480000;232.4;252.9;delta=0.999
2026-10-02 12:56;7485.0;7721.69;SPXW  261002C07485000;228.8;247.9;delta=0.999
2026-10-02 12:56;7490.0;7721.69;SPXW  261002C07490000;222.4;242.9;delta=0.999
2026-10-02 12:56;7495.0;7721.69;SPXW  261002C07495000;218.9;237.9;delta=0.999
2026-10-02 12:56;7500.0;7721.69;SPXW  261002C07500000;212.4;232.9;delta=0.999
2026-10-02 12:56;7505.0;7721.69;SPXW  261002C07505000;209.2;224.9;delta=0.999
2026-10-02 12:56;7510.0;7721.69;SPXW  261002C07510000;205.0;218.7;delta=0.999
2026-10-02 12:56;7515.0;7721.69;SPXW  261002C07515000;200.6;213.7;delta=0.999
2026-10-02 12:56;7520.0;7721.69;SPXW  261002C07520000;195.0;208.7;delta=0.999
2026-10-02 12:56;7525.0;7721.69;SPXW  261002C07525000;193.0;200.3;delta=0.999
2026-10-02 12:56;7530.0;7721.69;SPXW  261002C07530000;188.0;195.1;delta=0.999
2026-10-02 12:56;7535.0;7721.69;SPXW  261002C07535000;183.2;190.1;delta=0.999
2026-10-02 12:56;7540.0;7721.69;SPXW  261002C07540000;178.2;185.1;delta=0.999
2026-10-02 12:56;7545.0;7721.69;SPXW  261002C07545000;173.2;180.1;delta=0.999
2026-10-02 12:56;7550.0;7721.69;SPXW  261002C07550000;168.0;175.1;delta=0.999
2026-10-02 12:56;7555.0;7721.69;SPXW  261002C07555000;163.2;170.1;delta=0.999
2026-10-02 12:56;7560.0;7721.69;SPXW  261002C07560000;158.0;165.1;delta=0.999
2026-10-02 12:56;7565.0;7721.69;SPXW  261002C07565000;153.0;160.1;delta=0.998
2026-10-02 12:56;7570.0;7721.69;SPXW  261002C07570000;148.2;155.1;delta=0.998
2026-10-02 12:56;7575.0;7721.69;SPXW  261002C07575000;143.0;150.1;delta=0.998
2026-10-02 12:56;7580.0;7721.69;SPXW  261002C07580000;138.0;145.1;delta=0.998
2026-10-02 12:56;7585.0;7721.69;SPXW  261002C07585000;133.0;140.1;delta=0.998
2026-10-02 12:56;7590.0;7721.69;SPXW  261002C07590000;128.0;135.1;delta=0.998
2026-10-02 12:56;7595.0;7721.69;SPXW  261002C07595000;123.0;130.1;delta=0.998
2026-10-02 12:56;7600.0;7721.69;SPXW  261002C07600000;118.0;125.1;delta=0.998
2026-10-02 12:56;7605.0;7721.69;SPXW  261002C07605000;113.0;120.3;delta=0.998
2026-10-02 12:56;7610.0;7721.69;SPXW  261002C07610000;108.0;115.1;delta=0.998
2026-10-02 12:56;7615.0;7721.69;SPXW  261002C07615000;103.2;110.1;delta=0.998
2026-10-02 12:56;7620.0;7721.69;SPXW  261002C07620000;98.0;105.1;delta=0.998
2026-10-02 12:56;7625.0;7721.69;SPXW  261002C07625000;95.6;97.6;delta=0.998
2026-10-02 12:56;7630.0;7721.69;SPXW  261002C07630000;90.6;92.6;delta=0.998
2026-10-02 12:56;7635.0;7721.69;SPXW  261002C07635000;85.6;87.6;delta=0.997
2026-10-02 12:56;7640.0;7721.69;SPXW  261002C07640000;80.6;82.6;delta=0.997
2026-10-02 12:56;7645.0;7721.69;SPXW  261002C07645000;75.6;77.6;delta=0.997
2026-10-02 12:56;7650.0;7721.69;SPXW  261002C07650000;70.6;72.6;delta=0.997
2026-10-02 12:56;7655.0;7721.69;SPXW  261002C07655000;65.6;67.6;delta=0.997
2026-10-02 12:56;7660.0;7721.69;SPXW  261002C07660000;60.6;62.6;delta=0.997
2026-10-02 12:56;7665.0;7721.69;SPXW  261002C07665000;55.6;57.6;delta=0.996
2026-10-02 12:56;7670.0;7721.69;SPXW  261002C07670000;51.1;52.1;delta=0.996
2026-10-02 12:56;7675.0;7721.69;SPXW  261002C07675000;46.1;47.1;delta=0.996
2026-10-02 12:56;7680.0;7721.69;SPXW  261002C07680000;41.1;42.1;delta=0.995
2026-10-02 12:56;7685.0;7721.69;SPXW  261002C07685000;35.6;37.6;delta=0.995
2026-10-02 12:56;7690.0;7721.69;SPXW  261002C07690000;31.3;32.5;delta=0.994
2026-10-02 12:56;7695.0;7721.69;SPXW  261002C07695000;26.3;27.5;delta=0.993
2026-10-02 12:56;7700.0;7721.69;SPXW  261002C07700000;21.3;22.6;delta=0.992
2026-10-02 12:56;7705.0;7721.69;SPXW  261002C07705000;16.4;17.0;delta=0.977
2026-10-02 12:56;7710.0;7721.69;SPXW  261002C07710000;11.4;12.0;delta=0.956
2026-10-02 12:56;7715.0;7721.69;SPXW  261002C07715000;6.9;7.1;delta=0.883
2026-10-02 12:56;7720.0;7721.69;SPXW  261002C07720000;2.7;2.8;delta=0.647
2026-10-02 12:56;7725.0;7721.69;SPXW  261002C07725000;0.45;0.55;delta=0.233
2026-10-02 12:56;7730.0;7721.69;SPXW  261002C07730000;0.05;0.1;delta=0.04
2026-10-02 12:56;7735.0;7721.69;SPXW  261002C07735000;0.0;0.05;delta=0.012
2026-10-02 12:56;7740.0;7721.69;SPXW  261002C07740000;0.0;0.05;delta=0.01
2026-10-02 12:56;7745.0;7721.69;SPXW  261002C07745000;0.0;0.05;delta=0.008
2026-10-02 12:56;7750.0;7721.69;SPXW  261002C07750000;0.0;0.05;delta=0.007
2026-10-02 12:56;7755.0;7721.69;SPXW  261002C07755000;0.0;0.05;delta=0.006
2026-10-02 12:56;7760.0;7721.69;SPXW  261002C07760000;0.0;0.05;delta=0.005
2026-10-02 12:56;7765.0;7721.69;SPXW  261002C07765000;0.0;0.05;delta=0.005
2026-10-02 12:56;7770.0;7721.69;SPXW  261002C07770000;0.0;0.05;delta=0.004
2026-10-02 12:56;7775.0;7721.69;SPXW  261002C07775000;0.0;0.05;delta=0.004
2026-10-02 12:56;7780.0;7721.69;SPXW  261002C07780000;0.0;0.05;delta=0.004
2026-10-02 12:56;7785.0;7721.69;SPXW  261002C07785000;0.0;0.05;delta=0.004
2026-10-02 12:56;7790.0;7721.69;SPXW  261002C07790000;0.0;0.05;delta=0.003
2026-10-02 12:56;7795.0;7721.69;SPXW  261002C07795000;0.0;0.05;delta=0.003
2026-10-02 12:56;7800.0;7721.69;SPXW  261002C07800000;0.0;0.05;delta=0.003
2026-10-02 12:56;7805.0;7721.69;SPXW  261002C07805000;0.0;0.05;delta=0.003
2026-10-02 12:56;7810.0;7721.69;SPXW  261002C07810000;0.0;0.05;delta=0.003
2026-10-02 12:56;7815.0;7721.69;SPXW  261002C07815000;0.0;0.05;delta=0.003
2026-10-02 12:56;7820.0;7721.69;SPXW  261002C07820000;0.0;0.05;delta=0.002
2026-10-02 12:56;7825.0;7721.69;SPXW  261002C07825000;0.0;0.05;delta=0.002
2026-10-02 12:56;7830.0;7721.69;SPXW  261002C07830000;0.0;0.05;delta=0.002
2026-10-02 12:56;7835.0;7721.69;SPXW  261002C07835000;0.0;0.05;delta=0.002
2026-10-02 12:56;7840.0;7721.69;SPXW  261002C07840000;0.0;0.05;delta=0.002
2026-10-02 12:56;7845.0;7721.69;SPXW  261002C07845000;0.0;0.05;delta=0.002
2026-10-02 12:56;7850.0;7721.69;SPXW  261002C07850000;0.0;0.05;delta=0.002
2026-10-02 12:56;7855.0;7721.69;SPXW  261002C07855000;0.0;0.05;delta=0.002
2026-10-02 12:56;7860.0;7721.69;SPXW  261002C07860000;0.0;0.05;delta=0.002
2026-10-02 12:56;7865.0;7721.69;SPXW  261002C07865000;0.0;0.05;delta=0.002
2026-10-02 12:56;7870.0;7721.69;SPXW  261002C07870000;0.0;0.05;delta=0.002
2026-10-02 12:56;7875.0;7721.69;SPXW  261002C07875000;0.0;0.05;delta=0.002
2026-10-02 12:56;7880.0;7721.69;SPXW  261002C07880000;0.0;0.05;delta=0.002
2026-10-02 12:56;7885.0;7721.69;SPXW  261002C07885000;0.0;0.05;delta=0.002
2026-10-02 12:56;7890.0;7721.69;SPXW  261002C07890000;0.0;0.05;delta=0.002
2026-10-02 12:56;7895.0;7721.69;SPXW  261002C07895000;0.0;0.05;delta=0.002
2026-10-02 12:56;7900.0;7721.69;SPXW  261002C07900000;0.0;0.05;delta=0.001
2026-10-02 12:56;7905.0;7721.69;SPXW  261002C07905000;0.0;0.05;delta=0.001
2026-10-02 12:56;7910.0;7721.69;SPXW  261002C07910000;0.0;0.05;delta=0.001
2026-10-02 12:56;7915.0;7721.69;SPXW  261002C07915000;0.0;0.05;delta=0.001
2026-10-02 12:56;7920.0;7721.69;SPXW  261002C07920000;0.0;0.05;delta=0.001
2026-10-02 12:56;7925.0;7721.69;SPXW  261002C07925000;0.0;0.05;delta=0.001
2026-10-02 12:56;7930.0;7721.69;SPXW  261002C07930000;0.0;0.05;delta=0.001
2026-10-02 12:56;7935.0;7721.69;SPXW  261002C07935000;0.0;0.05;delta=0.001
2026-10-02 12:56;7940.0;7721.69;SPXW  261002C07940000;0.0;0.05;delta=0.001
2026-10-02 12:56;7945.0;7721.69;SPXW  261002C07945000;0.0;0.05;delta=0.001
2026-10-02 12:56;7950.0;7721.69;SPXW  261002C07950000;0.0;0.05;delta=0.001
2026-10-02 12:56;7955.0;7721.69;SPXW  261002C07955000;0.0;0.05;delta=0.001
2026-10-02 12:56;7960.0;7721.69;SPXW  261002C07960000;0.0;0.05;delta=0.001
2026-10-02 12:56;7965.0;7721.69;SPXW  261002C07965000;0.0;0.05;delta=0.001
2026-10-02 12:56;7970.0;7721.69;SPXW  261002C07970000;0.0;0.05;delta=0.001
2026-10-02 12:56;7475.0;7721.69;SPXW  261002P07475000;0.0;0.05;delta=-0.001
2026-10-02 12:56;7480.0;7721.69;SPXW  261002P07480000;0.0;0.05;delta=-0.001
2026-10-02 12:56;7485.0;7721.69;SPXW  261002P07485000;0.0;0.05;delta=-0.001
2026-10-02 12:56;7490.0;7721.69;SPXW  261002P07490000;0.0;0.05;delta=-0.001
2026-10-02 12:56;7495.0;7721.69;SPXW  261002P07495000;0.0;0.05;delta=-0.001
2026-10-02 12:56;7500.0;7721.69;SPXW  261002P07500000;0.0;0.05;delta=-0.001
2026-10-02 12:56;7505.0;7721.69;SPXW  261002P07505000;0.0;0.05;delta=-0.001
2026-10-02 12:56;7510.0;7721.69;SPXW  261002P07510000;0.0;0.05;delta=-0.001
2026-10-02 12:56;7515.0;7721.69;SPXW  261002P07515000;0.0;0.05;delta=-0.001
2026-10-02 12:56;7520.0;7721.69;SPXW  261002P07520000;0.0;0.05;delta=-0.001
2026-10-02 12:56;7525.0;7721.69;SPXW  261002P07525000;0.0;0.05;delta=-0.001
2026-10-02 12:56;7530.0;7721.69;SPXW  261002P07530000;0.0;0.05;delta=-0.001
2026-10-02 12:56;7535.0;7721.69;SPXW  261002P07535000;0.0;0.05;delta=-0.001
2026-10-02 12:56;7540.0;7721.69;SPXW  261002P07540000;0.0;0.05;delta=-0.001
2026-10-02 12:56;7545.0;7721.69;SPXW  261002P07545000;0.0;0.05;delta=-0.001
2026-10-02 12:56;7550.0;7721.69;SPXW  261002P07550000;0.0;0.05;delta=-0.001
2026-10-02 12:56;7555.0;7721.69;SPXW  261002P07555000;0.0;0.05;delta=-0.002
2026-10-02 12:56;7560.0;7721.69;SPXW  261002P07560000;0.0;0.05;delta=-0.002
2026-10-02 12:56;7565.0;7721.69;SPXW  261002P07565000;0.0;0.05;delta=-0.002
2026-10-02 12:56;7570.0;7721.69;SPXW  261002P07570000;0.0;0.05;delta=-0.002
2026-10-02 12:56;7575.0;7721.69;SPXW  261002P07575000;0.0;0.05;delta=-0.002
2026-10-02 12:56;7580.0;7721.69;SPXW  261002P07580000;0.0;0.05;delta=-0.002
2026-10-02 12:56;7585.0;7721.69;SPXW  261002P07585000;0.0;0.05;delta=-0.002
2026-10-02 12:56;7590.0;7721.69;SPXW  261002P07590000;0.0;0.05;delta=-0.002
2026-10-02 12:56;7595.0;7721.69;SPXW  261002P07595000;0.0;0.05;delta=-0.002
2026-10-02 12:56;7600.0;7721.69;SPXW  261002P07600000;0.0;0.05;delta=-0.002
2026-10-02 12:56;7605.0;7721.69;SPXW  261002P07605000;0.0;0.05;delta=-0.002
2026-10-02 12:56;7610.0;7721.69;SPXW  261002P07610000;0.0;0.05;delta=-0.002
2026-10-02 12:56;7615.0;7721.69;SPXW  261002P07615000;0.0;0.05;delta=-0.002
2026-10-02 12:56;7620.0;7721.69;SPXW  261002P07620000;0.0;0.05;delta=-0.002
2026-10-02 12:56;7625.0;7721.69;SPXW  261002P07625000;0.0;0.05;delta=-0.002
2026-10-02 12:56;7630.0;7721.69;SPXW  261002P07630000;0.0;0.05;delta=-0.003
2026-10-02 12:56;7635.0;7721.69;SPXW  261002P07635000;0.0;0.05;delta=-0.003
2026-10-02 12:56;7640.0;7721.69;SPXW  261002P07640000;0.0;0.05;delta=-0.003
2026-10-02 12:56;7645.0;7721.69;SPXW  261002P07645000;0.0;0.05;delta=-0.003
2026-10-02 12:56;7650.0;7721.69;SPXW  261002P07650000;0.0;0.05;delta=-0.003
2026-10-02 12:56;7655.0;7721.69;SPXW  261002P07655000;0.0;0.05;delta=-0.003
2026-10-02 12:56;7660.0;7721.69;SPXW  261002P07660000;0.0;0.05;delta=-0.004
2026-10-02 12:56;7665.0;7721.69;SPXW  261002P07665000;0.0;0.05;delta=-0.004
2026-10-02 12:56;7670.0;7721.69;SPXW  261002P07670000;0.0;0.05;delta=-0.004
2026-10-02 12:56;7675.0;7721.69;SPXW  261002P07675000;0.0;0.05;delta=-0.004
2026-10-02 12:56;7680.0;7721.69;SPXW  261002P07680000;0.0;0.05;delta=-0.005
2026-10-02 12:56;7685.0;7721.69;SPXW  261002P07685000;0.0;0.05;delta=-0.005
2026-10-02 12:56;7690.0;7721.69;SPXW  261002P07690000;0.0;0.05;delta=-0.006
2026-10-02 12:56;7695.0;7721.69;SPXW  261002P07695000;0.0;0.05;delta=-0.007
2026-10-02 12:56;7700.0;7721.69;SPXW  261002P07700000;0.0;0.1;delta=-0.014
2026-10-02 12:56;7705.0;7721.69;SPXW  261002P07705000;0.05;0.1;delta=-0.023
2026-10-02 12:56;7710.0;7721.69;SPXW  261002P07710000;0.1;0.15;delta=-0.043
2026-10-02 12:56;7715.0;7721.69;SPXW  261002P07715000;0.2;0.3;delta=-0.102
2026-10-02 12:56;7720.0;7721.69;SPXW  261002P07720000;0.85;0.95;delta=-0.313
2026-10-02 12:56;7725.0;7721.69;SPXW  261002P07725000;3.3;3.6;delta=-0.758
2026-10-02 12:56;7730.0;7721.69;SPXW  261002P07730000;7.7;8.2;delta=-0.959
2026-10-02 12:56;7735.0;7721.69;SPXW  261002P07735000;12.6;13.2;delta=-0.987
2026-10-02 12:56;7740.0;7721.69;SPXW  261002P07740000;17.4;18.2;delta=-0.99
2026-10-02 12:56;7745.0;7721.69;SPXW  261002P07745000;22.4;23.2;delta=-0.992
2026-10-02 12:56;7750.0;7721.69;SPXW  261002P07750000;27.2;28.2;delta=-0.993
2026-10-02 12:56;7755.0;7721.69;SPXW  261002P07755000;32.1;33.2;delta=-0.994
2026-10-02 12:56;7760.0;7721.69;SPXW  261002P07760000;37.1;38.2;delta=-0.995
2026-10-02 12:56;7765.0;7721.69;SPXW  261002P07765000;42.1;43.9;delta=-0.995
2026-10-02 12:56;7770.0;7721.69;SPXW  261002P07770000;47.1;48.9;delta=-0.996
2026-10-02 12:56;7775.0;7721.69;SPXW  261002P07775000;52.1;53.9;delta=-0.996
2026-10-02 12:56;7780.0;7721.69;SPXW  261002P07780000;57.1;58.9;delta=-0.996
2026-10-02 12:56;7785.0;7721.69;SPXW  261002P07785000;62.1;63.9;delta=-0.997
2026-10-02 12:56;7790.0;7721.69;SPXW  261002P07790000;67.1;68.9;delta=-0.997
2026-10-02 12:56;7795.0;7721.69;SPXW  261002P07795000;72.1;73.9;delta=-0.997
2026-10-02 12:56;7800.0;7721.69;SPXW  261002P07800000;77.1;78.9;delta=-0.997
2026-10-02 12:56;7805.0;7721.69;SPXW  261002P07805000;82.1;83.9;delta=-0.997
2026-10-02 12:56;7810.0;7721.69;SPXW  261002P07810000;87.1;88.9;delta=-0.997
2026-10-02 12:56;7815.0;7721.69;SPXW  261002P07815000;92.1;93.9;delta=-0.998
2026-10-02 12:56;7820.0;7721.69;SPXW  261002P07820000;97.1;98.9;delta=-0.998
2026-10-02 12:56;7825.0;7721.69;SPXW  261002P07825000;99.4;106.8;delta=-0.998
2026-10-02 12:56;7830.0;7721.69;SPXW  261002P07830000;104.7;111.9;delta=-0.998
2026-10-02 12:56;7835.0;7721.69;SPXW  261002P07835000;109.4;117.0;delta=-0.998
2026-10-02 12:56;7840.0;7721.69;SPXW  261002P07840000;114.4;122.0;delta=-0.998
2026-10-02 12:56;7845.0;7721.69;SPXW  261002P07845000;119.4;126.8;delta=-0.998
2026-10-02 12:56;7850.0;7721.69;SPXW  261002P07850000;124.4;131.8;delta=-0.998
2026-10-02 12:56;7855.0;7721.69;SPXW  261002P07855000;129.7;137.0;delta=-0.998
2026-10-02 12:56;7860.0;7721.69;SPXW  261002P07860000;134.4;141.8;delta=-0.998
2026-10-02 12:56;7865.0;7721.69;SPXW  261002P07865000;139.4;146.8;delta=-0.998
2026-10-02 12:56;7870.0;7721.69;SPXW  261002P07870000;144.4;152.0;delta=-0.998
2026-10-02 12:56;7875.0;7721.69;SPXW  261002P07875000;149.4;156.8;delta=-0.998
2026-10-02 12:56;7880.0;7721.69;SPXW  261002P07880000;154.7;162.0;delta=-0.998
2026-10-02 12:56;7885.0;7721.69;SPXW  261002P07885000;159.4;167.0;delta=-0.998
2026-10-02 12:56;7890.0;7721.69;SPXW  261002P07890000;164.4;171.8;delta=-0.998
2026-10-02 12:56;7895.0;7721.69;SPXW  261002P07895000;169.4;176.8;delta=-0.999
2026-10-02 12:56;7900.0;7721.69;SPXW  261002P07900000;174.4;182.0;delta=-0.999
2026-10-02 12:56;7905.0;7721.69;SPXW  261002P07905000;179.4;187.0;delta=-0.999
2026-10-02 12:56;7910.0;7721.69;SPXW  261002P07910000;184.4;192.0;delta=-0.999
2026-10-02 12:56;7915.0;7721.69;SPXW  261002P07915000;189.4;197.0;delta=-0.999
2026-10-02 12:56;7920.0;7721.69;SPXW  261002P07920000;194.4;202.0;delta=-0.999
2026-10-02 12:56;7925.0;7721.69;SPXW  261002P07925000;196.8;209.8;delta=-0.999
2026-10-02 12:56;7930.0;7721.69;SPXW  261002P07930000;201.0;214.7;delta=-0.999
2026-10-02 12:56;7935.0;7721.69;SPXW  261002P07935000;206.8;219.2;delta=-0.999
2026-10-02 12:56;7940.0;7721.69;SPXW  261002P07940000;206.8;225.1;delta=-0.999
2026-10-02 12:56;7945.0;7721.69;SPXW  261002P07945000;211.7;231.1;delta=-0.999
2026-10-02 12:56;7950.0;7721.69;SPXW  261002P07950000;216.7;237.2;delta=-0.999
2026-10-02 12:56;7955.0;7721.69;SPXW  261002P07955000;221.7;242.1;delta=-0.999
2026-10-02 12:56;7960.0;7721.69;SPXW  261002P07960000;226.7;245.3;delta=-0.999
2026-10-02 12:56;7965.0;7721.69;SPXW  261002P07965000;233.4;249.2;delta=-0.999
2026-10-02 12:56;7970.0;7721.69;SPXW  261002P07970000;236.6;255.2;delta=-0.999
2026-10-02 13:00;7475.0;7722.94;SPXW  261002C07475000;235.2;255.2;delta=0.999
2026-10-02 13:00;7480.0;7722.94;SPXW  261002C07480000;230.4;254.4;delta=0.999
2026-10-02 13:00;7485.0;7722.94;SPXW  261002C07485000;228.8;245.2;delta=0.999
2026-10-02 13:00;7490.0;7722.94;SPXW  261002C07490000;221.0;245.0;delta=0.999
2026-10-02 13:00;7495.0;7722.94;SPXW  261002C07495000;218.9;235.2;delta=0.999
2026-10-02 13:00;7500.0;7722.94;SPXW  261002C07500000;211.3;230.2;delta=0.999
2026-10-02 13:00;7505.0;7722.94;SPXW  261002C07505000;210.2;223.9;delta=0.999
2026-10-02 13:00;7510.0;7722.94;SPXW  261002C07510000;197.6;221.6;delta=0.999
2026-10-02 13:00;7515.0;7722.94;SPXW  261002C07515000;200.2;213.9;delta=0.999
2026-10-02 13:00;7520.0;7722.94;SPXW  261002C07520000;187.6;211.6;delta=0.999
2026-10-02 13:00;7525.0;7722.94;SPXW  261002C07525000;196.2;203.9;delta=0.999
2026-10-02 13:00;7530.0;7722.94;SPXW  261002C07530000;191.2;198.9;delta=0.999
2026-10-02 13:00;7535.0;7722.94;SPXW  261002C07535000;186.2;193.9;delta=0.999
2026-10-02 13:00;7540.0;7722.94;SPXW  261002C07540000;181.2;188.9;delta=0.999
2026-10-02 13:00;7545.0;7722.94;SPXW  261002C07545000;176.2;183.9;delta=0.998
2026-10-02 13:00;7550.0;7722.94;SPXW  261002C07550000;171.2;180.5;delta=0.998
2026-10-02 13:00;7555.0;7722.94;SPXW  261002C07555000;166.2;173.9;delta=0.998
2026-10-02 13:00;7560.0;7722.94;SPXW  261002C07560000;161.2;171.5;delta=0.998
2026-10-02 13:00;7565.0;7722.94;SPXW  261002C07565000;156.2;161.7;delta=0.998
2026-10-02 13:00;7570.0;7722.94;SPXW  261002C07570000;151.2;156.8;delta=0.998
2026-10-02 13:00;7575.0;7722.94;SPXW  261002C07575000;146.2;151.9;delta=0.998
2026-10-02 13:00;7580.0;7722.94;SPXW  261002C07580000;141.2;147.0;delta=0.998
2026-10-02 13:00;7585.0;7722.94;SPXW  261002C07585000;136.2;142.1;delta=0.998
2026-10-02 13:00;7590.0;7722.94;SPXW  261002C07590000;131.2;137.2;delta=0.998
2026-10-02 13:00;7595.0;7722.94;SPXW  261002C07595000;126.2;132.3;delta=0.998
2026-10-02 13:00;7600.0;7722.94;SPXW  261002C07600000;121.2;127.4;delta=0.998
2026-10-02 13:00;7605.0;7722.94;SPXW  261002C07605000;116.2;122.5;delta=0.998
2026-10-02 13:00;7610.0;7722.94;SPXW  261002C07610000;111.2;117.3;delta=0.998
2026-10-02 13:00;7615.0;7722.94;SPXW  261002C07615000;106.2;111.4;delta=0.998
2026-10-02 13:00;7620.0;7722.94;SPXW  261002C07620000;101.3;103.3;delta=0.998
2026-10-02 13:00;7625.0;7722.94;SPXW  261002C07625000;96.2;101.4;delta=0.998
2026-10-02 13:00;7630.0;7722.94;SPXW  261002C07630000;91.3;93.3;delta=0.997
2026-10-02 13:00;7635.0;7722.94;SPXW  261002C07635000;86.2;91.4;delta=0.997
2026-10-02 13:00;7640.0;7722.94;SPXW  261002C07640000;81.3;83.3;delta=0.997
2026-10-02 13:00;7645.0;7722.94;SPXW  261002C07645000;76.2;81.4;delta=0.997
2026-10-02 13:00;7650.0;7722.94;SPXW  261002C07650000;71.2;76.4;delta=0.997
2026-10-02 13:00;7655.0;7722.94;SPXW  261002C07655000;66.2;71.4;delta=0.997
2026-10-02 13:00;7660.0;7722.94;SPXW  261002C07660000;61.2;66.4;delta=0.996
2026-10-02 13:00;7665.0;7722.94;SPXW  261002C07665000;56.2;61.4;delta=0.996
2026-10-02 13:00;7670.0;7722.94;SPXW  261002C07670000;51.2;56.4;delta=0.996
2026-10-02 13:00;7675.0;7722.94;SPXW  261002C07675000;46.2;51.4;delta=0.996
2026-10-02 13:00;7680.0;7722.94;SPXW  261002C07680000;41.3;43.3;delta=0.995
2026-10-02 13:00;7685.0;7722.94;SPXW  261002C07685000;36.3;38.3;delta=0.995
2026-10-02 13:00;7690.0;7722.94;SPXW  261002C07690000;31.2;36.4;delta=0.994
2026-10-02 13:00;7695.0;7722.94;SPXW  261002C07695000;26.2;31.4;delta=0.993
2026-10-02 13:00;7700.0;7722.94;SPXW  261002C07700000;21.3;23.3;delta=0.992
2026-10-02 13:00;7705.0;7722.94;SPXW  261002C07705000;16.3;18.3;delta=0.99
2026-10-02 13:00;7710.0;7722.94;SPXW  261002C07710000;11.9;13.4;delta=0.987
2026-10-02 13:00;7715.0;7722.94;SPXW  261002C07715000;6.8;8.4;delta=0.981
2026-10-02 13:00;7720.0;7722.94;SPXW  261002C07720000;1.8;3.4;delta=0.912
2026-10-02 13:00;7725.0;7722.94;SPXW  261002C07725000;0.0;0.1;delta=0.068
2026-10-02 13:00;7730.0;7722.94;SPXW  261002C07730000;0.0;0.05;delta=0.019
2026-10-02 13:00;7735.0;7722.94;SPXW  261002C07735000;0.0;0.05;delta=0.013
2026-10-02 13:00;7740.0;7722.94;SPXW  261002C07740000;0.0;0.05;delta=0.01
2026-10-02 13:00;7745.0;7722.94;SPXW  261002C07745000;0.0;0.05;delta=0.008
2026-10-02 13:00;7750.0;7722.94;SPXW  261002C07750000;0.0;0.05;delta=0.007
2026-10-02 13:00;7755.0;7722.94;SPXW  261002C07755000;0.0;0.05;delta=0.006
2026-10-02 13:00;7760.0;7722.94;SPXW  261002C07760000;0.0;0.05;delta=0.005
2026-10-02 13:00;7765.0;7722.94;SPXW  261002C07765000;0.0;0.05;delta=0.005
2026-10-02 13:00;7770.0;7722.94;SPXW  261002C07770000;0.0;0.05;delta=0.004
2026-10-02 13:00;7775.0;7722.94;SPXW  261002C07775000;0.0;0.05;delta=0.004
2026-10-02 13:00;7780.0;7722.94;SPXW  261002C07780000;0.0;0.05;delta=0.004
2026-10-02 13:00;7785.0;7722.94;SPXW  261002C07785000;0.0;0.05;delta=0.004
2026-10-02 13:00;7790.0;7722.94;SPXW  261002C07790000;0.0;0.05;delta=0.003
2026-10-02 13:00;7795.0;7722.94;SPXW  261002C07795000;0.0;0.05;delta=0.003
2026-10-02 13:00;7800.0;7722.94;SPXW  261002C07800000;0.0;0.05;delta=0.003
2026-10-02 13:00;7805.0;7722.94;SPXW  261002C07805000;0.0;0.05;delta=0.003
2026-10-02 13:00;7810.0;7722.94;SPXW  261002C07810000;0.0;0.05;delta=0.003
2026-10-02 13:00;7815.0;7722.94;SPXW  261002C07815000;0.0;0.05;delta=0.003
2026-10-02 13:00;7820.0;7722.94;SPXW  261002C07820000;0.0;0.05;delta=0.002
2026-10-02 13:00;7825.0;7722.94;SPXW  261002C07825000;0.0;0.05;delta=0.002
2026-10-02 13:00;7830.0;7722.94;SPXW  261002C07830000;0.0;0.05;delta=0.002
2026-10-02 13:00;7835.0;7722.94;SPXW  261002C07835000;0.0;0.05;delta=0.002
2026-10-02 13:00;7840.0;7722.94;SPXW  261002C07840000;0.0;0.05;delta=0.002
2026-10-02 13:00;7845.0;7722.94;SPXW  261002C07845000;0.0;0.05;delta=0.002
2026-10-02 13:00;7850.0;7722.94;SPXW  261002C07850000;0.0;0.05;delta=0.002
2026-10-02 13:00;7855.0;7722.94;SPXW  261002C07855000;0.0;0.05;delta=0.002
2026-10-02 13:00;7860.0;7722.94;SPXW  261002C07860000;0.0;0.05;delta=0.002
2026-10-02 13:00;7865.0;7722.94;SPXW  261002C07865000;0.0;0.05;delta=0.002
2026-10-02 13:00;7870.0;7722.94;SPXW  261002C07870000;0.0;0.05;delta=0.002
2026-10-02 13:00;7875.0;7722.94;SPXW  261002C07875000;0.0;0.05;delta=0.002
2026-10-02 13:00;7880.0;7722.94;SPXW  261002C07880000;0.0;0.05;delta=0.002
2026-10-02 13:00;7885.0;7722.94;SPXW  261002C07885000;0.0;0.05;delta=0.002
2026-10-02 13:00;7890.0;7722.94;SPXW  261002C07890000;0.0;0.05;delta=0.002
2026-10-02 13:00;7895.0;7722.94;SPXW  261002C07895000;0.0;0.05;delta=0.002
2026-10-02 13:00;7900.0;7722.94;SPXW  261002C07900000;0.0;0.05;delta=0.001
2026-10-02 13:00;7905.0;7722.94;SPXW  261002C07905000;0.0;0.05;delta=0.001
2026-10-02 13:00;7910.0;7722.94;SPXW  261002C07910000;0.0;0.05;delta=0.001
2026-10-02 13:00;7915.0;7722.94;SPXW  261002C07915000;0.0;0.05;delta=0.001
2026-10-02 13:00;7920.0;7722.94;SPXW  261002C07920000;0.0;0.05;delta=0.001
2026-10-02 13:00;7925.0;7722.94;SPXW  261002C07925000;0.0;0.05;delta=0.001
2026-10-02 13:00;7930.0;7722.94;SPXW  261002C07930000;0.0;0.05;delta=0.001
2026-10-02 13:00;7935.0;7722.94;SPXW  261002C07935000;0.0;0.05;delta=0.001
2026-10-02 13:00;7940.0;7722.94;SPXW  261002C07940000;0.0;0.05;delta=0.001
2026-10-02 13:00;7945.0;7722.94;SPXW  261002C07945000;0.0;0.05;delta=0.001
2026-10-02 13:00;7950.0;7722.94;SPXW  261002C07950000;0.0;0.05;delta=0.001
2026-10-02 13:00;7955.0;7722.94;SPXW  261002C07955000;0.0;0.05;delta=0.001
2026-10-02 13:00;7960.0;7722.94;SPXW  261002C07960000;0.0;0.05;delta=0.001
2026-10-02 13:00;7965.0;7722.94;SPXW  261002C07965000;0.0;0.05;delta=0.001
2026-10-02 13:00;7970.0;7722.94;SPXW  261002C07970000;0.0;0.05;delta=0.001
2026-10-02 13:00;7475.0;7722.94;SPXW  261002P07475000;0.0;0.05;delta=-0.001
2026-10-02 13:00;7480.0;7722.94;SPXW  261002P07480000;0.0;0.05;delta=-0.001
2026-10-02 13:00;7485.0;7722.94;SPXW  261002P07485000;0.0;0.05;delta=-0.001
2026-10-02 13:00;7490.0;7722.94;SPXW  261002P07490000;0.0;0.05;delta=-0.001
2026-10-02 13:00;7495.0;7722.94;SPXW  261002P07495000;0.0;0.05;delta=-0.001
2026-10-02 13:00;7500.0;7722.94;SPXW  261002P07500000;0.0;0.05;delta=-0.001
2026-10-02 13:00;7505.0;7722.94;SPXW  261002P07505000;0.0;0.05;delta=-0.001
2026-10-02 13:00;7510.0;7722.94;SPXW  261002P07510000;0.0;0.05;delta=-0.001
2026-10-02 13:00;7515.0;7722.94;SPXW  261002P07515000;0.0;0.05;delta=-0.001
2026-10-02 13:00;7520.0;7722.94;SPXW  261002P07520000;0.0;0.05;delta=-0.001
2026-10-02 13:00;7525.0;7722.94;SPXW  261002P07525000;0.0;0.05;delta=-0.001
2026-10-02 13:00;7530.0;7722.94;SPXW  261002P07530000;0.0;0.05;delta=-0.001
2026-10-02 13:00;7535.0;7722.94;SPXW  261002P07535000;0.0;0.05;delta=-0.001
2026-10-02 13:00;7540.0;7722.94;SPXW  261002P07540000;0.0;0.05;delta=-0.001
2026-10-02 13:00;7545.0;7722.94;SPXW  261002P07545000;0.0;0.05;delta=-0.001
2026-10-02 13:00;7550.0;7722.94;SPXW  261002P07550000;0.0;0.05;delta=-0.001
2026-10-02 13:00;7555.0;7722.94;SPXW  261002P07555000;0.0;0.05;delta=-0.002
2026-10-02 13:00;7560.0;7722.94;SPXW  261002P07560000;0.0;0.05;delta=-0.002
2026-10-02 13:00;7565.0;7722.94;SPXW  261002P07565000;0.0;0.05;delta=-0.002
2026-10-02 13:00;7570.0;7722.94;SPXW  261002P07570000;0.0;0.05;delta=-0.002
2026-10-02 13:00;7575.0;7722.94;SPXW  261002P07575000;0.0;0.05;delta=-0.002
2026-10-02 13:00;7580.0;7722.94;SPXW  261002P07580000;0.0;0.05;delta=-0.002
2026-10-02 13:00;7585.0;7722.94;SPXW  261002P07585000;0.0;0.05;delta=-0.002
2026-10-02 13:00;7590.0;7722.94;SPXW  261002P07590000;0.0;0.05;delta=-0.002
2026-10-02 13:00;7595.0;7722.94;SPXW  261002P07595000;0.0;0.05;delta=-0.002
2026-10-02 13:00;7600.0;7722.94;SPXW  261002P07600000;0.0;0.05;delta=-0.002
2026-10-02 13:00;7605.0;7722.94;SPXW  261002P07605000;0.0;0.05;delta=-0.002
2026-10-02 13:00;7610.0;7722.94;SPXW  261002P07610000;0.0;0.05;delta=-0.002
2026-10-02 13:00;7615.0;7722.94;SPXW  261002P07615000;0.0;0.05;delta=-0.002
2026-10-02 13:00;7620.0;7722.94;SPXW  261002P07620000;0.0;0.05;delta=-0.002
2026-10-02 13:00;7625.0;7722.94;SPXW  261002P07625000;0.0;0.05;delta=-0.002
2026-10-02 13:00;7630.0;7722.94;SPXW  261002P07630000;0.0;0.05;delta=-0.003
2026-10-02 13:00;7635.0;7722.94;SPXW  261002P07635000;0.0;0.05;delta=-0.003
2026-10-02 13:00;7640.0;7722.94;SPXW  261002P07640000;0.0;0.05;delta=-0.003
2026-10-02 13:00;7645.0;7722.94;SPXW  261002P07645000;0.0;0.05;delta=-0.003
2026-10-02 13:00;7650.0;7722.94;SPXW  261002P07650000;0.0;0.05;delta=-0.003
2026-10-02 13:00;7655.0;7722.94;SPXW  261002P07655000;0.0;0.05;delta=-0.003
2026-10-02 13:00;7660.0;7722.94;SPXW  261002P07660000;0.0;0.05;delta=-0.004
2026-10-02 13:00;7665.0;7722.94;SPXW  261002P07665000;0.0;0.05;delta=-0.004
2026-10-02 13:00;7670.0;7722.94;SPXW  261002P07670000;0.0;0.05;delta=-0.004
2026-10-02 13:00;7675.0;7722.94;SPXW  261002P07675000;0.0;0.05;delta=-0.004
2026-10-02 13:00;7680.0;7722.94;SPXW  261002P07680000;0.0;0.05;delta=-0.005
2026-10-02 13:00;7685.0;7722.94;SPXW  261002P07685000;0.0;0.05;delta=-0.005
2026-10-02 13:00;7690.0;7722.94;SPXW  261002P07690000;0.0;0.05;delta=-0.006
2026-10-02 13:00;7695.0;7722.94;SPXW  261002P07695000;0.0;0.05;delta=-0.007
2026-10-02 13:00;7700.0;7722.94;SPXW  261002P07700000;0.0;0.05;delta=-0.008
2026-10-02 13:00;7705.0;7722.94;SPXW  261002P07705000;0.0;0.05;delta=-0.01
2026-10-02 13:00;7710.0;7722.94;SPXW  261002P07710000;0.0;0.05;delta=-0.013
2026-10-02 13:00;7715.0;7722.94;SPXW  261002P07715000;0.0;0.05;delta=-0.019
2026-10-02 13:00;7720.0;7722.94;SPXW  261002P07720000;0.05;0.1;delta=-0.088
2026-10-02 13:00;7725.0;7722.94;SPXW  261002P07725000;2.2;3.1;delta=-0.932
2026-10-02 13:00;7730.0;7722.94;SPXW  261002P07730000;6.7;8.7;delta=-0.981
2026-10-02 13:00;7735.0;7722.94;SPXW  261002P07735000;11.7;13.7;delta=-0.987
2026-10-02 13:00;7740.0;7722.94;SPXW  261002P07740000;16.7;18.7;delta=-0.99
2026-10-02 13:00;7745.0;7722.94;SPXW  261002P07745000;18.6;23.8;delta=-0.992
2026-10-02 13:00;7750.0;7722.94;SPXW  261002P07750000;26.7;28.7;delta=-0.993
2026-10-02 13:00;7755.0;7722.94;SPXW  261002P07755000;31.7;33.7;delta=-0.994
2026-10-02 13:00;7760.0;7722.94;SPXW  261002P07760000;36.7;38.7;delta=-0.995
2026-10-02 13:00;7765.0;7722.94;SPXW  261002P07765000;41.7;43.7;delta=-0.995
2026-10-02 13:00;7770.0;7722.94;SPXW  261002P07770000;46.7;48.7;delta=-0.996
2026-10-02 13:00;7775.0;7722.94;SPXW  261002P07775000;51.7;53.7;delta=-0.996
2026-10-02 13:00;7780.0;7722.94;SPXW  261002P07780000;53.6;58.8;delta=-0.996
2026-10-02 13:00;7785.0;7722.94;SPXW  261002P07785000;58.6;63.8;delta=-0.996
2026-10-02 13:00;7790.0;7722.94;SPXW  261002P07790000;66.7;68.7;delta=-0.997
2026-10-02 13:00;7795.0;7722.94;SPXW  261002P07795000;68.6;73.8;delta=-0.997
2026-10-02 13:00;7800.0;7722.94;SPXW  261002P07800000;76.7;78.7;delta=-0.997
2026-10-02 13:00;7805.0;7722.94;SPXW  261002P07805000;81.7;83.7;delta=-0.997
2026-10-02 13:00;7810.0;7722.94;SPXW  261002P07810000;86.7;88.7;delta=-0.997
2026-10-02 13:00;7815.0;7722.94;SPXW  261002P07815000;91.7;93.7;delta=-0.997
2026-10-02 13:00;7820.0;7722.94;SPXW  261002P07820000;96.7;98.7;delta=-0.998
2026-10-02 13:00;7825.0;7722.94;SPXW  261002P07825000;101.7;103.7;delta=-0.998
2026-10-02 13:00;7830.0;7722.94;SPXW  261002P07830000;106.7;108.7;delta=-0.998
2026-10-02 13:00;7835.0;7722.94;SPXW  261002P07835000;111.7;113.7;delta=-0.998
2026-10-02 13:00;7840.0;7722.94;SPXW  261002P07840000;116.7;118.7;delta=-0.998
2026-10-02 13:00;7845.0;7722.94;SPXW  261002P07845000;121.7;123.7;delta=-0.998
2026-10-02 13:00;7850.0;7722.94;SPXW  261002P07850000;122.5;128.8;delta=-0.998
2026-10-02 13:00;7855.0;7722.94;SPXW  261002P07855000;127.4;133.8;delta=-0.998
2026-10-02 13:00;7860.0;7722.94;SPXW  261002P07860000;136.7;138.7;delta=-0.998
2026-10-02 13:00;7865.0;7722.94;SPXW  261002P07865000;141.7;143.7;delta=-0.998
2026-10-02 13:00;7870.0;7722.94;SPXW  261002P07870000;142.1;148.8;delta=-0.998
2026-10-02 13:00;7875.0;7722.94;SPXW  261002P07875000;151.7;153.7;delta=-0.998
2026-10-02 13:00;7880.0;7722.94;SPXW  261002P07880000;156.7;158.7;delta=-0.998
2026-10-02 13:00;7885.0;7722.94;SPXW  261002P07885000;161.7;163.7;delta=-0.998
2026-10-02 13:00;7890.0;7722.94;SPXW  261002P07890000;166.7;168.7;delta=-0.998
2026-10-02 13:00;7895.0;7722.94;SPXW  261002P07895000;166.6;173.8;delta=-0.998
2026-10-02 13:00;7900.0;7722.94;SPXW  261002P07900000;176.7;178.7;delta=-0.998
2026-10-02 13:00;7905.0;7722.94;SPXW  261002P07905000;181.7;183.7;delta=-0.998
2026-10-02 13:00;7910.0;7722.94;SPXW  261002P07910000;186.7;188.7;delta=-0.999
2026-10-02 13:00;7915.0;7722.94;SPXW  261002P07915000;191.7;193.7;delta=-0.999
2026-10-02 13:00;7920.0;7722.94;SPXW  261002P07920000;186.0;210.0;delta=-0.999
2026-10-02 13:00;7925.0;7722.94;SPXW  261002P07925000;195.9;209.6;delta=-0.999
2026-10-02 13:00;7930.0;7722.94;SPXW  261002P07930000;195.8;219.8;delta=-0.999
2026-10-02 13:00;7935.0;7722.94;SPXW  261002P07935000;203.1;227.1;delta=-0.999
2026-10-02 13:00;7940.0;7722.94;SPXW  261002P07940000;208.4;232.4;delta=-0.999
2026-10-02 13:00;7945.0;7722.94;SPXW  261002P07945000;207.1;231.1;delta=-0.999
2026-10-02 13:00;7950.0;7722.94;SPXW  261002P07950000;219.6;237.8;delta=-0.999
2026-10-02 13:00;7955.0;7722.94;SPXW  261002P07955000;218.1;242.1;delta=-0.999
2026-10-02 13:00;7960.0;7722.94;SPXW  261002P07960000;222.2;245.3;delta=-0.999
2026-10-02 13:00;7965.0;7722.94;SPXW  261002P07965000;233.1;257.1;delta=-0.999
2026-10-02 13:00;7970.0;7722.94;SPXW  261002P07970000;232.2;255.2;delta=-0.999
2026-10-02 13:05;7475.0;7722.72;SPXW  261002C07475000;235.2;255.2;delta=0.999
2026-10-02 13:05;7480.0;7722.72;SPXW  261002C07480000;230.4;254.4;delta=0.999
2026-10-02 13:05;7485.0;7722.72;SPXW  261002C07485000;228.8;245.2;delta=0.999
2026-10-02 13:05;7490.0;7722.72;SPXW  261002C07490000;221.0;245.0;delta=0.999
2026-10-02 13:05;7495.0;7722.72;SPXW  261002C07495000;218.9;235.2;delta=0.999
2026-10-02 13:05;7500.0;7722.72;SPXW  261002C07500000;211.3;230.2;delta=0.999
2026-10-02 13:05;7505.0;7722.72;SPXW  261002C07505000;210.2;223.9;delta=0.999
2026-10-02 13:05;7510.0;7722.72;SPXW  261002C07510000;197.6;221.6;delta=0.999
2026-10-02 13:05;7515.0;7722.72;SPXW  261002C07515000;200.2;213.9;delta=0.999
2026-10-02 13:05;7520.0;7722.72;SPXW  261002C07520000;187.6;211.6;delta=0.999
2026-10-02 13:05;7525.0;7722.72;SPXW  261002C07525000;196.3;198.4;delta=0.999
2026-10-02 13:05;7530.0;7722.72;SPXW  261002C07530000;191.3;193.4;delta=0.999
2026-10-02 13:05;7535.0;7722.72;SPXW  261002C07535000;186.3;188.4;delta=0.999
2026-10-02 13:05;7540.0;7722.72;SPXW  261002C07540000;181.3;183.4;delta=0.999
2026-10-02 13:05;7545.0;7722.72;SPXW  261002C07545000;176.3;178.4;delta=0.999
2026-10-02 13:05;7550.0;7722.72;SPXW  261002C07550000;171.3;173.4;delta=0.998
2026-10-02 13:05;7555.0;7722.72;SPXW  261002C07555000;166.3;168.4;delta=0.998
2026-10-02 13:05;7560.0;7722.72;SPXW  261002C07560000;161.3;163.4;delta=0.998
2026-10-02 13:05;7565.0;7722.72;SPXW  261002C07565000;156.3;158.4;delta=0.998
2026-10-02 13:05;7570.0;7722.72;SPXW  261002C07570000;151.3;153.4;delta=0.998
2026-10-02 13:05;7575.0;7722.72;SPXW  261002C07575000;146.3;148.4;delta=0.998
2026-10-02 13:05;7580.0;7722.72;SPXW  261002C07580000;141.3;143.4;delta=0.998
2026-10-02 13:05;7585.0;7722.72;SPXW  261002C07585000;136.3;138.4;delta=0.998
2026-10-02 13:05;7590.0;7722.72;SPXW  261002C07590000;131.3;133.4;delta=0.998
2026-10-02 13:05;7595.0;7722.72;SPXW  261002C07595000;126.3;128.4;delta=0.998
2026-10-02 13:05;7600.0;7722.72;SPXW  261002C07600000;121.3;123.4;delta=0.998
2026-10-02 13:05;7605.0;7722.72;SPXW  261002C07605000;116.3;118.4;delta=0.998
2026-10-02 13:05;7610.0;7722.72;SPXW  261002C07610000;111.3;113.4;delta=0.998
2026-10-02 13:05;7615.0;7722.72;SPXW  261002C07615000;106.3;108.4;delta=0.998
2026-10-02 13:05;7620.0;7722.72;SPXW  261002C07620000;101.3;103.3;delta=0.998
2026-10-02 13:05;7625.0;7722.72;SPXW  261002C07625000;96.3;98.4;delta=0.998
2026-10-02 13:05;7630.0;7722.72;SPXW  261002C07630000;91.3;93.3;delta=0.997
2026-10-02 13:05;7635.0;7722.72;SPXW  261002C07635000;86.3;88.4;delta=0.997
2026-10-02 13:05;7640.0;7722.72;SPXW  261002C07640000;81.3;83.3;delta=0.997
2026-10-02 13:05;7645.0;7722.72;SPXW  261002C07645000;76.3;78.4;delta=0.997
2026-10-02 13:05;7650.0;7722.72;SPXW  261002C07650000;71.3;73.4;delta=0.997
2026-10-02 13:05;7655.0;7722.72;SPXW  261002C07655000;66.3;68.4;delta=0.997
2026-10-02 13:05;7660.0;7722.72;SPXW  261002C07660000;61.3;63.4;delta=0.996
2026-10-02 13:05;7665.0;7722.72;SPXW  261002C07665000;56.3;58.4;delta=0.996
2026-10-02 13:05;7670.0;7722.72;SPXW  261002C07670000;51.3;53.4;delta=0.996
2026-10-02 13:05;7675.0;7722.72;SPXW  261002C07675000;46.3;48.4;delta=0.996
2026-10-02 13:05;7680.0;7722.72;SPXW  261002C07680000;41.3;43.3;delta=0.995
2026-10-02 13:05;7685.0;7722.72;SPXW  261002C07685000;36.3;38.3;delta=0.995
2026-10-02 13:05;7690.0;7722.72;SPXW  261002C07690000;31.3;33.4;delta=0.994
2026-10-02 13:05;7695.0;7722.72;SPXW  261002C07695000;26.3;28.4;delta=0.993
2026-10-02 13:05;7700.0;7722.72;SPXW  261002C07700000;21.3;23.3;delta=0.992
2026-10-02 13:05;7705.0;7722.72;SPXW  261002C07705000;16.3;18.3;delta=0.99
2026-10-02 13:05;7710.0;7722.72;SPXW  261002C07710000;11.9;13.4;delta=0.987
2026-10-02 13:05;7715.0;7722.72;SPXW  261002C07715000;6.8;8.4;delta=0.981
2026-10-02 13:05;7720.0;7722.72;SPXW  261002C07720000;1.8;3.4;delta=0.912
2026-10-02 13:05;7725.0;7722.72;SPXW  261002C07725000;0.0;0.1;delta=0.068
2026-10-02 13:05;7730.0;7722.72;SPXW  261002C07730000;0.0;0.05;delta=0.019
2026-10-02 13:05;7735.0;7722.72;SPXW  261002C07735000;0.0;0.05;delta=0.013
2026-10-02 13:05;7740.0;7722.72;SPXW  261002C07740000;0.0;0.05;delta=0.01
2026-10-02 13:05;7745.0;7722.72;SPXW  261002C07745000;0.0;0.05;delta=0.008
2026-10-02 13:05;7750.0;7722.72;SPXW  261002C07750000;0.0;0.05;delta=0.007
2026-10-02 13:05;7755.0;7722.72;SPXW  261002C07755000;0.0;0.05;delta=0.006
2026-10-02 13:05;7760.0;7722.72;SPXW  261002C07760000;0.0;0.05;delta=0.005
2026-10-02 13:05;7765.0;7722.72;SPXW  261002C07765000;0.0;0.05;delta=0.005
2026-10-02 13:05;7770.0;7722.72;SPXW  261002C07770000;0.0;0.05;delta=0.004
2026-10-02 13:05;7775.0;7722.72;SPXW  261002C07775000;0.0;0.05;delta=0.004
2026-10-02 13:05;7780.0;7722.72;SPXW  261002C07780000;0.0;0.05;delta=0.004
2026-10-02 13:05;7785.0;7722.72;SPXW  261002C07785000;0.0;0.05;delta=0.004
2026-10-02 13:05;7790.0;7722.72;SPXW  261002C07790000;0.0;0.05;delta=0.003
2026-10-02 13:05;7795.0;7722.72;SPXW  261002C07795000;0.0;0.05;delta=0.003
2026-10-02 13:05;7800.0;7722.72;SPXW  261002C07800000;0.0;0.05;delta=0.003
2026-10-02 13:05;7805.0;7722.72;SPXW  261002C07805000;0.0;0.05;delta=0.003
2026-10-02 13:05;7810.0;7722.72;SPXW  261002C07810000;0.0;0.05;delta=0.003
2026-10-02 13:05;7815.0;7722.72;SPXW  261002C07815000;0.0;0.05;delta=0.003
2026-10-02 13:05;7820.0;7722.72;SPXW  261002C07820000;0.0;0.05;delta=0.002
2026-10-02 13:05;7825.0;7722.72;SPXW  261002C07825000;0.0;0.05;delta=0.002
2026-10-02 13:05;7830.0;7722.72;SPXW  261002C07830000;0.0;0.05;delta=0.002
2026-10-02 13:05;7835.0;7722.72;SPXW  261002C07835000;0.0;0.05;delta=0.002
2026-10-02 13:05;7840.0;7722.72;SPXW  261002C07840000;0.0;0.05;delta=0.002
2026-10-02 13:05;7845.0;7722.72;SPXW  261002C07845000;0.0;0.05;delta=0.002
2026-10-02 13:05;7850.0;7722.72;SPXW  261002C07850000;0.0;0.05;delta=0.002
2026-10-02 13:05;7855.0;7722.72;SPXW  261002C07855000;0.0;0.05;delta=0.002
2026-10-02 13:05;7860.0;7722.72;SPXW  261002C07860000;0.0;0.05;delta=0.002
2026-10-02 13:05;7865.0;7722.72;SPXW  261002C07865000;0.0;0.05;delta=0.002
2026-10-02 13:05;7870.0;7722.72;SPXW  261002C07870000;0.0;0.05;delta=0.002
2026-10-02 13:05;7875.0;7722.72;SPXW  261002C07875000;0.0;0.05;delta=0.002
2026-10-02 13:05;7880.0;7722.72;SPXW  261002C07880000;0.0;0.05;delta=0.002
2026-10-02 13:05;7885.0;7722.72;SPXW  261002C07885000;0.0;0.05;delta=0.002
2026-10-02 13:05;7890.0;7722.72;SPXW  261002C07890000;0.0;0.05;delta=0.002
2026-10-02 13:05;7895.0;7722.72;SPXW  261002C07895000;0.0;0.05;delta=0.002
2026-10-02 13:05;7900.0;7722.72;SPXW  261002C07900000;0.0;0.05;delta=0.001
2026-10-02 13:05;7905.0;7722.72;SPXW  261002C07905000;0.0;0.05;delta=0.001
2026-10-02 13:05;7910.0;7722.72;SPXW  261002C07910000;0.0;0.05;delta=0.001
2026-10-02 13:05;7915.0;7722.72;SPXW  261002C07915000;0.0;0.05;delta=0.001
2026-10-02 13:05;7920.0;7722.72;SPXW  261002C07920000;0.0;0.05;delta=0.001
2026-10-02 13:05;7925.0;7722.72;SPXW  261002C07925000;0.0;0.05;delta=0.001
2026-10-02 13:05;7930.0;7722.72;SPXW  261002C07930000;0.0;0.05;delta=0.001
2026-10-02 13:05;7935.0;7722.72;SPXW  261002C07935000;0.0;0.05;delta=0.001
2026-10-02 13:05;7940.0;7722.72;SPXW  261002C07940000;0.0;0.05;delta=0.001
2026-10-02 13:05;7945.0;7722.72;SPXW  261002C07945000;0.0;0.05;delta=0.001
2026-10-02 13:05;7950.0;7722.72;SPXW  261002C07950000;0.0;0.05;delta=0.001
2026-10-02 13:05;7955.0;7722.72;SPXW  261002C07955000;0.0;0.05;delta=0.001
2026-10-02 13:05;7960.0;7722.72;SPXW  261002C07960000;0.0;0.05;delta=0.001
2026-10-02 13:05;7965.0;7722.72;SPXW  261002C07965000;0.0;0.05;delta=0.001
2026-10-02 13:05;7970.0;7722.72;SPXW  261002C07970000;0.0;0.05;delta=0.001
2026-10-02 13:05;7475.0;7722.72;SPXW  261002P07475000;0.0;0.05;delta=-0.001
2026-10-02 13:05;7480.0;7722.72;SPXW  261002P07480000;0.0;0.05;delta=-0.001
2026-10-02 13:05;7485.0;7722.72;SPXW  261002P07485000;0.0;0.05;delta=-0.001
2026-10-02 13:05;7490.0;7722.72;SPXW  261002P07490000;0.0;0.05;delta=-0.001
2026-10-02 13:05;7495.0;7722.72;SPXW  261002P07495000;0.0;0.05;delta=-0.001
2026-10-02 13:05;7500.0;7722.72;SPXW  261002P07500000;0.0;0.05;delta=-0.001
2026-10-02 13:05;7505.0;7722.72;SPXW  261002P07505000;0.0;0.05;delta=-0.001
2026-10-02 13:05;7510.0;7722.72;SPXW  261002P07510000;0.0;0.05;delta=-0.001
2026-10-02 13:05;7515.0;7722.72;SPXW  261002P07515000;0.0;0.05;delta=-0.001
2026-10-02 13:05;7520.0;7722.72;SPXW  261002P07520000;0.0;0.05;delta=-0.001
2026-10-02 13:05;7525.0;7722.72;SPXW  261002P07525000;0.0;0.05;delta=-0.001
2026-10-02 13:05;7530.0;7722.72;SPXW  261002P07530000;0.0;0.05;delta=-0.001
2026-10-02 13:05;7535.0;7722.72;SPXW  261002P07535000;0.0;0.05;delta=-0.001
2026-10-02 13:05;7540.0;7722.72;SPXW  261002P07540000;0.0;0.05;delta=-0.001
2026-10-02 13:05;7545.0;7722.72;SPXW  261002P07545000;0.0;0.05;delta=-0.001
2026-10-02 13:05;7550.0;7722.72;SPXW  261002P07550000;0.0;0.05;delta=-0.001
2026-10-02 13:05;7555.0;7722.72;SPXW  261002P07555000;0.0;0.05;delta=-0.002
2026-10-02 13:05;7560.0;7722.72;SPXW  261002P07560000;0.0;0.05;delta=-0.002
2026-10-02 13:05;7565.0;7722.72;SPXW  261002P07565000;0.0;0.05;delta=-0.002
2026-10-02 13:05;7570.0;7722.72;SPXW  261002P07570000;0.0;0.05;delta=-0.002
2026-10-02 13:05;7575.0;7722.72;SPXW  261002P07575000;0.0;0.05;delta=-0.002
2026-10-02 13:05;7580.0;7722.72;SPXW  261002P07580000;0.0;0.05;delta=-0.002
2026-10-02 13:05;7585.0;7722.72;SPXW  261002P07585000;0.0;0.05;delta=-0.002
2026-10-02 13:05;7590.0;7722.72;SPXW  261002P07590000;0.0;0.05;delta=-0.002
2026-10-02 13:05;7595.0;7722.72;SPXW  261002P07595000;0.0;0.05;delta=-0.002
2026-10-02 13:05;7600.0;7722.72;SPXW  261002P07600000;0.0;0.05;delta=-0.002
2026-10-02 13:05;7605.0;7722.72;SPXW  261002P07605000;0.0;0.05;delta=-0.002
2026-10-02 13:05;7610.0;7722.72;SPXW  261002P07610000;0.0;0.05;delta=-0.002
2026-10-02 13:05;7615.0;7722.72;SPXW  261002P07615000;0.0;0.05;delta=-0.002
2026-10-02 13:05;7620.0;7722.72;SPXW  261002P07620000;0.0;0.05;delta=-0.002
2026-10-02 13:05;7625.0;7722.72;SPXW  261002P07625000;0.0;0.05;delta=-0.002
2026-10-02 13:05;7630.0;7722.72;SPXW  261002P07630000;0.0;0.05;delta=-0.003
2026-10-02 13:05;7635.0;7722.72;SPXW  261002P07635000;0.0;0.05;delta=-0.003
2026-10-02 13:05;7640.0;7722.72;SPXW  261002P07640000;0.0;0.05;delta=-0.003
2026-10-02 13:05;7645.0;7722.72;SPXW  261002P07645000;0.0;0.05;delta=-0.003
2026-10-02 13:05;7650.0;7722.72;SPXW  261002P07650000;0.0;0.05;delta=-0.003
2026-10-02 13:05;7655.0;7722.72;SPXW  261002P07655000;0.0;0.05;delta=-0.003
2026-10-02 13:05;7660.0;7722.72;SPXW  261002P07660000;0.0;0.05;delta=-0.004
2026-10-02 13:05;7665.0;7722.72;SPXW  261002P07665000;0.0;0.05;delta=-0.004
2026-10-02 13:05;7670.0;7722.72;SPXW  261002P07670000;0.0;0.05;delta=-0.004
2026-10-02 13:05;7675.0;7722.72;SPXW  261002P07675000;0.0;0.05;delta=-0.004
2026-10-02 13:05;7680.0;7722.72;SPXW  261002P07680000;0.0;0.05;delta=-0.005
2026-10-02 13:05;7685.0;7722.72;SPXW  261002P07685000;0.0;0.05;delta=-0.005
2026-10-02 13:05;7690.0;7722.72;SPXW  261002P07690000;0.0;0.05;delta=-0.006
2026-10-02 13:05;7695.0;7722.72;SPXW  261002P07695000;0.0;0.05;delta=-0.007
2026-10-02 13:05;7700.0;7722.72;SPXW  261002P07700000;0.0;0.05;delta=-0.008
2026-10-02 13:05;7705.0;7722.72;SPXW  261002P07705000;0.0;0.05;delta=-0.01
2026-10-02 13:05;7710.0;7722.72;SPXW  261002P07710000;0.0;0.05;delta=-0.013
2026-10-02 13:05;7715.0;7722.72;SPXW  261002P07715000;0.0;0.05;delta=-0.019
2026-10-02 13:05;7720.0;7722.72;SPXW  261002P07720000;0.05;0.1;delta=-0.088
2026-10-02 13:05;7725.0;7722.72;SPXW  261002P07725000;2.2;3.1;delta=-0.932
2026-10-02 13:05;7730.0;7722.72;SPXW  261002P07730000;6.7;8.7;delta=-0.981
2026-10-02 13:05;7735.0;7722.72;SPXW  261002P07735000;11.7;13.7;delta=-0.987
2026-10-02 13:05;7740.0;7722.72;SPXW  261002P07740000;16.7;18.7;delta=-0.99
2026-10-02 13:05;7745.0;7722.72;SPXW  261002P07745000;21.6;23.7;delta=-0.992
2026-10-02 13:05;7750.0;7722.72;SPXW  261002P07750000;26.7;28.7;delta=-0.993
2026-10-02 13:05;7755.0;7722.72;SPXW  261002P07755000;31.7;33.7;delta=-0.994
2026-10-02 13:05;7760.0;7722.72;SPXW  261002P07760000;36.7;38.7;delta=-0.995
2026-10-02 13:05;7765.0;7722.72;SPXW  261002P07765000;41.7;43.7;delta=-0.995
2026-10-02 13:05;7770.0;7722.72;SPXW  261002P07770000;46.7;48.7;delta=-0.996
2026-10-02 13:05;7775.0;7722.72;SPXW  261002P07775000;51.7;53.7;delta=-0.996
2026-10-02 13:05;7780.0;7722.72;SPXW  261002P07780000;56.6;58.7;delta=-0.996
2026-10-02 13:05;7785.0;7722.72;SPXW  261002P07785000;61.6;63.7;delta=-0.996
2026-10-02 13:05;7790.0;7722.72;SPXW  261002P07790000;66.7;68.7;delta=-0.997
2026-10-02 13:05;7795.0;7722.72;SPXW  261002P07795000;71.6;73.7;delta=-0.997
2026-10-02 13:05;7800.0;7722.72;SPXW  261002P07800000;76.7;78.7;delta=-0.997
2026-10-02 13:05;7805.0;7722.72;SPXW  261002P07805000;81.7;83.7;delta=-0.997
2026-10-02 13:05;7810.0;7722.72;SPXW  261002P07810000;86.7;88.7;delta=-0.997
2026-10-02 13:05;7815.0;7722.72;SPXW  261002P07815000;91.7;93.7;delta=-0.997
2026-10-02 13:05;7820.0;7722.72;SPXW  261002P07820000;96.7;98.7;delta=-0.998
2026-10-02 13:05;7825.0;7722.72;SPXW  261002P07825000;101.7;103.7;delta=-0.998
2026-10-02 13:05;7830.0;7722.72;SPXW  261002P07830000;106.7;108.7;delta=-0.998
2026-10-02 13:05;7835.0;7722.72;SPXW  261002P07835000;111.7;113.7;delta=-0.998
2026-10-02 13:05;7840.0;7722.72;SPXW  261002P07840000;116.7;118.7;delta=-0.998
2026-10-02 13:05;7845.0;7722.72;SPXW  261002P07845000;121.7;123.7;delta=-0.998
2026-10-02 13:05;7850.0;7722.72;SPXW  261002P07850000;126.6;128.7;delta=-0.998
2026-10-02 13:05;7855.0;7722.72;SPXW  261002P07855000;131.6;133.7;delta=-0.998
2026-10-02 13:05;7860.0;7722.72;SPXW  261002P07860000;136.7;138.7;delta=-0.998
2026-10-02 13:05;7865.0;7722.72;SPXW  261002P07865000;141.7;143.7;delta=-0.998
2026-10-02 13:05;7870.0;7722.72;SPXW  261002P07870000;146.6;148.7;delta=-0.998
2026-10-02 13:05;7875.0;7722.72;SPXW  261002P07875000;151.7;153.7;delta=-0.998
2026-10-02 13:05;7880.0;7722.72;SPXW  261002P07880000;156.7;158.7;delta=-0.998
2026-10-02 13:05;7885.0;7722.72;SPXW  261002P07885000;161.7;163.7;delta=-0.998
2026-10-02 13:05;7890.0;7722.72;SPXW  261002P07890000;166.7;168.7;delta=-0.998
2026-10-02 13:05;7895.0;7722.72;SPXW  261002P07895000;171.6;173.7;delta=-0.998
2026-10-02 13:05;7900.0;7722.72;SPXW  261002P07900000;176.7;178.7;delta=-0.998
2026-10-02 13:05;7905.0;7722.72;SPXW  261002P07905000;181.7;183.7;delta=-0.999
2026-10-02 13:05;7910.0;7722.72;SPXW  261002P07910000;186.7;188.7;delta=-0.999
2026-10-02 13:05;7915.0;7722.72;SPXW  261002P07915000;191.7;193.7;delta=-0.999
2026-10-02 13:05;7920.0;7722.72;SPXW  261002P07920000;186.0;210.0;delta=-0.999
2026-10-02 13:05;7925.0;7722.72;SPXW  261002P07925000;195.9;209.6;delta=-0.999
2026-10-02 13:05;7930.0;7722.72;SPXW  261002P07930000;195.8;219.8;delta=-0.999
2026-10-02 13:05;7935.0;7722.72;SPXW  261002P07935000;203.1;227.1;delta=-0.999
2026-10-02 13:05;7940.0;7722.72;SPXW  261002P07940000;208.4;232.4;delta=-0.999
2026-10-02 13:05;7945.0;7722.72;SPXW  261002P07945000;207.1;231.1;delta=-0.999
2026-10-02 13:05;7950.0;7722.72;SPXW  261002P07950000;219.6;237.8;delta=-0.999
2026-10-02 13:05;7955.0;7722.72;SPXW  261002P07955000;218.1;242.1;delta=-0.999
2026-10-02 13:05;7960.0;7722.72;SPXW  261002P07960000;221.3;245.3;delta=-0.999
2026-10-02 13:05;7965.0;7722.72;SPXW  261002P07965000;233.1;257.1;delta=-0.999
2026-10-02 13:05;7970.0;7722.72;SPXW  261002P07970000;231.2;255.2;delta=-0.999
2026-10-02 13:09;7475.0;7722.72;SPXW  261002C07475000;235.2;255.2;delta=0.999
2026-10-02 13:09;7480.0;7722.72;SPXW  261002C07480000;230.4;254.4;delta=0.999
2026-10-02 13:09;7485.0;7722.72;SPXW  261002C07485000;228.8;245.2;delta=0.999
2026-10-02 13:09;7490.0;7722.72;SPXW  261002C07490000;221.0;245.0;delta=0.999
2026-10-02 13:09;7495.0;7722.72;SPXW  261002C07495000;218.9;235.2;delta=0.999
2026-10-02 13:09;7500.0;7722.72;SPXW  261002C07500000;211.3;230.2;delta=0.999
2026-10-02 13:09;7505.0;7722.72;SPXW  261002C07505000;210.2;223.9;delta=0.999
2026-10-02 13:09;7510.0;7722.72;SPXW  261002C07510000;197.6;221.6;delta=0.999
2026-10-02 13:09;7515.0;7722.72;SPXW  261002C07515000;200.2;213.9;delta=0.999
2026-10-02 13:09;7520.0;7722.72;SPXW  261002C07520000;187.6;211.6;delta=0.999
2026-10-02 13:09;7525.0;7722.72;SPXW  261002C07525000;196.3;198.4;delta=0.999
2026-10-02 13:09;7530.0;7722.72;SPXW  261002C07530000;191.3;193.4;delta=0.999
2026-10-02 13:09;7535.0;7722.72;SPXW  261002C07535000;186.3;188.4;delta=0.999
2026-10-02 13:09;7540.0;7722.72;SPXW  261002C07540000;181.3;183.4;delta=0.999
2026-10-02 13:09;7545.0;7722.72;SPXW  261002C07545000;176.3;178.4;delta=0.999
2026-10-02 13:09;7550.0;7722.72;SPXW  261002C07550000;171.3;173.4;delta=0.998
2026-10-02 13:09;7555.0;7722.72;SPXW  261002C07555000;166.3;168.4;delta=0.998
2026-10-02 13:09;7560.0;7722.72;SPXW  261002C07560000;161.3;163.4;delta=0.998
2026-10-02 13:09;7565.0;7722.72;SPXW  261002C07565000;156.3;158.4;delta=0.998
2026-10-02 13:09;7570.0;7722.72;SPXW  261002C07570000;151.3;153.4;delta=0.998
2026-10-02 13:09;7575.0;7722.72;SPXW  261002C07575000;146.3;148.4;delta=0.998
2026-10-02 13:09;7580.0;7722.72;SPXW  261002C07580000;141.3;143.4;delta=0.998
2026-10-02 13:09;7585.0;7722.72;SPXW  261002C07585000;136.3;138.4;delta=0.998
2026-10-02 13:09;7590.0;7722.72;SPXW  261002C07590000;131.3;133.4;delta=0.998
2026-10-02 13:09;7595.0;7722.72;SPXW  261002C07595000;126.3;128.4;delta=0.998
2026-10-02 13:09;7600.0;7722.72;SPXW  261002C07600000;121.3;123.4;delta=0.998
2026-10-02 13:09;7605.0;7722.72;SPXW  261002C07605000;116.3;118.4;delta=0.998
2026-10-02 13:09;7610.0;7722.72;SPXW  261002C07610000;111.3;113.4;delta=0.998
2026-10-02 13:09;7615.0;7722.72;SPXW  261002C07615000;106.3;108.4;delta=0.998
2026-10-02 13:09;7620.0;7722.72;SPXW  261002C07620000;101.3;103.3;delta=0.998
2026-10-02 13:09;7625.0;7722.72;SPXW  261002C07625000;96.3;98.4;delta=0.998
2026-10-02 13:09;7630.0;7722.72;SPXW  261002C07630000;91.3;93.3;delta=0.997
2026-10-02 13:09;7635.0;7722.72;SPXW  261002C07635000;86.3;88.4;delta=0.997
2026-10-02 13:09;7640.0;7722.72;SPXW  261002C07640000;81.3;83.3;delta=0.997
2026-10-02 13:09;7645.0;7722.72;SPXW  261002C07645000;76.3;78.4;delta=0.997
2026-10-02 13:09;7650.0;7722.72;SPXW  261002C07650000;71.3;73.4;delta=0.997
2026-10-02 13:09;7655.0;7722.72;SPXW  261002C07655000;66.3;68.4;delta=0.997
2026-10-02 13:09;7660.0;7722.72;SPXW  261002C07660000;61.3;63.4;delta=0.996
2026-10-02 13:09;7665.0;7722.72;SPXW  261002C07665000;56.3;58.4;delta=0.996
2026-10-02 13:09;7670.0;7722.72;SPXW  261002C07670000;51.3;53.4;delta=0.996
2026-10-02 13:09;7675.0;7722.72;SPXW  261002C07675000;46.3;48.4;delta=0.996
2026-10-02 13:09;7680.0;7722.72;SPXW  261002C07680000;41.3;43.3;delta=0.995
2026-10-02 13:09;7685.0;7722.72;SPXW  261002C07685000;36.3;38.3;delta=0.995
2026-10-02 13:09;7690.0;7722.72;SPXW  261002C07690000;31.3;33.4;delta=0.994
2026-10-02 13:09;7695.0;7722.72;SPXW  261002C07695000;26.3;28.4;delta=0.993
2026-10-02 13:09;7700.0;7722.72;SPXW  261002C07700000;21.3;23.3;delta=0.992
2026-10-02 13:09;7705.0;7722.72;SPXW  261002C07705000;16.3;18.3;delta=0.99
2026-10-02 13:09;7710.0;7722.72;SPXW  261002C07710000;11.9;13.4;delta=0.987
2026-10-02 13:09;7715.0;7722.72;SPXW  261002C07715000;6.8;8.4;delta=0.981
2026-10-02 13:09;7720.0;7722.72;SPXW  261002C07720000;1.8;3.4;delta=0.912
2026-10-02 13:09;7725.0;7722.72;SPXW  261002C07725000;0.0;0.1;delta=0.068
2026-10-02 13:09;7730.0;7722.72;SPXW  261002C07730000;0.0;0.05;delta=0.019
2026-10-02 13:09;7735.0;7722.72;SPXW  261002C07735000;0.0;0.05;delta=0.013
2026-10-02 13:09;7740.0;7722.72;SPXW  261002C07740000;0.0;0.05;delta=0.01
2026-10-02 13:09;7745.0;7722.72;SPXW  261002C07745000;0.0;0.05;delta=0.008
2026-10-02 13:09;7750.0;7722.72;SPXW  261002C07750000;0.0;0.05;delta=0.007
2026-10-02 13:09;7755.0;7722.72;SPXW  261002C07755000;0.0;0.05;delta=0.006
2026-10-02 13:09;7760.0;7722.72;SPXW  261002C07760000;0.0;0.05;delta=0.005
2026-10-02 13:09;7765.0;7722.72;SPXW  261002C07765000;0.0;0.05;delta=0.005
2026-10-02 13:09;7770.0;7722.72;SPXW  261002C07770000;0.0;0.05;delta=0.004
2026-10-02 13:09;7775.0;7722.72;SPXW  261002C07775000;0.0;0.05;delta=0.004
2026-10-02 13:09;7780.0;7722.72;SPXW  261002C07780000;0.0;0.05;delta=0.004
2026-10-02 13:09;7785.0;7722.72;SPXW  261002C07785000;0.0;0.05;delta=0.004
2026-10-02 13:09;7790.0;7722.72;SPXW  261002C07790000;0.0;0.05;delta=0.003
2026-10-02 13:09;7795.0;7722.72;SPXW  261002C07795000;0.0;0.05;delta=0.003
2026-10-02 13:09;7800.0;7722.72;SPXW  261002C07800000;0.0;0.05;delta=0.003
2026-10-02 13:09;7805.0;7722.72;SPXW  261002C07805000;0.0;0.05;delta=0.003
2026-10-02 13:09;7810.0;7722.72;SPXW  261002C07810000;0.0;0.05;delta=0.003
2026-10-02 13:09;7815.0;7722.72;SPXW  261002C07815000;0.0;0.05;delta=0.003
2026-10-02 13:09;7820.0;7722.72;SPXW  261002C07820000;0.0;0.05;delta=0.002
2026-10-02 13:09;7825.0;7722.72;SPXW  261002C07825000;0.0;0.05;delta=0.002
2026-10-02 13:09;7830.0;7722.72;SPXW  261002C07830000;0.0;0.05;delta=0.002
2026-10-02 13:09;7835.0;7722.72;SPXW  261002C07835000;0.0;0.05;delta=0.002
2026-10-02 13:09;7840.0;7722.72;SPXW  261002C07840000;0.0;0.05;delta=0.002
2026-10-02 13:09;7845.0;7722.72;SPXW  261002C07845000;0.0;0.05;delta=0.002
2026-10-02 13:09;7850.0;7722.72;SPXW  261002C07850000;0.0;0.05;delta=0.002
2026-10-02 13:09;7855.0;7722.72;SPXW  261002C07855000;0.0;0.05;delta=0.002
2026-10-02 13:09;7860.0;7722.72;SPXW  261002C07860000;0.0;0.05;delta=0.002
2026-10-02 13:09;7865.0;7722.72;SPXW  261002C07865000;0.0;0.05;delta=0.002
2026-10-02 13:09;7870.0;7722.72;SPXW  261002C07870000;0.0;0.05;delta=0.002
2026-10-02 13:09;7875.0;7722.72;SPXW  261002C07875000;0.0;0.05;delta=0.002
2026-10-02 13:09;7880.0;7722.72;SPXW  261002C07880000;0.0;0.05;delta=0.002
2026-10-02 13:09;7885.0;7722.72;SPXW  261002C07885000;0.0;0.05;delta=0.002
2026-10-02 13:09;7890.0;7722.72;SPXW  261002C07890000;0.0;0.05;delta=0.002
2026-10-02 13:09;7895.0;7722.72;SPXW  261002C07895000;0.0;0.05;delta=0.002
2026-10-02 13:09;7900.0;7722.72;SPXW  261002C07900000;0.0;0.05;delta=0.001
2026-10-02 13:09;7905.0;7722.72;SPXW  261002C07905000;0.0;0.05;delta=0.001
2026-10-02 13:09;7910.0;7722.72;SPXW  261002C07910000;0.0;0.05;delta=0.001
2026-10-02 13:09;7915.0;7722.72;SPXW  261002C07915000;0.0;0.05;delta=0.001
2026-10-02 13:09;7920.0;7722.72;SPXW  261002C07920000;0.0;0.05;delta=0.001
2026-10-02 13:09;7925.0;7722.72;SPXW  261002C07925000;0.0;0.05;delta=0.001
2026-10-02 13:09;7930.0;7722.72;SPXW  261002C07930000;0.0;0.05;delta=0.001
2026-10-02 13:09;7935.0;7722.72;SPXW  261002C07935000;0.0;0.05;delta=0.001
2026-10-02 13:09;7940.0;7722.72;SPXW  261002C07940000;0.0;0.05;delta=0.001
2026-10-02 13:09;7945.0;7722.72;SPXW  261002C07945000;0.0;0.05;delta=0.001
2026-10-02 13:09;7950.0;7722.72;SPXW  261002C07950000;0.0;0.05;delta=0.001
2026-10-02 13:09;7955.0;7722.72;SPXW  261002C07955000;0.0;0.05;delta=0.001
2026-10-02 13:09;7960.0;7722.72;SPXW  261002C07960000;0.0;0.05;delta=0.001
2026-10-02 13:09;7965.0;7722.72;SPXW  261002C07965000;0.0;0.05;delta=0.001
2026-10-02 13:09;7970.0;7722.72;SPXW  261002C07970000;0.0;0.05;delta=0.001
2026-10-02 13:09;7475.0;7722.72;SPXW  261002P07475000;0.0;0.05;delta=-0.001
2026-10-02 13:09;7480.0;7722.72;SPXW  261002P07480000;0.0;0.05;delta=-0.001
2026-10-02 13:09;7485.0;7722.72;SPXW  261002P07485000;0.0;0.05;delta=-0.001
2026-10-02 13:09;7490.0;7722.72;SPXW  261002P07490000;0.0;0.05;delta=-0.001
2026-10-02 13:09;7495.0;7722.72;SPXW  261002P07495000;0.0;0.05;delta=-0.001
2026-10-02 13:09;7500.0;7722.72;SPXW  261002P07500000;0.0;0.05;delta=-0.001
2026-10-02 13:09;7505.0;7722.72;SPXW  261002P07505000;0.0;0.05;delta=-0.001
2026-10-02 13:09;7510.0;7722.72;SPXW  261002P07510000;0.0;0.05;delta=-0.001
2026-10-02 13:09;7515.0;7722.72;SPXW  261002P07515000;0.0;0.05;delta=-0.001
2026-10-02 13:09;7520.0;7722.72;SPXW  261002P07520000;0.0;0.05;delta=-0.001
2026-10-02 13:09;7525.0;7722.72;SPXW  261002P07525000;0.0;0.05;delta=-0.001
2026-10-02 13:09;7530.0;7722.72;SPXW  261002P07530000;0.0;0.05;delta=-0.001
2026-10-02 13:09;7535.0;7722.72;SPXW  261002P07535000;0.0;0.05;delta=-0.001
2026-10-02 13:09;7540.0;7722.72;SPXW  261002P07540000;0.0;0.05;delta=-0.001
2026-10-02 13:09;7545.0;7722.72;SPXW  261002P07545000;0.0;0.05;delta=-0.001
2026-10-02 13:09;7550.0;7722.72;SPXW  261002P07550000;0.0;0.05;delta=-0.001
2026-10-02 13:09;7555.0;7722.72;SPXW  261002P07555000;0.0;0.05;delta=-0.002
2026-10-02 13:09;7560.0;7722.72;SPXW  261002P07560000;0.0;0.05;delta=-0.002
2026-10-02 13:09;7565.0;7722.72;SPXW  261002P07565000;0.0;0.05;delta=-0.002
2026-10-02 13:09;7570.0;7722.72;SPXW  261002P07570000;0.0;0.05;delta=-0.002
2026-10-02 13:09;7575.0;7722.72;SPXW  261002P07575000;0.0;0.05;delta=-0.002
2026-10-02 13:09;7580.0;7722.72;SPXW  261002P07580000;0.0;0.05;delta=-0.002
2026-10-02 13:09;7585.0;7722.72;SPXW  261002P07585000;0.0;0.05;delta=-0.002
2026-10-02 13:09;7590.0;7722.72;SPXW  261002P07590000;0.0;0.05;delta=-0.002
2026-10-02 13:09;7595.0;7722.72;SPXW  261002P07595000;0.0;0.05;delta=-0.002
2026-10-02 13:09;7600.0;7722.72;SPXW  261002P07600000;0.0;0.05;delta=-0.002
2026-10-02 13:09;7605.0;7722.72;SPXW  261002P07605000;0.0;0.05;delta=-0.002
2026-10-02 13:09;7610.0;7722.72;SPXW  261002P07610000;0.0;0.05;delta=-0.002
2026-10-02 13:09;7615.0;7722.72;SPXW  261002P07615000;0.0;0.05;delta=-0.002
2026-10-02 13:09;7620.0;7722.72;SPXW  261002P07620000;0.0;0.05;delta=-0.002
2026-10-02 13:09;7625.0;7722.72;SPXW  261002P07625000;0.0;0.05;delta=-0.002
2026-10-02 13:09;7630.0;7722.72;SPXW  261002P07630000;0.0;0.05;delta=-0.003
2026-10-02 13:09;7635.0;7722.72;SPXW  261002P07635000;0.0;0.05;delta=-0.003
2026-10-02 13:09;7640.0;7722.72;SPXW  261002P07640000;0.0;0.05;delta=-0.003
2026-10-02 13:09;7645.0;7722.72;SPXW  261002P07645000;0.0;0.05;delta=-0.003
2026-10-02 13:09;7650.0;7722.72;SPXW  261002P07650000;0.0;0.05;delta=-0.003
2026-10-02 13:09;7655.0;7722.72;SPXW  261002P07655000;0.0;0.05;delta=-0.003
2026-10-02 13:09;7660.0;7722.72;SPXW  261002P07660000;0.0;0.05;delta=-0.004
2026-10-02 13:09;7665.0;7722.72;SPXW  261002P07665000;0.0;0.05;delta=-0.004
2026-10-02 13:09;7670.0;7722.72;SPXW  261002P07670000;0.0;0.05;delta=-0.004
2026-10-02 13:09;7675.0;7722.72;SPXW  261002P07675000;0.0;0.05;delta=-0.004
2026-10-02 13:09;7680.0;7722.72;SPXW  261002P07680000;0.0;0.05;delta=-0.005
2026-10-02 13:09;7685.0;7722.72;SPXW  261002P07685000;0.0;0.05;delta=-0.005
2026-10-02 13:09;7690.0;7722.72;SPXW  261002P07690000;0.0;0.05;delta=-0.006
2026-10-02 13:09;7695.0;7722.72;SPXW  261002P07695000;0.0;0.05;delta=-0.007
2026-10-02 13:09;7700.0;7722.72;SPXW  261002P07700000;0.0;0.05;delta=-0.008
2026-10-02 13:09;7705.0;7722.72;SPXW  261002P07705000;0.0;0.05;delta=-0.01
2026-10-02 13:09;7710.0;7722.72;SPXW  261002P07710000;0.0;0.05;delta=-0.013
2026-10-02 13:09;7715.0;7722.72;SPXW  261002P07715000;0.0;0.05;delta=-0.019
2026-10-02 13:09;7720.0;7722.72;SPXW  261002P07720000;0.05;0.1;delta=-0.088
2026-10-02 13:09;7725.0;7722.72;SPXW  261002P07725000;2.2;3.1;delta=-0.932
2026-10-02 13:09;7730.0;7722.72;SPXW  261002P07730000;6.7;8.7;delta=-0.981
2026-10-02 13:09;7735.0;7722.72;SPXW  261002P07735000;11.7;13.7;delta=-0.987
2026-10-02 13:09;7740.0;7722.72;SPXW  261002P07740000;16.7;18.7;delta=-0.99
2026-10-02 13:09;7745.0;7722.72;SPXW  261002P07745000;21.6;23.7;delta=-0.992
2026-10-02 13:09;7750.0;7722.72;SPXW  261002P07750000;26.7;28.7;delta=-0.993
2026-10-02 13:09;7755.0;7722.72;SPXW  261002P07755000;31.7;33.7;delta=-0.994
2026-10-02 13:09;7760.0;7722.72;SPXW  261002P07760000;36.7;38.7;delta=-0.995
2026-10-02 13:09;7765.0;7722.72;SPXW  261002P07765000;41.7;43.7;delta=-0.995
2026-10-02 13:09;7770.0;7722.72;SPXW  261002P07770000;46.7;48.7;delta=-0.996
2026-10-02 13:09;7775.0;7722.72;SPXW  261002P07775000;51.7;53.7;delta=-0.996
2026-10-02 13:09;7780.0;7722.72;SPXW  261002P07780000;56.6;58.7;delta=-0.996
2026-10-02 13:09;7785.0;7722.72;SPXW  261002P07785000;61.6;63.7;delta=-0.996
2026-10-02 13:09;7790.0;7722.72;SPXW  261002P07790000;66.7;68.7;delta=-0.997
2026-10-02 13:09;7795.0;7722.72;SPXW  261002P07795000;71.6;73.7;delta=-0.997
2026-10-02 13:09;7800.0;7722.72;SPXW  261002P07800000;76.7;78.7;delta=-0.997
2026-10-02 13:09;7805.0;7722.72;SPXW  261002P07805000;81.7;83.7;delta=-0.997
2026-10-02 13:09;7810.0;7722.72;SPXW  261002P07810000;86.7;88.7;delta=-0.997
2026-10-02 13:09;7815.0;7722.72;SPXW  261002P07815000;91.7;93.7;delta=-0.997
2026-10-02 13:09;7820.0;7722.72;SPXW  261002P07820000;96.7;98.7;delta=-0.998
2026-10-02 13:09;7825.0;7722.72;SPXW  261002P07825000;101.7;103.7;delta=-0.998
2026-10-02 13:09;7830.0;7722.72;SPXW  261002P07830000;106.7;108.7;delta=-0.998
2026-10-02 13:09;7835.0;7722.72;SPXW  261002P07835000;111.7;113.7;delta=-0.998
2026-10-02 13:09;7840.0;7722.72;SPXW  261002P07840000;116.7;118.7;delta=-0.998
2026-10-02 13:09;7845.0;7722.72;SPXW  261002P07845000;121.7;123.7;delta=-0.998
2026-10-02 13:09;7850.0;7722.72;SPXW  261002P07850000;126.6;128.7;delta=-0.998
2026-10-02 13:09;7855.0;7722.72;SPXW  261002P07855000;131.6;133.7;delta=-0.998
2026-10-02 13:09;7860.0;7722.72;SPXW  261002P07860000;136.7;138.7;delta=-0.998
2026-10-02 13:09;7865.0;7722.72;SPXW  261002P07865000;141.7;143.7;delta=-0.998
2026-10-02 13:09;7870.0;7722.72;SPXW  261002P07870000;146.6;148.7;delta=-0.998
2026-10-02 13:09;7875.0;7722.72;SPXW  261002P07875000;151.7;153.7;delta=-0.998
2026-10-02 13:09;7880.0;7722.72;SPXW  261002P07880000;156.7;158.7;delta=-0.998
2026-10-02 13:09;7885.0;7722.72;SPXW  261002P07885000;161.7;163.7;delta=-0.998
2026-10-02 13:09;7890.0;7722.72;SPXW  261002P07890000;166.7;168.7;delta=-0.998
2026-10-02 13:09;7895.0;7722.72;SPXW  261002P07895000;171.6;173.7;delta=-0.998
2026-10-02 13:09;7900.0;7722.72;SPXW  261002P07900000;176.7;178.7;delta=-0.998
2026-10-02 13:09;7905.0;7722.72;SPXW  261002P07905000;181.7;183.7;delta=-0.999
2026-10-02 13:09;7910.0;7722.72;SPXW  261002P07910000;186.7;188.7;delta=-0.999
2026-10-02 13:09;7915.0;7722.72;SPXW  261002P07915000;191.7;193.7;delta=-0.999
2026-10-02 13:09;7920.0;7722.72;SPXW  261002P07920000;186.0;210.0;delta=-0.999
2026-10-02 13:09;7925.0;7722.72;SPXW  261002P07925000;195.9;209.6;delta=-0.999
2026-10-02 13:09;7930.0;7722.72;SPXW  261002P07930000;195.8;219.8;delta=-0.999
2026-10-02 13:09;7935.0;7722.72;SPXW  261002P07935000;203.1;227.1;delta=-0.999
2026-10-02 13:09;7940.0;7722.72;SPXW  261002P07940000;208.4;232.4;delta=-0.999
2026-10-02 13:09;7945.0;7722.72;SPXW  261002P07945000;207.1;231.1;delta=-0.999
2026-10-02 13:09;7950.0;7722.72;SPXW  261002P07950000;219.6;237.8;delta=-0.999
2026-10-02 13:09;7955.0;7722.72;SPXW  261002P07955000;218.1;242.1;delta=-0.999
2026-10-02 13:09;7960.0;7722.72;SPXW  261002P07960000;221.3;245.3;delta=-0.999
2026-10-02 13:09;7965.0;7722.72;SPXW  261002P07965000;233.1;257.1;delta=-0.999
2026-10-02 13:09;7970.0;7722.72;SPXW  261002P07970000;231.2;255.2;delta=-0.999
