2026-10-01 06:31;7420.0;7666.21;SPXW  261001C07420000;242.4;261.0;delta=0.997
2026-10-01 06:31;7425.0;7666.21;SPXW  261001C07425000;237.4;255.7;delta=0.997
2026-10-01 06:31;7430.0;7666.21;SPXW  261001C07430000;228.8;249.0;delta=0.997
2026-10-01 06:31;7435.0;7666.21;SPXW  261001C07435000;223.8;244.0;delta=0.996
2026-10-01 06:31;7440.0;7666.21;SPXW  261001C07440000;218.6;239.0;delta=0.996
2026-10-01 06:31;7445.0;7666.21;SPXW  261001C07445000;213.8;234.0;delta=0.996
2026-10-01 06:31;7450.0;7666.21;SPXW  261001C07450000;218.2;220.6;delta=0.996
2026-10-01 06:31;7455.0;7666.21;SPXW  261001C07455000;208.2;221.9;delta=0.996
2026-10-01 06:31;7460.0;7666.21;SPXW  261001C07460000;203.9;216.4;delta=0.996
2026-10-01 06:31;7465.0;7666.21;SPXW  261001C07465000;197.6;211.3;delta=0.996
2026-10-01 06:31;7470.0;7666.21;SPXW  261001C07470000;195.8;203.3;delta=0.996
2026-10-01 06:31;7475.0;7666.21;SPXW  261001C07475000;193.2;195.4;delta=0.994
2026-10-01 06:31;7480.0;7666.21;SPXW  261001C07480000;186.5;193.4;delta=0.994
2026-10-01 06:31;7485.0;7666.21;SPXW  261001C07485000;181.5;188.4;delta=0.994
2026-10-01 06:31;7490.0;7666.21;SPXW  261001C07490000;176.5;183.4;delta=0.993
2026-10-01 06:31;7495.0;7666.21;SPXW  261001C07495000;168.0;174.9;delta=0.993
2026-10-01 06:31;7500.0;7666.21;SPXW  261001C07500000;163.0;169.9;delta=0.993
2026-10-01 06:31;7505.0;7666.21;SPXW  261001C07505000;158.0;164.9;delta=0.992
2026-10-01 06:31;7510.0;7666.21;SPXW  261001C07510000;153.0;159.9;delta=0.991
2026-10-01 06:31;7515.0;7666.21;SPXW  261001C07515000;148.0;154.9;delta=0.991
2026-10-01 06:31;7520.0;7666.21;SPXW  261001C07520000;143.0;149.9;delta=0.989
2026-10-01 06:31;7525.0;7666.21;SPXW  261001C07525000;138.1;144.9;delta=0.988
2026-10-01 06:31;7530.0;7666.21;SPXW  261001C07530000;133.1;140.0;delta=0.988
2026-10-01 06:31;7535.0;7666.21;SPXW  261001C07535000;128.1;135.0;delta=0.986
2026-10-01 06:31;7540.0;7666.21;SPXW  261001C07540000;123.3;130.0;delta=0.984
2026-10-01 06:31;7545.0;7666.21;SPXW  261001C07545000;118.6;125.1;delta=0.982
2026-10-01 06:31;7550.0;7666.21;SPXW  261001C07550000;115.7;120.0;delta=0.98
2026-10-01 06:31;7555.0;7666.21;SPXW  261001C07555000;114.2;115.0;delta=0.977
2026-10-01 06:31;7560.0;7666.21;SPXW  261001C07560000;109.3;110.1;delta=0.974
2026-10-01 06:31;7565.0;7666.21;SPXW  261001C07565000;104.4;105.2;delta=0.97
2026-10-01 06:31;7570.0;7666.21;SPXW  261001C07570000;99.5;100.3;delta=0.965
2026-10-01 06:31;7575.0;7666.21;SPXW  261001C07575000;94.6;95.4;delta=0.959
2026-10-01 06:31;7580.0;7666.21;SPXW  261001C07580000;89.8;90.5;delta=0.953
2026-10-01 06:31;7585.0;7666.21;SPXW  261001C07585000;85.0;85.7;delta=0.945
2026-10-01 06:31;7590.0;7666.21;SPXW  261001C07590000;80.2;80.9;delta=0.936
2026-10-01 06:31;7595.0;7666.21;SPXW  261001C07595000;75.5;76.0;delta=0.925
2026-10-01 06:31;7600.0;7666.21;SPXW  261001C07600000;70.8;71.5;delta=0.913
2026-10-01 06:31;7605.0;7666.21;SPXW  261001C07605000;66.2;66.8;delta=0.899
2026-10-01 06:31;7610.0;7666.21;SPXW  261001C07610000;61.6;62.3;delta=0.884
2026-10-01 06:31;7615.0;7666.21;SPXW  261001C07615000;57.1;57.7;delta=0.865
2026-10-01 06:31;7620.0;7666.21;SPXW  261001C07620000;52.7;53.3;delta=0.845
2026-10-01 06:31;7625.0;7666.21;SPXW  261001C07625000;48.4;49.0;delta=0.822
2026-10-01 06:31;7630.0;7666.21;SPXW  261001C07630000;44.2;44.7;delta=0.796
2026-10-01 06:31;7635.0;7666.21;SPXW  261001C07635000;40.1;40.6;delta=0.768
2026-10-01 06:31;7640.0;7666.21;SPXW  261001C07640000;36.2;36.7;delta=0.737
2026-10-01 06:31;7645.0;7666.21;SPXW  261001C07645000;32.5;32.7;delta=0.703
2026-10-01 06:31;7650.0;7666.21;SPXW  261001C07650000;28.9;29.1;delta=0.666
2026-10-01 06:31;7655.0;7666.21;SPXW  261001C07655000;25.5;25.7;delta=0.627
2026-10-01 06:31;7660.0;7666.21;SPXW  261001C07660000;22.3;22.5;delta=0.585
2026-10-01 06:31;7665.0;7666.21;SPXW  261001C07665000;19.3;19.5;delta=0.541
2026-10-01 06:31;7670.0;7666.21;SPXW  261001C07670000;16.5;16.6;delta=0.495
2026-10-01 06:31;7675.0;7666.21;SPXW  261001C07675000;14.0;14.2;delta=0.449
2026-10-01 06:31;7680.0;7666.21;SPXW  261001C07680000;11.8;11.9;delta=0.401
2026-10-01 06:31;7685.0;7666.21;SPXW  261001C07685000;9.7;9.9;delta=0.355
2026-10-01 06:31;7690.0;7666.21;SPXW  261001C07690000;8.0;8.1;delta=0.309
2026-10-01 06:31;7695.0;7666.21;SPXW  261001C07695000;6.5;6.6;delta=0.267
2026-10-01 06:31;7700.0;7666.21;SPXW  261001C07700000;5.2;5.3;delta=0.227
2026-10-01 06:31;7705.0;7666.21;SPXW  261001C07705000;4.1;4.2;delta=0.19
2026-10-01 06:31;7710.0;7666.21;SPXW  261001C07710000;3.2;3.3;delta=0.157
2026-10-01 06:31;7715.0;7666.21;SPXW  261001C07715000;2.5;2.6;delta=0.129
2026-10-01 06:31;7720.0;7666.21;SPXW  261001C07720000;1.95;2.0;delta=0.105
2026-10-01 06:31;7725.0;7666.21;SPXW  261001C07725000;1.5;1.55;delta=0.085
2026-10-01 06:31;7730.0;7666.21;SPXW  261001C07730000;1.15;1.2;delta=0.069
2026-10-01 06:31;7735.0;7666.21;SPXW  261001C07735000;0.9;0.95;delta=0.055
2026-10-01 06:31;7740.0;7666.21;SPXW  261001C07740000;0.7;0.75;delta=0.043
2026-10-01 06:31;7745.0;7666.21;SPXW  261001C07745000;0.55;0.6;delta=0.035
2026-10-01 06:31;7750.0;7666.21;SPXW  261001C07750000;0.45;0.5;delta=0.029
2026-10-01 06:31;7755.0;7666.21;SPXW  261001C07755000;0.35;0.4;delta=0.023
2026-10-01 06:31;7760.0;7666.21;SPXW  261001C07760000;0.3;0.35;delta=0.019
2026-10-01 06:31;7765.0;7666.21;SPXW  261001C07765000;0.25;0.3;delta=0.016
2026-10-01 06:31;7770.0;7666.21;SPXW  261001C07770000;0.2;0.25;delta=0.014
2026-10-01 06:31;7775.0;7666.21;SPXW  261001C07775000;0.15;0.2;delta=0.011
2026-10-01 06:31;7780.0;7666.21;SPXW  261001C07780000;0.15;0.2;delta=0.01
2026-10-01 06:31;7785.0;7666.21;SPXW  261001C07785000;0.1;0.15;delta=0.008
2026-10-01 06:31;7790.0;7666.21;SPXW  261001C07790000;0.1;0.15;delta=0.008
2026-10-01 06:31;7795.0;7666.21;SPXW  261001C07795000;0.05;0.1;delta=0.005
2026-10-01 06:31;7800.0;7666.21;SPXW  261001C07800000;0.05;0.1;delta=0.005
2026-10-01 06:31;7805.0;7666.21;SPXW  261001C07805000;0.05;0.1;delta=0.005
2026-10-01 06:31;7810.0;7666.21;SPXW  261001C07810000;0.05;0.1;delta=0.005
2026-10-01 06:31;7815.0;7666.21;SPXW  261001C07815000;0.05;0.1;delta=0.004
2026-10-01 06:31;7820.0;7666.21;SPXW  261001C07820000;0.05;0.1;delta=0.004
2026-10-01 06:31;7825.0;7666.21;SPXW  261001C07825000;0.05;0.1;delta=0.004
2026-10-01 06:31;7830.0;7666.21;SPXW  261001C07830000;0.05;0.1;delta=0.004
2026-10-01 06:31;7835.0;7666.21;SPXW  261001C07835000;0.05;0.1;delta=0.004
2026-10-01 06:31;7840.0;7666.21;SPXW  261001C07840000;0.05;0.1;delta=0.004
2026-10-01 06:31;7845.0;7666.21;SPXW  261001C07845000;0.05;0.1;delta=0.004
2026-10-01 06:31;7850.0;7666.21;SPXW  261001C07850000;0.05;0.1;delta=0.004
2026-10-01 06:31;7855.0;7666.21;SPXW  261001C07855000;0.05;0.1;delta=0.004
2026-10-01 06:31;7860.0;7666.21;SPXW  261001C07860000;0.05;0.1;delta=0.004
2026-10-01 06:31;7865.0;7666.21;SPXW  261001C07865000;0.0;0.05;delta=0.001
2026-10-01 06:31;7870.0;7666.21;SPXW  261001C07870000;0.0;0.05;delta=0.001
2026-10-01 06:31;7875.0;7666.21;SPXW  261001C07875000;0.0;0.05;delta=0.001
2026-10-01 06:31;7880.0;7666.21;SPXW  261001C07880000;0.0;0.05;delta=0.001
2026-10-01 06:31;7885.0;7666.21;SPXW  261001C07885000;0.0;0.05;delta=0.001
2026-10-01 06:31;7890.0;7666.21;SPXW  261001C07890000;0.0;0.05;delta=0.001
2026-10-01 06:31;7895.0;7666.21;SPXW  261001C07895000;0.0;0.05;delta=0.001
2026-10-01 06:31;7900.0;7666.21;SPXW  261001C07900000;0.0;0.05;delta=0.001
2026-10-01 06:31;7905.0;7666.21;SPXW  261001C07905000;0.0;0.05;delta=0.001
2026-10-01 06:31;7910.0;7666.21;SPXW  261001C07910000;0.0;0.05;delta=0.001
2026-10-01 06:31;7915.0;7666.21;SPXW  261001C07915000;0.0;0.05;delta=0.001
2026-10-01 06:31;7415.0;7666.21;SPXW  261001P07415000;0.05;0.1;delta=-0.003
2026-10-01 06:31;7420.0;7666.21;SPXW  261001P07420000;0.05;0.15;delta=-0.003
2026-10-01 06:31;7425.0;7666.21;SPXW  261001P07425000;0.05;0.1;delta=-0.003
2026-10-01 06:31;7430.0;7666.21;SPXW  261001P07430000;0.05;0.15;delta=-0.004
2026-10-01 06:31;7435.0;7666.21;SPXW  261001P07435000;0.1;0.15;delta=-0.004
2026-10-01 06:31;7440.0;7666.21;SPXW  261001P07440000;0.1;0.15;delta=-0.004
2026-10-01 06:31;7445.0;7666.21;SPXW  261001P07445000;0.1;0.15;delta=-0.005
2026-10-01 06:31;7450.0;7666.21;SPXW  261001P07450000;0.1;0.15;delta=-0.005
2026-10-01 06:31;7455.0;7666.21;SPXW  261001P07455000;0.1;0.15;delta=-0.005
2026-10-01 06:31;7460.0;7666.21;SPXW  261001P07460000;0.1;0.15;delta=-0.005
2026-10-01 06:31;7465.0;7666.21;SPXW  261001P07465000;0.1;0.15;delta=-0.005
2026-10-01 06:31;7470.0;7666.21;SPXW  261001P07470000;0.1;0.15;delta=-0.005
2026-10-01 06:31;7475.0;7666.21;SPXW  261001P07475000;0.1;0.15;delta=-0.005
2026-10-01 06:31;7480.0;7666.21;SPXW  261001P07480000;0.15;0.2;delta=-0.007
2026-10-01 06:31;7485.0;7666.21;SPXW  261001P07485000;0.15;0.2;delta=-0.007
2026-10-01 06:31;7490.0;7666.21;SPXW  261001P07490000;0.15;0.2;delta=-0.007
2026-10-01 06:31;7495.0;7666.21;SPXW  261001P07495000;0.15;0.2;delta=-0.007
2026-10-01 06:31;7500.0;7666.21;SPXW  261001P07500000;0.15;0.25;delta=-0.008
2026-10-01 06:31;7505.0;7666.21;SPXW  261001P07505000;0.2;0.25;delta=-0.009
2026-10-01 06:31;7510.0;7666.21;SPXW  261001P07510000;0.2;0.25;delta=-0.01
2026-10-01 06:31;7515.0;7666.21;SPXW  261001P07515000;0.2;0.25;delta=-0.01
2026-10-01 06:31;7520.0;7666.21;SPXW  261001P07520000;0.25;0.3;delta=-0.012
2026-10-01 06:31;7525.0;7666.21;SPXW  261001P07525000;0.25;0.3;delta=-0.012
2026-10-01 06:31;7530.0;7666.21;SPXW  261001P07530000;0.3;0.35;delta=-0.015
2026-10-01 06:31;7535.0;7666.21;SPXW  261001P07535000;0.3;0.35;delta=-0.015
2026-10-01 06:31;7540.0;7666.21;SPXW  261001P07540000;0.35;0.4;delta=-0.017
2026-10-01 06:31;7545.0;7666.21;SPXW  261001P07545000;0.4;0.45;delta=-0.018
2026-10-01 06:31;7550.0;7666.21;SPXW  261001P07550000;0.45;0.5;delta=-0.022
2026-10-01 06:31;7555.0;7666.21;SPXW  261001P07555000;0.5;0.6;delta=-0.024
2026-10-01 06:31;7560.0;7666.21;SPXW  261001P07560000;0.6;0.65;delta=-0.029
2026-10-01 06:31;7565.0;7666.21;SPXW  261001P07565000;0.7;0.75;delta=-0.034
2026-10-01 06:31;7570.0;7666.21;SPXW  261001P07570000;0.85;0.9;delta=-0.038
2026-10-01 06:31;7575.0;7666.21;SPXW  261001P07575000;1.0;1.05;delta=-0.045
2026-10-01 06:31;7580.0;7666.21;SPXW  261001P07580000;1.15;1.2;delta=-0.052
2026-10-01 06:31;7585.0;7666.21;SPXW  261001P07585000;1.4;1.45;delta=-0.062
2026-10-01 06:31;7590.0;7666.21;SPXW  261001P07590000;1.6;1.7;delta=-0.065
2026-10-01 06:31;7595.0;7666.21;SPXW  261001P07595000;1.95;2.0;delta=-0.076
2026-10-01 06:31;7600.0;7666.21;SPXW  261001P07600000;2.25;2.35;delta=-0.088
2026-10-01 06:31;7605.0;7666.21;SPXW  261001P07605000;2.65;2.75;delta=-0.102
2026-10-01 06:31;7610.0;7666.21;SPXW  261001P07610000;3.1;3.3;delta=-0.118
2026-10-01 06:31;7615.0;7666.21;SPXW  261001P07615000;3.7;3.8;delta=-0.147
2026-10-01 06:31;7620.0;7666.21;SPXW  261001P07620000;4.3;4.5;delta=-0.168
2026-10-01 06:31;7625.0;7666.21;SPXW  261001P07625000;5.0;5.2;delta=-0.192
2026-10-01 06:31;7630.0;7666.21;SPXW  261001P07630000;5.9;6.1;delta=-0.219
2026-10-01 06:31;7635.0;7666.21;SPXW  261001P07635000;6.9;7.1;delta=-0.249
2026-10-01 06:31;7640.0;7666.21;SPXW  261001P07640000;8.0;8.2;delta=-0.281
2026-10-01 06:31;7645.0;7666.21;SPXW  261001P07645000;9.3;9.5;delta=-0.317
2026-10-01 06:31;7650.0;7666.21;SPXW  261001P07650000;10.8;11.0;delta=-0.334
2026-10-01 06:31;7655.0;7666.21;SPXW  261001P07655000;12.5;12.7;delta=-0.374
2026-10-01 06:31;7660.0;7666.21;SPXW  261001P07660000;14.3;14.6;delta=-0.439
2026-10-01 06:31;7665.0;7666.21;SPXW  261001P07665000;16.4;16.7;delta=-0.484
2026-10-01 06:31;7670.0;7666.21;SPXW  261001P07670000;18.8;19.0;delta=-0.53
2026-10-01 06:31;7675.0;7666.21;SPXW  261001P07675000;21.3;21.6;delta=-0.576
2026-10-01 06:31;7680.0;7666.21;SPXW  261001P07680000;24.1;24.5;delta=-0.622
2026-10-01 06:31;7685.0;7666.21;SPXW  261001P07685000;27.2;27.6;delta=-0.668
2026-10-01 06:31;7690.0;7666.21;SPXW  261001P07690000;30.5;31.0;delta=-0.711
2026-10-01 06:31;7695.0;7666.21;SPXW  261001P07695000;34.0;34.5;delta=-0.734
2026-10-01 06:31;7700.0;7666.21;SPXW  261001P07700000;37.8;38.2;delta=-0.791
2026-10-01 06:31;7705.0;7666.21;SPXW  261001P07705000;41.8;42.3;delta=-0.825
2026-10-01 06:31;7710.0;7666.21;SPXW  261001P07710000;45.8;46.5;delta=-0.843
2026-10-01 06:31;7715.0;7666.21;SPXW  261001P07715000;50.0;50.9;delta=-0.872
2026-10-01 06:31;7720.0;7666.21;SPXW  261001P07720000;54.5;55.4;delta=-0.903
2026-10-01 06:31;7725.0;7666.21;SPXW  261001P07725000;59.1;60.0;delta=-0.922
2026-10-01 06:31;7730.0;7666.21;SPXW  261001P07730000;63.8;64.7;delta=-0.937
2026-10-01 06:31;7735.0;7666.21;SPXW  261001P07735000;68.5;69.4;delta=-0.95
2026-10-01 06:31;7740.0;7666.21;SPXW  261001P07740000;73.3;74.3;delta=-0.959
2026-10-01 06:31;7745.0;7666.21;SPXW  261001P07745000;78.2;79.0;delta=-0.966
2026-10-01 06:31;7750.0;7666.21;SPXW  261001P07750000;83.1;84.0;delta=-0.973
2026-10-01 06:31;7755.0;7666.21;SPXW  261001P07755000;88.0;88.9;delta=-0.978
2026-10-01 06:31;7760.0;7666.21;SPXW  261001P07760000;92.9;93.9;delta=-0.982
2026-10-01 06:31;7765.0;7666.21;SPXW  261001P07765000;97.9;98.8;delta=-0.985
2026-10-01 06:31;7770.0;7666.21;SPXW  261001P07770000;99.2;105.8;delta=-0.987
2026-10-01 06:31;7775.0;7666.21;SPXW  261001P07775000;104.1;111.0;delta=-0.99
2026-10-01 06:31;7780.0;7666.21;SPXW  261001P07780000;109.3;115.7;delta=-0.99
2026-10-01 06:31;7785.0;7666.21;SPXW  261001P07785000;117.2;123.5;delta=-0.993
2026-10-01 06:31;7790.0;7666.21;SPXW  261001P07790000;122.1;128.8;delta=-0.993
2026-10-01 06:31;7795.0;7666.21;SPXW  261001P07795000;127.1;133.7;delta=-0.996
2026-10-01 06:31;7800.0;7666.21;SPXW  261001P07800000;132.1;138.2;delta=-0.996
2026-10-01 06:31;7805.0;7666.21;SPXW  261001P07805000;137.0;143.4;delta=-0.996
2026-10-01 06:31;7810.0;7666.21;SPXW  261001P07810000;142.1;148.6;delta=-0.996
2026-10-01 06:31;7815.0;7666.21;SPXW  261001P07815000;147.1;153.5;delta=-0.996
2026-10-01 06:31;7820.0;7666.21;SPXW  261001P07820000;152.1;158.3;delta=-0.996
2026-10-01 06:31;7825.0;7666.21;SPXW  261001P07825000;157.0;163.4;delta=-0.996
2026-10-01 06:31;7830.0;7666.21;SPXW  261001P07830000;162.1;168.8;delta=-0.997
2026-10-01 06:31;7835.0;7666.21;SPXW  261001P07835000;164.0;173.3;delta=-0.997
2026-10-01 06:31;7840.0;7666.21;SPXW  261001P07840000;172.0;178.3;delta=-0.997
2026-10-01 06:31;7845.0;7666.21;SPXW  261001P07845000;174.0;183.4;delta=-0.997
2026-10-01 06:31;7850.0;7666.21;SPXW  261001P07850000;182.0;188.4;delta=-0.997
2026-10-01 06:31;7855.0;7666.21;SPXW  261001P07855000;184.1;193.4;delta=-0.997
2026-10-01 06:31;7860.0;7666.21;SPXW  261001P07860000;192.1;198.7;delta=-0.997
2026-10-01 06:31;7865.0;7666.21;SPXW  261001P07865000;193.9;203.4;delta=-0.999
2026-10-01 06:31;7870.0;7666.21;SPXW  261001P07870000;195.0;208.3;delta=-0.999
2026-10-01 06:31;7875.0;7666.21;SPXW  261001P07875000;198.8;212.7;delta=-0.999
2026-10-01 06:31;7880.0;7666.21;SPXW  261001P07880000;205.2;218.8;delta=-0.999
2026-10-01 06:31;7885.0;7666.21;SPXW  261001P07885000;209.0;222.7;delta=-0.999
2026-10-01 06:31;7890.0;7666.21;SPXW  261001P07890000;210.5;231.0;delta=-0.999
2026-10-01 06:31;7895.0;7666.21;SPXW  261001P07895000;215.4;235.9;delta=-0.999
2026-10-01 06:31;7900.0;7666.21;SPXW  261001P07900000;232.0;242.0;delta=-0.999
2026-10-01 06:31;7905.0;7666.21;SPXW  261001P07905000;225.4;245.9;delta=-0.999
2026-10-01 06:31;7910.0;7666.21;SPXW  261001P07910000;230.4;250.9;delta=-0.999
2026-10-01 06:35;7425.0;7674.94;SPXW  261001C07425000;245.1;259.7;delta=0.998
2026-10-01 06:35;7430.0;7674.94;SPXW  261001C07430000;240.1;257.2;delta=0.998
2026-10-01 06:35;7435.0;7674.94;SPXW  261001C07435000;235.1;252.1;delta=0.997
2026-10-01 06:35;7440.0;7674.94;SPXW  261001C07440000;230.1;246.3;delta=0.996
2026-10-01 06:35;7445.0;7674.94;SPXW  261001C07445000;222.4;242.1;delta=0.996
2026-10-01 06:35;7450.0;7674.94;SPXW  261001C07450000;219.4;228.5;delta=0.996
2026-10-01 06:35;7455.0;7674.94;SPXW  261001C07455000;212.4;232.1;delta=0.996
2026-10-01 06:35;7460.0;7674.94;SPXW  261001C07460000;208.5;225.9;delta=0.996
2026-10-01 06:35;7465.0;7674.94;SPXW  261001C07465000;207.0;220.8;delta=0.996
2026-10-01 06:35;7470.0;7674.94;SPXW  261001C07470000;202.0;215.8;delta=0.996
2026-10-01 06:35;7475.0;7674.94;SPXW  261001C07475000;201.9;203.5;delta=0.996
2026-10-01 06:35;7480.0;7674.94;SPXW  261001C07480000;194.2;201.9;delta=0.995
2026-10-01 06:35;7485.0;7674.94;SPXW  261001C07485000;189.9;197.1;delta=0.994
2026-10-01 06:35;7490.0;7674.94;SPXW  261001C07490000;185.2;192.1;delta=0.995
2026-10-01 06:35;7495.0;7674.94;SPXW  261001C07495000;180.2;187.1;delta=0.993
2026-10-01 06:35;7500.0;7674.94;SPXW  261001C07500000;174.9;182.1;delta=0.993
2026-10-01 06:35;7505.0;7674.94;SPXW  261001C07505000;169.8;176.9;delta=0.993
2026-10-01 06:35;7510.0;7674.94;SPXW  261001C07510000;164.8;172.2;delta=0.993
2026-10-01 06:35;7515.0;7674.94;SPXW  261001C07515000;159.8;166.7;delta=0.993
2026-10-01 06:35;7520.0;7674.94;SPXW  261001C07520000;157.0;157.8;delta=0.992
2026-10-01 06:35;7525.0;7674.94;SPXW  261001C07525000;152.0;152.8;delta=0.99
2026-10-01 06:35;7530.0;7674.94;SPXW  261001C07530000;147.0;147.8;delta=0.99
2026-10-01 06:35;7535.0;7674.94;SPXW  261001C07535000;142.0;142.8;delta=0.99
2026-10-01 06:35;7540.0;7674.94;SPXW  261001C07540000;137.1;137.8;delta=0.988
2026-10-01 06:35;7545.0;7674.94;SPXW  261001C07545000;132.1;132.9;delta=0.987
2026-10-01 06:35;7550.0;7674.94;SPXW  261001C07550000;127.1;127.9;delta=0.985
2026-10-01 06:35;7555.0;7674.94;SPXW  261001C07555000;122.1;122.9;delta=0.983
2026-10-01 06:35;7560.0;7674.94;SPXW  261001C07560000;117.2;118.0;delta=0.982
2026-10-01 06:35;7565.0;7674.94;SPXW  261001C07565000;112.2;113.0;delta=0.978
2026-10-01 06:35;7570.0;7674.94;SPXW  261001C07570000;107.3;108.1;delta=0.975
2026-10-01 06:35;7575.0;7674.94;SPXW  261001C07575000;102.4;103.2;delta=0.972
2026-10-01 06:35;7580.0;7674.94;SPXW  261001C07580000;97.7;98.3;delta=0.967
2026-10-01 06:35;7585.0;7674.94;SPXW  261001C07585000;92.8;93.4;delta=0.961
2026-10-01 06:35;7590.0;7674.94;SPXW  261001C07590000;88.0;88.5;delta=0.955
2026-10-01 06:35;7595.0;7674.94;SPXW  261001C07595000;83.2;83.7;delta=0.948
2026-10-01 06:35;7600.0;7674.94;SPXW  261001C07600000;78.6;79.0;delta=0.938
2026-10-01 06:35;7605.0;7674.94;SPXW  261001C07605000;73.9;74.2;delta=0.927
2026-10-01 06:35;7610.0;7674.94;SPXW  261001C07610000;69.1;69.5;delta=0.915
2026-10-01 06:35;7615.0;7674.94;SPXW  261001C07615000;64.5;64.9;delta=0.9
2026-10-01 06:35;7620.0;7674.94;SPXW  261001C07620000;60.0;60.3;delta=0.883
2026-10-01 06:35;7625.0;7674.94;SPXW  261001C07625000;55.5;55.9;delta=0.864
2026-10-01 06:35;7630.0;7674.94;SPXW  261001C07630000;51.1;51.4;delta=0.842
2026-10-01 06:35;7635.0;7674.94;SPXW  261001C07635000;46.9;47.2;delta=0.818
2026-10-01 06:35;7640.0;7674.94;SPXW  261001C07640000;42.7;43.0;delta=0.79
2026-10-01 06:35;7645.0;7674.94;SPXW  261001C07645000;38.7;39.0;delta=0.76
2026-10-01 06:35;7650.0;7674.94;SPXW  261001C07650000;34.8;35.2;delta=0.726
2026-10-01 06:35;7655.0;7674.94;SPXW  261001C07655000;31.1;31.4;delta=0.689
2026-10-01 06:35;7660.0;7674.94;SPXW  261001C07660000;27.5;27.8;delta=0.651
2026-10-01 06:35;7665.0;7674.94;SPXW  261001C07665000;24.2;24.5;delta=0.61
2026-10-01 06:35;7670.0;7674.94;SPXW  261001C07670000;21.1;21.3;delta=0.565
2026-10-01 06:35;7675.0;7674.94;SPXW  261001C07675000;18.2;18.4;delta=0.519
2026-10-01 06:35;7680.0;7674.94;SPXW  261001C07680000;15.5;15.7;delta=0.472
2026-10-01 06:35;7685.0;7674.94;SPXW  261001C07685000;13.1;13.2;delta=0.424
2026-10-01 06:35;7690.0;7674.94;SPXW  261001C07690000;10.9;11.1;delta=0.376
2026-10-01 06:35;7695.0;7674.94;SPXW  261001C07695000;8.9;9.1;delta=0.329
2026-10-01 06:35;7700.0;7674.94;SPXW  261001C07700000;7.3;7.4;delta=0.285
2026-10-01 06:35;7705.0;7674.94;SPXW  261001C07705000;5.8;6.0;delta=0.243
2026-10-01 06:35;7710.0;7674.94;SPXW  261001C07710000;4.7;4.8;delta=0.204
2026-10-01 06:35;7715.0;7674.94;SPXW  261001C07715000;3.7;3.8;delta=0.169
2026-10-01 06:35;7720.0;7674.94;SPXW  261001C07720000;2.9;2.95;delta=0.14
2026-10-01 06:35;7725.0;7674.94;SPXW  261001C07725000;2.25;2.3;delta=0.114
2026-10-01 06:35;7730.0;7674.94;SPXW  261001C07730000;1.75;1.8;delta=0.093
2026-10-01 06:35;7735.0;7674.94;SPXW  261001C07735000;1.35;1.4;delta=0.074
2026-10-01 06:35;7740.0;7674.94;SPXW  261001C07740000;1.05;1.1;delta=0.059
2026-10-01 06:35;7745.0;7674.94;SPXW  261001C07745000;0.85;0.9;delta=0.049
2026-10-01 06:35;7750.0;7674.94;SPXW  261001C07750000;0.65;0.7;delta=0.04
2026-10-01 06:35;7755.0;7674.94;SPXW  261001C07755000;0.5;0.6;delta=0.032
2026-10-01 06:35;7760.0;7674.94;SPXW  261001C07760000;0.4;0.45;delta=0.026
2026-10-01 06:35;7765.0;7674.94;SPXW  261001C07765000;0.35;0.4;delta=0.022
2026-10-01 06:35;7770.0;7674.94;SPXW  261001C07770000;0.25;0.35;delta=0.017
2026-10-01 06:35;7775.0;7674.94;SPXW  261001C07775000;0.2;0.3;delta=0.014
2026-10-01 06:35;7780.0;7674.94;SPXW  261001C07780000;0.2;0.25;delta=0.014
2026-10-01 06:35;7785.0;7674.94;SPXW  261001C07785000;0.15;0.2;delta=0.011
2026-10-01 06:35;7790.0;7674.94;SPXW  261001C07790000;0.15;0.2;delta=0.009
2026-10-01 06:35;7795.0;7674.94;SPXW  261001C07795000;0.1;0.15;delta=0.008
2026-10-01 06:35;7800.0;7674.94;SPXW  261001C07800000;0.1;0.15;delta=0.008
2026-10-01 06:35;7805.0;7674.94;SPXW  261001C07805000;0.1;0.15;delta=0.007
2026-10-01 06:35;7810.0;7674.94;SPXW  261001C07810000;0.05;0.1;delta=0.005
2026-10-01 06:35;7815.0;7674.94;SPXW  261001C07815000;0.05;0.1;delta=0.005
2026-10-01 06:35;7820.0;7674.94;SPXW  261001C07820000;0.05;0.1;delta=0.004
2026-10-01 06:35;7825.0;7674.94;SPXW  261001C07825000;0.05;0.1;delta=0.004
2026-10-01 06:35;7830.0;7674.94;SPXW  261001C07830000;0.05;0.1;delta=0.004
2026-10-01 06:35;7835.0;7674.94;SPXW  261001C07835000;0.05;0.1;delta=0.004
2026-10-01 06:35;7840.0;7674.94;SPXW  261001C07840000;0.05;0.1;delta=0.004
2026-10-01 06:35;7845.0;7674.94;SPXW  261001C07845000;0.05;0.1;delta=0.004
2026-10-01 06:35;7850.0;7674.94;SPXW  261001C07850000;0.05;0.1;delta=0.004
2026-10-01 06:35;7855.0;7674.94;SPXW  261001C07855000;0.05;0.1;delta=0.004
2026-10-01 06:35;7860.0;7674.94;SPXW  261001C07860000;0.05;0.1;delta=0.004
2026-10-01 06:35;7865.0;7674.94;SPXW  261001C07865000;0.0;0.1;delta=0.004
2026-10-01 06:35;7870.0;7674.94;SPXW  261001C07870000;0.0;0.1;delta=0.002
2026-10-01 06:35;7875.0;7674.94;SPXW  261001C07875000;0.05;0.1;delta=0.002
2026-10-01 06:35;7880.0;7674.94;SPXW  261001C07880000;0.0;0.05;delta=0.001
2026-10-01 06:35;7885.0;7674.94;SPXW  261001C07885000;0.0;0.05;delta=0.001
2026-10-01 06:35;7890.0;7674.94;SPXW  261001C07890000;0.0;0.05;delta=0.001
2026-10-01 06:35;7895.0;7674.94;SPXW  261001C07895000;0.0;0.05;delta=0.001
2026-10-01 06:35;7900.0;7674.94;SPXW  261001C07900000;0.0;0.05;delta=0.001
2026-10-01 06:35;7905.0;7674.94;SPXW  261001C07905000;0.0;0.05;delta=0.001
2026-10-01 06:35;7910.0;7674.94;SPXW  261001C07910000;0.0;0.05;delta=0.001
2026-10-01 06:35;7915.0;7674.94;SPXW  261001C07915000;0.0;0.05;delta=0.001
2026-10-01 06:35;7920.0;7674.94;SPXW  261001C07920000;0.0;0.05;delta=0.001
2026-10-01 06:35;7425.0;7674.94;SPXW  261001P07425000;0.05;0.1;delta=-0.003
2026-10-01 06:35;7430.0;7674.94;SPXW  261001P07430000;0.05;0.1;delta=-0.003
2026-10-01 06:35;7435.0;7674.94;SPXW  261001P07435000;0.05;0.15;delta=-0.004
2026-10-01 06:35;7440.0;7674.94;SPXW  261001P07440000;0.1;0.15;delta=-0.004
2026-10-01 06:35;7445.0;7674.94;SPXW  261001P07445000;0.1;0.15;delta=-0.004
2026-10-01 06:35;7450.0;7674.94;SPXW  261001P07450000;0.1;0.15;delta=-0.005
2026-10-01 06:35;7455.0;7674.94;SPXW  261001P07455000;0.1;0.15;delta=-0.005
2026-10-01 06:35;7460.0;7674.94;SPXW  261001P07460000;0.1;0.15;delta=-0.005
2026-10-01 06:35;7465.0;7674.94;SPXW  261001P07465000;0.1;0.15;delta=-0.005
2026-10-01 06:35;7470.0;7674.94;SPXW  261001P07470000;0.1;0.15;delta=-0.005
2026-10-01 06:35;7475.0;7674.94;SPXW  261001P07475000;0.1;0.15;delta=-0.005
2026-10-01 06:35;7480.0;7674.94;SPXW  261001P07480000;0.1;0.15;delta=-0.005
2026-10-01 06:35;7485.0;7674.94;SPXW  261001P07485000;0.1;0.15;delta=-0.007
2026-10-01 06:35;7490.0;7674.94;SPXW  261001P07490000;0.1;0.2;delta=-0.005
2026-10-01 06:35;7495.0;7674.94;SPXW  261001P07495000;0.1;0.15;delta=-0.007
2026-10-01 06:35;7500.0;7674.94;SPXW  261001P07500000;0.15;0.2;delta=-0.007
2026-10-01 06:35;7505.0;7674.94;SPXW  261001P07505000;0.15;0.2;delta=-0.007
2026-10-01 06:35;7510.0;7674.94;SPXW  261001P07510000;0.15;0.2;delta=-0.008
2026-10-01 06:35;7515.0;7674.94;SPXW  261001P07515000;0.15;0.2;delta=-0.008
2026-10-01 06:35;7520.0;7674.94;SPXW  261001P07520000;0.15;0.25;delta=-0.008
2026-10-01 06:35;7525.0;7674.94;SPXW  261001P07525000;0.2;0.25;delta=-0.01
2026-10-01 06:35;7530.0;7674.94;SPXW  261001P07530000;0.2;0.25;delta=-0.01
2026-10-01 06:35;7535.0;7674.94;SPXW  261001P07535000;0.2;0.3;delta=-0.011
2026-10-01 06:35;7540.0;7674.94;SPXW  261001P07540000;0.25;0.3;delta=-0.013
2026-10-01 06:35;7545.0;7674.94;SPXW  261001P07545000;0.25;0.35;delta=-0.013
2026-10-01 06:35;7550.0;7674.94;SPXW  261001P07550000;0.3;0.35;delta=-0.015
2026-10-01 06:35;7555.0;7674.94;SPXW  261001P07555000;0.35;0.4;delta=-0.018
2026-10-01 06:35;7560.0;7674.94;SPXW  261001P07560000;0.4;0.45;delta=-0.018
2026-10-01 06:35;7565.0;7674.94;SPXW  261001P07565000;0.45;0.5;delta=-0.023
2026-10-01 06:35;7570.0;7674.94;SPXW  261001P07570000;0.55;0.6;delta=-0.025
2026-10-01 06:35;7575.0;7674.94;SPXW  261001P07575000;0.6;0.7;delta=-0.029
2026-10-01 06:35;7580.0;7674.94;SPXW  261001P07580000;0.75;0.8;delta=-0.033
2026-10-01 06:35;7585.0;7674.94;SPXW  261001P07585000;0.85;0.95;delta=-0.039
2026-10-01 06:35;7590.0;7674.94;SPXW  261001P07590000;1.05;1.1;delta=-0.046
2026-10-01 06:35;7595.0;7674.94;SPXW  261001P07595000;1.25;1.3;delta=-0.053
2026-10-01 06:35;7600.0;7674.94;SPXW  261001P07600000;1.5;1.55;delta=-0.063
2026-10-01 06:35;7605.0;7674.94;SPXW  261001P07605000;1.75;1.85;delta=-0.073
2026-10-01 06:35;7610.0;7674.94;SPXW  261001P07610000;2.1;2.2;delta=-0.087
2026-10-01 06:35;7615.0;7674.94;SPXW  261001P07615000;2.55;2.6;delta=-0.101
2026-10-01 06:35;7620.0;7674.94;SPXW  261001P07620000;3.0;3.1;delta=-0.117
2026-10-01 06:35;7625.0;7674.94;SPXW  261001P07625000;3.6;3.7;delta=-0.137
2026-10-01 06:35;7630.0;7674.94;SPXW  261001P07630000;4.3;4.4;delta=-0.158
2026-10-01 06:35;7635.0;7674.94;SPXW  261001P07635000;5.0;5.1;delta=-0.183
2026-10-01 06:35;7640.0;7674.94;SPXW  261001P07640000;5.9;6.1;delta=-0.21
2026-10-01 06:35;7645.0;7674.94;SPXW  261001P07645000;6.9;7.1;delta=-0.24
2026-10-01 06:35;7650.0;7674.94;SPXW  261001P07650000;8.2;8.3;delta=-0.275
2026-10-01 06:35;7655.0;7674.94;SPXW  261001P07655000;9.5;9.7;delta=-0.311
2026-10-01 06:35;7660.0;7674.94;SPXW  261001P07660000;11.1;11.2;delta=-0.349
2026-10-01 06:35;7665.0;7674.94;SPXW  261001P07665000;12.8;13.0;delta=-0.391
2026-10-01 06:35;7670.0;7674.94;SPXW  261001P07670000;14.8;15.0;delta=-0.435
2026-10-01 06:35;7675.0;7674.94;SPXW  261001P07675000;17.0;17.2;delta=-0.481
2026-10-01 06:35;7680.0;7674.94;SPXW  261001P07680000;19.4;19.6;delta=-0.529
2026-10-01 06:35;7685.0;7674.94;SPXW  261001P07685000;22.0;22.3;delta=-0.577
2026-10-01 06:35;7690.0;7674.94;SPXW  261001P07690000;24.9;25.3;delta=-0.625
2026-10-01 06:35;7695.0;7674.94;SPXW  261001P07695000;28.1;28.4;delta=-0.671
2026-10-01 06:35;7700.0;7674.94;SPXW  261001P07700000;31.6;32.0;delta=-0.716
2026-10-01 06:35;7705.0;7674.94;SPXW  261001P07705000;35.1;35.7;delta=-0.758
2026-10-01 06:35;7710.0;7674.94;SPXW  261001P07710000;39.0;39.4;delta=-0.796
2026-10-01 06:35;7715.0;7674.94;SPXW  261001P07715000;43.1;43.6;delta=-0.832
2026-10-01 06:35;7720.0;7674.94;SPXW  261001P07720000;47.3;47.9;delta=-0.861
2026-10-01 06:35;7725.0;7674.94;SPXW  261001P07725000;51.7;52.3;delta=-0.887
2026-10-01 06:35;7730.0;7674.94;SPXW  261001P07730000;55.3;57.1;delta=-0.908
2026-10-01 06:35;7735.0;7674.94;SPXW  261001P07735000;60.9;61.5;delta=-0.926
2026-10-01 06:35;7740.0;7674.94;SPXW  261001P07740000;65.6;66.2;delta=-0.94
2026-10-01 06:35;7745.0;7674.94;SPXW  261001P07745000;70.4;71.3;delta=-0.952
2026-10-01 06:35;7750.0;7674.94;SPXW  261001P07750000;74.9;76.2;delta=-0.96
2026-10-01 06:35;7755.0;7674.94;SPXW  261001P07755000;80.1;81.0;delta=-0.968
2026-10-01 06:35;7760.0;7674.94;SPXW  261001P07760000;85.0;86.0;delta=-0.974
2026-10-01 06:35;7765.0;7674.94;SPXW  261001P07765000;89.9;90.9;delta=-0.979
2026-10-01 06:35;7770.0;7674.94;SPXW  261001P07770000;94.6;95.8;delta=-0.983
2026-10-01 06:35;7775.0;7674.94;SPXW  261001P07775000;98.8;102.5;delta=-0.986
2026-10-01 06:35;7780.0;7674.94;SPXW  261001P07780000;99.9;106.6;delta=-0.987
2026-10-01 06:35;7785.0;7674.94;SPXW  261001P07785000;104.9;111.7;delta=-0.99
2026-10-01 06:35;7790.0;7674.94;SPXW  261001P07790000;112.4;115.7;delta=-0.991
2026-10-01 06:35;7795.0;7674.94;SPXW  261001P07795000;115.7;123.5;delta=-0.993
2026-10-01 06:35;7800.0;7674.94;SPXW  261001P07800000;120.8;126.0;delta=-0.993
2026-10-01 06:35;7805.0;7674.94;SPXW  261001P07805000;125.0;133.5;delta=-0.993
2026-10-01 06:35;7810.0;7674.94;SPXW  261001P07810000;130.7;140.3;delta=-0.996
2026-10-01 06:35;7815.0;7674.94;SPXW  261001P07815000;136.1;143.6;delta=-0.996
2026-10-01 06:35;7820.0;7674.94;SPXW  261001P07820000;140.6;145.9;delta=-0.996
2026-10-01 06:35;7825.0;7674.94;SPXW  261001P07825000;145.3;153.5;delta=-0.996
2026-10-01 06:35;7830.0;7674.94;SPXW  261001P07830000;150.8;155.9;delta=-0.996
2026-10-01 06:35;7835.0;7674.94;SPXW  261001P07835000;155.0;163.6;delta=-0.996
2026-10-01 06:35;7840.0;7674.94;SPXW  261001P07840000;160.8;170.6;delta=-0.996
2026-10-01 06:35;7845.0;7674.94;SPXW  261001P07845000;165.6;173.6;delta=-0.997
2026-10-01 06:35;7850.0;7674.94;SPXW  261001P07850000;171.1;175.9;delta=-0.997
2026-10-01 06:35;7855.0;7674.94;SPXW  261001P07855000;175.8;184.5;delta=-0.997
2026-10-01 06:35;7860.0;7674.94;SPXW  261001P07860000;180.6;185.9;delta=-0.997
2026-10-01 06:35;7865.0;7674.94;SPXW  261001P07865000;185.3;193.5;delta=-0.997
2026-10-01 06:35;7870.0;7674.94;SPXW  261001P07870000;189.9;198.4;delta=-0.998
2026-10-01 06:35;7875.0;7674.94;SPXW  261001P07875000;194.9;204.4;delta=-0.998
2026-10-01 06:35;7880.0;7674.94;SPXW  261001P07880000;197.2;210.6;delta=-0.999
2026-10-01 06:35;7885.0;7674.94;SPXW  261001P07885000;200.9;214.6;delta=-0.999
2026-10-01 06:35;7890.0;7674.94;SPXW  261001P07890000;207.2;220.6;delta=-0.999
2026-10-01 06:35;7895.0;7674.94;SPXW  261001P07895000;207.8;226.5;delta=-0.999
2026-10-01 06:35;7900.0;7674.94;SPXW  261001P07900000;217.4;232.8;delta=-0.999
2026-10-01 06:35;7905.0;7674.94;SPXW  261001P07905000;217.6;237.3;delta=-0.999
2026-10-01 06:35;7910.0;7674.94;SPXW  261001P07910000;226.4;244.3;delta=-0.999
2026-10-01 06:35;7915.0;7674.94;SPXW  261001P07915000;228.0;247.4;delta=-0.999
2026-10-01 06:35;7920.0;7674.94;SPXW  261001P07920000;236.4;254.3;delta=-0.999
2026-10-01 06:39;7430.0;7676.97;SPXW  261001C07430000;236.0;256.2;delta=0.997
2026-10-01 06:39;7435.0;7676.97;SPXW  261001C07435000;231.0;251.2;delta=0.997
2026-10-01 06:39;7440.0;7676.97;SPXW  261001C07440000;226.0;246.2;delta=0.996
2026-10-01 06:39;7445.0;7676.97;SPXW  261001C07445000;221.0;241.1;delta=0.995
2026-10-01 06:39;7450.0;7676.97;SPXW  261001C07450000;216.0;236.2;delta=0.995
2026-10-01 06:39;7455.0;7676.97;SPXW  261001C07455000;211.0;231.3;delta=0.995
2026-10-01 06:39;7460.0;7676.97;SPXW  261001C07460000;208.9;222.3;delta=0.995
2026-10-01 06:39;7465.0;7676.97;SPXW  261001C07465000;203.9;217.6;delta=0.995
2026-10-01 06:39;7470.0;7676.97;SPXW  261001C07470000;199.0;212.7;delta=0.995
2026-10-01 06:39;7475.0;7676.97;SPXW  261001C07475000;199.1;200.7;delta=0.995
2026-10-01 06:39;7480.0;7676.97;SPXW  261001C07480000;191.8;199.3;delta=0.995
2026-10-01 06:39;7485.0;7676.97;SPXW  261001C07485000;186.8;194.3;delta=0.995
2026-10-01 06:39;7490.0;7676.97;SPXW  261001C07490000;181.4;189.3;delta=0.995
2026-10-01 06:39;7495.0;7676.97;SPXW  261001C07495000;176.4;184.3;delta=0.994
2026-10-01 06:39;7500.0;7676.97;SPXW  261001C07500000;174.1;175.7;delta=0.994
2026-10-01 06:39;7505.0;7676.97;SPXW  261001C07505000;166.9;174.3;delta=0.992
2026-10-01 06:39;7510.0;7676.97;SPXW  261001C07510000;161.7;169.3;delta=0.992
2026-10-01 06:39;7515.0;7676.97;SPXW  261001C07515000;156.5;164.3;delta=0.992
2026-10-01 06:39;7520.0;7676.97;SPXW  261001C07520000;154.7;155.3;delta=0.992
2026-10-01 06:39;7525.0;7676.97;SPXW  261001C07525000;149.7;150.3;delta=0.992
2026-10-01 06:39;7530.0;7676.97;SPXW  261001C07530000;144.7;145.4;delta=0.989
2026-10-01 06:39;7535.0;7676.97;SPXW  261001C07535000;139.8;140.4;delta=0.989
2026-10-01 06:39;7540.0;7676.97;SPXW  261001C07540000;134.8;135.4;delta=0.989
2026-10-01 06:39;7545.0;7676.97;SPXW  261001C07545000;129.8;130.4;delta=0.987
2026-10-01 06:39;7550.0;7676.97;SPXW  261001C07550000;124.8;125.4;delta=0.986
2026-10-01 06:39;7555.0;7676.97;SPXW  261001C07555000;119.9;120.5;delta=0.984
2026-10-01 06:39;7560.0;7676.97;SPXW  261001C07560000;114.9;115.5;delta=0.981
2026-10-01 06:39;7565.0;7676.97;SPXW  261001C07565000;109.6;110.9;delta=0.979
2026-10-01 06:39;7570.0;7676.97;SPXW  261001C07570000;104.9;105.8;delta=0.976
2026-10-01 06:39;7575.0;7676.97;SPXW  261001C07575000;100.0;100.8;delta=0.972
2026-10-01 06:39;7580.0;7676.97;SPXW  261001C07580000;95.1;95.9;delta=0.967
2026-10-01 06:39;7585.0;7676.97;SPXW  261001C07585000;90.3;91.1;delta=0.962
2026-10-01 06:39;7590.0;7676.97;SPXW  261001C07590000;85.4;86.2;delta=0.956
2026-10-01 06:39;7595.0;7676.97;SPXW  261001C07595000;80.6;81.4;delta=0.947
2026-10-01 06:39;7600.0;7676.97;SPXW  261001C07600000;75.9;76.6;delta=0.938
2026-10-01 06:39;7605.0;7676.97;SPXW  261001C07605000;71.3;71.9;delta=0.926
2026-10-01 06:39;7610.0;7676.97;SPXW  261001C07610000;66.6;67.2;delta=0.914
2026-10-01 06:39;7615.0;7676.97;SPXW  261001C07615000;62.0;62.6;delta=0.898
2026-10-01 06:39;7620.0;7676.97;SPXW  261001C07620000;57.5;58.1;delta=0.881
2026-10-01 06:39;7625.0;7676.97;SPXW  261001C07625000;53.0;53.6;delta=0.862
2026-10-01 06:39;7630.0;7676.97;SPXW  261001C07630000;48.7;49.2;delta=0.839
2026-10-01 06:39;7635.0;7676.97;SPXW  261001C07635000;44.5;44.9;delta=0.815
2026-10-01 06:39;7640.0;7676.97;SPXW  261001C07640000;40.4;40.8;delta=0.786
2026-10-01 06:39;7645.0;7676.97;SPXW  261001C07645000;36.5;36.8;delta=0.755
2026-10-01 06:39;7650.0;7676.97;SPXW  261001C07650000;32.6;33.0;delta=0.721
2026-10-01 06:39;7655.0;7676.97;SPXW  261001C07655000;29.0;29.3;delta=0.684
2026-10-01 06:39;7660.0;7676.97;SPXW  261001C07660000;25.6;25.9;delta=0.644
2026-10-01 06:39;7665.0;7676.97;SPXW  261001C07665000;22.4;22.6;delta=0.601
2026-10-01 06:39;7670.0;7676.97;SPXW  261001C07670000;19.4;19.6;delta=0.556
2026-10-01 06:39;7675.0;7676.97;SPXW  261001C07675000;16.7;16.8;delta=0.509
2026-10-01 06:39;7680.0;7676.97;SPXW  261001C07680000;14.1;14.3;delta=0.462
2026-10-01 06:39;7685.0;7676.97;SPXW  261001C07685000;11.8;12.0;delta=0.414
2026-10-01 06:39;7690.0;7676.97;SPXW  261001C07690000;9.8;9.9;delta=0.367
2026-10-01 06:39;7695.0;7676.97;SPXW  261001C07695000;8.0;8.2;delta=0.32
2026-10-01 06:39;7700.0;7676.97;SPXW  261001C07700000;6.5;6.7;delta=0.276
2026-10-01 06:39;7705.0;7676.97;SPXW  261001C07705000;5.2;5.3;delta=0.236
2026-10-01 06:39;7710.0;7676.97;SPXW  261001C07710000;4.2;4.3;delta=0.199
2026-10-01 06:39;7715.0;7676.97;SPXW  261001C07715000;3.3;3.4;delta=0.164
2026-10-01 06:39;7720.0;7676.97;SPXW  261001C07720000;2.6;2.65;delta=0.135
2026-10-01 06:39;7725.0;7676.97;SPXW  261001C07725000;2.0;2.05;delta=0.11
2026-10-01 06:39;7730.0;7676.97;SPXW  261001C07730000;1.6;1.65;delta=0.09
2026-10-01 06:39;7735.0;7676.97;SPXW  261001C07735000;1.2;1.3;delta=0.073
2026-10-01 06:39;7740.0;7676.97;SPXW  261001C07740000;0.95;1.0;delta=0.059
2026-10-01 06:39;7745.0;7676.97;SPXW  261001C07745000;0.75;0.8;delta=0.048
2026-10-01 06:39;7750.0;7676.97;SPXW  261001C07750000;0.6;0.65;delta=0.039
2026-10-01 06:39;7755.0;7676.97;SPXW  261001C07755000;0.45;0.55;delta=0.032
2026-10-01 06:39;7760.0;7676.97;SPXW  261001C07760000;0.35;0.45;delta=0.026
2026-10-01 06:39;7765.0;7676.97;SPXW  261001C07765000;0.3;0.35;delta=0.022
2026-10-01 06:39;7770.0;7676.97;SPXW  261001C07770000;0.25;0.3;delta=0.017
2026-10-01 06:39;7775.0;7676.97;SPXW  261001C07775000;0.2;0.25;delta=0.014
2026-10-01 06:39;7780.0;7676.97;SPXW  261001C07780000;0.15;0.25;delta=0.013
2026-10-01 06:39;7785.0;7676.97;SPXW  261001C07785000;0.15;0.2;delta=0.011
2026-10-01 06:39;7790.0;7676.97;SPXW  261001C07790000;0.15;0.2;delta=0.011
2026-10-01 06:39;7795.0;7676.97;SPXW  261001C07795000;0.1;0.15;delta=0.008
2026-10-01 06:39;7800.0;7676.97;SPXW  261001C07800000;0.1;0.15;delta=0.008
2026-10-01 06:39;7805.0;7676.97;SPXW  261001C07805000;0.05;0.15;delta=0.006
2026-10-01 06:39;7810.0;7676.97;SPXW  261001C07810000;0.1;0.15;delta=0.007
2026-10-01 06:39;7815.0;7676.97;SPXW  261001C07815000;0.05;0.1;delta=0.005
2026-10-01 06:39;7820.0;7676.97;SPXW  261001C07820000;0.05;0.1;delta=0.004
2026-10-01 06:39;7825.0;7676.97;SPXW  261001C07825000;0.05;0.1;delta=0.004
2026-10-01 06:39;7830.0;7676.97;SPXW  261001C07830000;0.05;0.1;delta=0.004
2026-10-01 06:39;7835.0;7676.97;SPXW  261001C07835000;0.05;0.1;delta=0.004
2026-10-01 06:39;7840.0;7676.97;SPXW  261001C07840000;0.05;0.1;delta=0.004
2026-10-01 06:39;7845.0;7676.97;SPXW  261001C07845000;0.05;0.1;delta=0.004
2026-10-01 06:39;7850.0;7676.97;SPXW  261001C07850000;0.05;0.1;delta=0.003
2026-10-01 06:39;7855.0;7676.97;SPXW  261001C07855000;0.0;0.1;delta=0.003
2026-10-01 06:39;7860.0;7676.97;SPXW  261001C07860000;0.0;0.05;delta=0.001
2026-10-01 06:39;7865.0;7676.97;SPXW  261001C07865000;0.0;0.05;delta=0.001
2026-10-01 06:39;7870.0;7676.97;SPXW  261001C07870000;0.0;0.05;delta=0.001
2026-10-01 06:39;7875.0;7676.97;SPXW  261001C07875000;0.0;0.05;delta=0.001
2026-10-01 06:39;7880.0;7676.97;SPXW  261001C07880000;0.0;0.05;delta=0.001
2026-10-01 06:39;7885.0;7676.97;SPXW  261001C07885000;0.0;0.05;delta=0.001
2026-10-01 06:39;7890.0;7676.97;SPXW  261001C07890000;0.0;0.05;delta=0.001
2026-10-01 06:39;7895.0;7676.97;SPXW  261001C07895000;0.0;0.05;delta=0.001
2026-10-01 06:39;7900.0;7676.97;SPXW  261001C07900000;0.0;0.05;delta=0.001
2026-10-01 06:39;7905.0;7676.97;SPXW  261001C07905000;0.0;0.05;delta=0.001
2026-10-01 06:39;7910.0;7676.97;SPXW  261001C07910000;0.0;0.05;delta=0.001
2026-10-01 06:39;7915.0;7676.97;SPXW  261001C07915000;0.0;0.05;delta=0.001
2026-10-01 06:39;7920.0;7676.97;SPXW  261001C07920000;0.0;0.05;delta=0.001
2026-10-01 06:39;7925.0;7676.97;SPXW  261001C07925000;0.0;0.05;delta=0.001
2026-10-01 06:39;7430.0;7676.97;SPXW  261001P07430000;0.05;0.1;delta=-0.003
2026-10-01 06:39;7435.0;7676.97;SPXW  261001P07435000;0.05;0.1;delta=-0.003
2026-10-01 06:39;7440.0;7676.97;SPXW  261001P07440000;0.05;0.15;delta=-0.004
2026-10-01 06:39;7445.0;7676.97;SPXW  261001P07445000;0.1;0.15;delta=-0.004
2026-10-01 06:39;7450.0;7676.97;SPXW  261001P07450000;0.1;0.15;delta=-0.005
2026-10-01 06:39;7455.0;7676.97;SPXW  261001P07455000;0.1;0.15;delta=-0.005
2026-10-01 06:39;7460.0;7676.97;SPXW  261001P07460000;0.1;0.15;delta=-0.005
2026-10-01 06:39;7465.0;7676.97;SPXW  261001P07465000;0.1;0.15;delta=-0.005
2026-10-01 06:39;7470.0;7676.97;SPXW  261001P07470000;0.1;0.15;delta=-0.005
2026-10-01 06:39;7475.0;7676.97;SPXW  261001P07475000;0.1;0.15;delta=-0.005
2026-10-01 06:39;7480.0;7676.97;SPXW  261001P07480000;0.1;0.15;delta=-0.005
2026-10-01 06:39;7485.0;7676.97;SPXW  261001P07485000;0.1;0.15;delta=-0.005
2026-10-01 06:39;7490.0;7676.97;SPXW  261001P07490000;0.1;0.15;delta=-0.005
2026-10-01 06:39;7495.0;7676.97;SPXW  261001P07495000;0.1;0.15;delta=-0.005
2026-10-01 06:39;7500.0;7676.97;SPXW  261001P07500000;0.1;0.15;delta=-0.006
2026-10-01 06:39;7505.0;7676.97;SPXW  261001P07505000;0.15;0.2;delta=-0.007
2026-10-01 06:39;7510.0;7676.97;SPXW  261001P07510000;0.15;0.2;delta=-0.008
2026-10-01 06:39;7515.0;7676.97;SPXW  261001P07515000;0.15;0.2;delta=-0.008
2026-10-01 06:39;7520.0;7676.97;SPXW  261001P07520000;0.15;0.2;delta=-0.008
2026-10-01 06:39;7525.0;7676.97;SPXW  261001P07525000;0.15;0.2;delta=-0.008
2026-10-01 06:39;7530.0;7676.97;SPXW  261001P07530000;0.2;0.25;delta=-0.01
2026-10-01 06:39;7535.0;7676.97;SPXW  261001P07535000;0.2;0.25;delta=-0.011
2026-10-01 06:39;7540.0;7676.97;SPXW  261001P07540000;0.2;0.25;delta=-0.011
2026-10-01 06:39;7545.0;7676.97;SPXW  261001P07545000;0.25;0.3;delta=-0.013
2026-10-01 06:39;7550.0;7676.97;SPXW  261001P07550000;0.25;0.3;delta=-0.014
2026-10-01 06:39;7555.0;7676.97;SPXW  261001P07555000;0.3;0.35;delta=-0.016
2026-10-01 06:39;7560.0;7676.97;SPXW  261001P07560000;0.35;0.4;delta=-0.018
2026-10-01 06:39;7565.0;7676.97;SPXW  261001P07565000;0.4;0.45;delta=-0.021
2026-10-01 06:39;7570.0;7676.97;SPXW  261001P07570000;0.45;0.55;delta=-0.024
2026-10-01 06:39;7575.0;7676.97;SPXW  261001P07575000;0.55;0.6;delta=-0.028
2026-10-01 06:39;7580.0;7676.97;SPXW  261001P07580000;0.65;0.7;delta=-0.033
2026-10-01 06:39;7585.0;7676.97;SPXW  261001P07585000;0.8;0.85;delta=-0.038
2026-10-01 06:39;7590.0;7676.97;SPXW  261001P07590000;0.95;1.0;delta=-0.044
2026-10-01 06:39;7595.0;7676.97;SPXW  261001P07595000;1.15;1.2;delta=-0.053
2026-10-01 06:39;7600.0;7676.97;SPXW  261001P07600000;1.35;1.45;delta=-0.062
2026-10-01 06:39;7605.0;7676.97;SPXW  261001P07605000;1.65;1.7;delta=-0.073
2026-10-01 06:39;7610.0;7676.97;SPXW  261001P07610000;2.0;2.05;delta=-0.086
2026-10-01 06:39;7615.0;7676.97;SPXW  261001P07615000;2.4;2.45;delta=-0.101
2026-10-01 06:39;7620.0;7676.97;SPXW  261001P07620000;2.85;2.9;delta=-0.119
2026-10-01 06:39;7625.0;7676.97;SPXW  261001P07625000;3.4;3.5;delta=-0.138
2026-10-01 06:39;7630.0;7676.97;SPXW  261001P07630000;4.0;4.2;delta=-0.161
2026-10-01 06:39;7635.0;7676.97;SPXW  261001P07635000;4.8;4.9;delta=-0.185
2026-10-01 06:39;7640.0;7676.97;SPXW  261001P07640000;5.7;5.8;delta=-0.214
2026-10-01 06:39;7645.0;7676.97;SPXW  261001P07645000;6.7;6.8;delta=-0.245
2026-10-01 06:39;7650.0;7676.97;SPXW  261001P07650000;7.9;8.1;delta=-0.279
2026-10-01 06:39;7655.0;7676.97;SPXW  261001P07655000;9.3;9.4;delta=-0.316
2026-10-01 06:39;7660.0;7676.97;SPXW  261001P07660000;10.8;11.0;delta=-0.356
2026-10-01 06:39;7665.0;7676.97;SPXW  261001P07665000;12.6;12.7;delta=-0.399
2026-10-01 06:39;7670.0;7676.97;SPXW  261001P07670000;14.5;14.7;delta=-0.444
2026-10-01 06:39;7675.0;7676.97;SPXW  261001P07675000;16.7;16.9;delta=-0.49
2026-10-01 06:39;7680.0;7676.97;SPXW  261001P07680000;19.1;19.3;delta=-0.538
2026-10-01 06:39;7685.0;7676.97;SPXW  261001P07685000;21.8;22.0;delta=-0.586
2026-10-01 06:39;7690.0;7676.97;SPXW  261001P07690000;24.7;25.0;delta=-0.633
2026-10-01 06:39;7695.0;7676.97;SPXW  261001P07695000;27.9;28.2;delta=-0.68
2026-10-01 06:39;7700.0;7676.97;SPXW  261001P07700000;31.4;31.6;delta=-0.723
2026-10-01 06:39;7705.0;7676.97;SPXW  261001P07705000;35.0;35.3;delta=-0.764
2026-10-01 06:39;7710.0;7676.97;SPXW  261001P07710000;38.9;39.2;delta=-0.801
2026-10-01 06:39;7715.0;7676.97;SPXW  261001P07715000;43.0;43.3;delta=-0.836
2026-10-01 06:39;7720.0;7676.97;SPXW  261001P07720000;47.3;47.5;delta=-0.864
2026-10-01 06:39;7725.0;7676.97;SPXW  261001P07725000;51.7;52.0;delta=-0.889
2026-10-01 06:39;7730.0;7676.97;SPXW  261001P07730000;56.2;56.6;delta=-0.91
2026-10-01 06:39;7735.0;7676.97;SPXW  261001P07735000;60.9;61.2;delta=-0.926
2026-10-01 06:39;7740.0;7676.97;SPXW  261001P07740000;65.6;65.9;delta=-0.941
2026-10-01 06:39;7745.0;7676.97;SPXW  261001P07745000;70.4;70.7;delta=-0.952
2026-10-01 06:39;7750.0;7676.97;SPXW  261001P07750000;75.2;75.6;delta=-0.961
2026-10-01 06:39;7755.0;7676.97;SPXW  261001P07755000;80.1;80.5;delta=-0.968
2026-10-01 06:39;7760.0;7676.97;SPXW  261001P07760000;85.0;85.4;delta=-0.974
2026-10-01 06:39;7765.0;7676.97;SPXW  261001P07765000;89.9;90.3;delta=-0.978
2026-10-01 06:39;7770.0;7676.97;SPXW  261001P07770000;94.9;95.3;delta=-0.983
2026-10-01 06:39;7775.0;7676.97;SPXW  261001P07775000;99.8;100.2;delta=-0.986
2026-10-01 06:39;7780.0;7676.97;SPXW  261001P07780000;104.8;105.2;delta=-0.987
2026-10-01 06:39;7785.0;7676.97;SPXW  261001P07785000;109.7;110.2;delta=-0.989
2026-10-01 06:39;7790.0;7676.97;SPXW  261001P07790000;114.3;115.7;delta=-0.989
2026-10-01 06:39;7795.0;7676.97;SPXW  261001P07795000;119.3;120.6;delta=-0.992
2026-10-01 06:39;7800.0;7676.97;SPXW  261001P07800000;124.3;125.6;delta=-0.992
2026-10-01 06:39;7805.0;7676.97;SPXW  261001P07805000;129.2;130.6;delta=-0.994
2026-10-01 06:39;7810.0;7676.97;SPXW  261001P07810000;134.1;135.6;delta=-0.993
2026-10-01 06:39;7815.0;7676.97;SPXW  261001P07815000;139.2;140.6;delta=-0.995
2026-10-01 06:39;7820.0;7676.97;SPXW  261001P07820000;144.2;145.6;delta=-0.995
2026-10-01 06:39;7825.0;7676.97;SPXW  261001P07825000;149.2;150.6;delta=-0.996
2026-10-01 06:39;7830.0;7676.97;SPXW  261001P07830000;154.2;155.6;delta=-0.996
2026-10-01 06:39;7835.0;7676.97;SPXW  261001P07835000;159.2;160.6;delta=-0.996
2026-10-01 06:39;7840.0;7676.97;SPXW  261001P07840000;164.2;165.6;delta=-0.996
2026-10-01 06:39;7845.0;7676.97;SPXW  261001P07845000;169.2;170.6;delta=-0.996
2026-10-01 06:39;7850.0;7676.97;SPXW  261001P07850000;174.2;175.6;delta=-0.997
2026-10-01 06:39;7855.0;7676.97;SPXW  261001P07855000;179.2;180.6;delta=-0.997
2026-10-01 06:39;7860.0;7676.97;SPXW  261001P07860000;184.2;185.6;delta=-0.998
2026-10-01 06:39;7865.0;7676.97;SPXW  261001P07865000;189.2;190.6;delta=-0.998
2026-10-01 06:39;7870.0;7676.97;SPXW  261001P07870000;194.2;195.6;delta=-0.998
2026-10-01 06:39;7875.0;7676.97;SPXW  261001P07875000;199.2;200.6;delta=-0.998
2026-10-01 06:39;7880.0;7676.97;SPXW  261001P07880000;204.2;205.6;delta=-0.998
2026-10-01 06:39;7885.0;7676.97;SPXW  261001P07885000;209.2;210.6;delta=-0.999
2026-10-01 06:39;7890.0;7676.97;SPXW  261001P07890000;214.2;215.6;delta=-0.999
2026-10-01 06:39;7895.0;7676.97;SPXW  261001P07895000;219.2;220.6;delta=-0.999
2026-10-01 06:39;7900.0;7676.97;SPXW  261001P07900000;224.2;225.6;delta=-0.999
2026-10-01 06:39;7905.0;7676.97;SPXW  261001P07905000;229.2;230.5;delta=-0.999
2026-10-01 06:39;7910.0;7676.97;SPXW  261001P07910000;234.0;235.5;delta=-0.999
2026-10-01 06:39;7915.0;7676.97;SPXW  261001P07915000;239.0;240.5;delta=-0.999
2026-10-01 06:39;7920.0;7676.97;SPXW  261001P07920000;244.1;245.5;delta=-0.999
2026-10-01 06:39;7925.0;7676.97;SPXW  261001P07925000;249.1;250.5;delta=-0.999
2026-10-01 06:44;7415.0;7663.55;SPXW  261001C07415000;240.6;258.6;delta=0.997
2026-10-01 06:44;7420.0;7663.55;SPXW  261001C07420000;232.8;253.9;delta=0.997
2026-10-01 06:44;7425.0;7663.55;SPXW  261001C07425000;227.7;248.9;delta=0.997
2026-10-01 06:44;7430.0;7663.55;SPXW  261001C07430000;231.7;233.2;delta=0.996
2026-10-01 06:44;7435.0;7663.55;SPXW  261001C07435000;220.7;238.7;delta=0.997
2026-10-01 06:44;7440.0;7663.55;SPXW  261001C07440000;215.6;233.7;delta=0.995
2026-10-01 06:44;7445.0;7663.55;SPXW  261001C07445000;209.2;228.6;delta=0.995
2026-10-01 06:44;7450.0;7663.55;SPXW  261001C07450000;211.7;213.1;delta=0.995
2026-10-01 06:44;7455.0;7663.55;SPXW  261001C07455000;201.5;215.0;delta=0.995
2026-10-01 06:44;7460.0;7663.55;SPXW  261001C07460000;196.2;209.3;delta=0.995
2026-10-01 06:44;7465.0;7663.55;SPXW  261001C07465000;193.6;201.2;delta=0.995
2026-10-01 06:44;7470.0;7663.55;SPXW  261001C07470000;191.7;193.1;delta=0.995
2026-10-01 06:44;7475.0;7663.55;SPXW  261001C07475000;186.7;188.1;delta=0.995
2026-10-01 06:44;7480.0;7663.55;SPXW  261001C07480000;181.8;183.1;delta=0.994
2026-10-01 06:44;7485.0;7663.55;SPXW  261001C07485000;173.9;181.2;delta=0.994
2026-10-01 06:44;7490.0;7663.55;SPXW  261001C07490000;168.9;176.0;delta=0.992
2026-10-01 06:44;7495.0;7663.55;SPXW  261001C07495000;163.9;171.0;delta=0.992
2026-10-01 06:44;7500.0;7663.55;SPXW  261001C07500000;161.8;163.2;delta=0.992
2026-10-01 06:44;7505.0;7663.55;SPXW  261001C07505000;153.9;161.1;delta=0.992
2026-10-01 06:44;7510.0;7663.55;SPXW  261001C07510000;151.8;152.7;delta=0.992
2026-10-01 06:44;7515.0;7663.55;SPXW  261001C07515000;146.8;147.7;delta=0.991
2026-10-01 06:44;7520.0;7663.55;SPXW  261001C07520000;141.8;142.7;delta=0.989
2026-10-01 06:44;7525.0;7663.55;SPXW  261001C07525000;136.9;137.7;delta=0.989
2026-10-01 06:44;7530.0;7663.55;SPXW  261001C07530000;131.9;132.8;delta=0.987
2026-10-01 06:44;7535.0;7663.55;SPXW  261001C07535000;126.9;127.8;delta=0.986
2026-10-01 06:44;7540.0;7663.55;SPXW  261001C07540000;122.0;122.8;delta=0.984
2026-10-01 06:44;7545.0;7663.55;SPXW  261001C07545000;117.5;118.7;delta=0.982
2026-10-01 06:44;7550.0;7663.55;SPXW  261001C07550000;112.6;113.1;delta=0.979
2026-10-01 06:44;7555.0;7663.55;SPXW  261001C07555000;107.6;108.2;delta=0.976
2026-10-01 06:44;7560.0;7663.55;SPXW  261001C07560000;102.7;103.2;delta=0.972
2026-10-01 06:44;7565.0;7663.55;SPXW  261001C07565000;97.8;98.4;delta=0.967
2026-10-01 06:44;7570.0;7663.55;SPXW  261001C07570000;93.0;93.5;delta=0.961
2026-10-01 06:44;7575.0;7663.55;SPXW  261001C07575000;88.1;88.7;delta=0.954
2026-10-01 06:44;7580.0;7663.55;SPXW  261001C07580000;83.3;83.8;delta=0.946
2026-10-01 06:44;7585.0;7663.55;SPXW  261001C07585000;78.6;79.1;delta=0.936
2026-10-01 06:44;7590.0;7663.55;SPXW  261001C07590000;73.9;74.4;delta=0.924
2026-10-01 06:44;7595.0;7663.55;SPXW  261001C07595000;69.2;69.5;delta=0.911
2026-10-01 06:44;7600.0;7663.55;SPXW  261001C07600000;64.6;64.9;delta=0.896
2026-10-01 06:44;7605.0;7663.55;SPXW  261001C07605000;60.1;60.5;delta=0.878
2026-10-01 06:44;7610.0;7663.55;SPXW  261001C07610000;55.7;56.0;delta=0.858
2026-10-01 06:44;7615.0;7663.55;SPXW  261001C07615000;51.4;51.6;delta=0.836
2026-10-01 06:44;7620.0;7663.55;SPXW  261001C07620000;47.2;47.4;delta=0.812
2026-10-01 06:44;7625.0;7663.55;SPXW  261001C07625000;43.1;43.3;delta=0.785
2026-10-01 06:44;7630.0;7663.55;SPXW  261001C07630000;39.1;39.3;delta=0.754
2026-10-01 06:44;7635.0;7663.55;SPXW  261001C07635000;35.3;35.5;delta=0.721
2026-10-01 06:44;7640.0;7663.55;SPXW  261001C07640000;31.7;31.9;delta=0.684
2026-10-01 06:44;7645.0;7663.55;SPXW  261001C07645000;28.2;28.4;delta=0.645
2026-10-01 06:44;7650.0;7663.55;SPXW  261001C07650000;24.9;25.1;delta=0.605
2026-10-01 06:44;7655.0;7663.55;SPXW  261001C07655000;21.9;22.1;delta=0.562
2026-10-01 06:44;7660.0;7663.55;SPXW  261001C07660000;19.0;19.2;delta=0.521
2026-10-01 06:44;7665.0;7663.55;SPXW  261001C07665000;16.4;16.6;delta=0.476
2026-10-01 06:44;7670.0;7663.55;SPXW  261001C07670000;14.0;14.1;delta=0.432
2026-10-01 06:44;7675.0;7663.55;SPXW  261001C07675000;11.8;12.0;delta=0.387
2026-10-01 06:44;7680.0;7663.55;SPXW  261001C07680000;9.9;10.1;delta=0.343
2026-10-01 06:44;7685.0;7663.55;SPXW  261001C07685000;8.2;8.4;delta=0.302
2026-10-01 06:44;7690.0;7663.55;SPXW  261001C07690000;6.8;6.9;delta=0.261
2026-10-01 06:44;7695.0;7663.55;SPXW  261001C07695000;5.5;5.7;delta=0.224
2026-10-01 06:44;7700.0;7663.55;SPXW  261001C07700000;4.5;4.6;delta=0.191
2026-10-01 06:44;7705.0;7663.55;SPXW  261001C07705000;3.6;3.7;delta=0.161
2026-10-01 06:44;7710.0;7663.55;SPXW  261001C07710000;2.9;2.95;delta=0.134
2026-10-01 06:44;7715.0;7663.55;SPXW  261001C07715000;2.3;2.4;delta=0.112
2026-10-01 06:44;7720.0;7663.55;SPXW  261001C07720000;1.85;1.9;delta=0.093
2026-10-01 06:44;7725.0;7663.55;SPXW  261001C07725000;1.45;1.55;delta=0.077
2026-10-01 06:44;7730.0;7663.55;SPXW  261001C07730000;1.2;1.25;delta=0.064
2026-10-01 06:44;7735.0;7663.55;SPXW  261001C07735000;0.95;1.0;delta=0.052
2026-10-01 06:44;7740.0;7663.55;SPXW  261001C07740000;0.75;0.8;delta=0.042
2026-10-01 06:44;7745.0;7663.55;SPXW  261001C07745000;0.6;0.7;delta=0.036
2026-10-01 06:44;7750.0;7663.55;SPXW  261001C07750000;0.5;0.55;delta=0.029
2026-10-01 06:44;7755.0;7663.55;SPXW  261001C07755000;0.4;0.45;delta=0.024
2026-10-01 06:44;7760.0;7663.55;SPXW  261001C07760000;0.35;0.4;delta=0.021
2026-10-01 06:44;7765.0;7663.55;SPXW  261001C07765000;0.3;0.35;delta=0.018
2026-10-01 06:44;7770.0;7663.55;SPXW  261001C07770000;0.25;0.3;delta=0.016
2026-10-01 06:44;7775.0;7663.55;SPXW  261001C07775000;0.2;0.25;delta=0.013
2026-10-01 06:44;7780.0;7663.55;SPXW  261001C07780000;0.15;0.25;delta=0.011
2026-10-01 06:44;7785.0;7663.55;SPXW  261001C07785000;0.15;0.2;delta=0.01
2026-10-01 06:44;7790.0;7663.55;SPXW  261001C07790000;0.1;0.2;delta=0.009
2026-10-01 06:44;7795.0;7663.55;SPXW  261001C07795000;0.1;0.15;delta=0.007
2026-10-01 06:44;7800.0;7663.55;SPXW  261001C07800000;0.1;0.15;delta=0.007
2026-10-01 06:44;7805.0;7663.55;SPXW  261001C07805000;0.1;0.15;delta=0.007
2026-10-01 06:44;7810.0;7663.55;SPXW  261001C07810000;0.05;0.1;delta=0.004
2026-10-01 06:44;7815.0;7663.55;SPXW  261001C07815000;0.05;0.1;delta=0.004
2026-10-01 06:44;7820.0;7663.55;SPXW  261001C07820000;0.05;0.1;delta=0.004
2026-10-01 06:44;7825.0;7663.55;SPXW  261001C07825000;0.05;0.1;delta=0.004
2026-10-01 06:44;7830.0;7663.55;SPXW  261001C07830000;0.05;0.1;delta=0.004
2026-10-01 06:44;7835.0;7663.55;SPXW  261001C07835000;0.05;0.1;delta=0.004
2026-10-01 06:44;7840.0;7663.55;SPXW  261001C07840000;0.05;0.1;delta=0.004
2026-10-01 06:44;7845.0;7663.55;SPXW  261001C07845000;0.05;0.1;delta=0.004
2026-10-01 06:44;7850.0;7663.55;SPXW  261001C07850000;0.05;0.1;delta=0.004
2026-10-01 06:44;7855.0;7663.55;SPXW  261001C07855000;0.05;0.1;delta=0.003
2026-10-01 06:44;7860.0;7663.55;SPXW  261001C07860000;0.05;0.1;delta=0.003
2026-10-01 06:44;7865.0;7663.55;SPXW  261001C07865000;0.05;0.1;delta=0.003
2026-10-01 06:44;7870.0;7663.55;SPXW  261001C07870000;0.05;0.1;delta=0.003
2026-10-01 06:44;7875.0;7663.55;SPXW  261001C07875000;0.0;0.05;delta=0.001
2026-10-01 06:44;7880.0;7663.55;SPXW  261001C07880000;0.0;0.05;delta=0.001
2026-10-01 06:44;7885.0;7663.55;SPXW  261001C07885000;0.0;0.05;delta=0.001
2026-10-01 06:44;7890.0;7663.55;SPXW  261001C07890000;0.0;0.05;delta=0.001
2026-10-01 06:44;7895.0;7663.55;SPXW  261001C07895000;0.0;0.05;delta=0.001
2026-10-01 06:44;7900.0;7663.55;SPXW  261001C07900000;0.0;0.05;delta=0.001
2026-10-01 06:44;7905.0;7663.55;SPXW  261001C07905000;0.0;0.05;delta=0.001
2026-10-01 06:44;7910.0;7663.55;SPXW  261001C07910000;0.0;0.05;delta=0.001
2026-10-01 06:44;7420.0;7663.55;SPXW  261001P07420000;0.05;0.1;delta=-0.003
2026-10-01 06:44;7425.0;7663.55;SPXW  261001P07425000;0.05;0.1;delta=-0.003
2026-10-01 06:44;7430.0;7663.55;SPXW  261001P07430000;0.05;0.15;delta=-0.004
2026-10-01 06:44;7435.0;7663.55;SPXW  261001P07435000;0.05;0.1;delta=-0.003
2026-10-01 06:44;7440.0;7663.55;SPXW  261001P07440000;0.05;0.15;delta=-0.005
2026-10-01 06:44;7445.0;7663.55;SPXW  261001P07445000;0.1;0.15;delta=-0.005
2026-10-01 06:44;7450.0;7663.55;SPXW  261001P07450000;0.1;0.15;delta=-0.005
2026-10-01 06:44;7455.0;7663.55;SPXW  261001P07455000;0.1;0.15;delta=-0.005
2026-10-01 06:44;7460.0;7663.55;SPXW  261001P07460000;0.1;0.15;delta=-0.005
2026-10-01 06:44;7465.0;7663.55;SPXW  261001P07465000;0.1;0.15;delta=-0.005
2026-10-01 06:44;7470.0;7663.55;SPXW  261001P07470000;0.1;0.15;delta=-0.005
2026-10-01 06:44;7475.0;7663.55;SPXW  261001P07475000;0.1;0.15;delta=-0.005
2026-10-01 06:44;7480.0;7663.55;SPXW  261001P07480000;0.1;0.15;delta=-0.005
2026-10-01 06:44;7485.0;7663.55;SPXW  261001P07485000;0.1;0.15;delta=-0.006
2026-10-01 06:44;7490.0;7663.55;SPXW  261001P07490000;0.15;0.2;delta=-0.007
2026-10-01 06:44;7495.0;7663.55;SPXW  261001P07495000;0.15;0.2;delta=-0.008
2026-10-01 06:44;7500.0;7663.55;SPXW  261001P07500000;0.15;0.2;delta=-0.008
2026-10-01 06:44;7505.0;7663.55;SPXW  261001P07505000;0.15;0.2;delta=-0.008
2026-10-01 06:44;7510.0;7663.55;SPXW  261001P07510000;0.15;0.2;delta=-0.008
2026-10-01 06:44;7515.0;7663.55;SPXW  261001P07515000;0.15;0.2;delta=-0.008
2026-10-01 06:44;7520.0;7663.55;SPXW  261001P07520000;0.2;0.25;delta=-0.011
2026-10-01 06:44;7525.0;7663.55;SPXW  261001P07525000;0.2;0.25;delta=-0.011
2026-10-01 06:44;7530.0;7663.55;SPXW  261001P07530000;0.2;0.25;delta=-0.013
2026-10-01 06:44;7535.0;7663.55;SPXW  261001P07535000;0.25;0.3;delta=-0.013
2026-10-01 06:44;7540.0;7663.55;SPXW  261001P07540000;0.3;0.35;delta=-0.016
2026-10-01 06:44;7545.0;7663.55;SPXW  261001P07545000;0.3;0.4;delta=-0.018
2026-10-01 06:44;7550.0;7663.55;SPXW  261001P07550000;0.35;0.45;delta=-0.021
2026-10-01 06:44;7555.0;7663.55;SPXW  261001P07555000;0.45;0.5;delta=-0.024
2026-10-01 06:44;7560.0;7663.55;SPXW  261001P07560000;0.5;0.55;delta=-0.028
2026-10-01 06:44;7565.0;7663.55;SPXW  261001P07565000;0.6;0.65;delta=-0.032
2026-10-01 06:44;7570.0;7663.55;SPXW  261001P07570000;0.75;0.8;delta=-0.039
2026-10-01 06:44;7575.0;7663.55;SPXW  261001P07575000;0.9;0.95;delta=-0.045
2026-10-01 06:44;7580.0;7663.55;SPXW  261001P07580000;1.05;1.1;delta=-0.054
2026-10-01 06:44;7585.0;7663.55;SPXW  261001P07585000;1.3;1.35;delta=-0.064
2026-10-01 06:44;7590.0;7663.55;SPXW  261001P07590000;1.55;1.6;delta=-0.076
2026-10-01 06:44;7595.0;7663.55;SPXW  261001P07595000;1.85;1.9;delta=-0.089
2026-10-01 06:44;7600.0;7663.55;SPXW  261001P07600000;2.25;2.3;delta=-0.104
2026-10-01 06:44;7605.0;7663.55;SPXW  261001P07605000;2.65;2.75;delta=-0.122
2026-10-01 06:44;7610.0;7663.55;SPXW  261001P07610000;3.2;3.3;delta=-0.142
2026-10-01 06:44;7615.0;7663.55;SPXW  261001P07615000;3.8;3.9;delta=-0.163
2026-10-01 06:44;7620.0;7663.55;SPXW  261001P07620000;4.5;4.6;delta=-0.188
2026-10-01 06:44;7625.0;7663.55;SPXW  261001P07625000;5.3;5.5;delta=-0.215
2026-10-01 06:44;7630.0;7663.55;SPXW  261001P07630000;6.3;6.4;delta=-0.246
2026-10-01 06:44;7635.0;7663.55;SPXW  261001P07635000;7.4;7.5;delta=-0.279
2026-10-01 06:44;7640.0;7663.55;SPXW  261001P07640000;8.7;8.8;delta=-0.314
2026-10-01 06:44;7645.0;7663.55;SPXW  261001P07645000;10.1;10.2;delta=-0.355
2026-10-01 06:44;7650.0;7663.55;SPXW  261001P07650000;11.8;11.9;delta=-0.395
2026-10-01 06:44;7655.0;7663.55;SPXW  261001P07655000;13.6;13.7;delta=-0.437
2026-10-01 06:44;7660.0;7663.55;SPXW  261001P07660000;15.6;15.7;delta=-0.479
2026-10-01 06:44;7665.0;7663.55;SPXW  261001P07665000;17.9;18.0;delta=-0.523
2026-10-01 06:44;7670.0;7663.55;SPXW  261001P07670000;20.4;20.6;delta=-0.568
2026-10-01 06:44;7675.0;7663.55;SPXW  261001P07675000;23.1;23.3;delta=-0.613
2026-10-01 06:44;7680.0;7663.55;SPXW  261001P07680000;26.1;26.4;delta=-0.656
2026-10-01 06:44;7685.0;7663.55;SPXW  261001P07685000;29.3;29.6;delta=-0.698
2026-10-01 06:44;7690.0;7663.55;SPXW  261001P07690000;32.7;33.1;delta=-0.739
2026-10-01 06:44;7695.0;7663.55;SPXW  261001P07695000;36.4;36.8;delta=-0.775
2026-10-01 06:44;7700.0;7663.55;SPXW  261001P07700000;40.2;40.7;delta=-0.808
2026-10-01 06:44;7705.0;7663.55;SPXW  261001P07705000;44.3;44.8;delta=-0.839
2026-10-01 06:44;7710.0;7663.55;SPXW  261001P07710000;48.5;49.2;delta=-0.865
2026-10-01 06:44;7715.0;7663.55;SPXW  261001P07715000;52.9;53.6;delta=-0.888
2026-10-01 06:44;7720.0;7663.55;SPXW  261001P07720000;57.3;58.1;delta=-0.907
2026-10-01 06:44;7725.0;7663.55;SPXW  261001P07725000;61.9;62.7;delta=-0.922
2026-10-01 06:44;7730.0;7663.55;SPXW  261001P07730000;66.6;67.5;delta=-0.936
2026-10-01 06:44;7735.0;7663.55;SPXW  261001P07735000;71.4;72.2;delta=-0.948
2026-10-01 06:44;7740.0;7663.55;SPXW  261001P07740000;76.2;77.0;delta=-0.957
2026-10-01 06:44;7745.0;7663.55;SPXW  261001P07745000;81.0;81.9;delta=-0.964
2026-10-01 06:44;7750.0;7663.55;SPXW  261001P07750000;85.9;86.8;delta=-0.97
2026-10-01 06:44;7755.0;7663.55;SPXW  261001P07755000;90.8;91.7;delta=-0.976
2026-10-01 06:44;7760.0;7663.55;SPXW  261001P07760000;95.7;96.6;delta=-0.979
2026-10-01 06:44;7765.0;7663.55;SPXW  261001P07765000;100.6;102.6;delta=-0.981
2026-10-01 06:44;7770.0;7663.55;SPXW  261001P07770000;105.6;106.4;delta=-0.984
2026-10-01 06:44;7775.0;7663.55;SPXW  261001P07775000;108.7;112.6;delta=-0.987
2026-10-01 06:44;7780.0;7663.55;SPXW  261001P07780000;113.8;120.2;delta=-0.988
2026-10-01 06:44;7785.0;7663.55;SPXW  261001P07785000;120.5;121.5;delta=-0.99
2026-10-01 06:44;7790.0;7663.55;SPXW  261001P07790000;122.9;126.5;delta=-0.991
2026-10-01 06:44;7795.0;7663.55;SPXW  261001P07795000;127.9;131.6;delta=-0.993
2026-10-01 06:44;7800.0;7663.55;SPXW  261001P07800000;132.9;136.5;delta=-0.993
2026-10-01 06:44;7805.0;7663.55;SPXW  261001P07805000;137.9;141.5;delta=-0.993
2026-10-01 06:44;7810.0;7663.55;SPXW  261001P07810000;142.9;146.5;delta=-0.995
2026-10-01 06:44;7815.0;7663.55;SPXW  261001P07815000;147.5;151.4;delta=-0.996
2026-10-01 06:44;7820.0;7663.55;SPXW  261001P07820000;152.8;156.5;delta=-0.996
2026-10-01 06:44;7825.0;7663.55;SPXW  261001P07825000;157.5;162.0;delta=-0.996
2026-10-01 06:44;7830.0;7663.55;SPXW  261001P07830000;162.8;166.4;delta=-0.996
2026-10-01 06:44;7835.0;7663.55;SPXW  261001P07835000;167.5;172.0;delta=-0.996
2026-10-01 06:44;7840.0;7663.55;SPXW  261001P07840000;172.5;177.0;delta=-0.996
2026-10-01 06:44;7845.0;7663.55;SPXW  261001P07845000;177.5;182.0;delta=-0.996
2026-10-01 06:44;7850.0;7663.55;SPXW  261001P07850000;182.8;186.4;delta=-0.996
2026-10-01 06:44;7855.0;7663.55;SPXW  261001P07855000;187.4;192.0;delta=-0.996
2026-10-01 06:44;7860.0;7663.55;SPXW  261001P07860000;192.8;196.4;delta=-0.996
2026-10-01 06:44;7865.0;7663.55;SPXW  261001P07865000;194.8;202.0;delta=-0.996
2026-10-01 06:44;7870.0;7663.55;SPXW  261001P07870000;199.4;207.0;delta=-0.997
2026-10-01 06:44;7875.0;7663.55;SPXW  261001P07875000;204.5;212.0;delta=-0.999
2026-10-01 06:44;7880.0;7663.55;SPXW  261001P07880000;207.1;217.0;delta=-0.999
2026-10-01 06:44;7885.0;7663.55;SPXW  261001P07885000;211.5;222.0;delta=-0.999
2026-10-01 06:44;7890.0;7663.55;SPXW  261001P07890000;218.8;227.0;delta=-0.999
2026-10-01 06:44;7895.0;7663.55;SPXW  261001P07895000;221.5;232.0;delta=-0.999
2026-10-01 06:44;7900.0;7663.55;SPXW  261001P07900000;228.5;237.0;delta=-0.999
2026-10-01 06:44;7905.0;7663.55;SPXW  261001P07905000;231.5;242.0;delta=-0.999
2026-10-01 06:44;7910.0;7663.55;SPXW  261001P07910000;236.5;247.0;delta=-0.999
2026-10-01 06:44;7915.0;7663.55;SPXW  261001P07915000;241.5;251.5;delta=-0.999
2026-10-01 06:48;7410.0;7659.4;SPXW  261001C07410000;243.3;260.5;delta=0.997
2026-10-01 06:48;7415.0;7659.4;SPXW  261001C07415000;235.0;255.5;delta=0.997
2026-10-01 06:48;7420.0;7659.4;SPXW  261001C07420000;232.8;250.1;delta=0.997
2026-10-01 06:48;7425.0;7659.4;SPXW  261001C07425000;226.2;244.1;delta=0.996
2026-10-01 06:48;7430.0;7659.4;SPXW  261001C07430000;218.6;239.1;delta=0.995
2026-10-01 06:48;7435.0;7659.4;SPXW  261001C07435000;213.7;234.2;delta=0.995
2026-10-01 06:48;7440.0;7659.4;SPXW  261001C07440000;208.7;229.2;delta=0.995
2026-10-01 06:48;7445.0;7659.4;SPXW  261001C07445000;208.8;221.7;delta=0.995
2026-10-01 06:48;7450.0;7659.4;SPXW  261001C07450000;203.4;216.5;delta=0.995
2026-10-01 06:48;7455.0;7659.4;SPXW  261001C07455000;197.8;211.5;delta=0.995
2026-10-01 06:48;7460.0;7659.4;SPXW  261001C07460000;193.3;206.8;delta=0.995
2026-10-01 06:48;7465.0;7659.4;SPXW  261001C07465000;190.8;198.4;delta=0.995
2026-10-01 06:48;7470.0;7659.4;SPXW  261001C07470000;185.9;193.4;delta=0.994
2026-10-01 06:48;7475.0;7659.4;SPXW  261001C07475000;180.9;188.2;delta=0.993
2026-10-01 06:48;7480.0;7659.4;SPXW  261001C07480000;175.9;183.4;delta=0.993
2026-10-01 06:48;7485.0;7659.4;SPXW  261001C07485000;170.9;178.3;delta=0.993
2026-10-01 06:48;7490.0;7659.4;SPXW  261001C07490000;166.1;173.4;delta=0.992
2026-10-01 06:48;7495.0;7659.4;SPXW  261001C07495000;161.2;168.4;delta=0.992
2026-10-01 06:48;7500.0;7659.4;SPXW  261001C07500000;156.2;163.3;delta=0.99
2026-10-01 06:48;7505.0;7659.4;SPXW  261001C07505000;151.2;158.4;delta=0.99
2026-10-01 06:48;7510.0;7659.4;SPXW  261001C07510000;146.2;153.4;delta=0.99
2026-10-01 06:48;7515.0;7659.4;SPXW  261001C07515000;141.2;148.4;delta=0.988
2026-10-01 06:48;7520.0;7659.4;SPXW  261001C07520000;136.3;143.4;delta=0.987
2026-10-01 06:48;7525.0;7659.4;SPXW  261001C07525000;131.3;138.3;delta=0.985
2026-10-01 06:48;7530.0;7659.4;SPXW  261001C07530000;126.3;133.5;delta=0.984
2026-10-01 06:48;7535.0;7659.4;SPXW  261001C07535000;121.3;128.6;delta=0.983
2026-10-01 06:48;7540.0;7659.4;SPXW  261001C07540000;117.0;120.7;delta=0.979
2026-10-01 06:48;7545.0;7659.4;SPXW  261001C07545000;114.8;115.7;delta=0.976
2026-10-01 06:48;7550.0;7659.4;SPXW  261001C07550000;109.9;110.9;delta=0.973
2026-10-01 06:48;7555.0;7659.4;SPXW  261001C07555000;104.9;105.9;delta=0.968
2026-10-01 06:48;7560.0;7659.4;SPXW  261001C07560000;100.2;101.1;delta=0.963
2026-10-01 06:48;7565.0;7659.4;SPXW  261001C07565000;95.6;96.1;delta=0.957
2026-10-01 06:48;7570.0;7659.4;SPXW  261001C07570000;90.8;91.3;delta=0.95
2026-10-01 06:48;7575.0;7659.4;SPXW  261001C07575000;86.0;86.5;delta=0.941
2026-10-01 06:48;7580.0;7659.4;SPXW  261001C07580000;81.2;81.9;delta=0.931
2026-10-01 06:48;7585.0;7659.4;SPXW  261001C07585000;76.7;77.1;delta=0.92
2026-10-01 06:48;7590.0;7659.4;SPXW  261001C07590000;72.1;72.5;delta=0.906
2026-10-01 06:48;7595.0;7659.4;SPXW  261001C07595000;67.5;67.9;delta=0.892
2026-10-01 06:48;7600.0;7659.4;SPXW  261001C07600000;63.0;63.3;delta=0.874
2026-10-01 06:48;7605.0;7659.4;SPXW  261001C07605000;58.6;58.8;delta=0.855
2026-10-01 06:48;7610.0;7659.4;SPXW  261001C07610000;54.2;54.5;delta=0.835
2026-10-01 06:48;7615.0;7659.4;SPXW  261001C07615000;50.0;50.2;delta=0.811
2026-10-01 06:48;7620.0;7659.4;SPXW  261001C07620000;45.8;46.1;delta=0.786
2026-10-01 06:48;7625.0;7659.4;SPXW  261001C07625000;41.8;42.0;delta=0.757
2026-10-01 06:48;7630.0;7659.4;SPXW  261001C07630000;37.9;38.2;delta=0.726
2026-10-01 06:48;7635.0;7659.4;SPXW  261001C07635000;34.1;34.4;delta=0.693
2026-10-01 06:48;7640.0;7659.4;SPXW  261001C07640000;30.6;30.8;delta=0.657
2026-10-01 06:48;7645.0;7659.4;SPXW  261001C07645000;27.2;27.4;delta=0.618
2026-10-01 06:48;7650.0;7659.4;SPXW  261001C07650000;24.0;24.2;delta=0.577
2026-10-01 06:48;7655.0;7659.4;SPXW  261001C07655000;20.9;21.1;delta=0.535
2026-10-01 06:48;7660.0;7659.4;SPXW  261001C07660000;18.1;18.4;delta=0.492
2026-10-01 06:48;7665.0;7659.4;SPXW  261001C07665000;15.6;15.8;delta=0.448
2026-10-01 06:48;7670.0;7659.4;SPXW  261001C07670000;13.3;13.5;delta=0.405
2026-10-01 06:48;7675.0;7659.4;SPXW  261001C07675000;11.2;11.4;delta=0.362
2026-10-01 06:48;7680.0;7659.4;SPXW  261001C07680000;9.3;9.5;delta=0.319
2026-10-01 06:48;7685.0;7659.4;SPXW  261001C07685000;7.7;7.9;delta=0.28
2026-10-01 06:48;7690.0;7659.4;SPXW  261001C07690000;6.3;6.5;delta=0.241
2026-10-01 06:48;7695.0;7659.4;SPXW  261001C07695000;5.1;5.3;delta=0.206
2026-10-01 06:48;7700.0;7659.4;SPXW  261001C07700000;4.2;4.3;delta=0.176
2026-10-01 06:48;7705.0;7659.4;SPXW  261001C07705000;3.3;3.5;delta=0.148
2026-10-01 06:48;7710.0;7659.4;SPXW  261001C07710000;2.7;2.75;delta=0.123
2026-10-01 06:48;7715.0;7659.4;SPXW  261001C07715000;2.15;2.2;delta=0.102
2026-10-01 06:48;7720.0;7659.4;SPXW  261001C07720000;1.7;1.75;delta=0.085
2026-10-01 06:48;7725.0;7659.4;SPXW  261001C07725000;1.35;1.45;delta=0.07
2026-10-01 06:48;7730.0;7659.4;SPXW  261001C07730000;1.1;1.15;delta=0.058
2026-10-01 06:48;7735.0;7659.4;SPXW  261001C07735000;0.9;0.95;delta=0.048
2026-10-01 06:48;7740.0;7659.4;SPXW  261001C07740000;0.7;0.75;delta=0.039
2026-10-01 06:48;7745.0;7659.4;SPXW  261001C07745000;0.6;0.65;delta=0.034
2026-10-01 06:48;7750.0;7659.4;SPXW  261001C07750000;0.5;0.55;delta=0.029
2026-10-01 06:48;7755.0;7659.4;SPXW  261001C07755000;0.4;0.45;delta=0.024
2026-10-01 06:48;7760.0;7659.4;SPXW  261001C07760000;0.35;0.4;delta=0.021
2026-10-01 06:48;7765.0;7659.4;SPXW  261001C07765000;0.3;0.35;delta=0.018
2026-10-01 06:48;7770.0;7659.4;SPXW  261001C07770000;0.25;0.3;delta=0.015
2026-10-01 06:48;7775.0;7659.4;SPXW  261001C07775000;0.2;0.25;delta=0.013
2026-10-01 06:48;7780.0;7659.4;SPXW  261001C07780000;0.15;0.2;delta=0.011
2026-10-01 06:48;7785.0;7659.4;SPXW  261001C07785000;0.15;0.2;delta=0.01
2026-10-01 06:48;7790.0;7659.4;SPXW  261001C07790000;0.15;0.2;delta=0.009
2026-10-01 06:48;7795.0;7659.4;SPXW  261001C07795000;0.1;0.15;delta=0.007
2026-10-01 06:48;7800.0;7659.4;SPXW  261001C07800000;0.1;0.15;delta=0.007
2026-10-01 06:48;7805.0;7659.4;SPXW  261001C07805000;0.1;0.15;delta=0.007
2026-10-01 06:48;7810.0;7659.4;SPXW  261001C07810000;0.05;0.1;delta=0.004
2026-10-01 06:48;7815.0;7659.4;SPXW  261001C07815000;0.05;0.1;delta=0.004
2026-10-01 06:48;7820.0;7659.4;SPXW  261001C07820000;0.05;0.1;delta=0.004
2026-10-01 06:48;7825.0;7659.4;SPXW  261001C07825000;0.05;0.1;delta=0.004
2026-10-01 06:48;7830.0;7659.4;SPXW  261001C07830000;0.05;0.1;delta=0.004
2026-10-01 06:48;7835.0;7659.4;SPXW  261001C07835000;0.05;0.1;delta=0.004
2026-10-01 06:48;7840.0;7659.4;SPXW  261001C07840000;0.05;0.1;delta=0.004
2026-10-01 06:48;7845.0;7659.4;SPXW  261001C07845000;0.05;0.1;delta=0.004
2026-10-01 06:48;7850.0;7659.4;SPXW  261001C07850000;0.05;0.1;delta=0.004
2026-10-01 06:48;7855.0;7659.4;SPXW  261001C07855000;0.05;0.1;delta=0.003
2026-10-01 06:48;7860.0;7659.4;SPXW  261001C07860000;0.05;0.1;delta=0.003
2026-10-01 06:48;7865.0;7659.4;SPXW  261001C07865000;0.05;0.1;delta=0.003
2026-10-01 06:48;7870.0;7659.4;SPXW  261001C07870000;0.05;0.1;delta=0.003
2026-10-01 06:48;7875.0;7659.4;SPXW  261001C07875000;0.0;0.05;delta=0.001
2026-10-01 06:48;7880.0;7659.4;SPXW  261001C07880000;0.0;0.05;delta=0.001
2026-10-01 06:48;7885.0;7659.4;SPXW  261001C07885000;0.0;0.05;delta=0.001
2026-10-01 06:48;7890.0;7659.4;SPXW  261001C07890000;0.0;0.05;delta=0.001
2026-10-01 06:48;7895.0;7659.4;SPXW  261001C07895000;0.0;0.05;delta=0.001
2026-10-01 06:48;7900.0;7659.4;SPXW  261001C07900000;0.0;0.05;delta=0.001
2026-10-01 06:48;7905.0;7659.4;SPXW  261001C07905000;0.0;0.05;delta=0.001
2026-10-01 06:48;7410.0;7659.4;SPXW  261001P07410000;0.05;0.1;delta=-0.003
2026-10-01 06:48;7415.0;7659.4;SPXW  261001P07415000;0.05;0.1;delta=-0.003
2026-10-01 06:48;7420.0;7659.4;SPXW  261001P07420000;0.05;0.1;delta=-0.003
2026-10-01 06:48;7425.0;7659.4;SPXW  261001P07425000;0.1;0.15;delta=-0.004
2026-10-01 06:48;7430.0;7659.4;SPXW  261001P07430000;0.1;0.15;delta=-0.004
2026-10-01 06:48;7435.0;7659.4;SPXW  261001P07435000;0.1;0.15;delta=-0.005
2026-10-01 06:48;7440.0;7659.4;SPXW  261001P07440000;0.1;0.15;delta=-0.005
2026-10-01 06:48;7445.0;7659.4;SPXW  261001P07445000;0.1;0.15;delta=-0.005
2026-10-01 06:48;7450.0;7659.4;SPXW  261001P07450000;0.1;0.15;delta=-0.005
2026-10-01 06:48;7455.0;7659.4;SPXW  261001P07455000;0.1;0.15;delta=-0.005
2026-10-01 06:48;7460.0;7659.4;SPXW  261001P07460000;0.1;0.15;delta=-0.005
2026-10-01 06:48;7465.0;7659.4;SPXW  261001P07465000;0.1;0.15;delta=-0.005
2026-10-01 06:48;7470.0;7659.4;SPXW  261001P07470000;0.1;0.2;delta=-0.007
2026-10-01 06:48;7475.0;7659.4;SPXW  261001P07475000;0.15;0.2;delta=-0.007
2026-10-01 06:48;7480.0;7659.4;SPXW  261001P07480000;0.15;0.2;delta=-0.007
2026-10-01 06:48;7485.0;7659.4;SPXW  261001P07485000;0.15;0.2;delta=-0.007
2026-10-01 06:48;7490.0;7659.4;SPXW  261001P07490000;0.15;0.2;delta=-0.008
2026-10-01 06:48;7495.0;7659.4;SPXW  261001P07495000;0.15;0.2;delta=-0.008
2026-10-01 06:48;7500.0;7659.4;SPXW  261001P07500000;0.2;0.25;delta=-0.01
2026-10-01 06:48;7505.0;7659.4;SPXW  261001P07505000;0.2;0.25;delta=-0.01
2026-10-01 06:48;7510.0;7659.4;SPXW  261001P07510000;0.2;0.25;delta=-0.01
2026-10-01 06:48;7515.0;7659.4;SPXW  261001P07515000;0.25;0.3;delta=-0.011
2026-10-01 06:48;7520.0;7659.4;SPXW  261001P07520000;0.25;0.3;delta=-0.012
2026-10-01 06:48;7525.0;7659.4;SPXW  261001P07525000;0.3;0.35;delta=-0.015
2026-10-01 06:48;7530.0;7659.4;SPXW  261001P07530000;0.3;0.4;delta=-0.015
2026-10-01 06:48;7535.0;7659.4;SPXW  261001P07535000;0.35;0.4;delta=-0.017
2026-10-01 06:48;7540.0;7659.4;SPXW  261001P07540000;0.4;0.5;delta=-0.02
2026-10-01 06:48;7545.0;7659.4;SPXW  261001P07545000;0.5;0.55;delta=-0.022
2026-10-01 06:48;7550.0;7659.4;SPXW  261001P07550000;0.6;0.65;delta=-0.026
2026-10-01 06:48;7555.0;7659.4;SPXW  261001P07555000;0.7;0.75;delta=-0.031
2026-10-01 06:48;7560.0;7659.4;SPXW  261001P07560000;0.8;0.85;delta=-0.035
2026-10-01 06:48;7565.0;7659.4;SPXW  261001P07565000;0.95;1.0;delta=-0.041
2026-10-01 06:48;7570.0;7659.4;SPXW  261001P07570000;1.15;1.2;delta=-0.049
2026-10-01 06:48;7575.0;7659.4;SPXW  261001P07575000;1.35;1.45;delta=-0.057
2026-10-01 06:48;7580.0;7659.4;SPXW  261001P07580000;1.65;1.7;delta=-0.067
2026-10-01 06:48;7585.0;7659.4;SPXW  261001P07585000;1.95;2.0;delta=-0.078
2026-10-01 06:48;7590.0;7659.4;SPXW  261001P07590000;2.3;2.4;delta=-0.09
2026-10-01 06:48;7595.0;7659.4;SPXW  261001P07595000;2.75;2.8;delta=-0.106
2026-10-01 06:48;7600.0;7659.4;SPXW  261001P07600000;3.2;3.3;delta=-0.122
2026-10-01 06:48;7605.0;7659.4;SPXW  261001P07605000;3.8;3.9;delta=-0.139
2026-10-01 06:48;7610.0;7659.4;SPXW  261001P07610000;4.5;4.6;delta=-0.161
2026-10-01 06:48;7615.0;7659.4;SPXW  261001P07615000;5.2;5.4;delta=-0.186
2026-10-01 06:48;7620.0;7659.4;SPXW  261001P07620000;6.1;6.2;delta=-0.21
2026-10-01 06:48;7625.0;7659.4;SPXW  261001P07625000;7.1;7.2;delta=-0.238
2026-10-01 06:48;7630.0;7659.4;SPXW  261001P07630000;8.2;8.4;delta=-0.268
2026-10-01 06:48;7635.0;7659.4;SPXW  261001P07635000;9.5;9.7;delta=-0.3
2026-10-01 06:48;7640.0;7659.4;SPXW  261001P07640000;11.0;11.1;delta=-0.335
2026-10-01 06:48;7645.0;7659.4;SPXW  261001P07645000;12.6;12.7;delta=-0.373
2026-10-01 06:48;7650.0;7659.4;SPXW  261001P07650000;14.4;14.5;delta=-0.413
2026-10-01 06:48;7655.0;7659.4;SPXW  261001P07655000;16.4;16.6;delta=-0.454
2026-10-01 06:48;7660.0;7659.4;SPXW  261001P07660000;18.6;18.8;delta=-0.501
2026-10-01 06:48;7665.0;7659.4;SPXW  261001P07665000;21.1;21.3;delta=-0.544
2026-10-01 06:48;7670.0;7659.4;SPXW  261001P07670000;23.8;24.0;delta=-0.586
2026-10-01 06:48;7675.0;7659.4;SPXW  261001P07675000;26.7;26.9;delta=-0.629
2026-10-01 06:48;7680.0;7659.4;SPXW  261001P07680000;29.9;30.1;delta=-0.672
2026-10-01 06:48;7685.0;7659.4;SPXW  261001P07685000;33.3;33.5;delta=-0.713
2026-10-01 06:48;7690.0;7659.4;SPXW  261001P07690000;37.0;37.1;delta=-0.751
2026-10-01 06:48;7695.0;7659.4;SPXW  261001P07695000;40.8;41.0;delta=-0.787
2026-10-01 06:48;7700.0;7659.4;SPXW  261001P07700000;44.8;45.0;delta=-0.819
2026-10-01 06:48;7705.0;7659.4;SPXW  261001P07705000;49.0;49.2;delta=-0.847
2026-10-01 06:48;7710.0;7659.4;SPXW  261001P07710000;53.3;53.6;delta=-0.873
2026-10-01 06:48;7715.0;7659.4;SPXW  261001P07715000;57.8;58.0;delta=-0.895
2026-10-01 06:48;7720.0;7659.4;SPXW  261001P07720000;62.4;62.6;delta=-0.914
2026-10-01 06:48;7725.0;7659.4;SPXW  261001P07725000;67.0;67.4;delta=-0.929
2026-10-01 06:48;7730.0;7659.4;SPXW  261001P07730000;71.8;72.1;delta=-0.941
2026-10-01 06:48;7735.0;7659.4;SPXW  261001P07735000;76.6;76.9;delta=-0.951
2026-10-01 06:48;7740.0;7659.4;SPXW  261001P07740000;81.4;81.7;delta=-0.959
2026-10-01 06:48;7745.0;7659.4;SPXW  261001P07745000;86.2;86.6;delta=-0.966
2026-10-01 06:48;7750.0;7659.4;SPXW  261001P07750000;91.1;91.5;delta=-0.971
2026-10-01 06:48;7755.0;7659.4;SPXW  261001P07755000;96.0;96.4;delta=-0.976
2026-10-01 06:48;7760.0;7659.4;SPXW  261001P07760000;101.0;101.3;delta=-0.979
2026-10-01 06:48;7765.0;7659.4;SPXW  261001P07765000;105.9;106.3;delta=-0.982
2026-10-01 06:48;7770.0;7659.4;SPXW  261001P07770000;110.9;111.2;delta=-0.985
2026-10-01 06:48;7775.0;7659.4;SPXW  261001P07775000;115.9;116.2;delta=-0.987
2026-10-01 06:48;7780.0;7659.4;SPXW  261001P07780000;117.0;124.2;delta=-0.99
2026-10-01 06:48;7785.0;7659.4;SPXW  261001P07785000;125.4;126.7;delta=-0.99
2026-10-01 06:48;7790.0;7659.4;SPXW  261001P07790000;130.4;131.7;delta=-0.991
2026-10-01 06:48;7795.0;7659.4;SPXW  261001P07795000;135.4;136.7;delta=-0.993
2026-10-01 06:48;7800.0;7659.4;SPXW  261001P07800000;140.4;141.7;delta=-0.993
2026-10-01 06:48;7805.0;7659.4;SPXW  261001P07805000;145.4;146.7;delta=-0.993
2026-10-01 06:48;7810.0;7659.4;SPXW  261001P07810000;150.4;151.7;delta=-0.996
2026-10-01 06:48;7815.0;7659.4;SPXW  261001P07815000;155.3;156.7;delta=-0.996
2026-10-01 06:48;7820.0;7659.4;SPXW  261001P07820000;160.3;161.7;delta=-0.996
2026-10-01 06:48;7825.0;7659.4;SPXW  261001P07825000;161.9;169.4;delta=-0.996
2026-10-01 06:48;7830.0;7659.4;SPXW  261001P07830000;170.3;171.7;delta=-0.996
2026-10-01 06:48;7835.0;7659.4;SPXW  261001P07835000;171.9;179.4;delta=-0.996
2026-10-01 06:48;7840.0;7659.4;SPXW  261001P07840000;176.9;184.4;delta=-0.996
2026-10-01 06:48;7845.0;7659.4;SPXW  261001P07845000;181.9;189.4;delta=-0.996
2026-10-01 06:48;7850.0;7659.4;SPXW  261001P07850000;190.3;191.7;delta=-0.997
2026-10-01 06:48;7855.0;7659.4;SPXW  261001P07855000;191.9;199.4;delta=-0.997
2026-10-01 06:48;7860.0;7659.4;SPXW  261001P07860000;200.3;201.6;delta=-0.997
2026-10-01 06:48;7865.0;7659.4;SPXW  261001P07865000;198.7;212.4;delta=-0.997
2026-10-01 06:48;7870.0;7659.4;SPXW  261001P07870000;203.7;217.4;delta=-0.997
2026-10-01 06:48;7875.0;7659.4;SPXW  261001P07875000;208.7;221.9;delta=-0.999
2026-10-01 06:48;7880.0;7659.4;SPXW  261001P07880000;211.0;231.5;delta=-0.999
2026-10-01 06:48;7885.0;7659.4;SPXW  261001P07885000;214.8;235.3;delta=-0.999
2026-10-01 06:48;7890.0;7659.4;SPXW  261001P07890000;219.6;239.7;delta=-0.999
2026-10-01 06:48;7895.0;7659.4;SPXW  261001P07895000;224.2;244.7;delta=-0.999
2026-10-01 06:48;7900.0;7659.4;SPXW  261001P07900000;240.3;241.6;delta=-0.999
2026-10-01 06:48;7905.0;7659.4;SPXW  261001P07905000;234.2;254.7;delta=-0.999
2026-10-01 06:52;7420.0;7665.24;SPXW  261001C07420000;235.8;255.1;delta=0.997
2026-10-01 06:52;7425.0;7665.24;SPXW  261001C07425000;230.8;250.2;delta=0.996
2026-10-01 06:52;7430.0;7665.24;SPXW  261001C07430000;225.1;245.6;delta=0.995
2026-10-01 06:52;7435.0;7665.24;SPXW  261001C07435000;221.0;237.2;delta=0.995
2026-10-01 06:52;7440.0;7665.24;SPXW  261001C07440000;215.2;232.1;delta=0.995
2026-10-01 06:52;7445.0;7665.24;SPXW  261001C07445000;211.0;225.8;delta=0.995
2026-10-01 06:52;7450.0;7665.24;SPXW  261001C07450000;208.7;222.4;delta=0.995
2026-10-01 06:52;7455.0;7665.24;SPXW  261001C07455000;203.7;216.2;delta=0.995
2026-10-01 06:52;7460.0;7665.24;SPXW  261001C07460000;199.4;210.8;delta=0.995
2026-10-01 06:52;7465.0;7665.24;SPXW  261001C07465000;193.6;207.3;delta=0.995
2026-10-01 06:52;7470.0;7665.24;SPXW  261001C07470000;191.8;198.7;delta=0.995
2026-10-01 06:52;7475.0;7665.24;SPXW  261001C07475000;189.6;194.6;delta=0.995
2026-10-01 06:52;7480.0;7665.24;SPXW  261001C07480000;181.8;188.8;delta=0.994
2026-10-01 06:52;7485.0;7665.24;SPXW  261001C07485000;176.8;184.1;delta=0.993
2026-10-01 06:52;7490.0;7665.24;SPXW  261001C07490000;171.9;179.1;delta=0.992
2026-10-01 06:52;7495.0;7665.24;SPXW  261001C07495000;166.9;174.1;delta=0.992
2026-10-01 06:52;7500.0;7665.24;SPXW  261001C07500000;161.9;169.4;delta=0.992
2026-10-01 06:52;7505.0;7665.24;SPXW  261001C07505000;156.5;164.1;delta=0.992
2026-10-01 06:52;7510.0;7665.24;SPXW  261001C07510000;151.5;159.4;delta=0.992
2026-10-01 06:52;7515.0;7665.24;SPXW  261001C07515000;146.9;154.2;delta=0.99
2026-10-01 06:52;7520.0;7665.24;SPXW  261001C07520000;142.0;149.5;delta=0.989
2026-10-01 06:52;7525.0;7665.24;SPXW  261001C07525000;137.0;144.5;delta=0.987
2026-10-01 06:52;7530.0;7665.24;SPXW  261001C07530000;132.0;139.2;delta=0.987
2026-10-01 06:52;7535.0;7665.24;SPXW  261001C07535000;127.1;134.5;delta=0.985
2026-10-01 06:52;7540.0;7665.24;SPXW  261001C07540000;122.1;129.6;delta=0.982
2026-10-01 06:52;7545.0;7665.24;SPXW  261001C07545000;117.1;124.3;delta=0.98
2026-10-01 06:52;7550.0;7665.24;SPXW  261001C07550000;115.2;115.8;delta=0.977
2026-10-01 06:52;7555.0;7665.24;SPXW  261001C07555000;110.4;110.8;delta=0.974
2026-10-01 06:52;7560.0;7665.24;SPXW  261001C07560000;105.5;105.9;delta=0.971
2026-10-01 06:52;7565.0;7665.24;SPXW  261001C07565000;100.6;101.0;delta=0.965
2026-10-01 06:52;7570.0;7665.24;SPXW  261001C07570000;95.6;96.1;delta=0.96
2026-10-01 06:52;7575.0;7665.24;SPXW  261001C07575000;90.9;91.3;delta=0.952
2026-10-01 06:52;7580.0;7665.24;SPXW  261001C07580000;86.2;86.5;delta=0.944
2026-10-01 06:52;7585.0;7665.24;SPXW  261001C07585000;81.4;81.7;delta=0.934
2026-10-01 06:52;7590.0;7665.24;SPXW  261001C07590000;76.7;77.0;delta=0.923
2026-10-01 06:52;7595.0;7665.24;SPXW  261001C07595000;72.0;72.3;delta=0.91
2026-10-01 06:52;7600.0;7665.24;SPXW  261001C07600000;67.3;67.6;delta=0.897
2026-10-01 06:52;7605.0;7665.24;SPXW  261001C07605000;62.8;63.1;delta=0.88
2026-10-01 06:52;7610.0;7665.24;SPXW  261001C07610000;58.3;58.5;delta=0.861
2026-10-01 06:52;7615.0;7665.24;SPXW  261001C07615000;53.8;54.2;delta=0.84
2026-10-01 06:52;7620.0;7665.24;SPXW  261001C07620000;49.5;49.8;delta=0.817
2026-10-01 06:52;7625.0;7665.24;SPXW  261001C07625000;45.3;45.5;delta=0.79
2026-10-01 06:52;7630.0;7665.24;SPXW  261001C07630000;41.2;41.4;delta=0.762
2026-10-01 06:52;7635.0;7665.24;SPXW  261001C07635000;37.2;37.5;delta=0.73
2026-10-01 06:52;7640.0;7665.24;SPXW  261001C07640000;33.4;33.8;delta=0.695
2026-10-01 06:52;7645.0;7665.24;SPXW  261001C07645000;29.8;30.0;delta=0.658
2026-10-01 06:52;7650.0;7665.24;SPXW  261001C07650000;26.3;26.6;delta=0.618
2026-10-01 06:52;7655.0;7665.24;SPXW  261001C07655000;23.1;23.3;delta=0.575
2026-10-01 06:52;7660.0;7665.24;SPXW  261001C07660000;20.0;20.2;delta=0.53
2026-10-01 06:52;7665.0;7665.24;SPXW  261001C07665000;17.3;17.4;delta=0.485
2026-10-01 06:52;7670.0;7665.24;SPXW  261001C07670000;14.7;14.8;delta=0.439
2026-10-01 06:52;7675.0;7665.24;SPXW  261001C07675000;12.4;12.5;delta=0.393
2026-10-01 06:52;7680.0;7665.24;SPXW  261001C07680000;10.3;10.5;delta=0.348
2026-10-01 06:52;7685.0;7665.24;SPXW  261001C07685000;8.5;8.7;delta=0.304
2026-10-01 06:52;7690.0;7665.24;SPXW  261001C07690000;7.0;7.1;delta=0.264
2026-10-01 06:52;7695.0;7665.24;SPXW  261001C07695000;5.6;5.8;delta=0.225
2026-10-01 06:52;7700.0;7665.24;SPXW  261001C07700000;4.5;4.6;delta=0.19
2026-10-01 06:52;7705.0;7665.24;SPXW  261001C07705000;3.6;3.7;delta=0.158
2026-10-01 06:52;7710.0;7665.24;SPXW  261001C07710000;2.9;2.95;delta=0.134
2026-10-01 06:52;7715.0;7665.24;SPXW  261001C07715000;2.3;2.35;delta=0.11
2026-10-01 06:52;7720.0;7665.24;SPXW  261001C07720000;1.85;1.9;delta=0.091
2026-10-01 06:52;7725.0;7665.24;SPXW  261001C07725000;1.45;1.5;delta=0.075
2026-10-01 06:52;7730.0;7665.24;SPXW  261001C07730000;1.15;1.2;delta=0.062
2026-10-01 06:52;7735.0;7665.24;SPXW  261001C07735000;0.95;1.0;delta=0.051
2026-10-01 06:52;7740.0;7665.24;SPXW  261001C07740000;0.75;0.8;delta=0.041
2026-10-01 06:52;7745.0;7665.24;SPXW  261001C07745000;0.6;0.65;delta=0.035
2026-10-01 06:52;7750.0;7665.24;SPXW  261001C07750000;0.5;0.55;delta=0.029
2026-10-01 06:52;7755.0;7665.24;SPXW  261001C07755000;0.4;0.45;delta=0.024
2026-10-01 06:52;7760.0;7665.24;SPXW  261001C07760000;0.35;0.4;delta=0.02
2026-10-01 06:52;7765.0;7665.24;SPXW  261001C07765000;0.3;0.35;delta=0.016
2026-10-01 06:52;7770.0;7665.24;SPXW  261001C07770000;0.25;0.3;delta=0.015
2026-10-01 06:52;7775.0;7665.24;SPXW  261001C07775000;0.2;0.25;delta=0.013
2026-10-01 06:52;7780.0;7665.24;SPXW  261001C07780000;0.15;0.2;delta=0.01
2026-10-01 06:52;7785.0;7665.24;SPXW  261001C07785000;0.15;0.2;delta=0.01
2026-10-01 06:52;7790.0;7665.24;SPXW  261001C07790000;0.15;0.2;delta=0.009
2026-10-01 06:52;7795.0;7665.24;SPXW  261001C07795000;0.1;0.15;delta=0.007
2026-10-01 06:52;7800.0;7665.24;SPXW  261001C07800000;0.1;0.15;delta=0.007
2026-10-01 06:52;7805.0;7665.24;SPXW  261001C07805000;0.1;0.15;delta=0.007
2026-10-01 06:52;7810.0;7665.24;SPXW  261001C07810000;0.05;0.1;delta=0.004
2026-10-01 06:52;7815.0;7665.24;SPXW  261001C07815000;0.05;0.1;delta=0.004
2026-10-01 06:52;7820.0;7665.24;SPXW  261001C07820000;0.05;0.1;delta=0.004
2026-10-01 06:52;7825.0;7665.24;SPXW  261001C07825000;0.05;0.1;delta=0.004
2026-10-01 06:52;7830.0;7665.24;SPXW  261001C07830000;0.05;0.1;delta=0.004
2026-10-01 06:52;7835.0;7665.24;SPXW  261001C07835000;0.05;0.1;delta=0.004
2026-10-01 06:52;7840.0;7665.24;SPXW  261001C07840000;0.05;0.1;delta=0.004
2026-10-01 06:52;7845.0;7665.24;SPXW  261001C07845000;0.05;0.1;delta=0.004
2026-10-01 06:52;7850.0;7665.24;SPXW  261001C07850000;0.05;0.1;delta=0.004
2026-10-01 06:52;7855.0;7665.24;SPXW  261001C07855000;0.05;0.1;delta=0.004
2026-10-01 06:52;7860.0;7665.24;SPXW  261001C07860000;0.05;0.1;delta=0.003
2026-10-01 06:52;7865.0;7665.24;SPXW  261001C07865000;0.0;0.1;delta=0.002
2026-10-01 06:52;7870.0;7665.24;SPXW  261001C07870000;0.0;0.05;delta=0.001
2026-10-01 06:52;7875.0;7665.24;SPXW  261001C07875000;0.0;0.05;delta=0.001
2026-10-01 06:52;7880.0;7665.24;SPXW  261001C07880000;0.0;0.05;delta=0.001
2026-10-01 06:52;7885.0;7665.24;SPXW  261001C07885000;0.0;0.05;delta=0.001
2026-10-01 06:52;7890.0;7665.24;SPXW  261001C07890000;0.0;0.05;delta=0.001
2026-10-01 06:52;7895.0;7665.24;SPXW  261001C07895000;0.0;0.05;delta=0.001
2026-10-01 06:52;7900.0;7665.24;SPXW  261001C07900000;0.0;0.05;delta=0.001
2026-10-01 06:52;7905.0;7665.24;SPXW  261001C07905000;0.0;0.05;delta=0.001
2026-10-01 06:52;7910.0;7665.24;SPXW  261001C07910000;0.0;0.05;delta=0.001
2026-10-01 06:52;7915.0;7665.24;SPXW  261001C07915000;0.0;0.05;delta=0.001
2026-10-01 06:52;7420.0;7665.24;SPXW  261001P07420000;0.05;0.1;delta=-0.003
2026-10-01 06:52;7425.0;7665.24;SPXW  261001P07425000;0.1;0.15;delta=-0.004
2026-10-01 06:52;7430.0;7665.24;SPXW  261001P07430000;0.1;0.15;delta=-0.004
2026-10-01 06:52;7435.0;7665.24;SPXW  261001P07435000;0.1;0.15;delta=-0.004
2026-10-01 06:52;7440.0;7665.24;SPXW  261001P07440000;0.1;0.15;delta=-0.005
2026-10-01 06:52;7445.0;7665.24;SPXW  261001P07445000;0.1;0.15;delta=-0.005
2026-10-01 06:52;7450.0;7665.24;SPXW  261001P07450000;0.1;0.15;delta=-0.005
2026-10-01 06:52;7455.0;7665.24;SPXW  261001P07455000;0.1;0.15;delta=-0.005
2026-10-01 06:52;7460.0;7665.24;SPXW  261001P07460000;0.1;0.15;delta=-0.005
2026-10-01 06:52;7465.0;7665.24;SPXW  261001P07465000;0.1;0.15;delta=-0.005
2026-10-01 06:52;7470.0;7665.24;SPXW  261001P07470000;0.1;0.15;delta=-0.005
2026-10-01 06:52;7475.0;7665.24;SPXW  261001P07475000;0.1;0.15;delta=-0.005
2026-10-01 06:52;7480.0;7665.24;SPXW  261001P07480000;0.1;0.15;delta=-0.005
2026-10-01 06:52;7485.0;7665.24;SPXW  261001P07485000;0.1;0.2;delta=-0.006
2026-10-01 06:52;7490.0;7665.24;SPXW  261001P07490000;0.15;0.2;delta=-0.007
2026-10-01 06:52;7495.0;7665.24;SPXW  261001P07495000;0.15;0.2;delta=-0.007
2026-10-01 06:52;7500.0;7665.24;SPXW  261001P07500000;0.15;0.2;delta=-0.008
2026-10-01 06:52;7505.0;7665.24;SPXW  261001P07505000;0.15;0.2;delta=-0.008
2026-10-01 06:52;7510.0;7665.24;SPXW  261001P07510000;0.15;0.2;delta=-0.008
2026-10-01 06:52;7515.0;7665.24;SPXW  261001P07515000;0.15;0.2;delta=-0.01
2026-10-01 06:52;7520.0;7665.24;SPXW  261001P07520000;0.2;0.25;delta=-0.01
2026-10-01 06:52;7525.0;7665.24;SPXW  261001P07525000;0.2;0.25;delta=-0.011
2026-10-01 06:52;7530.0;7665.24;SPXW  261001P07530000;0.25;0.3;delta=-0.013
2026-10-01 06:52;7535.0;7665.24;SPXW  261001P07535000;0.25;0.3;delta=-0.013
2026-10-01 06:52;7540.0;7665.24;SPXW  261001P07540000;0.3;0.35;delta=-0.016
2026-10-01 06:52;7545.0;7665.24;SPXW  261001P07545000;0.35;0.4;delta=-0.018
2026-10-01 06:52;7550.0;7665.24;SPXW  261001P07550000;0.4;0.45;delta=-0.02
2026-10-01 06:52;7555.0;7665.24;SPXW  261001P07555000;0.45;0.5;delta=-0.024
2026-10-01 06:52;7560.0;7665.24;SPXW  261001P07560000;0.55;0.6;delta=-0.027
2026-10-01 06:52;7565.0;7665.24;SPXW  261001P07565000;0.65;0.7;delta=-0.032
2026-10-01 06:52;7570.0;7665.24;SPXW  261001P07570000;0.75;0.8;delta=-0.038
2026-10-01 06:52;7575.0;7665.24;SPXW  261001P07575000;0.9;0.95;delta=-0.044
2026-10-01 06:52;7580.0;7665.24;SPXW  261001P07580000;1.05;1.1;delta=-0.051
2026-10-01 06:52;7585.0;7665.24;SPXW  261001P07585000;1.25;1.35;delta=-0.06
2026-10-01 06:52;7590.0;7665.24;SPXW  261001P07590000;1.5;1.55;delta=-0.069
2026-10-01 06:52;7595.0;7665.24;SPXW  261001P07595000;1.8;1.85;delta=-0.082
2026-10-01 06:52;7600.0;7665.24;SPXW  261001P07600000;2.15;2.2;delta=-0.095
2026-10-01 06:52;7605.0;7665.24;SPXW  261001P07605000;2.55;2.6;delta=-0.111
2026-10-01 06:52;7610.0;7665.24;SPXW  261001P07610000;3.0;3.1;delta=-0.128
2026-10-01 06:52;7615.0;7665.24;SPXW  261001P07615000;3.5;3.7;delta=-0.149
2026-10-01 06:52;7620.0;7665.24;SPXW  261001P07620000;4.2;4.3;delta=-0.171
2026-10-01 06:52;7625.0;7665.24;SPXW  261001P07625000;4.9;5.0;delta=-0.196
2026-10-01 06:52;7630.0;7665.24;SPXW  261001P07630000;5.8;5.9;delta=-0.224
2026-10-01 06:52;7635.0;7665.24;SPXW  261001P07635000;6.7;6.9;delta=-0.254
2026-10-01 06:52;7640.0;7665.24;SPXW  261001P07640000;7.9;8.0;delta=-0.287
2026-10-01 06:52;7645.0;7665.24;SPXW  261001P07645000;9.2;9.3;delta=-0.324
2026-10-01 06:52;7650.0;7665.24;SPXW  261001P07650000;10.6;10.8;delta=-0.364
2026-10-01 06:52;7655.0;7665.24;SPXW  261001P07655000;12.3;12.5;delta=-0.405
2026-10-01 06:52;7660.0;7665.24;SPXW  261001P07660000;14.2;14.4;delta=-0.45
2026-10-01 06:52;7665.0;7665.24;SPXW  261001P07665000;16.3;16.5;delta=-0.496
2026-10-01 06:52;7670.0;7665.24;SPXW  261001P07670000;18.7;18.8;delta=-0.542
2026-10-01 06:52;7675.0;7665.24;SPXW  261001P07675000;21.3;21.5;delta=-0.588
2026-10-01 06:52;7680.0;7665.24;SPXW  261001P07680000;24.2;24.3;delta=-0.635
2026-10-01 06:52;7685.0;7665.24;SPXW  261001P07685000;27.3;27.5;delta=-0.679
2026-10-01 06:52;7690.0;7665.24;SPXW  261001P07690000;30.6;30.8;delta=-0.722
2026-10-01 06:52;7695.0;7665.24;SPXW  261001P07695000;34.2;34.6;delta=-0.761
2026-10-01 06:52;7700.0;7665.24;SPXW  261001P07700000;38.0;38.5;delta=-0.798
2026-10-01 06:52;7705.0;7665.24;SPXW  261001P07705000;42.0;42.5;delta=-0.83
2026-10-01 06:52;7710.0;7665.24;SPXW  261001P07710000;46.2;46.8;delta=-0.857
2026-10-01 06:52;7715.0;7665.24;SPXW  261001P07715000;50.5;51.2;delta=-0.883
2026-10-01 06:52;7720.0;7665.24;SPXW  261001P07720000;55.0;55.6;delta=-0.904
2026-10-01 06:52;7725.0;7665.24;SPXW  261001P07725000;59.4;60.7;delta=-0.92
2026-10-01 06:52;7730.0;7665.24;SPXW  261001P07730000;64.1;65.4;delta=-0.934
2026-10-01 06:52;7735.0;7665.24;SPXW  261001P07735000;67.9;70.1;delta=-0.946
2026-10-01 06:52;7740.0;7665.24;SPXW  261001P07740000;71.9;75.0;delta=-0.956
2026-10-01 06:52;7745.0;7665.24;SPXW  261001P07745000;78.5;79.8;delta=-0.963
2026-10-01 06:52;7750.0;7665.24;SPXW  261001P07750000;81.2;84.7;delta=-0.97
2026-10-01 06:52;7755.0;7665.24;SPXW  261001P07755000;86.3;89.6;delta=-0.975
2026-10-01 06:52;7760.0;7665.24;SPXW  261001P07760000;90.4;94.5;delta=-0.978
2026-10-01 06:52;7765.0;7665.24;SPXW  261001P07765000;94.9;99.5;delta=-0.981
2026-10-01 06:52;7770.0;7665.24;SPXW  261001P07770000;99.9;105.0;delta=-0.984
2026-10-01 06:52;7775.0;7665.24;SPXW  261001P07775000;104.8;110.0;delta=-0.987
2026-10-01 06:52;7780.0;7665.24;SPXW  261001P07780000;113.0;115.3;delta=-0.99
2026-10-01 06:52;7785.0;7665.24;SPXW  261001P07785000;117.9;120.4;delta=-0.99
2026-10-01 06:52;7790.0;7665.24;SPXW  261001P07790000;122.9;125.4;delta=-0.99
2026-10-01 06:52;7795.0;7665.24;SPXW  261001P07795000;125.4;130.3;delta=-0.993
2026-10-01 06:52;7800.0;7665.24;SPXW  261001P07800000;132.9;135.3;delta=-0.993
2026-10-01 06:52;7805.0;7665.24;SPXW  261001P07805000;135.5;140.3;delta=-0.993
2026-10-01 06:52;7810.0;7665.24;SPXW  261001P07810000;140.4;145.3;delta=-0.996
2026-10-01 06:52;7815.0;7665.24;SPXW  261001P07815000;145.4;150.3;delta=-0.996
2026-10-01 06:52;7820.0;7665.24;SPXW  261001P07820000;150.4;155.3;delta=-0.996
2026-10-01 06:52;7825.0;7665.24;SPXW  261001P07825000;155.4;160.3;delta=-0.996
2026-10-01 06:52;7830.0;7665.24;SPXW  261001P07830000;162.8;165.3;delta=-0.996
2026-10-01 06:52;7835.0;7665.24;SPXW  261001P07835000;165.5;172.8;delta=-0.996
2026-10-01 06:52;7840.0;7665.24;SPXW  261001P07840000;170.5;177.8;delta=-0.996
2026-10-01 06:52;7845.0;7665.24;SPXW  261001P07845000;175.5;182.8;delta=-0.996
2026-10-01 06:52;7850.0;7665.24;SPXW  261001P07850000;182.8;185.3;delta=-0.996
2026-10-01 06:52;7855.0;7665.24;SPXW  261001P07855000;185.5;192.8;delta=-0.996
2026-10-01 06:52;7860.0;7665.24;SPXW  261001P07860000;192.8;195.3;delta=-0.997
2026-10-01 06:52;7865.0;7665.24;SPXW  261001P07865000;195.7;202.7;delta=-0.998
2026-10-01 06:52;7870.0;7665.24;SPXW  261001P07870000;197.7;211.4;delta=-0.999
2026-10-01 06:52;7875.0;7665.24;SPXW  261001P07875000;202.1;215.8;delta=-0.999
2026-10-01 06:52;7880.0;7665.24;SPXW  261001P07880000;207.0;220.7;delta=-0.999
2026-10-01 06:52;7885.0;7665.24;SPXW  261001P07885000;210.2;229.3;delta=-0.999
2026-10-01 06:52;7890.0;7665.24;SPXW  261001P07890000;214.9;225.7;delta=-0.999
2026-10-01 06:52;7895.0;7665.24;SPXW  261001P07895000;227.8;230.3;delta=-0.999
2026-10-01 06:52;7900.0;7665.24;SPXW  261001P07900000;232.8;235.3;delta=-0.999
2026-10-01 06:52;7905.0;7665.24;SPXW  261001P07905000;230.9;240.7;delta=-0.999
2026-10-01 06:52;7910.0;7665.24;SPXW  261001P07910000;235.1;245.3;delta=-0.999
2026-10-01 06:52;7915.0;7665.24;SPXW  261001P07915000;241.2;250.7;delta=-0.999
2026-10-01 06:57;7410.0;7657.82;SPXW  261001C07410000;240.9;258.8;delta=0.997
2026-10-01 06:57;7415.0;7657.82;SPXW  261001C07415000;233.4;252.3;delta=0.997
2026-10-01 06:57;7420.0;7657.82;SPXW  261001C07420000;231.1;248.6;delta=0.997
2026-10-01 06:57;7425.0;7657.82;SPXW  261001C07425000;226.2;242.4;delta=0.995
2026-10-01 06:57;7430.0;7657.82;SPXW  261001C07430000;216.9;237.4;delta=0.995
2026-10-01 06:57;7435.0;7657.82;SPXW  261001C07435000;213.2;233.0;delta=0.995
2026-10-01 06:57;7440.0;7657.82;SPXW  261001C07440000;210.7;224.4;delta=0.995
2026-10-01 06:57;7445.0;7657.82;SPXW  261001C07445000;206.5;219.0;delta=0.995
2026-10-01 06:57;7450.0;7657.82;SPXW  261001C07450000;206.5;207.7;delta=0.995
2026-10-01 06:57;7455.0;7657.82;SPXW  261001C07455000;196.3;209.8;delta=0.995
2026-10-01 06:57;7460.0;7657.82;SPXW  261001C07460000;193.7;201.2;delta=0.995
2026-10-01 06:57;7465.0;7657.82;SPXW  261001C07465000;188.7;196.2;delta=0.995
2026-10-01 06:57;7470.0;7657.82;SPXW  261001C07470000;183.6;191.1;delta=0.995
2026-10-01 06:57;7475.0;7657.82;SPXW  261001C07475000;181.5;182.8;delta=0.994
2026-10-01 06:57;7480.0;7657.82;SPXW  261001C07480000;173.7;181.0;delta=0.993
2026-10-01 06:57;7485.0;7657.82;SPXW  261001C07485000;168.7;176.1;delta=0.992
2026-10-01 06:57;7490.0;7657.82;SPXW  261001C07490000;167.0;167.3;delta=0.992
2026-10-01 06:57;7495.0;7657.82;SPXW  261001C07495000;162.0;162.3;delta=0.992
2026-10-01 06:57;7500.0;7657.82;SPXW  261001C07500000;157.0;157.3;delta=0.992
2026-10-01 06:57;7505.0;7657.82;SPXW  261001C07505000;152.0;152.4;delta=0.99
2026-10-01 06:57;7510.0;7657.82;SPXW  261001C07510000;147.0;147.4;delta=0.99
2026-10-01 06:57;7515.0;7657.82;SPXW  261001C07515000;142.0;142.4;delta=0.989
2026-10-01 06:57;7520.0;7657.82;SPXW  261001C07520000;137.1;137.4;delta=0.987
2026-10-01 06:57;7525.0;7657.82;SPXW  261001C07525000;132.1;132.5;delta=0.987
2026-10-01 06:57;7530.0;7657.82;SPXW  261001C07530000;127.1;127.5;delta=0.984
2026-10-01 06:57;7535.0;7657.82;SPXW  261001C07535000;122.2;122.5;delta=0.982
2026-10-01 06:57;7540.0;7657.82;SPXW  261001C07540000;117.3;117.6;delta=0.98
2026-10-01 06:57;7545.0;7657.82;SPXW  261001C07545000;112.3;112.7;delta=0.977
2026-10-01 06:57;7550.0;7657.82;SPXW  261001C07550000;107.4;107.7;delta=0.973
2026-10-01 06:57;7555.0;7657.82;SPXW  261001C07555000;102.5;102.8;delta=0.969
2026-10-01 06:57;7560.0;7657.82;SPXW  261001C07560000;97.6;98.0;delta=0.962
2026-10-01 06:57;7565.0;7657.82;SPXW  261001C07565000;92.8;93.1;delta=0.956
2026-10-01 06:57;7570.0;7657.82;SPXW  261001C07570000;88.0;88.3;delta=0.949
2026-10-01 06:57;7575.0;7657.82;SPXW  261001C07575000;83.2;83.5;delta=0.94
2026-10-01 06:57;7580.0;7657.82;SPXW  261001C07580000;78.5;78.8;delta=0.93
2026-10-01 06:57;7585.0;7657.82;SPXW  261001C07585000;73.9;74.1;delta=0.919
2026-10-01 06:57;7590.0;7657.82;SPXW  261001C07590000;69.2;69.5;delta=0.904
2026-10-01 06:57;7595.0;7657.82;SPXW  261001C07595000;64.7;64.9;delta=0.888
2026-10-01 06:57;7600.0;7657.82;SPXW  261001C07600000;60.2;60.4;delta=0.872
2026-10-01 06:57;7605.0;7657.82;SPXW  261001C07605000;55.8;56.0;delta=0.852
2026-10-01 06:57;7610.0;7657.82;SPXW  261001C07610000;51.5;51.7;delta=0.829
2026-10-01 06:57;7615.0;7657.82;SPXW  261001C07615000;47.3;47.5;delta=0.805
2026-10-01 06:57;7620.0;7657.82;SPXW  261001C07620000;43.2;43.4;delta=0.778
2026-10-01 06:57;7625.0;7657.82;SPXW  261001C07625000;39.3;39.5;delta=0.748
2026-10-01 06:57;7630.0;7657.82;SPXW  261001C07630000;35.4;35.7;delta=0.716
2026-10-01 06:57;7635.0;7657.82;SPXW  261001C07635000;31.9;32.0;delta=0.681
2026-10-01 06:57;7640.0;7657.82;SPXW  261001C07640000;28.4;28.5;delta=0.644
2026-10-01 06:57;7645.0;7657.82;SPXW  261001C07645000;25.1;25.2;delta=0.605
2026-10-01 06:57;7650.0;7657.82;SPXW  261001C07650000;22.0;22.2;delta=0.563
2026-10-01 06:57;7655.0;7657.82;SPXW  261001C07655000;19.2;19.3;delta=0.52
2026-10-01 06:57;7660.0;7657.82;SPXW  261001C07660000;16.5;16.7;delta=0.476
2026-10-01 06:57;7665.0;7657.82;SPXW  261001C07665000;14.1;14.3;delta=0.432
2026-10-01 06:57;7670.0;7657.82;SPXW  261001C07670000;12.0;12.1;delta=0.388
2026-10-01 06:57;7675.0;7657.82;SPXW  261001C07675000;10.0;10.2;delta=0.344
2026-10-01 06:57;7680.0;7657.82;SPXW  261001C07680000;8.4;8.5;delta=0.303
2026-10-01 06:57;7685.0;7657.82;SPXW  261001C07685000;6.9;7.0;delta=0.264
2026-10-01 06:57;7690.0;7657.82;SPXW  261001C07690000;5.6;5.7;delta=0.227
2026-10-01 06:57;7695.0;7657.82;SPXW  261001C07695000;4.6;4.7;delta=0.193
2026-10-01 06:57;7700.0;7657.82;SPXW  261001C07700000;3.7;3.8;delta=0.163
2026-10-01 06:57;7705.0;7657.82;SPXW  261001C07705000;3.0;3.1;delta=0.138
2026-10-01 06:57;7710.0;7657.82;SPXW  261001C07710000;2.4;2.45;delta=0.114
2026-10-01 06:57;7715.0;7657.82;SPXW  261001C07715000;1.9;1.95;delta=0.094
2026-10-01 06:57;7720.0;7657.82;SPXW  261001C07720000;1.5;1.55;delta=0.077
2026-10-01 06:57;7725.0;7657.82;SPXW  261001C07725000;1.2;1.25;delta=0.064
2026-10-01 06:57;7730.0;7657.82;SPXW  261001C07730000;0.95;1.05;delta=0.052
2026-10-01 06:57;7735.0;7657.82;SPXW  261001C07735000;0.8;0.85;delta=0.044
2026-10-01 06:57;7740.0;7657.82;SPXW  261001C07740000;0.65;0.7;delta=0.037
2026-10-01 06:57;7745.0;7657.82;SPXW  261001C07745000;0.5;0.55;delta=0.029
2026-10-01 06:57;7750.0;7657.82;SPXW  261001C07750000;0.4;0.5;delta=0.025
2026-10-01 06:57;7755.0;7657.82;SPXW  261001C07755000;0.35;0.4;delta=0.021
2026-10-01 06:57;7760.0;7657.82;SPXW  261001C07760000;0.3;0.35;delta=0.018
2026-10-01 06:57;7765.0;7657.82;SPXW  261001C07765000;0.25;0.3;delta=0.016
2026-10-01 06:57;7770.0;7657.82;SPXW  261001C07770000;0.2;0.25;delta=0.013
2026-10-01 06:57;7775.0;7657.82;SPXW  261001C07775000;0.15;0.25;delta=0.011
2026-10-01 06:57;7780.0;7657.82;SPXW  261001C07780000;0.15;0.2;delta=0.01
2026-10-01 06:57;7785.0;7657.82;SPXW  261001C07785000;0.15;0.2;delta=0.01
2026-10-01 06:57;7790.0;7657.82;SPXW  261001C07790000;0.1;0.15;delta=0.007
2026-10-01 06:57;7795.0;7657.82;SPXW  261001C07795000;0.1;0.15;delta=0.007
2026-10-01 06:57;7800.0;7657.82;SPXW  261001C07800000;0.1;0.15;delta=0.007
2026-10-01 06:57;7805.0;7657.82;SPXW  261001C07805000;0.1;0.15;delta=0.007
2026-10-01 06:57;7810.0;7657.82;SPXW  261001C07810000;0.1;0.15;delta=0.006
2026-10-01 06:57;7815.0;7657.82;SPXW  261001C07815000;0.05;0.1;delta=0.004
2026-10-01 06:57;7820.0;7657.82;SPXW  261001C07820000;0.05;0.1;delta=0.004
2026-10-01 06:57;7825.0;7657.82;SPXW  261001C07825000;0.05;0.1;delta=0.004
2026-10-01 06:57;7830.0;7657.82;SPXW  261001C07830000;0.05;0.1;delta=0.004
2026-10-01 06:57;7835.0;7657.82;SPXW  261001C07835000;0.05;0.1;delta=0.004
2026-10-01 06:57;7840.0;7657.82;SPXW  261001C07840000;0.05;0.1;delta=0.004
2026-10-01 06:57;7845.0;7657.82;SPXW  261001C07845000;0.05;0.1;delta=0.004
2026-10-01 06:57;7850.0;7657.82;SPXW  261001C07850000;0.05;0.1;delta=0.003
2026-10-01 06:57;7855.0;7657.82;SPXW  261001C07855000;0.05;0.1;delta=0.003
2026-10-01 06:57;7860.0;7657.82;SPXW  261001C07860000;0.0;0.1;delta=0.002
2026-10-01 06:57;7865.0;7657.82;SPXW  261001C07865000;0.0;0.05;delta=0.001
2026-10-01 06:57;7870.0;7657.82;SPXW  261001C07870000;0.0;0.1;delta=0.002
2026-10-01 06:57;7875.0;7657.82;SPXW  261001C07875000;0.0;0.05;delta=0.001
2026-10-01 06:57;7880.0;7657.82;SPXW  261001C07880000;0.0;0.05;delta=0.001
2026-10-01 06:57;7885.0;7657.82;SPXW  261001C07885000;0.0;0.05;delta=0.001
2026-10-01 06:57;7890.0;7657.82;SPXW  261001C07890000;0.0;0.05;delta=0.001
2026-10-01 06:57;7895.0;7657.82;SPXW  261001C07895000;0.0;0.05;delta=0.001
2026-10-01 06:57;7900.0;7657.82;SPXW  261001C07900000;0.0;0.05;delta=0.001
2026-10-01 06:57;7905.0;7657.82;SPXW  261001C07905000;0.0;0.05;delta=0.001
2026-10-01 06:57;7410.0;7657.82;SPXW  261001P07410000;0.05;0.1;delta=-0.003
2026-10-01 06:57;7415.0;7657.82;SPXW  261001P07415000;0.05;0.1;delta=-0.003
2026-10-01 06:57;7420.0;7657.82;SPXW  261001P07420000;0.05;0.1;delta=-0.003
2026-10-01 06:57;7425.0;7657.82;SPXW  261001P07425000;0.1;0.15;delta=-0.004
2026-10-01 06:57;7430.0;7657.82;SPXW  261001P07430000;0.1;0.15;delta=-0.004
2026-10-01 06:57;7435.0;7657.82;SPXW  261001P07435000;0.1;0.15;delta=-0.005
2026-10-01 06:57;7440.0;7657.82;SPXW  261001P07440000;0.1;0.15;delta=-0.005
2026-10-01 06:57;7445.0;7657.82;SPXW  261001P07445000;0.1;0.15;delta=-0.005
2026-10-01 06:57;7450.0;7657.82;SPXW  261001P07450000;0.1;0.15;delta=-0.005
2026-10-01 06:57;7455.0;7657.82;SPXW  261001P07455000;0.1;0.15;delta=-0.005
2026-10-01 06:57;7460.0;7657.82;SPXW  261001P07460000;0.1;0.15;delta=-0.005
2026-10-01 06:57;7465.0;7657.82;SPXW  261001P07465000;0.1;0.15;delta=-0.005
2026-10-01 06:57;7470.0;7657.82;SPXW  261001P07470000;0.1;0.15;delta=-0.005
2026-10-01 06:57;7475.0;7657.82;SPXW  261001P07475000;0.1;0.15;delta=-0.005
2026-10-01 06:57;7480.0;7657.82;SPXW  261001P07480000;0.15;0.2;delta=-0.007
2026-10-01 06:57;7485.0;7657.82;SPXW  261001P07485000;0.15;0.2;delta=-0.007
2026-10-01 06:57;7490.0;7657.82;SPXW  261001P07490000;0.15;0.2;delta=-0.008
2026-10-01 06:57;7495.0;7657.82;SPXW  261001P07495000;0.15;0.2;delta=-0.008
2026-10-01 06:57;7500.0;7657.82;SPXW  261001P07500000;0.15;0.2;delta=-0.008
2026-10-01 06:57;7505.0;7657.82;SPXW  261001P07505000;0.2;0.25;delta=-0.01
2026-10-01 06:57;7510.0;7657.82;SPXW  261001P07510000;0.2;0.25;delta=-0.01
2026-10-01 06:57;7515.0;7657.82;SPXW  261001P07515000;0.2;0.3;delta=-0.011
2026-10-01 06:57;7520.0;7657.82;SPXW  261001P07520000;0.25;0.3;delta=-0.013
2026-10-01 06:57;7525.0;7657.82;SPXW  261001P07525000;0.25;0.35;delta=-0.013
2026-10-01 06:57;7530.0;7657.82;SPXW  261001P07530000;0.3;0.35;delta=-0.015
2026-10-01 06:57;7535.0;7657.82;SPXW  261001P07535000;0.35;0.4;delta=-0.018
2026-10-01 06:57;7540.0;7657.82;SPXW  261001P07540000;0.4;0.45;delta=-0.02
2026-10-01 06:57;7545.0;7657.82;SPXW  261001P07545000;0.45;0.55;delta=-0.023
2026-10-01 06:57;7550.0;7657.82;SPXW  261001P07550000;0.55;0.6;delta=-0.027
2026-10-01 06:57;7555.0;7657.82;SPXW  261001P07555000;0.65;0.7;delta=-0.031
2026-10-01 06:57;7560.0;7657.82;SPXW  261001P07560000;0.8;0.85;delta=-0.037
2026-10-01 06:57;7565.0;7657.82;SPXW  261001P07565000;0.95;1.0;delta=-0.044
2026-10-01 06:57;7570.0;7657.82;SPXW  261001P07570000;1.15;1.2;delta=-0.051
2026-10-01 06:57;7575.0;7657.82;SPXW  261001P07575000;1.35;1.4;delta=-0.06
2026-10-01 06:57;7580.0;7657.82;SPXW  261001P07580000;1.65;1.7;delta=-0.07
2026-10-01 06:57;7585.0;7657.82;SPXW  261001P07585000;1.95;2.0;delta=-0.081
2026-10-01 06:57;7590.0;7657.82;SPXW  261001P07590000;2.3;2.4;delta=-0.096
2026-10-01 06:57;7595.0;7657.82;SPXW  261001P07595000;2.75;2.8;delta=-0.111
2026-10-01 06:57;7600.0;7657.82;SPXW  261001P07600000;3.3;3.4;delta=-0.128
2026-10-01 06:57;7605.0;7657.82;SPXW  261001P07605000;3.9;4.0;delta=-0.148
2026-10-01 06:57;7610.0;7657.82;SPXW  261001P07610000;4.5;4.6;delta=-0.17
2026-10-01 06:57;7615.0;7657.82;SPXW  261001P07615000;5.3;5.4;delta=-0.195
2026-10-01 06:57;7620.0;7657.82;SPXW  261001P07620000;6.2;6.3;delta=-0.222
2026-10-01 06:57;7625.0;7657.82;SPXW  261001P07625000;7.3;7.4;delta=-0.252
2026-10-01 06:57;7630.0;7657.82;SPXW  261001P07630000;8.5;8.6;delta=-0.283
2026-10-01 06:57;7635.0;7657.82;SPXW  261001P07635000;9.8;9.9;delta=-0.318
2026-10-01 06:57;7640.0;7657.82;SPXW  261001P07640000;11.3;11.4;delta=-0.356
2026-10-01 06:57;7645.0;7657.82;SPXW  261001P07645000;13.0;13.1;delta=-0.395
2026-10-01 06:57;7650.0;7657.82;SPXW  261001P07650000;14.9;15.0;delta=-0.437
2026-10-01 06:57;7655.0;7657.82;SPXW  261001P07655000;17.0;17.2;delta=-0.48
2026-10-01 06:57;7660.0;7657.82;SPXW  261001P07660000;19.3;19.5;delta=-0.524
2026-10-01 06:57;7665.0;7657.82;SPXW  261001P07665000;21.9;22.1;delta=-0.568
2026-10-01 06:57;7670.0;7657.82;SPXW  261001P07670000;24.7;24.9;delta=-0.612
2026-10-01 06:57;7675.0;7657.82;SPXW  261001P07675000;27.8;28.0;delta=-0.656
2026-10-01 06:57;7680.0;7657.82;SPXW  261001P07680000;31.0;31.3;delta=-0.697
2026-10-01 06:57;7685.0;7657.82;SPXW  261001P07685000;34.5;34.8;delta=-0.737
2026-10-01 06:57;7690.0;7657.82;SPXW  261001P07690000;38.3;38.5;delta=-0.772
2026-10-01 06:57;7695.0;7657.82;SPXW  261001P07695000;42.2;42.4;delta=-0.806
2026-10-01 06:57;7700.0;7657.82;SPXW  261001P07700000;46.3;46.5;delta=-0.836
2026-10-01 06:57;7705.0;7657.82;SPXW  261001P07705000;50.5;50.8;delta=-0.862
2026-10-01 06:57;7710.0;7657.82;SPXW  261001P07710000;54.9;55.2;delta=-0.885
2026-10-01 06:57;7715.0;7657.82;SPXW  261001P07715000;59.4;59.7;delta=-0.906
2026-10-01 06:57;7720.0;7657.82;SPXW  261001P07720000;64.0;64.3;delta=-0.923
2026-10-01 06:57;7725.0;7657.82;SPXW  261001P07725000;68.7;69.0;delta=-0.936
2026-10-01 06:57;7730.0;7657.82;SPXW  261001P07730000;73.4;73.8;delta=-0.948
2026-10-01 06:57;7735.0;7657.82;SPXW  261001P07735000;78.2;78.6;delta=-0.955
2026-10-01 06:57;7740.0;7657.82;SPXW  261001P07740000;83.1;83.4;delta=-0.963
2026-10-01 06:57;7745.0;7657.82;SPXW  261001P07745000;87.9;88.3;delta=-0.97
2026-10-01 06:57;7750.0;7657.82;SPXW  261001P07750000;92.8;93.2;delta=-0.975
2026-10-01 06:57;7755.0;7657.82;SPXW  261001P07755000;97.7;98.1;delta=-0.979
2026-10-01 06:57;7760.0;7657.82;SPXW  261001P07760000;99.7;103.1;delta=-0.981
2026-10-01 06:57;7765.0;7657.82;SPXW  261001P07765000;104.6;108.0;delta=-0.984
2026-10-01 06:57;7770.0;7657.82;SPXW  261001P07770000;109.6;113.0;delta=-0.987
2026-10-01 06:57;7775.0;7657.82;SPXW  261001P07775000;114.6;118.0;delta=-0.988
2026-10-01 06:57;7780.0;7657.82;SPXW  261001P07780000;119.2;126.8;delta=-0.99
2026-10-01 06:57;7785.0;7657.82;SPXW  261001P07785000;124.1;128.5;delta=-0.99
2026-10-01 06:57;7790.0;7657.82;SPXW  261001P07790000;129.1;133.5;delta=-0.993
2026-10-01 06:57;7795.0;7657.82;SPXW  261001P07795000;134.4;138.5;delta=-0.993
2026-10-01 06:57;7800.0;7657.82;SPXW  261001P07800000;138.6;143.5;delta=-0.993
2026-10-01 06:57;7805.0;7657.82;SPXW  261001P07805000;143.7;148.5;delta=-0.993
2026-10-01 06:57;7810.0;7657.82;SPXW  261001P07810000;149.1;153.5;delta=-0.993
2026-10-01 06:57;7815.0;7657.82;SPXW  261001P07815000;154.1;161.6;delta=-0.996
2026-10-01 06:57;7820.0;7657.82;SPXW  261001P07820000;159.1;163.4;delta=-0.996
2026-10-01 06:57;7825.0;7657.82;SPXW  261001P07825000;164.1;171.4;delta=-0.996
2026-10-01 06:57;7830.0;7657.82;SPXW  261001P07830000;169.1;173.4;delta=-0.996
2026-10-01 06:57;7835.0;7657.82;SPXW  261001P07835000;174.1;181.6;delta=-0.996
2026-10-01 06:57;7840.0;7657.82;SPXW  261001P07840000;179.1;186.6;delta=-0.996
2026-10-01 06:57;7845.0;7657.82;SPXW  261001P07845000;184.0;191.6;delta=-0.996
2026-10-01 06:57;7850.0;7657.82;SPXW  261001P07850000;189.0;193.4;delta=-0.996
2026-10-01 06:57;7855.0;7657.82;SPXW  261001P07855000;194.1;201.4;delta=-0.996
2026-10-01 06:57;7860.0;7657.82;SPXW  261001P07860000;195.2;203.4;delta=-0.997
2026-10-01 06:57;7865.0;7657.82;SPXW  261001P07865000;200.1;213.7;delta=-0.999
2026-10-01 06:57;7870.0;7657.82;SPXW  261001P07870000;206.4;220.1;delta=-0.998
2026-10-01 06:57;7875.0;7657.82;SPXW  261001P07875000;206.7;224.2;delta=-0.999
2026-10-01 06:57;7880.0;7657.82;SPXW  261001P07880000;211.2;231.3;delta=-0.999
2026-10-01 06:57;7885.0;7657.82;SPXW  261001P07885000;217.2;235.9;delta=-0.999
2026-10-01 06:57;7890.0;7657.82;SPXW  261001P07890000;223.0;243.5;delta=-0.999
2026-10-01 06:57;7895.0;7657.82;SPXW  261001P07895000;228.0;245.9;delta=-0.999
2026-10-01 06:57;7900.0;7657.82;SPXW  261001P07900000;231.2;251.7;delta=-0.999
2026-10-01 06:57;7905.0;7657.82;SPXW  261001P07905000;236.2;255.9;delta=-0.999
2026-10-01 08:05;7380.0;7625.3;SPXW  261001C07380000;235.9;255.0;delta=0.997
2026-10-01 08:05;7385.0;7625.3;SPXW  261001C07385000;231.1;249.9;delta=0.997
2026-10-01 08:05;7390.0;7625.3;SPXW  261001C07390000;226.1;244.8;delta=0.997
2026-10-01 08:05;7395.0;7625.3;SPXW  261001C07395000;222.6;239.9;delta=0.997
2026-10-01 08:05;7400.0;7625.3;SPXW  261001C07400000;217.6;235.0;delta=0.997
2026-10-01 08:05;7405.0;7625.3;SPXW  261001C07405000;220.4;221.6;delta=0.997
2026-10-01 08:05;7410.0;7625.3;SPXW  261001C07410000;210.8;223.8;delta=0.997
2026-10-01 08:05;7415.0;7625.3;SPXW  261001C07415000;205.5;218.0;delta=0.997
2026-10-01 08:05;7420.0;7625.3;SPXW  261001C07420000;200.7;213.0;delta=0.996
2026-10-01 08:05;7425.0;7625.3;SPXW  261001C07425000;195.3;208.0;delta=0.997
2026-10-01 08:05;7430.0;7625.3;SPXW  261001C07430000;192.4;199.8;delta=0.995
2026-10-01 08:05;7435.0;7625.3;SPXW  261001C07435000;187.7;194.8;delta=0.995
2026-10-01 08:05;7440.0;7625.3;SPXW  261001C07440000;182.7;190.0;delta=0.995
2026-10-01 08:05;7445.0;7625.3;SPXW  261001C07445000;177.4;184.9;delta=0.995
2026-10-01 08:05;7450.0;7625.3;SPXW  261001C07450000;172.7;179.9;delta=0.995
2026-10-01 08:05;7455.0;7625.3;SPXW  261001C07455000;167.7;175.0;delta=0.994
2026-10-01 08:05;7460.0;7625.3;SPXW  261001C07460000;162.7;169.9;delta=0.994
2026-10-01 08:05;7465.0;7625.3;SPXW  261001C07465000;157.7;164.9;delta=0.994
2026-10-01 08:05;7470.0;7625.3;SPXW  261001C07470000;152.5;160.2;delta=0.993
2026-10-01 08:05;7475.0;7625.3;SPXW  261001C07475000;147.4;155.2;delta=0.992
2026-10-01 08:05;7480.0;7625.3;SPXW  261001C07480000;142.8;150.2;delta=0.992
2026-10-01 08:05;7485.0;7625.3;SPXW  261001C07485000;137.8;145.2;delta=0.991
2026-10-01 08:05;7490.0;7625.3;SPXW  261001C07490000;132.8;140.2;delta=0.991
2026-10-01 08:05;7495.0;7625.3;SPXW  261001C07495000;127.5;135.2;delta=0.991
2026-10-01 08:05;7500.0;7625.3;SPXW  261001C07500000;125.9;126.3;delta=0.991
2026-10-01 08:05;7505.0;7625.3;SPXW  261001C07505000;120.9;121.3;delta=0.988
2026-10-01 08:05;7510.0;7625.3;SPXW  261001C07510000;116.0;116.3;delta=0.988
2026-10-01 08:05;7515.0;7625.3;SPXW  261001C07515000;111.0;111.3;delta=0.986
2026-10-01 08:05;7520.0;7625.3;SPXW  261001C07520000;106.0;106.4;delta=0.985
2026-10-01 08:05;7525.0;7625.3;SPXW  261001C07525000;101.1;101.4;delta=0.982
2026-10-01 08:05;7530.0;7625.3;SPXW  261001C07530000;96.1;96.4;delta=0.979
2026-10-01 08:05;7535.0;7625.3;SPXW  261001C07535000;91.2;91.5;delta=0.976
2026-10-01 08:05;7540.0;7625.3;SPXW  261001C07540000;86.3;86.6;delta=0.971
2026-10-01 08:05;7545.0;7625.3;SPXW  261001C07545000;81.4;81.7;delta=0.965
2026-10-01 08:05;7550.0;7625.3;SPXW  261001C07550000;76.5;76.8;delta=0.958
2026-10-01 08:05;7555.0;7625.3;SPXW  261001C07555000;71.7;72.0;delta=0.949
2026-10-01 08:05;7560.0;7625.3;SPXW  261001C07560000;66.9;67.2;delta=0.939
2026-10-01 08:05;7565.0;7625.3;SPXW  261001C07565000;62.2;62.5;delta=0.927
2026-10-01 08:05;7570.0;7625.3;SPXW  261001C07570000;57.5;57.8;delta=0.911
2026-10-01 08:05;7575.0;7625.3;SPXW  261001C07575000;52.9;53.2;delta=0.892
2026-10-01 08:05;7580.0;7625.3;SPXW  261001C07580000;48.5;48.7;delta=0.871
2026-10-01 08:05;7585.0;7625.3;SPXW  261001C07585000;44.1;44.3;delta=0.845
2026-10-01 08:05;7590.0;7625.3;SPXW  261001C07590000;39.9;40.1;delta=0.816
2026-10-01 08:05;7595.0;7625.3;SPXW  261001C07595000;35.8;36.0;delta=0.783
2026-10-01 08:05;7600.0;7625.3;SPXW  261001C07600000;31.9;32.1;delta=0.746
2026-10-01 08:05;7605.0;7625.3;SPXW  261001C07605000;28.2;28.4;delta=0.705
2026-10-01 08:05;7610.0;7625.3;SPXW  261001C07610000;24.7;24.9;delta=0.659
2026-10-01 08:05;7615.0;7625.3;SPXW  261001C07615000;21.5;21.6;delta=0.612
2026-10-01 08:05;7620.0;7625.3;SPXW  261001C07620000;18.4;18.6;delta=0.562
2026-10-01 08:05;7625.0;7625.3;SPXW  261001C07625000;15.7;15.8;delta=0.51
2026-10-01 08:05;7630.0;7625.3;SPXW  261001C07630000;13.2;13.3;delta=0.46
2026-10-01 08:05;7635.0;7625.3;SPXW  261001C07635000;11.0;11.1;delta=0.409
2026-10-01 08:05;7640.0;7625.3;SPXW  261001C07640000;9.0;9.2;delta=0.358
2026-10-01 08:05;7645.0;7625.3;SPXW  261001C07645000;7.3;7.5;delta=0.309
2026-10-01 08:05;7650.0;7625.3;SPXW  261001C07650000;5.9;6.0;delta=0.263
2026-10-01 08:05;7655.0;7625.3;SPXW  261001C07655000;4.7;4.8;delta=0.221
2026-10-01 08:05;7660.0;7625.3;SPXW  261001C07660000;3.7;3.8;delta=0.183
2026-10-01 08:05;7665.0;7625.3;SPXW  261001C07665000;2.9;3.0;delta=0.152
2026-10-01 08:05;7670.0;7625.3;SPXW  261001C07670000;2.25;2.35;delta=0.124
2026-10-01 08:05;7675.0;7625.3;SPXW  261001C07675000;1.75;1.85;delta=0.101
2026-10-01 08:05;7680.0;7625.3;SPXW  261001C07680000;1.35;1.4;delta=0.082
2026-10-01 08:05;7685.0;7625.3;SPXW  261001C07685000;1.05;1.1;delta=0.066
2026-10-01 08:05;7690.0;7625.3;SPXW  261001C07690000;0.85;0.9;delta=0.053
2026-10-01 08:05;7695.0;7625.3;SPXW  261001C07695000;0.65;0.7;delta=0.042
2026-10-01 08:05;7700.0;7625.3;SPXW  261001C07700000;0.55;0.6;delta=0.036
2026-10-01 08:05;7705.0;7625.3;SPXW  261001C07705000;0.45;0.5;delta=0.03
2026-10-01 08:05;7710.0;7625.3;SPXW  261001C07710000;0.35;0.4;delta=0.024
2026-10-01 08:05;7715.0;7625.3;SPXW  261001C07715000;0.3;0.35;delta=0.02
2026-10-01 08:05;7720.0;7625.3;SPXW  261001C07720000;0.25;0.3;delta=0.017
2026-10-01 08:05;7725.0;7625.3;SPXW  261001C07725000;0.25;0.3;delta=0.017
2026-10-01 08:05;7730.0;7625.3;SPXW  261001C07730000;0.2;0.25;delta=0.014
2026-10-01 08:05;7735.0;7625.3;SPXW  261001C07735000;0.2;0.25;delta=0.013
2026-10-01 08:05;7740.0;7625.3;SPXW  261001C07740000;0.15;0.2;delta=0.011
2026-10-01 08:05;7745.0;7625.3;SPXW  261001C07745000;0.15;0.2;delta=0.01
2026-10-01 08:05;7750.0;7625.3;SPXW  261001C07750000;0.15;0.2;delta=0.01
2026-10-01 08:05;7755.0;7625.3;SPXW  261001C07755000;0.1;0.15;delta=0.007
2026-10-01 08:05;7760.0;7625.3;SPXW  261001C07760000;0.1;0.15;delta=0.007
2026-10-01 08:05;7765.0;7625.3;SPXW  261001C07765000;0.1;0.15;delta=0.007
2026-10-01 08:05;7770.0;7625.3;SPXW  261001C07770000;0.1;0.15;delta=0.007
2026-10-01 08:05;7775.0;7625.3;SPXW  261001C07775000;0.1;0.15;delta=0.007
2026-10-01 08:05;7780.0;7625.3;SPXW  261001C07780000;0.1;0.15;delta=0.006
2026-10-01 08:05;7785.0;7625.3;SPXW  261001C07785000;0.1;0.15;delta=0.006
2026-10-01 08:05;7790.0;7625.3;SPXW  261001C07790000;0.1;0.15;delta=0.006
2026-10-01 08:05;7795.0;7625.3;SPXW  261001C07795000;0.1;0.15;delta=0.006
2026-10-01 08:05;7800.0;7625.3;SPXW  261001C07800000;0.1;0.15;delta=0.006
2026-10-01 08:05;7805.0;7625.3;SPXW  261001C07805000;0.05;0.1;delta=0.004
2026-10-01 08:05;7810.0;7625.3;SPXW  261001C07810000;0.05;0.1;delta=0.004
2026-10-01 08:05;7815.0;7625.3;SPXW  261001C07815000;0.05;0.1;delta=0.004
2026-10-01 08:05;7820.0;7625.3;SPXW  261001C07820000;0.05;0.1;delta=0.003
2026-10-01 08:05;7825.0;7625.3;SPXW  261001C07825000;0.05;0.1;delta=0.003
2026-10-01 08:05;7830.0;7625.3;SPXW  261001C07830000;0.05;0.1;delta=0.003
2026-10-01 08:05;7835.0;7625.3;SPXW  261001C07835000;0.05;0.1;delta=0.003
2026-10-01 08:05;7840.0;7625.3;SPXW  261001C07840000;0.05;0.1;delta=0.003
2026-10-01 08:05;7845.0;7625.3;SPXW  261001C07845000;0.05;0.1;delta=0.003
2026-10-01 08:05;7850.0;7625.3;SPXW  261001C07850000;0.05;0.1;delta=0.003
2026-10-01 08:05;7855.0;7625.3;SPXW  261001C07855000;0.05;0.1;delta=0.003
2026-10-01 08:05;7860.0;7625.3;SPXW  261001C07860000;0.05;0.1;delta=0.003
2026-10-01 08:05;7865.0;7625.3;SPXW  261001C07865000;0.05;0.1;delta=0.003
2026-10-01 08:05;7870.0;7625.3;SPXW  261001C07870000;0.05;0.1;delta=0.003
2026-10-01 08:05;7875.0;7625.3;SPXW  261001C07875000;0.0;0.1;delta=0.002
2026-10-01 08:05;7380.0;7625.3;SPXW  261001P07380000;0.05;0.1;delta=-0.003
2026-10-01 08:05;7385.0;7625.3;SPXW  261001P07385000;0.05;0.1;delta=-0.003
2026-10-01 08:05;7390.0;7625.3;SPXW  261001P07390000;0.05;0.1;delta=-0.003
2026-10-01 08:05;7395.0;7625.3;SPXW  261001P07395000;0.05;0.1;delta=-0.003
2026-10-01 08:05;7400.0;7625.3;SPXW  261001P07400000;0.05;0.1;delta=-0.003
2026-10-01 08:05;7405.0;7625.3;SPXW  261001P07405000;0.05;0.1;delta=-0.003
2026-10-01 08:05;7410.0;7625.3;SPXW  261001P07410000;0.05;0.1;delta=-0.003
2026-10-01 08:05;7415.0;7625.3;SPXW  261001P07415000;0.05;0.1;delta=-0.003
2026-10-01 08:05;7420.0;7625.3;SPXW  261001P07420000;0.05;0.15;delta=-0.004
2026-10-01 08:05;7425.0;7625.3;SPXW  261001P07425000;0.05;0.1;delta=-0.003
2026-10-01 08:05;7430.0;7625.3;SPXW  261001P07430000;0.1;0.15;delta=-0.005
2026-10-01 08:05;7435.0;7625.3;SPXW  261001P07435000;0.1;0.15;delta=-0.005
2026-10-01 08:05;7440.0;7625.3;SPXW  261001P07440000;0.1;0.15;delta=-0.005
2026-10-01 08:05;7445.0;7625.3;SPXW  261001P07445000;0.1;0.15;delta=-0.005
2026-10-01 08:05;7450.0;7625.3;SPXW  261001P07450000;0.1;0.15;delta=-0.006
2026-10-01 08:05;7455.0;7625.3;SPXW  261001P07455000;0.1;0.15;delta=-0.006
2026-10-01 08:05;7460.0;7625.3;SPXW  261001P07460000;0.1;0.15;delta=-0.006
2026-10-01 08:05;7465.0;7625.3;SPXW  261001P07465000;0.1;0.15;delta=-0.006
2026-10-01 08:05;7470.0;7625.3;SPXW  261001P07470000;0.1;0.2;delta=-0.007
2026-10-01 08:05;7475.0;7625.3;SPXW  261001P07475000;0.15;0.2;delta=-0.008
2026-10-01 08:05;7480.0;7625.3;SPXW  261001P07480000;0.15;0.2;delta=-0.008
2026-10-01 08:05;7485.0;7625.3;SPXW  261001P07485000;0.15;0.2;delta=-0.009
2026-10-01 08:05;7490.0;7625.3;SPXW  261001P07490000;0.15;0.2;delta=-0.009
2026-10-01 08:05;7495.0;7625.3;SPXW  261001P07495000;0.15;0.2;delta=-0.009
2026-10-01 08:05;7500.0;7625.3;SPXW  261001P07500000;0.15;0.2;delta=-0.01
2026-10-01 08:05;7505.0;7625.3;SPXW  261001P07505000;0.2;0.25;delta=-0.012
2026-10-01 08:05;7510.0;7625.3;SPXW  261001P07510000;0.2;0.25;delta=-0.012
2026-10-01 08:05;7515.0;7625.3;SPXW  261001P07515000;0.25;0.3;delta=-0.014
2026-10-01 08:05;7520.0;7625.3;SPXW  261001P07520000;0.25;0.3;delta=-0.016
2026-10-01 08:05;7525.0;7625.3;SPXW  261001P07525000;0.3;0.35;delta=-0.018
2026-10-01 08:05;7530.0;7625.3;SPXW  261001P07530000;0.35;0.4;delta=-0.021
2026-10-01 08:05;7535.0;7625.3;SPXW  261001P07535000;0.4;0.45;delta=-0.024
2026-10-01 08:05;7540.0;7625.3;SPXW  261001P07540000;0.45;0.55;delta=-0.03
2026-10-01 08:05;7545.0;7625.3;SPXW  261001P07545000;0.55;0.65;delta=-0.035
2026-10-01 08:05;7550.0;7625.3;SPXW  261001P07550000;0.7;0.75;delta=-0.041
2026-10-01 08:05;7555.0;7625.3;SPXW  261001P07555000;0.85;0.9;delta=-0.051
2026-10-01 08:05;7560.0;7625.3;SPXW  261001P07560000;1.05;1.1;delta=-0.061
2026-10-01 08:05;7565.0;7625.3;SPXW  261001P07565000;1.3;1.35;delta=-0.073
2026-10-01 08:05;7570.0;7625.3;SPXW  261001P07570000;1.6;1.7;delta=-0.089
2026-10-01 08:05;7575.0;7625.3;SPXW  261001P07575000;2.0;2.1;delta=-0.107
2026-10-01 08:05;7580.0;7625.3;SPXW  261001P07580000;2.5;2.55;delta=-0.129
2026-10-01 08:05;7585.0;7625.3;SPXW  261001P07585000;3.1;3.2;delta=-0.154
2026-10-01 08:05;7590.0;7625.3;SPXW  261001P07590000;3.8;3.9;delta=-0.184
2026-10-01 08:05;7595.0;7625.3;SPXW  261001P07595000;4.7;4.8;delta=-0.218
2026-10-01 08:05;7600.0;7625.3;SPXW  261001P07600000;5.7;5.9;delta=-0.254
2026-10-01 08:05;7605.0;7625.3;SPXW  261001P07605000;7.0;7.1;delta=-0.295
2026-10-01 08:05;7610.0;7625.3;SPXW  261001P07610000;8.4;8.6;delta=-0.339
2026-10-01 08:05;7615.0;7625.3;SPXW  261001P07615000;10.1;10.2;delta=-0.388
2026-10-01 08:05;7620.0;7625.3;SPXW  261001P07620000;12.0;12.2;delta=-0.438
2026-10-01 08:05;7625.0;7625.3;SPXW  261001P07625000;14.2;14.4;delta=-0.49
2026-10-01 08:05;7630.0;7625.3;SPXW  261001P07630000;16.7;16.9;delta=-0.542
2026-10-01 08:05;7635.0;7625.3;SPXW  261001P07635000;19.4;19.5;delta=-0.592
2026-10-01 08:05;7640.0;7625.3;SPXW  261001P07640000;22.4;22.5;delta=-0.642
2026-10-01 08:05;7645.0;7625.3;SPXW  261001P07645000;25.6;25.9;delta=-0.691
2026-10-01 08:05;7650.0;7625.3;SPXW  261001P07650000;29.1;29.3;delta=-0.736
2026-10-01 08:05;7655.0;7625.3;SPXW  261001P07655000;32.8;33.1;delta=-0.778
2026-10-01 08:05;7660.0;7625.3;SPXW  261001P07660000;36.7;37.1;delta=-0.817
2026-10-01 08:05;7665.0;7625.3;SPXW  261001P07665000;41.0;41.3;delta=-0.848
2026-10-01 08:05;7670.0;7625.3;SPXW  261001P07670000;45.3;45.5;delta=-0.876
2026-10-01 08:05;7675.0;7625.3;SPXW  261001P07675000;49.7;50.1;delta=-0.899
2026-10-01 08:05;7680.0;7625.3;SPXW  261001P07680000;54.3;54.6;delta=-0.918
2026-10-01 08:05;7685.0;7625.3;SPXW  261001P07685000;59.0;59.4;delta=-0.934
2026-10-01 08:05;7690.0;7625.3;SPXW  261001P07690000;63.8;64.2;delta=-0.947
2026-10-01 08:05;7695.0;7625.3;SPXW  261001P07695000;68.6;69.0;delta=-0.958
2026-10-01 08:05;7700.0;7625.3;SPXW  261001P07700000;73.4;73.8;delta=-0.964
2026-10-01 08:05;7705.0;7625.3;SPXW  261001P07705000;78.3;79.0;delta=-0.97
2026-10-01 08:05;7710.0;7625.3;SPXW  261001P07710000;83.3;83.9;delta=-0.976
2026-10-01 08:05;7715.0;7625.3;SPXW  261001P07715000;88.2;88.8;delta=-0.98
2026-10-01 08:05;7720.0;7625.3;SPXW  261001P07720000;93.2;93.8;delta=-0.983
2026-10-01 08:05;7725.0;7625.3;SPXW  261001P07725000;98.1;98.5;delta=-0.983
2026-10-01 08:05;7730.0;7625.3;SPXW  261001P07730000;103.1;104.3;delta=-0.986
2026-10-01 08:05;7735.0;7625.3;SPXW  261001P07735000;108.1;111.5;delta=-0.987
2026-10-01 08:05;7740.0;7625.3;SPXW  261001P07740000;112.0;114.0;delta=-0.99
2026-10-01 08:05;7745.0;7625.3;SPXW  261001P07745000;117.0;119.0;delta=-0.99
2026-10-01 08:05;7750.0;7625.3;SPXW  261001P07750000;122.0;124.0;delta=-0.99
2026-10-01 08:05;7755.0;7625.3;SPXW  261001P07755000;127.0;129.0;delta=-0.993
2026-10-01 08:05;7760.0;7625.3;SPXW  261001P07760000;131.9;134.0;delta=-0.993
2026-10-01 08:05;7765.0;7625.3;SPXW  261001P07765000;136.9;139.0;delta=-0.993
2026-10-01 08:05;7770.0;7625.3;SPXW  261001P07770000;141.9;144.0;delta=-0.993
2026-10-01 08:05;7775.0;7625.3;SPXW  261001P07775000;146.9;149.0;delta=-0.994
2026-10-01 08:05;7780.0;7625.3;SPXW  261001P07780000;151.9;154.0;delta=-0.994
2026-10-01 08:05;7785.0;7625.3;SPXW  261001P07785000;156.9;158.9;delta=-0.994
2026-10-01 08:05;7790.0;7625.3;SPXW  261001P07790000;161.9;163.9;delta=-0.994
2026-10-01 08:05;7795.0;7625.3;SPXW  261001P07795000;164.6;171.9;delta=-0.994
2026-10-01 08:05;7800.0;7625.3;SPXW  261001P07800000;171.9;173.9;delta=-0.994
2026-10-01 08:05;7805.0;7625.3;SPXW  261001P07805000;173.8;182.3;delta=-0.996
2026-10-01 08:05;7810.0;7625.3;SPXW  261001P07810000;179.7;186.9;delta=-0.996
2026-10-01 08:05;7815.0;7625.3;SPXW  261001P07815000;184.5;191.9;delta=-0.997
2026-10-01 08:05;7820.0;7625.3;SPXW  261001P07820000;189.3;197.3;delta=-0.997
2026-10-01 08:05;7825.0;7625.3;SPXW  261001P07825000;193.7;201.9;delta=-0.997
2026-10-01 08:05;7830.0;7625.3;SPXW  261001P07830000;201.9;203.9;delta=-0.997
2026-10-01 08:05;7835.0;7625.3;SPXW  261001P07835000;201.9;215.6;delta=-0.997
2026-10-01 08:05;7840.0;7625.3;SPXW  261001P07840000;206.9;220.6;delta=-0.997
2026-10-01 08:05;7845.0;7625.3;SPXW  261001P07845000;210.2;227.2;delta=-0.997
2026-10-01 08:05;7850.0;7625.3;SPXW  261001P07850000;221.9;223.7;delta=-0.997
2026-10-01 08:05;7855.0;7625.3;SPXW  261001P07855000;220.2;237.2;delta=-0.997
2026-10-01 08:05;7860.0;7625.3;SPXW  261001P07860000;225.2;243.2;delta=-0.997
2026-10-01 08:05;7865.0;7625.3;SPXW  261001P07865000;231.2;247.2;delta=-0.997
2026-10-01 08:05;7870.0;7625.3;SPXW  261001P07870000;235.6;252.2;delta=-0.997
2026-10-01 08:05;7875.0;7625.3;SPXW  261001P07875000;240.2;258.1;delta=-0.998
2026-10-01 08:09;7375.0;7622.43;SPXW  261001C07375000;236.9;256.9;delta=0.997
2026-10-01 08:09;7380.0;7622.43;SPXW  261001C07380000;232.9;251.9;delta=0.997
2026-10-01 08:09;7385.0;7622.43;SPXW  261001C07385000;226.9;246.9;delta=0.997
2026-10-01 08:09;7390.0;7622.43;SPXW  261001C07390000;221.9;241.9;delta=0.997
2026-10-01 08:09;7395.0;7622.43;SPXW  261001C07395000;216.9;236.9;delta=0.997
2026-10-01 08:09;7400.0;7622.43;SPXW  261001C07400000;213.4;231.9;delta=0.997
2026-10-01 08:09;7405.0;7622.43;SPXW  261001C07405000;208.4;226.9;delta=0.997
2026-10-01 08:09;7410.0;7622.43;SPXW  261001C07410000;206.6;219.9;delta=0.997
2026-10-01 08:09;7415.0;7622.43;SPXW  261001C07415000;202.7;214.9;delta=0.997
2026-10-01 08:09;7420.0;7622.43;SPXW  261001C07420000;196.6;209.9;delta=0.996
2026-10-01 08:09;7425.0;7622.43;SPXW  261001C07425000;194.7;201.5;delta=0.996
2026-10-01 08:09;7430.0;7622.43;SPXW  261001C07430000;189.7;196.3;delta=0.995
2026-10-01 08:09;7435.0;7622.43;SPXW  261001C07435000;184.7;191.4;delta=0.995
2026-10-01 08:09;7440.0;7622.43;SPXW  261001C07440000;179.7;186.2;delta=0.995
2026-10-01 08:09;7445.0;7622.43;SPXW  261001C07445000;174.7;181.1;delta=0.995
2026-10-01 08:09;7450.0;7622.43;SPXW  261001C07450000;169.7;176.1;delta=0.995
2026-10-01 08:09;7455.0;7622.43;SPXW  261001C07455000;164.7;171.2;delta=0.994
2026-10-01 08:09;7460.0;7622.43;SPXW  261001C07460000;159.7;166.2;delta=0.994
2026-10-01 08:09;7465.0;7622.43;SPXW  261001C07465000;154.7;161.2;delta=0.994
2026-10-01 08:09;7470.0;7622.43;SPXW  261001C07470000;149.7;156.5;delta=0.993
2026-10-01 08:09;7475.0;7622.43;SPXW  261001C07475000;144.7;151.2;delta=0.992
2026-10-01 08:09;7480.0;7622.43;SPXW  261001C07480000;139.8;146.2;delta=0.992
2026-10-01 08:09;7485.0;7622.43;SPXW  261001C07485000;134.8;141.2;delta=0.991
2026-10-01 08:09;7490.0;7622.43;SPXW  261001C07490000;133.2;133.5;delta=0.991
2026-10-01 08:09;7495.0;7622.43;SPXW  261001C07495000;128.2;128.5;delta=0.991
2026-10-01 08:09;7500.0;7622.43;SPXW  261001C07500000;123.2;123.5;delta=0.988
2026-10-01 08:09;7505.0;7622.43;SPXW  261001C07505000;118.2;118.6;delta=0.988
2026-10-01 08:09;7510.0;7622.43;SPXW  261001C07510000;113.2;113.6;delta=0.988
2026-10-01 08:09;7515.0;7622.43;SPXW  261001C07515000;108.3;108.6;delta=0.985
2026-10-01 08:09;7520.0;7622.43;SPXW  261001C07520000;103.3;103.6;delta=0.982
2026-10-01 08:09;7525.0;7622.43;SPXW  261001C07525000;98.4;98.7;delta=0.98
2026-10-01 08:09;7530.0;7622.43;SPXW  261001C07530000;93.4;93.7;delta=0.976
2026-10-01 08:09;7535.0;7622.43;SPXW  261001C07535000;88.5;88.8;delta=0.973
2026-10-01 08:09;7540.0;7622.43;SPXW  261001C07540000;83.6;83.9;delta=0.969
2026-10-01 08:09;7545.0;7622.43;SPXW  261001C07545000;78.7;79.0;delta=0.963
2026-10-01 08:09;7550.0;7622.43;SPXW  261001C07550000;73.8;74.1;delta=0.955
2026-10-01 08:09;7555.0;7622.43;SPXW  261001C07555000;69.0;69.3;delta=0.946
2026-10-01 08:09;7560.0;7622.43;SPXW  261001C07560000;64.2;64.5;delta=0.935
2026-10-01 08:09;7565.0;7622.43;SPXW  261001C07565000;59.6;59.8;delta=0.922
2026-10-01 08:09;7570.0;7622.43;SPXW  261001C07570000;54.9;55.2;delta=0.905
2026-10-01 08:09;7575.0;7622.43;SPXW  261001C07575000;50.4;50.6;delta=0.885
2026-10-01 08:09;7580.0;7622.43;SPXW  261001C07580000;46.0;46.2;delta=0.862
2026-10-01 08:09;7585.0;7622.43;SPXW  261001C07585000;41.6;41.8;delta=0.836
2026-10-01 08:09;7590.0;7622.43;SPXW  261001C07590000;37.5;37.7;delta=0.803
2026-10-01 08:09;7595.0;7622.43;SPXW  261001C07595000;33.5;33.7;delta=0.768
2026-10-01 08:09;7600.0;7622.43;SPXW  261001C07600000;29.6;29.8;delta=0.729
2026-10-01 08:09;7605.0;7622.43;SPXW  261001C07605000;26.0;26.2;delta=0.685
2026-10-01 08:09;7610.0;7622.43;SPXW  261001C07610000;22.7;22.8;delta=0.639
2026-10-01 08:09;7615.0;7622.43;SPXW  261001C07615000;19.5;19.7;delta=0.589
2026-10-01 08:09;7620.0;7622.43;SPXW  261001C07620000;16.7;16.8;delta=0.537
2026-10-01 08:09;7625.0;7622.43;SPXW  261001C07625000;14.1;14.2;delta=0.485
2026-10-01 08:09;7630.0;7622.43;SPXW  261001C07630000;11.7;11.9;delta=0.432
2026-10-01 08:09;7635.0;7622.43;SPXW  261001C07635000;9.6;9.8;delta=0.38
2026-10-01 08:09;7640.0;7622.43;SPXW  261001C07640000;7.9;8.0;delta=0.33
2026-10-01 08:09;7645.0;7622.43;SPXW  261001C07645000;6.3;6.4;delta=0.283
2026-10-01 08:09;7650.0;7622.43;SPXW  261001C07650000;5.0;5.1;delta=0.239
2026-10-01 08:09;7655.0;7622.43;SPXW  261001C07655000;3.9;4.1;delta=0.2
2026-10-01 08:09;7660.0;7622.43;SPXW  261001C07660000;3.1;3.2;delta=0.163
2026-10-01 08:09;7665.0;7622.43;SPXW  261001C07665000;2.4;2.45;delta=0.133
2026-10-01 08:09;7670.0;7622.43;SPXW  261001C07670000;1.85;1.9;delta=0.107
2026-10-01 08:09;7675.0;7622.43;SPXW  261001C07675000;1.45;1.5;delta=0.086
2026-10-01 08:09;7680.0;7622.43;SPXW  261001C07680000;1.1;1.15;delta=0.07
2026-10-01 08:09;7685.0;7622.43;SPXW  261001C07685000;0.85;0.9;delta=0.056
2026-10-01 08:09;7690.0;7622.43;SPXW  261001C07690000;0.7;0.75;delta=0.045
2026-10-01 08:09;7695.0;7622.43;SPXW  261001C07695000;0.55;0.6;delta=0.036
2026-10-01 08:09;7700.0;7622.43;SPXW  261001C07700000;0.45;0.5;delta=0.03
2026-10-01 08:09;7705.0;7622.43;SPXW  261001C07705000;0.35;0.45;delta=0.027
2026-10-01 08:09;7710.0;7622.43;SPXW  261001C07710000;0.3;0.35;delta=0.021
2026-10-01 08:09;7715.0;7622.43;SPXW  261001C07715000;0.3;0.35;delta=0.02
2026-10-01 08:09;7720.0;7622.43;SPXW  261001C07720000;0.25;0.3;delta=0.017
2026-10-01 08:09;7725.0;7622.43;SPXW  261001C07725000;0.2;0.25;delta=0.014
2026-10-01 08:09;7730.0;7622.43;SPXW  261001C07730000;0.2;0.25;delta=0.013
2026-10-01 08:09;7735.0;7622.43;SPXW  261001C07735000;0.15;0.25;delta=0.011
2026-10-01 08:09;7740.0;7622.43;SPXW  261001C07740000;0.15;0.2;delta=0.01
2026-10-01 08:09;7745.0;7622.43;SPXW  261001C07745000;0.15;0.2;delta=0.01
2026-10-01 08:09;7750.0;7622.43;SPXW  261001C07750000;0.15;0.2;delta=0.01
2026-10-01 08:09;7755.0;7622.43;SPXW  261001C07755000;0.1;0.15;delta=0.007
2026-10-01 08:09;7760.0;7622.43;SPXW  261001C07760000;0.1;0.15;delta=0.007
2026-10-01 08:09;7765.0;7622.43;SPXW  261001C07765000;0.1;0.15;delta=0.007
2026-10-01 08:09;7770.0;7622.43;SPXW  261001C07770000;0.1;0.15;delta=0.007
2026-10-01 08:09;7775.0;7622.43;SPXW  261001C07775000;0.1;0.15;delta=0.006
2026-10-01 08:09;7780.0;7622.43;SPXW  261001C07780000;0.1;0.15;delta=0.006
2026-10-01 08:09;7785.0;7622.43;SPXW  261001C07785000;0.1;0.15;delta=0.006
2026-10-01 08:09;7790.0;7622.43;SPXW  261001C07790000;0.1;0.15;delta=0.006
2026-10-01 08:09;7795.0;7622.43;SPXW  261001C07795000;0.1;0.15;delta=0.006
2026-10-01 08:09;7800.0;7622.43;SPXW  261001C07800000;0.1;0.15;delta=0.006
2026-10-01 08:09;7805.0;7622.43;SPXW  261001C07805000;0.05;0.1;delta=0.004
2026-10-01 08:09;7810.0;7622.43;SPXW  261001C07810000;0.05;0.1;delta=0.004
2026-10-01 08:09;7815.0;7622.43;SPXW  261001C07815000;0.05;0.1;delta=0.004
2026-10-01 08:09;7820.0;7622.43;SPXW  261001C07820000;0.05;0.1;delta=0.003
2026-10-01 08:09;7825.0;7622.43;SPXW  261001C07825000;0.05;0.1;delta=0.003
2026-10-01 08:09;7830.0;7622.43;SPXW  261001C07830000;0.05;0.1;delta=0.003
2026-10-01 08:09;7835.0;7622.43;SPXW  261001C07835000;0.05;0.1;delta=0.003
2026-10-01 08:09;7840.0;7622.43;SPXW  261001C07840000;0.05;0.1;delta=0.003
2026-10-01 08:09;7845.0;7622.43;SPXW  261001C07845000;0.05;0.1;delta=0.003
2026-10-01 08:09;7850.0;7622.43;SPXW  261001C07850000;0.05;0.1;delta=0.003
2026-10-01 08:09;7855.0;7622.43;SPXW  261001C07855000;0.05;0.1;delta=0.003
2026-10-01 08:09;7860.0;7622.43;SPXW  261001C07860000;0.05;0.1;delta=0.003
2026-10-01 08:09;7865.0;7622.43;SPXW  261001C07865000;0.05;0.1;delta=0.003
2026-10-01 08:09;7870.0;7622.43;SPXW  261001C07870000;0.05;0.1;delta=0.003
2026-10-01 08:09;7375.0;7622.43;SPXW  261001P07375000;0.05;0.1;delta=-0.003
2026-10-01 08:09;7380.0;7622.43;SPXW  261001P07380000;0.05;0.1;delta=-0.003
2026-10-01 08:09;7385.0;7622.43;SPXW  261001P07385000;0.05;0.1;delta=-0.003
2026-10-01 08:09;7390.0;7622.43;SPXW  261001P07390000;0.05;0.1;delta=-0.003
2026-10-01 08:09;7395.0;7622.43;SPXW  261001P07395000;0.05;0.1;delta=-0.003
2026-10-01 08:09;7400.0;7622.43;SPXW  261001P07400000;0.05;0.1;delta=-0.003
2026-10-01 08:09;7405.0;7622.43;SPXW  261001P07405000;0.05;0.1;delta=-0.003
2026-10-01 08:09;7410.0;7622.43;SPXW  261001P07410000;0.05;0.1;delta=-0.003
2026-10-01 08:09;7415.0;7622.43;SPXW  261001P07415000;0.05;0.1;delta=-0.003
2026-10-01 08:09;7420.0;7622.43;SPXW  261001P07420000;0.05;0.15;delta=-0.004
2026-10-01 08:09;7425.0;7622.43;SPXW  261001P07425000;0.1;0.15;delta=-0.004
2026-10-01 08:09;7430.0;7622.43;SPXW  261001P07430000;0.1;0.15;delta=-0.005
2026-10-01 08:09;7435.0;7622.43;SPXW  261001P07435000;0.1;0.15;delta=-0.005
2026-10-01 08:09;7440.0;7622.43;SPXW  261001P07440000;0.1;0.15;delta=-0.005
2026-10-01 08:09;7445.0;7622.43;SPXW  261001P07445000;0.1;0.15;delta=-0.005
2026-10-01 08:09;7450.0;7622.43;SPXW  261001P07450000;0.1;0.15;delta=-0.006
2026-10-01 08:09;7455.0;7622.43;SPXW  261001P07455000;0.1;0.15;delta=-0.006
2026-10-01 08:09;7460.0;7622.43;SPXW  261001P07460000;0.1;0.15;delta=-0.006
2026-10-01 08:09;7465.0;7622.43;SPXW  261001P07465000;0.1;0.15;delta=-0.006
2026-10-01 08:09;7470.0;7622.43;SPXW  261001P07470000;0.15;0.2;delta=-0.007
2026-10-01 08:09;7475.0;7622.43;SPXW  261001P07475000;0.15;0.2;delta=-0.008
2026-10-01 08:09;7480.0;7622.43;SPXW  261001P07480000;0.15;0.2;delta=-0.009
2026-10-01 08:09;7485.0;7622.43;SPXW  261001P07485000;0.15;0.2;delta=-0.009
2026-10-01 08:09;7490.0;7622.43;SPXW  261001P07490000;0.15;0.2;delta=-0.009
2026-10-01 08:09;7495.0;7622.43;SPXW  261001P07495000;0.15;0.2;delta=-0.009
2026-10-01 08:09;7500.0;7622.43;SPXW  261001P07500000;0.2;0.25;delta=-0.012
2026-10-01 08:09;7505.0;7622.43;SPXW  261001P07505000;0.2;0.25;delta=-0.012
2026-10-01 08:09;7510.0;7622.43;SPXW  261001P07510000;0.2;0.25;delta=-0.013
2026-10-01 08:09;7515.0;7622.43;SPXW  261001P07515000;0.25;0.3;delta=-0.015
2026-10-01 08:09;7520.0;7622.43;SPXW  261001P07520000;0.3;0.35;delta=-0.018
2026-10-01 08:09;7525.0;7622.43;SPXW  261001P07525000;0.35;0.4;delta=-0.019
2026-10-01 08:09;7530.0;7622.43;SPXW  261001P07530000;0.4;0.45;delta=-0.024
2026-10-01 08:09;7535.0;7622.43;SPXW  261001P07535000;0.45;0.5;delta=-0.027
2026-10-01 08:09;7540.0;7622.43;SPXW  261001P07540000;0.55;0.6;delta=-0.031
2026-10-01 08:09;7545.0;7622.43;SPXW  261001P07545000;0.65;0.75;delta=-0.037
2026-10-01 08:09;7550.0;7622.43;SPXW  261001P07550000;0.8;0.85;delta=-0.046
2026-10-01 08:09;7555.0;7622.43;SPXW  261001P07555000;1.0;1.05;delta=-0.054
2026-10-01 08:09;7560.0;7622.43;SPXW  261001P07560000;1.25;1.3;delta=-0.065
2026-10-01 08:09;7565.0;7622.43;SPXW  261001P07565000;1.55;1.6;delta=-0.079
2026-10-01 08:09;7570.0;7622.43;SPXW  261001P07570000;1.9;1.95;delta=-0.095
2026-10-01 08:09;7575.0;7622.43;SPXW  261001P07575000;2.35;2.4;delta=-0.115
2026-10-01 08:09;7580.0;7622.43;SPXW  261001P07580000;2.95;3.0;delta=-0.138
2026-10-01 08:09;7585.0;7622.43;SPXW  261001P07585000;3.6;3.7;delta=-0.164
2026-10-01 08:09;7590.0;7622.43;SPXW  261001P07590000;4.5;4.6;delta=-0.196
2026-10-01 08:09;7595.0;7622.43;SPXW  261001P07595000;5.5;5.6;delta=-0.232
2026-10-01 08:09;7600.0;7622.43;SPXW  261001P07600000;6.7;6.8;delta=-0.271
2026-10-01 08:09;7605.0;7622.43;SPXW  261001P07605000;8.1;8.3;delta=-0.314
2026-10-01 08:09;7610.0;7622.43;SPXW  261001P07610000;9.8;9.9;delta=-0.362
2026-10-01 08:09;7615.0;7622.43;SPXW  261001P07615000;11.7;11.8;delta=-0.411
2026-10-01 08:09;7620.0;7622.43;SPXW  261001P07620000;13.8;14.0;delta=-0.463
2026-10-01 08:09;7625.0;7622.43;SPXW  261001P07625000;16.2;16.4;delta=-0.516
2026-10-01 08:09;7630.0;7622.43;SPXW  261001P07630000;18.9;19.1;delta=-0.568
2026-10-01 08:09;7635.0;7622.43;SPXW  261001P07635000;21.9;22.1;delta=-0.62
2026-10-01 08:09;7640.0;7622.43;SPXW  261001P07640000;25.1;25.4;delta=-0.671
2026-10-01 08:09;7645.0;7622.43;SPXW  261001P07645000;28.6;28.8;delta=-0.717
2026-10-01 08:09;7650.0;7622.43;SPXW  261001P07650000;32.2;32.6;delta=-0.762
2026-10-01 08:09;7655.0;7622.43;SPXW  261001P07655000;36.3;36.5;delta=-0.8
2026-10-01 08:09;7660.0;7622.43;SPXW  261001P07660000;40.5;40.7;delta=-0.837
2026-10-01 08:09;7665.0;7622.43;SPXW  261001P07665000;44.6;45.1;delta=-0.867
2026-10-01 08:09;7670.0;7622.43;SPXW  261001P07670000;49.3;49.5;delta=-0.893
2026-10-01 08:09;7675.0;7622.43;SPXW  261001P07675000;53.8;54.1;delta=-0.914
2026-10-01 08:09;7680.0;7622.43;SPXW  261001P07680000;58.2;58.8;delta=-0.93
2026-10-01 08:09;7685.0;7622.43;SPXW  261001P07685000;62.9;63.6;delta=-0.944
2026-10-01 08:09;7690.0;7622.43;SPXW  261001P07690000;67.7;68.4;delta=-0.955
2026-10-01 08:09;7695.0;7622.43;SPXW  261001P07695000;72.7;73.2;delta=-0.964
2026-10-01 08:09;7700.0;7622.43;SPXW  261001P07700000;77.5;78.1;delta=-0.97
2026-10-01 08:09;7705.0;7622.43;SPXW  261001P07705000;82.3;83.1;delta=-0.974
2026-10-01 08:09;7710.0;7622.43;SPXW  261001P07710000;87.5;88.0;delta=-0.979
2026-10-01 08:09;7715.0;7622.43;SPXW  261001P07715000;92.3;93.0;delta=-0.98
2026-10-01 08:09;7720.0;7622.43;SPXW  261001P07720000;97.3;97.9;delta=-0.983
2026-10-01 08:09;7725.0;7622.43;SPXW  261001P07725000;101.8;103.5;delta=-0.986
2026-10-01 08:09;7730.0;7622.43;SPXW  261001P07730000;103.2;110.0;delta=-0.987
2026-10-01 08:09;7735.0;7622.43;SPXW  261001P07735000;111.4;113.5;delta=-0.989
2026-10-01 08:09;7740.0;7622.43;SPXW  261001P07740000;116.3;118.3;delta=-0.99
2026-10-01 08:09;7745.0;7622.43;SPXW  261001P07745000;121.3;123.3;delta=-0.99
2026-10-01 08:09;7750.0;7622.43;SPXW  261001P07750000;126.3;128.3;delta=-0.99
2026-10-01 08:09;7755.0;7622.43;SPXW  261001P07755000;131.3;133.3;delta=-0.993
2026-10-01 08:09;7760.0;7622.43;SPXW  261001P07760000;136.3;138.5;delta=-0.993
2026-10-01 08:09;7765.0;7622.43;SPXW  261001P07765000;141.3;143.5;delta=-0.993
2026-10-01 08:09;7770.0;7622.43;SPXW  261001P07770000;146.3;148.5;delta=-0.994
2026-10-01 08:09;7775.0;7622.43;SPXW  261001P07775000;151.3;153.5;delta=-0.994
2026-10-01 08:09;7780.0;7622.43;SPXW  261001P07780000;156.3;158.4;delta=-0.994
2026-10-01 08:09;7785.0;7622.43;SPXW  261001P07785000;161.3;163.5;delta=-0.994
2026-10-01 08:09;7790.0;7622.43;SPXW  261001P07790000;163.1;170.5;delta=-0.994
2026-10-01 08:09;7795.0;7622.43;SPXW  261001P07795000;168.5;175.5;delta=-0.994
2026-10-01 08:09;7800.0;7622.43;SPXW  261001P07800000;176.3;178.4;delta=-0.994
2026-10-01 08:09;7805.0;7622.43;SPXW  261001P07805000;178.0;185.5;delta=-0.997
2026-10-01 08:09;7810.0;7622.43;SPXW  261001P07810000;183.5;190.5;delta=-0.997
2026-10-01 08:09;7815.0;7622.43;SPXW  261001P07815000;188.3;195.5;delta=-0.997
2026-10-01 08:09;7820.0;7622.43;SPXW  261001P07820000;193.3;200.5;delta=-0.997
2026-10-01 08:09;7825.0;7622.43;SPXW  261001P07825000;195.3;206.9;delta=-0.997
2026-10-01 08:09;7830.0;7622.43;SPXW  261001P07830000;206.2;208.4;delta=-0.997
2026-10-01 08:09;7835.0;7622.43;SPXW  261001P07835000;205.2;218.9;delta=-0.997
2026-10-01 08:09;7840.0;7622.43;SPXW  261001P07840000;209.4;222.7;delta=-0.997
2026-10-01 08:09;7845.0;7622.43;SPXW  261001P07845000;213.3;230.8;delta=-0.997
2026-10-01 08:09;7850.0;7622.43;SPXW  261001P07850000;218.3;236.3;delta=-0.997
2026-10-01 08:09;7855.0;7622.43;SPXW  261001P07855000;223.3;241.2;delta=-0.997
2026-10-01 08:09;7860.0;7622.43;SPXW  261001P07860000;228.9;246.2;delta=-0.997
2026-10-01 08:09;7865.0;7622.43;SPXW  261001P07865000;233.3;251.9;delta=-0.997
2026-10-01 08:09;7870.0;7622.43;SPXW  261001P07870000;238.3;256.9;delta=-0.997
2026-10-01 08:13;7380.0;7626.66;SPXW  261001C07380000;238.1;256.9;delta=0.997
2026-10-01 08:13;7385.0;7626.66;SPXW  261001C07385000;233.1;249.9;delta=0.997
2026-10-01 08:13;7390.0;7626.66;SPXW  261001C07390000;227.8;244.8;delta=0.997
2026-10-01 08:13;7395.0;7626.66;SPXW  261001C07395000;222.8;239.9;delta=0.997
2026-10-01 08:13;7400.0;7626.66;SPXW  261001C07400000;217.8;235.4;delta=0.997
2026-10-01 08:13;7405.0;7626.66;SPXW  261001C07405000;211.7;231.4;delta=0.997
2026-10-01 08:13;7410.0;7626.66;SPXW  261001C07410000;210.6;224.1;delta=0.995
2026-10-01 08:13;7415.0;7626.66;SPXW  261001C07415000;206.2;219.1;delta=0.995
2026-10-01 08:13;7420.0;7626.66;SPXW  261001C07420000;201.2;214.1;delta=0.995
2026-10-01 08:13;7425.0;7626.66;SPXW  261001C07425000;195.7;209.4;delta=0.995
2026-10-01 08:13;7430.0;7626.66;SPXW  261001C07430000;193.5;200.8;delta=0.995
2026-10-01 08:13;7435.0;7626.66;SPXW  261001C07435000;188.5;195.8;delta=0.995
2026-10-01 08:13;7440.0;7626.66;SPXW  261001C07440000;183.3;190.6;delta=0.995
2026-10-01 08:13;7445.0;7626.66;SPXW  261001C07445000;178.7;185.8;delta=0.995
2026-10-01 08:13;7450.0;7626.66;SPXW  261001C07450000;173.7;180.8;delta=0.995
2026-10-01 08:13;7455.0;7626.66;SPXW  261001C07455000;168.4;175.8;delta=0.994
2026-10-01 08:13;7460.0;7626.66;SPXW  261001C07460000;163.5;170.8;delta=0.994
2026-10-01 08:13;7465.0;7626.66;SPXW  261001C07465000;158.5;165.8;delta=0.993
2026-10-01 08:13;7470.0;7626.66;SPXW  261001C07470000;153.9;160.6;delta=0.993
2026-10-01 08:13;7475.0;7626.66;SPXW  261001C07475000;148.5;155.8;delta=0.992
2026-10-01 08:13;7480.0;7626.66;SPXW  261001C07480000;143.6;150.8;delta=0.992
2026-10-01 08:13;7485.0;7626.66;SPXW  261001C07485000;138.9;145.6;delta=0.991
2026-10-01 08:13;7490.0;7626.66;SPXW  261001C07490000;136.3;136.6;delta=0.991
2026-10-01 08:13;7495.0;7626.66;SPXW  261001C07495000;131.3;131.6;delta=0.991
2026-10-01 08:13;7500.0;7626.66;SPXW  261001C07500000;126.3;127.2;delta=0.988
2026-10-01 08:13;7505.0;7626.66;SPXW  261001C07505000;121.3;121.7;delta=0.988
2026-10-01 08:13;7510.0;7626.66;SPXW  261001C07510000;116.3;116.7;delta=0.988
2026-10-01 08:13;7515.0;7626.66;SPXW  261001C07515000;111.4;111.7;delta=0.985
2026-10-01 08:13;7520.0;7626.66;SPXW  261001C07520000;106.4;106.7;delta=0.985
2026-10-01 08:13;7525.0;7626.66;SPXW  261001C07525000;101.4;101.8;delta=0.982
2026-10-01 08:13;7530.0;7626.66;SPXW  261001C07530000;96.5;96.8;delta=0.979
2026-10-01 08:13;7535.0;7626.66;SPXW  261001C07535000;91.5;91.9;delta=0.976
2026-10-01 08:13;7540.0;7626.66;SPXW  261001C07540000;86.6;87.0;delta=0.973
2026-10-01 08:13;7545.0;7626.66;SPXW  261001C07545000;81.7;82.0;delta=0.967
2026-10-01 08:13;7550.0;7626.66;SPXW  261001C07550000;76.8;77.2;delta=0.961
2026-10-01 08:13;7555.0;7626.66;SPXW  261001C07555000;72.0;72.3;delta=0.954
2026-10-01 08:13;7560.0;7626.66;SPXW  261001C07560000;67.2;67.5;delta=0.944
2026-10-01 08:13;7565.0;7626.66;SPXW  261001C07565000;62.4;62.7;delta=0.932
2026-10-01 08:13;7570.0;7626.66;SPXW  261001C07570000;57.8;58.0;delta=0.918
2026-10-01 08:13;7575.0;7626.66;SPXW  261001C07575000;53.1;53.4;delta=0.9
2026-10-01 08:13;7580.0;7626.66;SPXW  261001C07580000;48.6;48.9;delta=0.88
2026-10-01 08:13;7585.0;7626.66;SPXW  261001C07585000;44.2;44.5;delta=0.856
2026-10-01 08:13;7590.0;7626.66;SPXW  261001C07590000;39.9;40.2;delta=0.827
2026-10-01 08:13;7595.0;7626.66;SPXW  261001C07595000;35.8;36.1;delta=0.795
2026-10-01 08:13;7600.0;7626.66;SPXW  261001C07600000;31.8;32.1;delta=0.758
2026-10-01 08:13;7605.0;7626.66;SPXW  261001C07605000;28.1;28.3;delta=0.717
2026-10-01 08:13;7610.0;7626.66;SPXW  261001C07610000;24.5;24.8;delta=0.673
2026-10-01 08:13;7615.0;7626.66;SPXW  261001C07615000;21.2;21.4;delta=0.625
2026-10-01 08:13;7620.0;7626.66;SPXW  261001C07620000;18.2;18.3;delta=0.574
2026-10-01 08:13;7625.0;7626.66;SPXW  261001C07625000;15.4;15.5;delta=0.521
2026-10-01 08:13;7630.0;7626.66;SPXW  261001C07630000;12.9;13.0;delta=0.467
2026-10-01 08:13;7635.0;7626.66;SPXW  261001C07635000;10.6;10.8;delta=0.413
2026-10-01 08:13;7640.0;7626.66;SPXW  261001C07640000;8.7;8.8;delta=0.361
2026-10-01 08:13;7645.0;7626.66;SPXW  261001C07645000;7.0;7.1;delta=0.311
2026-10-01 08:13;7650.0;7626.66;SPXW  261001C07650000;5.6;5.7;delta=0.263
2026-10-01 08:13;7655.0;7626.66;SPXW  261001C07655000;4.4;4.6;delta=0.22
2026-10-01 08:13;7660.0;7626.66;SPXW  261001C07660000;3.5;3.6;delta=0.181
2026-10-01 08:13;7665.0;7626.66;SPXW  261001C07665000;2.75;2.8;delta=0.149
2026-10-01 08:13;7670.0;7626.66;SPXW  261001C07670000;2.15;2.2;delta=0.121
2026-10-01 08:13;7675.0;7626.66;SPXW  261001C07675000;1.65;1.7;delta=0.097
2026-10-01 08:13;7680.0;7626.66;SPXW  261001C07680000;1.3;1.35;delta=0.079
2026-10-01 08:13;7685.0;7626.66;SPXW  261001C07685000;1.0;1.05;delta=0.063
2026-10-01 08:13;7690.0;7626.66;SPXW  261001C07690000;0.8;0.85;delta=0.051
2026-10-01 08:13;7695.0;7626.66;SPXW  261001C07695000;0.65;0.7;delta=0.042
2026-10-01 08:13;7700.0;7626.66;SPXW  261001C07700000;0.5;0.6;delta=0.036
2026-10-01 08:13;7705.0;7626.66;SPXW  261001C07705000;0.45;0.5;delta=0.03
2026-10-01 08:13;7710.0;7626.66;SPXW  261001C07710000;0.35;0.4;delta=0.024
2026-10-01 08:13;7715.0;7626.66;SPXW  261001C07715000;0.3;0.35;delta=0.021
2026-10-01 08:13;7720.0;7626.66;SPXW  261001C07720000;0.3;0.35;delta=0.017
2026-10-01 08:13;7725.0;7626.66;SPXW  261001C07725000;0.25;0.3;delta=0.017
2026-10-01 08:13;7730.0;7626.66;SPXW  261001C07730000;0.2;0.25;delta=0.014
2026-10-01 08:13;7735.0;7626.66;SPXW  261001C07735000;0.2;0.25;delta=0.013
2026-10-01 08:13;7740.0;7626.66;SPXW  261001C07740000;0.15;0.2;delta=0.011
2026-10-01 08:13;7745.0;7626.66;SPXW  261001C07745000;0.15;0.2;delta=0.01
2026-10-01 08:13;7750.0;7626.66;SPXW  261001C07750000;0.15;0.2;delta=0.01
2026-10-01 08:13;7755.0;7626.66;SPXW  261001C07755000;0.15;0.2;delta=0.01
2026-10-01 08:13;7760.0;7626.66;SPXW  261001C07760000;0.15;0.2;delta=0.009
2026-10-01 08:13;7765.0;7626.66;SPXW  261001C07765000;0.1;0.15;delta=0.007
2026-10-01 08:13;7770.0;7626.66;SPXW  261001C07770000;0.1;0.15;delta=0.007
2026-10-01 08:13;7775.0;7626.66;SPXW  261001C07775000;0.1;0.15;delta=0.007
2026-10-01 08:13;7780.0;7626.66;SPXW  261001C07780000;0.1;0.15;delta=0.006
2026-10-01 08:13;7785.0;7626.66;SPXW  261001C07785000;0.1;0.15;delta=0.006
2026-10-01 08:13;7790.0;7626.66;SPXW  261001C07790000;0.1;0.15;delta=0.006
2026-10-01 08:13;7795.0;7626.66;SPXW  261001C07795000;0.1;0.15;delta=0.006
2026-10-01 08:13;7800.0;7626.66;SPXW  261001C07800000;0.1;0.15;delta=0.006
2026-10-01 08:13;7805.0;7626.66;SPXW  261001C07805000;0.1;0.15;delta=0.006
2026-10-01 08:13;7810.0;7626.66;SPXW  261001C07810000;0.1;0.15;delta=0.006
2026-10-01 08:13;7815.0;7626.66;SPXW  261001C07815000;0.05;0.1;delta=0.004
2026-10-01 08:13;7820.0;7626.66;SPXW  261001C07820000;0.05;0.1;delta=0.003
2026-10-01 08:13;7825.0;7626.66;SPXW  261001C07825000;0.05;0.1;delta=0.003
2026-10-01 08:13;7830.0;7626.66;SPXW  261001C07830000;0.05;0.1;delta=0.003
2026-10-01 08:13;7835.0;7626.66;SPXW  261001C07835000;0.05;0.1;delta=0.003
2026-10-01 08:13;7840.0;7626.66;SPXW  261001C07840000;0.05;0.1;delta=0.003
2026-10-01 08:13;7845.0;7626.66;SPXW  261001C07845000;0.05;0.1;delta=0.003
2026-10-01 08:13;7850.0;7626.66;SPXW  261001C07850000;0.05;0.1;delta=0.003
2026-10-01 08:13;7855.0;7626.66;SPXW  261001C07855000;0.05;0.1;delta=0.003
2026-10-01 08:13;7860.0;7626.66;SPXW  261001C07860000;0.05;0.1;delta=0.003
2026-10-01 08:13;7865.0;7626.66;SPXW  261001C07865000;0.05;0.1;delta=0.003
2026-10-01 08:13;7870.0;7626.66;SPXW  261001C07870000;0.05;0.1;delta=0.003
2026-10-01 08:13;7875.0;7626.66;SPXW  261001C07875000;0.0;0.1;delta=0.002
2026-10-01 08:13;7380.0;7626.66;SPXW  261001P07380000;0.05;0.1;delta=-0.003
2026-10-01 08:13;7385.0;7626.66;SPXW  261001P07385000;0.05;0.1;delta=-0.003
2026-10-01 08:13;7390.0;7626.66;SPXW  261001P07390000;0.05;0.1;delta=-0.003
2026-10-01 08:13;7395.0;7626.66;SPXW  261001P07395000;0.05;0.1;delta=-0.003
2026-10-01 08:13;7400.0;7626.66;SPXW  261001P07400000;0.05;0.1;delta=-0.003
2026-10-01 08:13;7405.0;7626.66;SPXW  261001P07405000;0.05;0.1;delta=-0.003
2026-10-01 08:13;7410.0;7626.66;SPXW  261001P07410000;0.05;0.15;delta=-0.005
2026-10-01 08:13;7415.0;7626.66;SPXW  261001P07415000;0.05;0.15;delta=-0.005
2026-10-01 08:13;7420.0;7626.66;SPXW  261001P07420000;0.1;0.15;delta=-0.005
2026-10-01 08:13;7425.0;7626.66;SPXW  261001P07425000;0.1;0.15;delta=-0.005
2026-10-01 08:13;7430.0;7626.66;SPXW  261001P07430000;0.1;0.15;delta=-0.005
2026-10-01 08:13;7435.0;7626.66;SPXW  261001P07435000;0.1;0.15;delta=-0.005
2026-10-01 08:13;7440.0;7626.66;SPXW  261001P07440000;0.1;0.15;delta=-0.005
2026-10-01 08:13;7445.0;7626.66;SPXW  261001P07445000;0.1;0.15;delta=-0.005
2026-10-01 08:13;7450.0;7626.66;SPXW  261001P07450000;0.1;0.15;delta=-0.006
2026-10-01 08:13;7455.0;7626.66;SPXW  261001P07455000;0.1;0.15;delta=-0.006
2026-10-01 08:13;7460.0;7626.66;SPXW  261001P07460000;0.1;0.15;delta=-0.006
2026-10-01 08:13;7465.0;7626.66;SPXW  261001P07465000;0.1;0.2;delta=-0.007
2026-10-01 08:13;7470.0;7626.66;SPXW  261001P07470000;0.1;0.2;delta=-0.007
2026-10-01 08:13;7475.0;7626.66;SPXW  261001P07475000;0.15;0.2;delta=-0.008
2026-10-01 08:13;7480.0;7626.66;SPXW  261001P07480000;0.15;0.2;delta=-0.008
2026-10-01 08:13;7485.0;7626.66;SPXW  261001P07485000;0.15;0.2;delta=-0.009
2026-10-01 08:13;7490.0;7626.66;SPXW  261001P07490000;0.15;0.2;delta=-0.009
2026-10-01 08:13;7495.0;7626.66;SPXW  261001P07495000;0.15;0.2;delta=-0.009
2026-10-01 08:13;7500.0;7626.66;SPXW  261001P07500000;0.15;0.25;delta=-0.012
2026-10-01 08:13;7505.0;7626.66;SPXW  261001P07505000;0.2;0.25;delta=-0.012
2026-10-01 08:13;7510.0;7626.66;SPXW  261001P07510000;0.2;0.25;delta=-0.012
2026-10-01 08:13;7515.0;7626.66;SPXW  261001P07515000;0.25;0.3;delta=-0.015
2026-10-01 08:13;7520.0;7626.66;SPXW  261001P07520000;0.25;0.3;delta=-0.015
2026-10-01 08:13;7525.0;7626.66;SPXW  261001P07525000;0.3;0.35;delta=-0.018
2026-10-01 08:13;7530.0;7626.66;SPXW  261001P07530000;0.35;0.4;delta=-0.021
2026-10-01 08:13;7535.0;7626.66;SPXW  261001P07535000;0.4;0.45;delta=-0.024
2026-10-01 08:13;7540.0;7626.66;SPXW  261001P07540000;0.45;0.5;delta=-0.027
2026-10-01 08:13;7545.0;7626.66;SPXW  261001P07545000;0.55;0.6;delta=-0.033
2026-10-01 08:13;7550.0;7626.66;SPXW  261001P07550000;0.65;0.7;delta=-0.039
2026-10-01 08:13;7555.0;7626.66;SPXW  261001P07555000;0.8;0.85;delta=-0.046
2026-10-01 08:13;7560.0;7626.66;SPXW  261001P07560000;1.0;1.05;delta=-0.057
2026-10-01 08:13;7565.0;7626.66;SPXW  261001P07565000;1.2;1.3;delta=-0.068
2026-10-01 08:13;7570.0;7626.66;SPXW  261001P07570000;1.5;1.55;delta=-0.082
2026-10-01 08:13;7575.0;7626.66;SPXW  261001P07575000;1.9;1.95;delta=-0.1
2026-10-01 08:13;7580.0;7626.66;SPXW  261001P07580000;2.35;2.4;delta=-0.12
2026-10-01 08:13;7585.0;7626.66;SPXW  261001P07585000;2.95;3.0;delta=-0.144
2026-10-01 08:13;7590.0;7626.66;SPXW  261001P07590000;3.6;3.7;delta=-0.173
2026-10-01 08:13;7595.0;7626.66;SPXW  261001P07595000;4.4;4.6;delta=-0.205
2026-10-01 08:13;7600.0;7626.66;SPXW  261001P07600000;5.5;5.6;delta=-0.241
2026-10-01 08:13;7605.0;7626.66;SPXW  261001P07605000;6.7;6.8;delta=-0.283
2026-10-01 08:13;7610.0;7626.66;SPXW  261001P07610000;8.1;8.2;delta=-0.327
2026-10-01 08:13;7615.0;7626.66;SPXW  261001P07615000;9.7;9.9;delta=-0.375
2026-10-01 08:13;7620.0;7626.66;SPXW  261001P07620000;11.6;11.8;delta=-0.426
2026-10-01 08:13;7625.0;7626.66;SPXW  261001P07625000;13.8;13.9;delta=-0.479
2026-10-01 08:13;7630.0;7626.66;SPXW  261001P07630000;16.2;16.4;delta=-0.533
2026-10-01 08:13;7635.0;7626.66;SPXW  261001P07635000;19.0;19.1;delta=-0.587
2026-10-01 08:13;7640.0;7626.66;SPXW  261001P07640000;22.0;22.1;delta=-0.639
2026-10-01 08:13;7645.0;7626.66;SPXW  261001P07645000;25.3;25.4;delta=-0.69
2026-10-01 08:13;7650.0;7626.66;SPXW  261001P07650000;28.8;29.0;delta=-0.737
2026-10-01 08:13;7655.0;7626.66;SPXW  261001P07655000;32.5;32.8;delta=-0.78
2026-10-01 08:13;7660.0;7626.66;SPXW  261001P07660000;36.6;36.8;delta=-0.819
2026-10-01 08:13;7665.0;7626.66;SPXW  261001P07665000;40.8;41.1;delta=-0.85
2026-10-01 08:13;7670.0;7626.66;SPXW  261001P07670000;45.1;45.4;delta=-0.879
2026-10-01 08:13;7675.0;7626.66;SPXW  261001P07675000;49.6;50.0;delta=-0.903
2026-10-01 08:13;7680.0;7626.66;SPXW  261001P07680000;53.9;54.6;delta=-0.921
2026-10-01 08:13;7685.0;7626.66;SPXW  261001P07685000;58.6;59.3;delta=-0.937
2026-10-01 08:13;7690.0;7626.66;SPXW  261001P07690000;63.3;64.1;delta=-0.949
2026-10-01 08:13;7695.0;7626.66;SPXW  261001P07695000;68.2;68.9;delta=-0.958
2026-10-01 08:13;7700.0;7626.66;SPXW  261001P07700000;73.0;73.8;delta=-0.964
2026-10-01 08:13;7705.0;7626.66;SPXW  261001P07705000;77.8;78.7;delta=-0.97
2026-10-01 08:13;7710.0;7626.66;SPXW  261001P07710000;82.6;83.6;delta=-0.976
2026-10-01 08:13;7715.0;7626.66;SPXW  261001P07715000;87.6;88.6;delta=-0.979
2026-10-01 08:13;7720.0;7626.66;SPXW  261001P07720000;92.5;93.5;delta=-0.983
2026-10-01 08:13;7725.0;7626.66;SPXW  261001P07725000;97.6;98.5;delta=-0.983
2026-10-01 08:13;7730.0;7626.66;SPXW  261001P07730000;99.6;106.6;delta=-0.986
2026-10-01 08:13;7735.0;7626.66;SPXW  261001P07735000;107.6;108.7;delta=-0.987
2026-10-01 08:13;7740.0;7626.66;SPXW  261001P07740000;112.6;113.7;delta=-0.989
2026-10-01 08:13;7745.0;7626.66;SPXW  261001P07745000;117.6;118.8;delta=-0.99
2026-10-01 08:13;7750.0;7626.66;SPXW  261001P07750000;122.6;123.8;delta=-0.99
2026-10-01 08:13;7755.0;7626.66;SPXW  261001P07755000;127.6;128.7;delta=-0.99
2026-10-01 08:13;7760.0;7626.66;SPXW  261001P07760000;132.6;133.7;delta=-0.991
2026-10-01 08:13;7765.0;7626.66;SPXW  261001P07765000;137.5;138.6;delta=-0.993
2026-10-01 08:13;7770.0;7626.66;SPXW  261001P07770000;142.6;143.6;delta=-0.993
2026-10-01 08:13;7775.0;7626.66;SPXW  261001P07775000;147.5;148.6;delta=-0.994
2026-10-01 08:13;7780.0;7626.66;SPXW  261001P07780000;152.5;153.7;delta=-0.994
2026-10-01 08:13;7785.0;7626.66;SPXW  261001P07785000;157.5;158.6;delta=-0.994
2026-10-01 08:13;7790.0;7626.66;SPXW  261001P07790000;159.4;167.2;delta=-0.994
2026-10-01 08:13;7795.0;7626.66;SPXW  261001P07795000;164.7;171.9;delta=-0.994
2026-10-01 08:13;7800.0;7626.66;SPXW  261001P07800000;172.5;173.6;delta=-0.994
2026-10-01 08:13;7805.0;7626.66;SPXW  261001P07805000;174.4;182.2;delta=-0.994
2026-10-01 08:13;7810.0;7626.66;SPXW  261001P07810000;179.7;186.9;delta=-0.995
2026-10-01 08:13;7815.0;7626.66;SPXW  261001P07815000;184.4;192.2;delta=-0.996
2026-10-01 08:13;7820.0;7626.66;SPXW  261001P07820000;189.4;197.2;delta=-0.997
2026-10-01 08:13;7825.0;7626.66;SPXW  261001P07825000;194.6;202.1;delta=-0.997
2026-10-01 08:13;7830.0;7626.66;SPXW  261001P07830000;202.5;203.7;delta=-0.997
2026-10-01 08:13;7835.0;7626.66;SPXW  261001P07835000;200.9;214.0;delta=-0.997
2026-10-01 08:13;7840.0;7626.66;SPXW  261001P07840000;206.3;219.4;delta=-0.997
2026-10-01 08:13;7845.0;7626.66;SPXW  261001P07845000;207.0;227.0;delta=-0.997
2026-10-01 08:13;7850.0;7626.66;SPXW  261001P07850000;222.5;223.7;delta=-0.997
2026-10-01 08:13;7855.0;7626.66;SPXW  261001P07855000;219.5;238.2;delta=-0.997
2026-10-01 08:13;7860.0;7626.66;SPXW  261001P07860000;222.4;242.9;delta=-0.997
2026-10-01 08:13;7865.0;7626.66;SPXW  261001P07865000;231.2;248.1;delta=-0.997
2026-10-01 08:13;7870.0;7626.66;SPXW  261001P07870000;235.6;253.1;delta=-0.997
2026-10-01 08:13;7875.0;7626.66;SPXW  261001P07875000;236.9;257.0;delta=-0.998
2026-10-01 08:17;7390.0;7636.72;SPXW  261001C07390000;237.6;254.5;delta=0.997
2026-10-01 08:17;7395.0;7636.72;SPXW  261001C07395000;232.6;249.5;delta=0.997
2026-10-01 08:17;7400.0;7636.72;SPXW  261001C07400000;226.1;243.5;delta=0.997
2026-10-01 08:17;7405.0;7636.72;SPXW  261001C07405000;221.1;238.6;delta=0.997
2026-10-01 08:17;7410.0;7636.72;SPXW  261001C07410000;217.2;234.5;delta=0.997
2026-10-01 08:17;7415.0;7636.72;SPXW  261001C07415000;212.2;228.6;delta=0.997
2026-10-01 08:17;7420.0;7636.72;SPXW  261001C07420000;210.7;223.6;delta=0.997
2026-10-01 08:17;7425.0;7636.72;SPXW  261001C07425000;205.8;218.6;delta=0.997
2026-10-01 08:17;7430.0;7636.72;SPXW  261001C07430000;200.8;213.6;delta=0.997
2026-10-01 08:17;7435.0;7636.72;SPXW  261001C07435000;195.8;208.6;delta=0.995
2026-10-01 08:17;7440.0;7636.72;SPXW  261001C07440000;193.0;200.3;delta=0.995
2026-10-01 08:17;7445.0;7636.72;SPXW  261001C07445000;188.4;195.6;delta=0.995
2026-10-01 08:17;7450.0;7636.72;SPXW  261001C07450000;183.3;190.6;delta=0.995
2026-10-01 08:17;7455.0;7636.72;SPXW  261001C07455000;178.0;186.0;delta=0.995
2026-10-01 08:17;7460.0;7636.72;SPXW  261001C07460000;173.3;180.6;delta=0.994
2026-10-01 08:17;7465.0;7636.72;SPXW  261001C07465000;168.3;175.6;delta=0.994
2026-10-01 08:17;7470.0;7636.72;SPXW  261001C07470000;163.0;171.0;delta=0.994
2026-10-01 08:17;7475.0;7636.72;SPXW  261001C07475000;158.3;165.6;delta=0.994
2026-10-01 08:17;7480.0;7636.72;SPXW  261001C07480000;153.3;160.3;delta=0.994
2026-10-01 08:17;7485.0;7636.72;SPXW  261001C07485000;148.0;156.0;delta=0.994
2026-10-01 08:17;7490.0;7636.72;SPXW  261001C07490000;143.2;151.1;delta=0.994
2026-10-01 08:17;7495.0;7636.72;SPXW  261001C07495000;138.3;145.7;delta=0.993
2026-10-01 08:17;7500.0;7636.72;SPXW  261001C07500000;133.2;140.4;delta=0.991
2026-10-01 08:17;7505.0;7636.72;SPXW  261001C07505000;132.1;135.6;delta=0.991
2026-10-01 08:17;7510.0;7636.72;SPXW  261001C07510000;127.2;130.6;delta=0.991
2026-10-01 08:17;7515.0;7636.72;SPXW  261001C07515000;122.2;125.4;delta=0.99
2026-10-01 08:17;7520.0;7636.72;SPXW  261001C07520000;117.2;120.4;delta=0.988
2026-10-01 08:17;7525.0;7636.72;SPXW  261001C07525000;112.2;115.3;delta=0.987
2026-10-01 08:17;7530.0;7636.72;SPXW  261001C07530000;107.2;110.5;delta=0.987
2026-10-01 08:17;7535.0;7636.72;SPXW  261001C07535000;102.2;105.7;delta=0.984
2026-10-01 08:17;7540.0;7636.72;SPXW  261001C07540000;97.3;98.0;delta=0.981
2026-10-01 08:17;7545.0;7636.72;SPXW  261001C07545000;92.3;92.7;delta=0.98
2026-10-01 08:17;7550.0;7636.72;SPXW  261001C07550000;87.4;87.8;delta=0.976
2026-10-01 08:17;7555.0;7636.72;SPXW  261001C07555000;82.5;82.8;delta=0.972
2026-10-01 08:17;7560.0;7636.72;SPXW  261001C07560000;77.6;77.9;delta=0.966
2026-10-01 08:17;7565.0;7636.72;SPXW  261001C07565000;72.7;73.0;delta=0.96
2026-10-01 08:17;7570.0;7636.72;SPXW  261001C07570000;67.8;68.2;delta=0.951
2026-10-01 08:17;7575.0;7636.72;SPXW  261001C07575000;63.0;63.4;delta=0.94
2026-10-01 08:17;7580.0;7636.72;SPXW  261001C07580000;58.3;58.6;delta=0.927
2026-10-01 08:17;7585.0;7636.72;SPXW  261001C07585000;53.7;54.0;delta=0.91
2026-10-01 08:17;7590.0;7636.72;SPXW  261001C07590000;49.0;49.4;delta=0.891
2026-10-01 08:17;7595.0;7636.72;SPXW  261001C07595000;44.5;44.9;delta=0.867
2026-10-01 08:17;7600.0;7636.72;SPXW  261001C07600000;40.2;40.5;delta=0.838
2026-10-01 08:17;7605.0;7636.72;SPXW  261001C07605000;36.0;36.3;delta=0.807
2026-10-01 08:17;7610.0;7636.72;SPXW  261001C07610000;31.9;32.2;delta=0.769
2026-10-01 08:17;7615.0;7636.72;SPXW  261001C07615000;28.1;28.3;delta=0.728
2026-10-01 08:17;7620.0;7636.72;SPXW  261001C07620000;24.5;24.6;delta=0.681
2026-10-01 08:17;7625.0;7636.72;SPXW  261001C07625000;21.1;21.2;delta=0.631
2026-10-01 08:17;7630.0;7636.72;SPXW  261001C07630000;17.9;18.1;delta=0.577
2026-10-01 08:17;7635.0;7636.72;SPXW  261001C07635000;15.0;15.2;delta=0.521
2026-10-01 08:17;7640.0;7636.72;SPXW  261001C07640000;12.4;12.6;delta=0.464
2026-10-01 08:17;7645.0;7636.72;SPXW  261001C07645000;10.2;10.3;delta=0.407
2026-10-01 08:17;7650.0;7636.72;SPXW  261001C07650000;8.2;8.3;delta=0.352
2026-10-01 08:17;7655.0;7636.72;SPXW  261001C07655000;6.5;6.6;delta=0.298
2026-10-01 08:17;7660.0;7636.72;SPXW  261001C07660000;5.1;5.2;delta=0.25
2026-10-01 08:17;7665.0;7636.72;SPXW  261001C07665000;4.0;4.1;delta=0.206
2026-10-01 08:17;7670.0;7636.72;SPXW  261001C07670000;3.0;3.2;delta=0.167
2026-10-01 08:17;7675.0;7636.72;SPXW  261001C07675000;2.35;2.4;delta=0.135
2026-10-01 08:17;7680.0;7636.72;SPXW  261001C07680000;1.8;1.85;delta=0.108
2026-10-01 08:17;7685.0;7636.72;SPXW  261001C07685000;1.35;1.45;delta=0.086
2026-10-01 08:17;7690.0;7636.72;SPXW  261001C07690000;1.05;1.1;delta=0.069
2026-10-01 08:17;7695.0;7636.72;SPXW  261001C07695000;0.85;0.9;delta=0.055
2026-10-01 08:17;7700.0;7636.72;SPXW  261001C07700000;0.65;0.7;delta=0.045
2026-10-01 08:17;7705.0;7636.72;SPXW  261001C07705000;0.55;0.6;delta=0.037
2026-10-01 08:17;7710.0;7636.72;SPXW  261001C07710000;0.45;0.5;delta=0.031
2026-10-01 08:17;7715.0;7636.72;SPXW  261001C07715000;0.35;0.4;delta=0.025
2026-10-01 08:17;7720.0;7636.72;SPXW  261001C07720000;0.3;0.35;delta=0.022
2026-10-01 08:17;7725.0;7636.72;SPXW  261001C07725000;0.3;0.35;delta=0.021
2026-10-01 08:17;7730.0;7636.72;SPXW  261001C07730000;0.25;0.3;delta=0.017
2026-10-01 08:17;7735.0;7636.72;SPXW  261001C07735000;0.2;0.3;delta=0.016
2026-10-01 08:17;7740.0;7636.72;SPXW  261001C07740000;0.2;0.25;delta=0.014
2026-10-01 08:17;7745.0;7636.72;SPXW  261001C07745000;0.15;0.2;delta=0.011
2026-10-01 08:17;7750.0;7636.72;SPXW  261001C07750000;0.15;0.2;delta=0.011
2026-10-01 08:17;7755.0;7636.72;SPXW  261001C07755000;0.15;0.2;delta=0.01
2026-10-01 08:17;7760.0;7636.72;SPXW  261001C07760000;0.15;0.2;delta=0.01
2026-10-01 08:17;7765.0;7636.72;SPXW  261001C07765000;0.15;0.2;delta=0.01
2026-10-01 08:17;7770.0;7636.72;SPXW  261001C07770000;0.1;0.15;delta=0.007
2026-10-01 08:17;7775.0;7636.72;SPXW  261001C07775000;0.1;0.15;delta=0.007
2026-10-01 08:17;7780.0;7636.72;SPXW  261001C07780000;0.1;0.15;delta=0.007
2026-10-01 08:17;7785.0;7636.72;SPXW  261001C07785000;0.1;0.15;delta=0.007
2026-10-01 08:17;7790.0;7636.72;SPXW  261001C07790000;0.1;0.15;delta=0.006
2026-10-01 08:17;7795.0;7636.72;SPXW  261001C07795000;0.1;0.15;delta=0.006
2026-10-01 08:17;7800.0;7636.72;SPXW  261001C07800000;0.1;0.15;delta=0.006
2026-10-01 08:17;7805.0;7636.72;SPXW  261001C07805000;0.1;0.15;delta=0.006
2026-10-01 08:17;7810.0;7636.72;SPXW  261001C07810000;0.1;0.15;delta=0.006
2026-10-01 08:17;7815.0;7636.72;SPXW  261001C07815000;0.1;0.15;delta=0.006
2026-10-01 08:17;7820.0;7636.72;SPXW  261001C07820000;0.05;0.1;delta=0.004
2026-10-01 08:17;7825.0;7636.72;SPXW  261001C07825000;0.05;0.1;delta=0.004
2026-10-01 08:17;7830.0;7636.72;SPXW  261001C07830000;0.05;0.1;delta=0.003
2026-10-01 08:17;7835.0;7636.72;SPXW  261001C07835000;0.05;0.1;delta=0.003
2026-10-01 08:17;7840.0;7636.72;SPXW  261001C07840000;0.05;0.1;delta=0.003
2026-10-01 08:17;7845.0;7636.72;SPXW  261001C07845000;0.05;0.1;delta=0.003
2026-10-01 08:17;7850.0;7636.72;SPXW  261001C07850000;0.05;0.1;delta=0.003
2026-10-01 08:17;7855.0;7636.72;SPXW  261001C07855000;0.05;0.1;delta=0.003
2026-10-01 08:17;7860.0;7636.72;SPXW  261001C07860000;0.05;0.1;delta=0.003
2026-10-01 08:17;7865.0;7636.72;SPXW  261001C07865000;0.05;0.1;delta=0.003
2026-10-01 08:17;7870.0;7636.72;SPXW  261001C07870000;0.05;0.1;delta=0.003
2026-10-01 08:17;7875.0;7636.72;SPXW  261001C07875000;0.05;0.1;delta=0.003
2026-10-01 08:17;7880.0;7636.72;SPXW  261001C07880000;0.0;0.05;delta=0.001
2026-10-01 08:17;7885.0;7636.72;SPXW  261001C07885000;0.0;0.1;delta=0.002
2026-10-01 08:17;7390.0;7636.72;SPXW  261001P07390000;0.05;0.1;delta=-0.003
2026-10-01 08:17;7395.0;7636.72;SPXW  261001P07395000;0.05;0.1;delta=-0.003
2026-10-01 08:17;7400.0;7636.72;SPXW  261001P07400000;0.05;0.1;delta=-0.003
2026-10-01 08:17;7405.0;7636.72;SPXW  261001P07405000;0.05;0.1;delta=-0.003
2026-10-01 08:17;7410.0;7636.72;SPXW  261001P07410000;0.05;0.1;delta=-0.003
2026-10-01 08:17;7415.0;7636.72;SPXW  261001P07415000;0.05;0.1;delta=-0.003
2026-10-01 08:17;7420.0;7636.72;SPXW  261001P07420000;0.05;0.1;delta=-0.003
2026-10-01 08:17;7425.0;7636.72;SPXW  261001P07425000;0.05;0.1;delta=-0.003
2026-10-01 08:17;7430.0;7636.72;SPXW  261001P07430000;0.05;0.1;delta=-0.003
2026-10-01 08:17;7435.0;7636.72;SPXW  261001P07435000;0.1;0.15;delta=-0.005
2026-10-01 08:17;7440.0;7636.72;SPXW  261001P07440000;0.1;0.15;delta=-0.005
2026-10-01 08:17;7445.0;7636.72;SPXW  261001P07445000;0.1;0.15;delta=-0.005
2026-10-01 08:17;7450.0;7636.72;SPXW  261001P07450000;0.1;0.15;delta=-0.005
2026-10-01 08:17;7455.0;7636.72;SPXW  261001P07455000;0.1;0.15;delta=-0.005
2026-10-01 08:17;7460.0;7636.72;SPXW  261001P07460000;0.1;0.15;delta=-0.006
2026-10-01 08:17;7465.0;7636.72;SPXW  261001P07465000;0.1;0.15;delta=-0.006
2026-10-01 08:17;7470.0;7636.72;SPXW  261001P07470000;0.1;0.15;delta=-0.006
2026-10-01 08:17;7475.0;7636.72;SPXW  261001P07475000;0.1;0.15;delta=-0.006
2026-10-01 08:17;7480.0;7636.72;SPXW  261001P07480000;0.1;0.15;delta=-0.006
2026-10-01 08:17;7485.0;7636.72;SPXW  261001P07485000;0.1;0.15;delta=-0.006
2026-10-01 08:17;7490.0;7636.72;SPXW  261001P07490000;0.1;0.15;delta=-0.006
2026-10-01 08:17;7495.0;7636.72;SPXW  261001P07495000;0.1;0.15;delta=-0.007
2026-10-01 08:17;7500.0;7636.72;SPXW  261001P07500000;0.15;0.2;delta=-0.009
2026-10-01 08:17;7505.0;7636.72;SPXW  261001P07505000;0.15;0.2;delta=-0.009
2026-10-01 08:17;7510.0;7636.72;SPXW  261001P07510000;0.15;0.2;delta=-0.009
2026-10-01 08:17;7515.0;7636.72;SPXW  261001P07515000;0.15;0.2;delta=-0.01
2026-10-01 08:17;7520.0;7636.72;SPXW  261001P07520000;0.15;0.2;delta=-0.012
2026-10-01 08:17;7525.0;7636.72;SPXW  261001P07525000;0.2;0.25;delta=-0.013
2026-10-01 08:17;7530.0;7636.72;SPXW  261001P07530000;0.2;0.25;delta=-0.013
2026-10-01 08:17;7535.0;7636.72;SPXW  261001P07535000;0.25;0.3;delta=-0.016
2026-10-01 08:17;7540.0;7636.72;SPXW  261001P07540000;0.25;0.3;delta=-0.019
2026-10-01 08:17;7545.0;7636.72;SPXW  261001P07545000;0.3;0.35;delta=-0.02
2026-10-01 08:17;7550.0;7636.72;SPXW  261001P07550000;0.35;0.4;delta=-0.024
2026-10-01 08:17;7555.0;7636.72;SPXW  261001P07555000;0.45;0.5;delta=-0.028
2026-10-01 08:17;7560.0;7636.72;SPXW  261001P07560000;0.5;0.6;delta=-0.034
2026-10-01 08:17;7565.0;7636.72;SPXW  261001P07565000;0.65;0.7;delta=-0.04
2026-10-01 08:17;7570.0;7636.72;SPXW  261001P07570000;0.8;0.85;delta=-0.049
2026-10-01 08:17;7575.0;7636.72;SPXW  261001P07575000;1.0;1.05;delta=-0.06
2026-10-01 08:17;7580.0;7636.72;SPXW  261001P07580000;1.2;1.25;delta=-0.073
2026-10-01 08:17;7585.0;7636.72;SPXW  261001P07585000;1.55;1.6;delta=-0.09
2026-10-01 08:17;7590.0;7636.72;SPXW  261001P07590000;1.9;2.0;delta=-0.11
2026-10-01 08:17;7595.0;7636.72;SPXW  261001P07595000;2.45;2.5;delta=-0.133
2026-10-01 08:17;7600.0;7636.72;SPXW  261001P07600000;3.0;3.1;delta=-0.162
2026-10-01 08:17;7605.0;7636.72;SPXW  261001P07605000;3.8;3.9;delta=-0.193
2026-10-01 08:17;7610.0;7636.72;SPXW  261001P07610000;4.7;4.8;delta=-0.231
2026-10-01 08:17;7615.0;7636.72;SPXW  261001P07615000;5.8;5.9;delta=-0.272
2026-10-01 08:17;7620.0;7636.72;SPXW  261001P07620000;7.2;7.3;delta=-0.319
2026-10-01 08:17;7625.0;7636.72;SPXW  261001P07625000;8.7;8.8;delta=-0.369
2026-10-01 08:17;7630.0;7636.72;SPXW  261001P07630000;10.6;10.7;delta=-0.423
2026-10-01 08:17;7635.0;7636.72;SPXW  261001P07635000;12.6;12.8;delta=-0.479
2026-10-01 08:17;7640.0;7636.72;SPXW  261001P07640000;15.0;15.2;delta=-0.536
2026-10-01 08:17;7645.0;7636.72;SPXW  261001P07645000;17.7;17.8;delta=-0.593
2026-10-01 08:17;7650.0;7636.72;SPXW  261001P07650000;20.7;20.8;delta=-0.648
2026-10-01 08:17;7655.0;7636.72;SPXW  261001P07655000;23.9;24.2;delta=-0.701
2026-10-01 08:17;7660.0;7636.72;SPXW  261001P07660000;27.5;27.7;delta=-0.75
2026-10-01 08:17;7665.0;7636.72;SPXW  261001P07665000;31.3;31.6;delta=-0.794
2026-10-01 08:17;7670.0;7636.72;SPXW  261001P07670000;35.4;35.7;delta=-0.833
2026-10-01 08:17;7675.0;7636.72;SPXW  261001P07675000;39.6;39.9;delta=-0.865
2026-10-01 08:17;7680.0;7636.72;SPXW  261001P07680000;44.0;44.4;delta=-0.892
2026-10-01 08:17;7685.0;7636.72;SPXW  261001P07685000;48.6;49.0;delta=-0.914
2026-10-01 08:17;7690.0;7636.72;SPXW  261001P07690000;53.3;53.7;delta=-0.931
2026-10-01 08:17;7695.0;7636.72;SPXW  261001P07695000;58.0;58.4;delta=-0.945
2026-10-01 08:17;7700.0;7636.72;SPXW  261001P07700000;62.9;63.3;delta=-0.955
2026-10-01 08:17;7705.0;7636.72;SPXW  261001P07705000;67.7;68.1;delta=-0.963
2026-10-01 08:17;7710.0;7636.72;SPXW  261001P07710000;72.6;73.0;delta=-0.969
2026-10-01 08:17;7715.0;7636.72;SPXW  261001P07715000;77.6;78.0;delta=-0.975
2026-10-01 08:17;7720.0;7636.72;SPXW  261001P07720000;82.5;82.9;delta=-0.978
2026-10-01 08:17;7725.0;7636.72;SPXW  261001P07725000;87.5;87.9;delta=-0.979
2026-10-01 08:17;7730.0;7636.72;SPXW  261001P07730000;92.4;92.8;delta=-0.983
2026-10-01 08:17;7735.0;7636.72;SPXW  261001P07735000;97.4;97.8;delta=-0.984
2026-10-01 08:17;7740.0;7636.72;SPXW  261001P07740000;102.0;103.3;delta=-0.986
2026-10-01 08:17;7745.0;7636.72;SPXW  261001P07745000;107.0;108.3;delta=-0.989
2026-10-01 08:17;7750.0;7636.72;SPXW  261001P07750000;112.0;113.2;delta=-0.989
2026-10-01 08:17;7755.0;7636.72;SPXW  261001P07755000;117.0;118.2;delta=-0.99
2026-10-01 08:17;7760.0;7636.72;SPXW  261001P07760000;121.9;123.3;delta=-0.99
2026-10-01 08:17;7765.0;7636.72;SPXW  261001P07765000;126.9;128.3;delta=-0.99
2026-10-01 08:17;7770.0;7636.72;SPXW  261001P07770000;131.9;133.3;delta=-0.993
2026-10-01 08:17;7775.0;7636.72;SPXW  261001P07775000;136.9;138.3;delta=-0.993
2026-10-01 08:17;7780.0;7636.72;SPXW  261001P07780000;141.9;143.2;delta=-0.993
2026-10-01 08:17;7785.0;7636.72;SPXW  261001P07785000;146.9;148.2;delta=-0.993
2026-10-01 08:17;7790.0;7636.72;SPXW  261001P07790000;149.6;157.0;delta=-0.994
2026-10-01 08:17;7795.0;7636.72;SPXW  261001P07795000;154.8;162.1;delta=-0.994
2026-10-01 08:17;7800.0;7636.72;SPXW  261001P07800000;161.9;163.2;delta=-0.994
2026-10-01 08:17;7805.0;7636.72;SPXW  261001P07805000;164.2;172.0;delta=-0.994
2026-10-01 08:17;7810.0;7636.72;SPXW  261001P07810000;169.2;177.2;delta=-0.994
2026-10-01 08:17;7815.0;7636.72;SPXW  261001P07815000;174.6;181.8;delta=-0.994
2026-10-01 08:17;7820.0;7636.72;SPXW  261001P07820000;179.6;186.8;delta=-0.996
2026-10-01 08:17;7825.0;7636.72;SPXW  261001P07825000;184.2;191.7;delta=-0.996
2026-10-01 08:17;7830.0;7636.72;SPXW  261001P07830000;191.8;193.2;delta=-0.997
2026-10-01 08:17;7835.0;7636.72;SPXW  261001P07835000;194.1;202.0;delta=-0.997
2026-10-01 08:17;7840.0;7636.72;SPXW  261001P07840000;196.8;209.6;delta=-0.997
2026-10-01 08:17;7845.0;7636.72;SPXW  261001P07845000;200.8;214.6;delta=-0.997
2026-10-01 08:17;7850.0;7636.72;SPXW  261001P07850000;206.9;219.8;delta=-0.997
2026-10-01 08:17;7855.0;7636.72;SPXW  261001P07855000;211.8;227.9;delta=-0.997
2026-10-01 08:17;7860.0;7636.72;SPXW  261001P07860000;215.8;232.9;delta=-0.997
2026-10-01 08:17;7865.0;7636.72;SPXW  261001P07865000;220.8;237.9;delta=-0.997
2026-10-01 08:17;7870.0;7636.72;SPXW  261001P07870000;225.8;242.9;delta=-0.997
2026-10-01 08:17;7875.0;7636.72;SPXW  261001P07875000;230.8;247.9;delta=-0.997
2026-10-01 08:17;7880.0;7636.72;SPXW  261001P07880000;235.8;252.5;delta=-0.999
2026-10-01 08:17;7885.0;7636.72;SPXW  261001P07885000;240.8;257.5;delta=-0.998
2026-10-01 08:22;7390.0;7636.49;SPXW  261001C07390000;236.9;257.4;delta=0.997
2026-10-01 08:22;7395.0;7636.49;SPXW  261001C07395000;231.9;252.4;delta=0.997
2026-10-01 08:22;7400.0;7636.49;SPXW  261001C07400000;226.9;244.8;delta=0.997
2026-10-01 08:22;7405.0;7636.49;SPXW  261001C07405000;222.6;239.3;delta=0.997
2026-10-01 08:22;7410.0;7636.49;SPXW  261001C07410000;217.2;234.3;delta=0.997
2026-10-01 08:22;7415.0;7636.49;SPXW  261001C07415000;212.6;229.3;delta=0.997
2026-10-01 08:22;7420.0;7636.49;SPXW  261001C07420000;210.4;224.1;delta=0.997
2026-10-01 08:22;7425.0;7636.49;SPXW  261001C07425000;206.0;219.3;delta=0.997
2026-10-01 08:22;7430.0;7636.49;SPXW  261001C07430000;201.1;214.3;delta=0.997
2026-10-01 08:22;7435.0;7636.49;SPXW  261001C07435000;196.0;209.3;delta=0.997
2026-10-01 08:22;7440.0;7636.49;SPXW  261001C07440000;193.2;200.7;delta=0.995
2026-10-01 08:22;7445.0;7636.49;SPXW  261001C07445000;188.2;195.7;delta=0.995
2026-10-01 08:22;7450.0;7636.49;SPXW  261001C07450000;183.2;190.5;delta=0.995
2026-10-01 08:22;7455.0;7636.49;SPXW  261001C07455000;178.2;185.8;delta=0.995
2026-10-01 08:22;7460.0;7636.49;SPXW  261001C07460000;173.2;180.5;delta=0.995
2026-10-01 08:22;7465.0;7636.49;SPXW  261001C07465000;168.2;175.5;delta=0.994
2026-10-01 08:22;7470.0;7636.49;SPXW  261001C07470000;163.5;170.8;delta=0.994
2026-10-01 08:22;7475.0;7636.49;SPXW  261001C07475000;158.2;165.5;delta=0.994
2026-10-01 08:22;7480.0;7636.49;SPXW  261001C07480000;153.2;160.5;delta=0.994
2026-10-01 08:22;7485.0;7636.49;SPXW  261001C07485000;148.2;155.8;delta=0.994
2026-10-01 08:22;7490.0;7636.49;SPXW  261001C07490000;143.2;150.5;delta=0.994
2026-10-01 08:22;7495.0;7636.49;SPXW  261001C07495000;138.2;145.5;delta=0.994
2026-10-01 08:22;7500.0;7636.49;SPXW  261001C07500000;135.9;137.6;delta=0.991
2026-10-01 08:22;7505.0;7636.49;SPXW  261001C07505000;131.6;132.0;delta=0.991
2026-10-01 08:22;7510.0;7636.49;SPXW  261001C07510000;126.6;127.0;delta=0.991
2026-10-01 08:22;7515.0;7636.49;SPXW  261001C07515000;121.6;122.4;delta=0.99
2026-10-01 08:22;7520.0;7636.49;SPXW  261001C07520000;116.6;117.4;delta=0.99
2026-10-01 08:22;7525.0;7636.49;SPXW  261001C07525000;111.6;112.5;delta=0.987
2026-10-01 08:22;7530.0;7636.49;SPXW  261001C07530000;106.6;107.1;delta=0.987
2026-10-01 08:22;7535.0;7636.49;SPXW  261001C07535000;101.7;102.1;delta=0.984
2026-10-01 08:22;7540.0;7636.49;SPXW  261001C07540000;96.7;97.3;delta=0.984
2026-10-01 08:22;7545.0;7636.49;SPXW  261001C07545000;91.7;92.2;delta=0.98
2026-10-01 08:22;7550.0;7636.49;SPXW  261001C07550000;86.8;87.2;delta=0.977
2026-10-01 08:22;7555.0;7636.49;SPXW  261001C07555000;81.9;82.3;delta=0.973
2026-10-01 08:22;7560.0;7636.49;SPXW  261001C07560000;77.0;77.4;delta=0.968
2026-10-01 08:22;7565.0;7636.49;SPXW  261001C07565000;72.1;72.5;delta=0.961
2026-10-01 08:22;7570.0;7636.49;SPXW  261001C07570000;67.2;67.7;delta=0.953
2026-10-01 08:22;7575.0;7636.49;SPXW  261001C07575000;62.6;62.8;delta=0.943
2026-10-01 08:22;7580.0;7636.49;SPXW  261001C07580000;57.8;58.1;delta=0.93
2026-10-01 08:22;7585.0;7636.49;SPXW  261001C07585000;53.1;53.4;delta=0.914
2026-10-01 08:22;7590.0;7636.49;SPXW  261001C07590000;48.5;48.8;delta=0.894
2026-10-01 08:22;7595.0;7636.49;SPXW  261001C07595000;44.1;44.3;delta=0.871
2026-10-01 08:22;7600.0;7636.49;SPXW  261001C07600000;39.7;40.0;delta=0.843
2026-10-01 08:22;7605.0;7636.49;SPXW  261001C07605000;35.5;35.8;delta=0.81
2026-10-01 08:22;7610.0;7636.49;SPXW  261001C07610000;31.5;31.7;delta=0.774
2026-10-01 08:22;7615.0;7636.49;SPXW  261001C07615000;27.7;27.9;delta=0.732
2026-10-01 08:22;7620.0;7636.49;SPXW  261001C07620000;24.1;24.3;delta=0.686
2026-10-01 08:22;7625.0;7636.49;SPXW  261001C07625000;20.7;20.9;delta=0.636
2026-10-01 08:22;7630.0;7636.49;SPXW  261001C07630000;17.6;17.7;delta=0.582
2026-10-01 08:22;7635.0;7636.49;SPXW  261001C07635000;14.8;14.9;delta=0.526
2026-10-01 08:22;7640.0;7636.49;SPXW  261001C07640000;12.2;12.4;delta=0.469
2026-10-01 08:22;7645.0;7636.49;SPXW  261001C07645000;10.0;10.1;delta=0.412
2026-10-01 08:22;7650.0;7636.49;SPXW  261001C07650000;8.0;8.2;delta=0.356
2026-10-01 08:22;7655.0;7636.49;SPXW  261001C07655000;6.4;6.5;delta=0.302
2026-10-01 08:22;7660.0;7636.49;SPXW  261001C07660000;5.0;5.1;delta=0.253
2026-10-01 08:22;7665.0;7636.49;SPXW  261001C07665000;3.9;4.0;delta=0.209
2026-10-01 08:22;7670.0;7636.49;SPXW  261001C07670000;3.0;3.1;delta=0.168
2026-10-01 08:22;7675.0;7636.49;SPXW  261001C07675000;2.3;2.35;delta=0.137
2026-10-01 08:22;7680.0;7636.49;SPXW  261001C07680000;1.75;1.8;delta=0.109
2026-10-01 08:22;7685.0;7636.49;SPXW  261001C07685000;1.3;1.4;delta=0.086
2026-10-01 08:22;7690.0;7636.49;SPXW  261001C07690000;1.0;1.1;delta=0.069
2026-10-01 08:22;7695.0;7636.49;SPXW  261001C07695000;0.8;0.85;delta=0.054
2026-10-01 08:22;7700.0;7636.49;SPXW  261001C07700000;0.6;0.7;delta=0.045
2026-10-01 08:22;7705.0;7636.49;SPXW  261001C07705000;0.5;0.55;delta=0.036
2026-10-01 08:22;7710.0;7636.49;SPXW  261001C07710000;0.4;0.5;delta=0.029
2026-10-01 08:22;7715.0;7636.49;SPXW  261001C07715000;0.35;0.4;delta=0.025
2026-10-01 08:22;7720.0;7636.49;SPXW  261001C07720000;0.3;0.35;delta=0.022
2026-10-01 08:22;7725.0;7636.49;SPXW  261001C07725000;0.25;0.3;delta=0.018
2026-10-01 08:22;7730.0;7636.49;SPXW  261001C07730000;0.25;0.3;delta=0.017
2026-10-01 08:22;7735.0;7636.49;SPXW  261001C07735000;0.2;0.25;delta=0.014
2026-10-01 08:22;7740.0;7636.49;SPXW  261001C07740000;0.2;0.25;delta=0.014
2026-10-01 08:22;7745.0;7636.49;SPXW  261001C07745000;0.15;0.2;delta=0.011
2026-10-01 08:22;7750.0;7636.49;SPXW  261001C07750000;0.15;0.2;delta=0.011
2026-10-01 08:22;7755.0;7636.49;SPXW  261001C07755000;0.15;0.2;delta=0.01
2026-10-01 08:22;7760.0;7636.49;SPXW  261001C07760000;0.1;0.2;delta=0.009
2026-10-01 08:22;7765.0;7636.49;SPXW  261001C07765000;0.1;0.2;delta=0.009
2026-10-01 08:22;7770.0;7636.49;SPXW  261001C07770000;0.1;0.2;delta=0.007
2026-10-01 08:22;7775.0;7636.49;SPXW  261001C07775000;0.1;0.15;delta=0.007
2026-10-01 08:22;7780.0;7636.49;SPXW  261001C07780000;0.1;0.15;delta=0.007
2026-10-01 08:22;7785.0;7636.49;SPXW  261001C07785000;0.1;0.15;delta=0.007
2026-10-01 08:22;7790.0;7636.49;SPXW  261001C07790000;0.1;0.15;delta=0.006
2026-10-01 08:22;7795.0;7636.49;SPXW  261001C07795000;0.1;0.15;delta=0.006
2026-10-01 08:22;7800.0;7636.49;SPXW  261001C07800000;0.1;0.15;delta=0.006
2026-10-01 08:22;7805.0;7636.49;SPXW  261001C07805000;0.1;0.15;delta=0.006
2026-10-01 08:22;7810.0;7636.49;SPXW  261001C07810000;0.1;0.15;delta=0.006
2026-10-01 08:22;7815.0;7636.49;SPXW  261001C07815000;0.1;0.15;delta=0.006
2026-10-01 08:22;7820.0;7636.49;SPXW  261001C07820000;0.05;0.1;delta=0.004
2026-10-01 08:22;7825.0;7636.49;SPXW  261001C07825000;0.05;0.1;delta=0.004
2026-10-01 08:22;7830.0;7636.49;SPXW  261001C07830000;0.05;0.1;delta=0.003
2026-10-01 08:22;7835.0;7636.49;SPXW  261001C07835000;0.05;0.1;delta=0.003
2026-10-01 08:22;7840.0;7636.49;SPXW  261001C07840000;0.05;0.1;delta=0.003
2026-10-01 08:22;7845.0;7636.49;SPXW  261001C07845000;0.05;0.1;delta=0.003
2026-10-01 08:22;7850.0;7636.49;SPXW  261001C07850000;0.05;0.1;delta=0.003
2026-10-01 08:22;7855.0;7636.49;SPXW  261001C07855000;0.05;0.1;delta=0.003
2026-10-01 08:22;7860.0;7636.49;SPXW  261001C07860000;0.05;0.1;delta=0.003
2026-10-01 08:22;7865.0;7636.49;SPXW  261001C07865000;0.05;0.1;delta=0.003
2026-10-01 08:22;7870.0;7636.49;SPXW  261001C07870000;0.05;0.1;delta=0.003
2026-10-01 08:22;7875.0;7636.49;SPXW  261001C07875000;0.0;0.1;delta=0.002
2026-10-01 08:22;7880.0;7636.49;SPXW  261001C07880000;0.05;0.1;delta=0.003
2026-10-01 08:22;7885.0;7636.49;SPXW  261001C07885000;0.0;0.1;delta=0.002
2026-10-01 08:22;7390.0;7636.49;SPXW  261001P07390000;0.05;0.1;delta=-0.003
2026-10-01 08:22;7395.0;7636.49;SPXW  261001P07395000;0.05;0.1;delta=-0.003
2026-10-01 08:22;7400.0;7636.49;SPXW  261001P07400000;0.05;0.1;delta=-0.003
2026-10-01 08:22;7405.0;7636.49;SPXW  261001P07405000;0.05;0.1;delta=-0.003
2026-10-01 08:22;7410.0;7636.49;SPXW  261001P07410000;0.05;0.1;delta=-0.003
2026-10-01 08:22;7415.0;7636.49;SPXW  261001P07415000;0.05;0.1;delta=-0.003
2026-10-01 08:22;7420.0;7636.49;SPXW  261001P07420000;0.05;0.1;delta=-0.003
2026-10-01 08:22;7425.0;7636.49;SPXW  261001P07425000;0.05;0.1;delta=-0.003
2026-10-01 08:22;7430.0;7636.49;SPXW  261001P07430000;0.05;0.1;delta=-0.003
2026-10-01 08:22;7435.0;7636.49;SPXW  261001P07435000;0.05;0.1;delta=-0.003
2026-10-01 08:22;7440.0;7636.49;SPXW  261001P07440000;0.1;0.15;delta=-0.005
2026-10-01 08:22;7445.0;7636.49;SPXW  261001P07445000;0.1;0.15;delta=-0.005
2026-10-01 08:22;7450.0;7636.49;SPXW  261001P07450000;0.1;0.15;delta=-0.005
2026-10-01 08:22;7455.0;7636.49;SPXW  261001P07455000;0.1;0.15;delta=-0.005
2026-10-01 08:22;7460.0;7636.49;SPXW  261001P07460000;0.1;0.15;delta=-0.006
2026-10-01 08:22;7465.0;7636.49;SPXW  261001P07465000;0.1;0.15;delta=-0.006
2026-10-01 08:22;7470.0;7636.49;SPXW  261001P07470000;0.1;0.15;delta=-0.006
2026-10-01 08:22;7475.0;7636.49;SPXW  261001P07475000;0.1;0.15;delta=-0.006
2026-10-01 08:22;7480.0;7636.49;SPXW  261001P07480000;0.1;0.15;delta=-0.006
2026-10-01 08:22;7485.0;7636.49;SPXW  261001P07485000;0.1;0.15;delta=-0.006
2026-10-01 08:22;7490.0;7636.49;SPXW  261001P07490000;0.1;0.15;delta=-0.006
2026-10-01 08:22;7495.0;7636.49;SPXW  261001P07495000;0.1;0.15;delta=-0.007
2026-10-01 08:22;7500.0;7636.49;SPXW  261001P07500000;0.15;0.2;delta=-0.009
2026-10-01 08:22;7505.0;7636.49;SPXW  261001P07505000;0.15;0.2;delta=-0.009
2026-10-01 08:22;7510.0;7636.49;SPXW  261001P07510000;0.15;0.2;delta=-0.009
2026-10-01 08:22;7515.0;7636.49;SPXW  261001P07515000;0.15;0.2;delta=-0.01
2026-10-01 08:22;7520.0;7636.49;SPXW  261001P07520000;0.15;0.25;delta=-0.01
2026-10-01 08:22;7525.0;7636.49;SPXW  261001P07525000;0.2;0.25;delta=-0.013
2026-10-01 08:22;7530.0;7636.49;SPXW  261001P07530000;0.2;0.25;delta=-0.013
2026-10-01 08:22;7535.0;7636.49;SPXW  261001P07535000;0.25;0.3;delta=-0.016
2026-10-01 08:22;7540.0;7636.49;SPXW  261001P07540000;0.25;0.35;delta=-0.017
2026-10-01 08:22;7545.0;7636.49;SPXW  261001P07545000;0.3;0.35;delta=-0.02
2026-10-01 08:22;7550.0;7636.49;SPXW  261001P07550000;0.35;0.4;delta=-0.023
2026-10-01 08:22;7555.0;7636.49;SPXW  261001P07555000;0.45;0.5;delta=-0.027
2026-10-01 08:22;7560.0;7636.49;SPXW  261001P07560000;0.5;0.6;delta=-0.032
2026-10-01 08:22;7565.0;7636.49;SPXW  261001P07565000;0.65;0.7;delta=-0.039
2026-10-01 08:22;7570.0;7636.49;SPXW  261001P07570000;0.8;0.85;delta=-0.048
2026-10-01 08:22;7575.0;7636.49;SPXW  261001P07575000;1.0;1.05;delta=-0.057
2026-10-01 08:22;7580.0;7636.49;SPXW  261001P07580000;1.25;1.35;delta=-0.071
2026-10-01 08:22;7585.0;7636.49;SPXW  261001P07585000;1.6;1.65;delta=-0.086
2026-10-01 08:22;7590.0;7636.49;SPXW  261001P07590000;2.0;2.1;delta=-0.106
2026-10-01 08:22;7595.0;7636.49;SPXW  261001P07595000;2.55;2.6;delta=-0.129
2026-10-01 08:22;7600.0;7636.49;SPXW  261001P07600000;3.2;3.3;delta=-0.157
2026-10-01 08:22;7605.0;7636.49;SPXW  261001P07605000;4.0;4.1;delta=-0.19
2026-10-01 08:22;7610.0;7636.49;SPXW  261001P07610000;5.0;5.1;delta=-0.227
2026-10-01 08:22;7615.0;7636.49;SPXW  261001P07615000;6.1;6.3;delta=-0.268
2026-10-01 08:22;7620.0;7636.49;SPXW  261001P07620000;7.5;7.7;delta=-0.314
2026-10-01 08:22;7625.0;7636.49;SPXW  261001P07625000;9.2;9.3;delta=-0.364
2026-10-01 08:22;7630.0;7636.49;SPXW  261001P07630000;11.1;11.2;delta=-0.418
2026-10-01 08:22;7635.0;7636.49;SPXW  261001P07635000;13.2;13.4;delta=-0.474
2026-10-01 08:22;7640.0;7636.49;SPXW  261001P07640000;15.7;15.8;delta=-0.531
2026-10-01 08:22;7645.0;7636.49;SPXW  261001P07645000;18.5;18.6;delta=-0.589
2026-10-01 08:22;7650.0;7636.49;SPXW  261001P07650000;21.6;21.8;delta=-0.645
2026-10-01 08:22;7655.0;7636.49;SPXW  261001P07655000;24.9;25.1;delta=-0.697
2026-10-01 08:22;7660.0;7636.49;SPXW  261001P07660000;28.5;28.8;delta=-0.747
2026-10-01 08:22;7665.0;7636.49;SPXW  261001P07665000;32.4;32.6;delta=-0.791
2026-10-01 08:22;7670.0;7636.49;SPXW  261001P07670000;36.5;36.7;delta=-0.83
2026-10-01 08:22;7675.0;7636.49;SPXW  261001P07675000;40.8;41.1;delta=-0.863
2026-10-01 08:22;7680.0;7636.49;SPXW  261001P07680000;45.2;45.5;delta=-0.891
2026-10-01 08:22;7685.0;7636.49;SPXW  261001P07685000;49.8;50.1;delta=-0.914
2026-10-01 08:22;7690.0;7636.49;SPXW  261001P07690000;54.5;54.8;delta=-0.931
2026-10-01 08:22;7695.0;7636.49;SPXW  261001P07695000;59.2;59.6;delta=-0.946
2026-10-01 08:22;7700.0;7636.49;SPXW  261001P07700000;64.1;64.5;delta=-0.955
2026-10-01 08:22;7705.0;7636.49;SPXW  261001P07705000;68.9;69.3;delta=-0.965
2026-10-01 08:22;7710.0;7636.49;SPXW  261001P07710000;73.9;74.3;delta=-0.971
2026-10-01 08:22;7715.0;7636.49;SPXW  261001P07715000;78.8;79.2;delta=-0.975
2026-10-01 08:22;7720.0;7636.49;SPXW  261001P07720000;83.7;84.1;delta=-0.979
2026-10-01 08:22;7725.0;7636.49;SPXW  261001P07725000;88.7;89.1;delta=-0.982
2026-10-01 08:22;7730.0;7636.49;SPXW  261001P07730000;93.7;94.1;delta=-0.983
2026-10-01 08:22;7735.0;7636.49;SPXW  261001P07735000;98.6;99.1;delta=-0.986
2026-10-01 08:22;7740.0;7636.49;SPXW  261001P07740000;102.9;104.7;delta=-0.986
2026-10-01 08:22;7745.0;7636.49;SPXW  261001P07745000;107.9;109.6;delta=-0.989
2026-10-01 08:22;7750.0;7636.49;SPXW  261001P07750000;113.5;114.1;delta=-0.99
2026-10-01 08:22;7755.0;7636.49;SPXW  261001P07755000;117.9;119.6;delta=-0.99
2026-10-01 08:22;7760.0;7636.49;SPXW  261001P07760000;122.9;124.6;delta=-0.991
2026-10-01 08:22;7765.0;7636.49;SPXW  261001P07765000;127.9;129.6;delta=-0.992
2026-10-01 08:22;7770.0;7636.49;SPXW  261001P07770000;132.9;134.6;delta=-0.993
2026-10-01 08:22;7775.0;7636.49;SPXW  261001P07775000;137.8;139.6;delta=-0.993
2026-10-01 08:22;7780.0;7636.49;SPXW  261001P07780000;142.8;144.6;delta=-0.993
2026-10-01 08:22;7785.0;7636.49;SPXW  261001P07785000;147.8;149.6;delta=-0.994
2026-10-01 08:22;7790.0;7636.49;SPXW  261001P07790000;150.0;157.1;delta=-0.994
2026-10-01 08:22;7795.0;7636.49;SPXW  261001P07795000;155.0;162.0;delta=-0.994
2026-10-01 08:22;7800.0;7636.49;SPXW  261001P07800000;162.8;164.6;delta=-0.994
2026-10-01 08:22;7805.0;7636.49;SPXW  261001P07805000;164.9;172.0;delta=-0.994
2026-10-01 08:22;7810.0;7636.49;SPXW  261001P07810000;170.0;177.0;delta=-0.994
2026-10-01 08:22;7815.0;7636.49;SPXW  261001P07815000;174.7;182.0;delta=-0.994
2026-10-01 08:22;7820.0;7636.49;SPXW  261001P07820000;179.7;187.0;delta=-0.996
2026-10-01 08:22;7825.0;7636.49;SPXW  261001P07825000;185.0;192.0;delta=-0.997
2026-10-01 08:22;7830.0;7636.49;SPXW  261001P07830000;192.8;194.5;delta=-0.997
2026-10-01 08:22;7835.0;7636.49;SPXW  261001P07835000;194.9;202.0;delta=-0.997
2026-10-01 08:22;7840.0;7636.49;SPXW  261001P07840000;196.2;209.8;delta=-0.997
2026-10-01 08:22;7845.0;7636.49;SPXW  261001P07845000;201.1;214.8;delta=-0.997
2026-10-01 08:22;7850.0;7636.49;SPXW  261001P07850000;206.1;219.8;delta=-0.997
2026-10-01 08:22;7855.0;7636.49;SPXW  261001P07855000;207.8;226.5;delta=-0.997
2026-10-01 08:22;7860.0;7636.49;SPXW  261001P07860000;214.4;231.5;delta=-0.997
2026-10-01 08:22;7865.0;7636.49;SPXW  261001P07865000;217.8;236.5;delta=-0.997
2026-10-01 08:22;7870.0;7636.49;SPXW  261001P07870000;222.8;241.5;delta=-0.997
2026-10-01 08:22;7875.0;7636.49;SPXW  261001P07875000;229.6;248.0;delta=-0.998
2026-10-01 08:22;7880.0;7636.49;SPXW  261001P07880000;234.4;251.5;delta=-0.997
2026-10-01 08:22;7885.0;7636.49;SPXW  261001P07885000;239.6;256.5;delta=-0.998
2026-10-01 08:26;7390.0;7637.08;SPXW  261001C07390000;236.6;256.7;delta=0.997
2026-10-01 08:26;7395.0;7637.08;SPXW  261001C07395000;231.6;251.7;delta=0.997
2026-10-01 08:26;7400.0;7637.08;SPXW  261001C07400000;226.6;244.8;delta=0.997
2026-10-01 08:26;7405.0;7637.08;SPXW  261001C07405000;222.6;239.4;delta=0.997
2026-10-01 08:26;7410.0;7637.08;SPXW  261001C07410000;217.4;234.4;delta=0.997
2026-10-01 08:26;7415.0;7637.08;SPXW  261001C07415000;212.6;229.4;delta=0.997
2026-10-01 08:26;7420.0;7637.08;SPXW  261001C07420000;210.3;223.1;delta=0.997
2026-10-01 08:26;7425.0;7637.08;SPXW  261001C07425000;206.0;217.9;delta=0.997
2026-10-01 08:26;7430.0;7637.08;SPXW  261001C07430000;201.0;212.9;delta=0.997
2026-10-01 08:26;7435.0;7637.08;SPXW  261001C07435000;196.0;209.2;delta=0.997
2026-10-01 08:26;7440.0;7637.08;SPXW  261001C07440000;193.0;200.7;delta=0.997
2026-10-01 08:26;7445.0;7637.08;SPXW  261001C07445000;188.5;195.5;delta=0.995
2026-10-01 08:26;7450.0;7637.08;SPXW  261001C07450000;183.2;190.6;delta=0.995
2026-10-01 08:26;7455.0;7637.08;SPXW  261001C07455000;178.5;185.7;delta=0.995
2026-10-01 08:26;7460.0;7637.08;SPXW  261001C07460000;173.3;180.6;delta=0.994
2026-10-01 08:26;7465.0;7637.08;SPXW  261001C07465000;168.5;175.6;delta=0.994
2026-10-01 08:26;7470.0;7637.08;SPXW  261001C07470000;163.5;170.7;delta=0.994
2026-10-01 08:26;7475.0;7637.08;SPXW  261001C07475000;158.5;165.6;delta=0.994
2026-10-01 08:26;7480.0;7637.08;SPXW  261001C07480000;153.5;160.6;delta=0.994
2026-10-01 08:26;7485.0;7637.08;SPXW  261001C07485000;148.5;155.6;delta=0.994
2026-10-01 08:26;7490.0;7637.08;SPXW  261001C07490000;143.5;150.6;delta=0.994
2026-10-01 08:26;7495.0;7637.08;SPXW  261001C07495000;138.5;145.6;delta=0.993
2026-10-01 08:26;7500.0;7637.08;SPXW  261001C07500000;136.2;137.5;delta=0.993
2026-10-01 08:26;7505.0;7637.08;SPXW  261001C07505000;131.7;132.1;delta=0.991
2026-10-01 08:26;7510.0;7637.08;SPXW  261001C07510000;126.7;127.1;delta=0.991
2026-10-01 08:26;7515.0;7637.08;SPXW  261001C07515000;121.7;122.1;delta=0.99
2026-10-01 08:26;7520.0;7637.08;SPXW  261001C07520000;116.7;117.1;delta=0.99
2026-10-01 08:26;7525.0;7637.08;SPXW  261001C07525000;111.7;112.1;delta=0.987
2026-10-01 08:26;7530.0;7637.08;SPXW  261001C07530000;106.7;107.1;delta=0.987
2026-10-01 08:26;7535.0;7637.08;SPXW  261001C07535000;101.8;102.2;delta=0.985
2026-10-01 08:26;7540.0;7637.08;SPXW  261001C07540000;96.8;97.2;delta=0.983
2026-10-01 08:26;7545.0;7637.08;SPXW  261001C07545000;91.8;92.2;delta=0.98
2026-10-01 08:26;7550.0;7637.08;SPXW  261001C07550000;86.9;87.3;delta=0.977
2026-10-01 08:26;7555.0;7637.08;SPXW  261001C07555000;82.0;82.3;delta=0.974
2026-10-01 08:26;7560.0;7637.08;SPXW  261001C07560000;77.0;77.4;delta=0.968
2026-10-01 08:26;7565.0;7637.08;SPXW  261001C07565000;72.1;72.5;delta=0.962
2026-10-01 08:26;7570.0;7637.08;SPXW  261001C07570000;67.3;67.7;delta=0.953
2026-10-01 08:26;7575.0;7637.08;SPXW  261001C07575000;62.6;62.8;delta=0.943
2026-10-01 08:26;7580.0;7637.08;SPXW  261001C07580000;57.8;58.0;delta=0.931
2026-10-01 08:26;7585.0;7637.08;SPXW  261001C07585000;53.1;53.3;delta=0.915
2026-10-01 08:26;7590.0;7637.08;SPXW  261001C07590000;48.5;48.7;delta=0.895
2026-10-01 08:26;7595.0;7637.08;SPXW  261001C07595000;44.0;44.2;delta=0.871
2026-10-01 08:26;7600.0;7637.08;SPXW  261001C07600000;39.6;39.8;delta=0.844
2026-10-01 08:26;7605.0;7637.08;SPXW  261001C07605000;35.4;35.6;delta=0.811
2026-10-01 08:26;7610.0;7637.08;SPXW  261001C07610000;31.3;31.5;delta=0.774
2026-10-01 08:26;7615.0;7637.08;SPXW  261001C07615000;27.4;27.6;delta=0.731
2026-10-01 08:26;7620.0;7637.08;SPXW  261001C07620000;23.8;24.0;delta=0.684
2026-10-01 08:26;7625.0;7637.08;SPXW  261001C07625000;20.4;20.6;delta=0.632
2026-10-01 08:26;7630.0;7637.08;SPXW  261001C07630000;17.3;17.5;delta=0.577
2026-10-01 08:26;7635.0;7637.08;SPXW  261001C07635000;14.5;14.6;delta=0.519
2026-10-01 08:26;7640.0;7637.08;SPXW  261001C07640000;12.0;12.1;delta=0.462
2026-10-01 08:26;7645.0;7637.08;SPXW  261001C07645000;9.8;9.9;delta=0.404
2026-10-01 08:26;7650.0;7637.08;SPXW  261001C07650000;7.9;8.0;delta=0.348
2026-10-01 08:26;7655.0;7637.08;SPXW  261001C07655000;6.2;6.4;delta=0.296
2026-10-01 08:26;7660.0;7637.08;SPXW  261001C07660000;4.9;5.0;delta=0.247
2026-10-01 08:26;7665.0;7637.08;SPXW  261001C07665000;3.8;3.9;delta=0.203
2026-10-01 08:26;7670.0;7637.08;SPXW  261001C07670000;2.95;3.0;delta=0.167
2026-10-01 08:26;7675.0;7637.08;SPXW  261001C07675000;2.25;2.35;delta=0.134
2026-10-01 08:26;7680.0;7637.08;SPXW  261001C07680000;1.75;1.8;delta=0.107
2026-10-01 08:26;7685.0;7637.08;SPXW  261001C07685000;1.35;1.4;delta=0.085
2026-10-01 08:26;7690.0;7637.08;SPXW  261001C07690000;1.05;1.1;delta=0.068
2026-10-01 08:26;7695.0;7637.08;SPXW  261001C07695000;0.8;0.85;delta=0.054
2026-10-01 08:26;7700.0;7637.08;SPXW  261001C07700000;0.65;0.7;delta=0.044
2026-10-01 08:26;7705.0;7637.08;SPXW  261001C07705000;0.5;0.6;delta=0.036
2026-10-01 08:26;7710.0;7637.08;SPXW  261001C07710000;0.45;0.5;delta=0.031
2026-10-01 08:26;7715.0;7637.08;SPXW  261001C07715000;0.35;0.4;delta=0.027
2026-10-01 08:26;7720.0;7637.08;SPXW  261001C07720000;0.3;0.35;delta=0.021
2026-10-01 08:26;7725.0;7637.08;SPXW  261001C07725000;0.25;0.35;delta=0.018
2026-10-01 08:26;7730.0;7637.08;SPXW  261001C07730000;0.25;0.3;delta=0.017
2026-10-01 08:26;7735.0;7637.08;SPXW  261001C07735000;0.2;0.25;delta=0.014
2026-10-01 08:26;7740.0;7637.08;SPXW  261001C07740000;0.2;0.25;delta=0.014
2026-10-01 08:26;7745.0;7637.08;SPXW  261001C07745000;0.15;0.25;delta=0.012
2026-10-01 08:26;7750.0;7637.08;SPXW  261001C07750000;0.15;0.2;delta=0.011
2026-10-01 08:26;7755.0;7637.08;SPXW  261001C07755000;0.15;0.2;delta=0.01
2026-10-01 08:26;7760.0;7637.08;SPXW  261001C07760000;0.15;0.2;delta=0.01
2026-10-01 08:26;7765.0;7637.08;SPXW  261001C07765000;0.15;0.2;delta=0.01
2026-10-01 08:26;7770.0;7637.08;SPXW  261001C07770000;0.1;0.2;delta=0.008
2026-10-01 08:26;7775.0;7637.08;SPXW  261001C07775000;0.1;0.15;delta=0.007
2026-10-01 08:26;7780.0;7637.08;SPXW  261001C07780000;0.1;0.15;delta=0.007
2026-10-01 08:26;7785.0;7637.08;SPXW  261001C07785000;0.1;0.15;delta=0.007
2026-10-01 08:26;7790.0;7637.08;SPXW  261001C07790000;0.1;0.15;delta=0.006
2026-10-01 08:26;7795.0;7637.08;SPXW  261001C07795000;0.1;0.15;delta=0.006
2026-10-01 08:26;7800.0;7637.08;SPXW  261001C07800000;0.1;0.15;delta=0.006
2026-10-01 08:26;7805.0;7637.08;SPXW  261001C07805000;0.1;0.15;delta=0.006
2026-10-01 08:26;7810.0;7637.08;SPXW  261001C07810000;0.1;0.15;delta=0.006
2026-10-01 08:26;7815.0;7637.08;SPXW  261001C07815000;0.1;0.15;delta=0.006
2026-10-01 08:26;7820.0;7637.08;SPXW  261001C07820000;0.05;0.1;delta=0.004
2026-10-01 08:26;7825.0;7637.08;SPXW  261001C07825000;0.05;0.1;delta=0.004
2026-10-01 08:26;7830.0;7637.08;SPXW  261001C07830000;0.05;0.1;delta=0.003
2026-10-01 08:26;7835.0;7637.08;SPXW  261001C07835000;0.05;0.1;delta=0.003
2026-10-01 08:26;7840.0;7637.08;SPXW  261001C07840000;0.05;0.1;delta=0.003
2026-10-01 08:26;7845.0;7637.08;SPXW  261001C07845000;0.05;0.1;delta=0.003
2026-10-01 08:26;7850.0;7637.08;SPXW  261001C07850000;0.05;0.1;delta=0.003
2026-10-01 08:26;7855.0;7637.08;SPXW  261001C07855000;0.05;0.1;delta=0.003
2026-10-01 08:26;7860.0;7637.08;SPXW  261001C07860000;0.05;0.1;delta=0.003
2026-10-01 08:26;7865.0;7637.08;SPXW  261001C07865000;0.05;0.1;delta=0.003
2026-10-01 08:26;7870.0;7637.08;SPXW  261001C07870000;0.05;0.1;delta=0.003
2026-10-01 08:26;7875.0;7637.08;SPXW  261001C07875000;0.05;0.1;delta=0.003
2026-10-01 08:26;7880.0;7637.08;SPXW  261001C07880000;0.05;0.1;delta=0.003
2026-10-01 08:26;7885.0;7637.08;SPXW  261001C07885000;0.0;0.1;delta=0.002
2026-10-01 08:26;7390.0;7637.08;SPXW  261001P07390000;0.05;0.1;delta=-0.003
2026-10-01 08:26;7395.0;7637.08;SPXW  261001P07395000;0.05;0.1;delta=-0.003
2026-10-01 08:26;7400.0;7637.08;SPXW  261001P07400000;0.05;0.1;delta=-0.003
2026-10-01 08:26;7405.0;7637.08;SPXW  261001P07405000;0.05;0.1;delta=-0.003
2026-10-01 08:26;7410.0;7637.08;SPXW  261001P07410000;0.05;0.1;delta=-0.003
2026-10-01 08:26;7415.0;7637.08;SPXW  261001P07415000;0.05;0.1;delta=-0.003
2026-10-01 08:26;7420.0;7637.08;SPXW  261001P07420000;0.05;0.1;delta=-0.003
2026-10-01 08:26;7425.0;7637.08;SPXW  261001P07425000;0.05;0.1;delta=-0.003
2026-10-01 08:26;7430.0;7637.08;SPXW  261001P07430000;0.05;0.1;delta=-0.003
2026-10-01 08:26;7435.0;7637.08;SPXW  261001P07435000;0.05;0.1;delta=-0.003
2026-10-01 08:26;7440.0;7637.08;SPXW  261001P07440000;0.05;0.1;delta=-0.003
2026-10-01 08:26;7445.0;7637.08;SPXW  261001P07445000;0.1;0.15;delta=-0.005
2026-10-01 08:26;7450.0;7637.08;SPXW  261001P07450000;0.1;0.15;delta=-0.005
2026-10-01 08:26;7455.0;7637.08;SPXW  261001P07455000;0.1;0.15;delta=-0.005
2026-10-01 08:26;7460.0;7637.08;SPXW  261001P07460000;0.1;0.15;delta=-0.006
2026-10-01 08:26;7465.0;7637.08;SPXW  261001P07465000;0.1;0.15;delta=-0.006
2026-10-01 08:26;7470.0;7637.08;SPXW  261001P07470000;0.1;0.15;delta=-0.006
2026-10-01 08:26;7475.0;7637.08;SPXW  261001P07475000;0.1;0.15;delta=-0.006
2026-10-01 08:26;7480.0;7637.08;SPXW  261001P07480000;0.1;0.15;delta=-0.006
2026-10-01 08:26;7485.0;7637.08;SPXW  261001P07485000;0.1;0.15;delta=-0.006
2026-10-01 08:26;7490.0;7637.08;SPXW  261001P07490000;0.1;0.15;delta=-0.006
2026-10-01 08:26;7495.0;7637.08;SPXW  261001P07495000;0.1;0.15;delta=-0.007
2026-10-01 08:26;7500.0;7637.08;SPXW  261001P07500000;0.1;0.15;delta=-0.007
2026-10-01 08:26;7505.0;7637.08;SPXW  261001P07505000;0.15;0.2;delta=-0.009
2026-10-01 08:26;7510.0;7637.08;SPXW  261001P07510000;0.15;0.2;delta=-0.01
2026-10-01 08:26;7515.0;7637.08;SPXW  261001P07515000;0.15;0.2;delta=-0.01
2026-10-01 08:26;7520.0;7637.08;SPXW  261001P07520000;0.15;0.2;delta=-0.01
2026-10-01 08:26;7525.0;7637.08;SPXW  261001P07525000;0.2;0.25;delta=-0.013
2026-10-01 08:26;7530.0;7637.08;SPXW  261001P07530000;0.2;0.25;delta=-0.013
2026-10-01 08:26;7535.0;7637.08;SPXW  261001P07535000;0.2;0.3;delta=-0.015
2026-10-01 08:26;7540.0;7637.08;SPXW  261001P07540000;0.25;0.3;delta=-0.017
2026-10-01 08:26;7545.0;7637.08;SPXW  261001P07545000;0.3;0.35;delta=-0.02
2026-10-01 08:26;7550.0;7637.08;SPXW  261001P07550000;0.35;0.4;delta=-0.023
2026-10-01 08:26;7555.0;7637.08;SPXW  261001P07555000;0.4;0.45;delta=-0.026
2026-10-01 08:26;7560.0;7637.08;SPXW  261001P07560000;0.5;0.55;delta=-0.032
2026-10-01 08:26;7565.0;7637.08;SPXW  261001P07565000;0.6;0.65;delta=-0.038
2026-10-01 08:26;7570.0;7637.08;SPXW  261001P07570000;0.75;0.8;delta=-0.047
2026-10-01 08:26;7575.0;7637.08;SPXW  261001P07575000;0.9;0.95;delta=-0.057
2026-10-01 08:26;7580.0;7637.08;SPXW  261001P07580000;1.15;1.2;delta=-0.069
2026-10-01 08:26;7585.0;7637.08;SPXW  261001P07585000;1.45;1.5;delta=-0.085
2026-10-01 08:26;7590.0;7637.08;SPXW  261001P07590000;1.85;1.9;delta=-0.105
2026-10-01 08:26;7595.0;7637.08;SPXW  261001P07595000;2.3;2.35;delta=-0.129
2026-10-01 08:26;7600.0;7637.08;SPXW  261001P07600000;2.9;3.0;delta=-0.156
2026-10-01 08:26;7605.0;7637.08;SPXW  261001P07605000;3.6;3.8;delta=-0.189
2026-10-01 08:26;7610.0;7637.08;SPXW  261001P07610000;4.6;4.7;delta=-0.226
2026-10-01 08:26;7615.0;7637.08;SPXW  261001P07615000;5.7;5.8;delta=-0.269
2026-10-01 08:26;7620.0;7637.08;SPXW  261001P07620000;7.0;7.2;delta=-0.316
2026-10-01 08:26;7625.0;7637.08;SPXW  261001P07625000;8.6;8.8;delta=-0.368
2026-10-01 08:26;7630.0;7637.08;SPXW  261001P07630000;10.5;10.6;delta=-0.423
2026-10-01 08:26;7635.0;7637.08;SPXW  261001P07635000;12.7;12.8;delta=-0.481
2026-10-01 08:26;7640.0;7637.08;SPXW  261001P07640000;15.1;15.3;delta=-0.539
2026-10-01 08:26;7645.0;7637.08;SPXW  261001P07645000;17.9;18.0;delta=-0.596
2026-10-01 08:26;7650.0;7637.08;SPXW  261001P07650000;20.9;21.1;delta=-0.652
2026-10-01 08:26;7655.0;7637.08;SPXW  261001P07655000;24.3;24.5;delta=-0.704
2026-10-01 08:26;7660.0;7637.08;SPXW  261001P07660000;27.9;28.1;delta=-0.753
2026-10-01 08:26;7665.0;7637.08;SPXW  261001P07665000;31.8;32.0;delta=-0.797
2026-10-01 08:26;7670.0;7637.08;SPXW  261001P07670000;35.9;36.1;delta=-0.834
2026-10-01 08:26;7675.0;7637.08;SPXW  261001P07675000;40.2;40.4;delta=-0.867
2026-10-01 08:26;7680.0;7637.08;SPXW  261001P07680000;44.6;44.9;delta=-0.893
2026-10-01 08:26;7685.0;7637.08;SPXW  261001P07685000;49.2;49.6;delta=-0.915
2026-10-01 08:26;7690.0;7637.08;SPXW  261001P07690000;53.9;54.3;delta=-0.932
2026-10-01 08:26;7695.0;7637.08;SPXW  261001P07695000;58.7;59.1;delta=-0.946
2026-10-01 08:26;7700.0;7637.08;SPXW  261001P07700000;63.5;63.9;delta=-0.956
2026-10-01 08:26;7705.0;7637.08;SPXW  261001P07705000;68.4;68.8;delta=-0.964
2026-10-01 08:26;7710.0;7637.08;SPXW  261001P07710000;73.3;73.7;delta=-0.969
2026-10-01 08:26;7715.0;7637.08;SPXW  261001P07715000;78.3;78.6;delta=-0.973
2026-10-01 08:26;7720.0;7637.08;SPXW  261001P07720000;83.2;83.6;delta=-0.979
2026-10-01 08:26;7725.0;7637.08;SPXW  261001P07725000;88.2;88.5;delta=-0.982
2026-10-01 08:26;7730.0;7637.08;SPXW  261001P07730000;93.1;93.5;delta=-0.983
2026-10-01 08:26;7735.0;7637.08;SPXW  261001P07735000;98.1;98.5;delta=-0.986
2026-10-01 08:26;7740.0;7637.08;SPXW  261001P07740000;102.7;103.9;delta=-0.986
2026-10-01 08:26;7745.0;7637.08;SPXW  261001P07745000;107.6;108.9;delta=-0.988
2026-10-01 08:26;7750.0;7637.08;SPXW  261001P07750000;112.6;113.8;delta=-0.989
2026-10-01 08:26;7755.0;7637.08;SPXW  261001P07755000;117.5;118.8;delta=-0.99
2026-10-01 08:26;7760.0;7637.08;SPXW  261001P07760000;122.5;123.8;delta=-0.99
2026-10-01 08:26;7765.0;7637.08;SPXW  261001P07765000;127.5;128.8;delta=-0.99
2026-10-01 08:26;7770.0;7637.08;SPXW  261001P07770000;132.6;133.8;delta=-0.992
2026-10-01 08:26;7775.0;7637.08;SPXW  261001P07775000;137.6;138.8;delta=-0.993
2026-10-01 08:26;7780.0;7637.08;SPXW  261001P07780000;142.6;143.8;delta=-0.993
2026-10-01 08:26;7785.0;7637.08;SPXW  261001P07785000;147.5;148.8;delta=-0.994
2026-10-01 08:26;7790.0;7637.08;SPXW  261001P07790000;149.7;157.0;delta=-0.994
2026-10-01 08:26;7795.0;7637.08;SPXW  261001P07795000;154.6;162.2;delta=-0.994
2026-10-01 08:26;7800.0;7637.08;SPXW  261001P07800000;162.5;163.8;delta=-0.994
2026-10-01 08:26;7805.0;7637.08;SPXW  261001P07805000;164.7;172.0;delta=-0.994
2026-10-01 08:26;7810.0;7637.08;SPXW  261001P07810000;169.6;176.9;delta=-0.994
2026-10-01 08:26;7815.0;7637.08;SPXW  261001P07815000;174.6;182.0;delta=-0.994
2026-10-01 08:26;7820.0;7637.08;SPXW  261001P07820000;179.6;186.9;delta=-0.996
2026-10-01 08:26;7825.0;7637.08;SPXW  261001P07825000;184.7;191.7;delta=-0.996
2026-10-01 08:26;7830.0;7637.08;SPXW  261001P07830000;192.5;193.8;delta=-0.997
2026-10-01 08:26;7835.0;7637.08;SPXW  261001P07835000;194.3;201.7;delta=-0.997
2026-10-01 08:26;7840.0;7637.08;SPXW  261001P07840000;195.5;209.1;delta=-0.997
2026-10-01 08:26;7845.0;7637.08;SPXW  261001P07845000;200.9;214.1;delta=-0.997
2026-10-01 08:26;7850.0;7637.08;SPXW  261001P07850000;205.5;219.1;delta=-0.997
2026-10-01 08:26;7855.0;7637.08;SPXW  261001P07855000;208.5;228.3;delta=-0.997
2026-10-01 08:26;7860.0;7637.08;SPXW  261001P07860000;214.4;233.5;delta=-0.997
2026-10-01 08:26;7865.0;7637.08;SPXW  261001P07865000;218.0;238.5;delta=-0.997
2026-10-01 08:26;7870.0;7637.08;SPXW  261001P07870000;222.1;242.5;delta=-0.997
2026-10-01 08:26;7875.0;7637.08;SPXW  261001P07875000;229.6;247.7;delta=-0.997
2026-10-01 08:26;7880.0;7637.08;SPXW  261001P07880000;234.4;253.5;delta=-0.997
2026-10-01 08:26;7885.0;7637.08;SPXW  261001P07885000;239.6;258.5;delta=-0.998
2026-10-01 08:30;7385.0;7631.62;SPXW  261001C07385000;240.3;256.2;delta=0.997
2026-10-01 08:30;7390.0;7631.62;SPXW  261001C07390000;235.2;251.2;delta=0.997
2026-10-01 08:30;7395.0;7631.62;SPXW  261001C07395000;230.3;246.2;delta=0.997
2026-10-01 08:30;7400.0;7631.62;SPXW  261001C07400000;220.7;241.2;delta=0.997
2026-10-01 08:30;7405.0;7631.62;SPXW  261001C07405000;215.7;236.2;delta=0.997
2026-10-01 08:30;7410.0;7631.62;SPXW  261001C07410000;215.3;231.2;delta=0.997
2026-10-01 08:30;7415.0;7631.62;SPXW  261001C07415000;210.1;223.8;delta=0.997
2026-10-01 08:30;7420.0;7631.62;SPXW  261001C07420000;205.4;218.6;delta=0.997
2026-10-01 08:30;7425.0;7631.62;SPXW  261001C07425000;200.0;213.7;delta=0.997
2026-10-01 08:30;7430.0;7631.62;SPXW  261001C07430000;195.0;208.7;delta=0.997
2026-10-01 08:30;7435.0;7631.62;SPXW  261001C07435000;192.8;199.5;delta=0.997
2026-10-01 08:30;7440.0;7631.62;SPXW  261001C07440000;188.0;194.8;delta=0.996
2026-10-01 08:30;7445.0;7631.62;SPXW  261001C07445000;183.3;189.5;delta=0.996
2026-10-01 08:30;7450.0;7631.62;SPXW  261001C07450000;178.3;184.5;delta=0.995
2026-10-01 08:30;7455.0;7631.62;SPXW  261001C07455000;173.0;179.4;delta=0.994
2026-10-01 08:30;7460.0;7631.62;SPXW  261001C07460000;168.3;174.5;delta=0.994
2026-10-01 08:30;7465.0;7631.62;SPXW  261001C07465000;163.4;169.5;delta=0.994
2026-10-01 08:30;7470.0;7631.62;SPXW  261001C07470000;158.0;164.6;delta=0.994
2026-10-01 08:30;7475.0;7631.62;SPXW  261001C07475000;153.4;159.5;delta=0.994
2026-10-01 08:30;7480.0;7631.62;SPXW  261001C07480000;147.9;154.5;delta=0.994
2026-10-01 08:30;7485.0;7631.62;SPXW  261001C07485000;143.0;150.1;delta=0.994
2026-10-01 08:30;7490.0;7631.62;SPXW  261001C07490000;138.4;145.0;delta=0.993
2026-10-01 08:30;7495.0;7631.62;SPXW  261001C07495000;133.4;140.0;delta=0.993
2026-10-01 08:30;7500.0;7631.62;SPXW  261001C07500000;127.3;132.6;delta=0.993
2026-10-01 08:30;7505.0;7631.62;SPXW  261001C07505000;122.9;130.0;delta=0.99
2026-10-01 08:30;7510.0;7631.62;SPXW  261001C07510000;118.4;125.0;delta=0.99
2026-10-01 08:30;7515.0;7631.62;SPXW  261001C07515000;112.8;117.5;delta=0.99
2026-10-01 08:30;7520.0;7631.62;SPXW  261001C07520000;108.5;112.5;delta=0.989
2026-10-01 08:30;7525.0;7631.62;SPXW  261001C07525000;103.5;107.5;delta=0.987
2026-10-01 08:30;7530.0;7631.62;SPXW  261001C07530000;98.6;102.5;delta=0.986
2026-10-01 08:30;7535.0;7631.62;SPXW  261001C07535000;96.5;97.8;delta=0.983
2026-10-01 08:30;7540.0;7631.62;SPXW  261001C07540000;91.4;92.9;delta=0.98
2026-10-01 08:30;7545.0;7631.62;SPXW  261001C07545000;86.6;87.7;delta=0.977
2026-10-01 08:30;7550.0;7631.62;SPXW  261001C07550000;81.6;83.0;delta=0.974
2026-10-01 08:30;7555.0;7631.62;SPXW  261001C07555000;76.8;77.7;delta=0.968
2026-10-01 08:30;7560.0;7631.62;SPXW  261001C07560000;71.9;72.8;delta=0.962
2026-10-01 08:30;7565.0;7631.62;SPXW  261001C07565000;67.1;67.9;delta=0.953
2026-10-01 08:30;7570.0;7631.62;SPXW  261001C07570000;62.3;63.1;delta=0.944
2026-10-01 08:30;7575.0;7631.62;SPXW  261001C07575000;57.5;58.0;delta=0.93
2026-10-01 08:30;7580.0;7631.62;SPXW  261001C07580000;52.8;53.3;delta=0.915
2026-10-01 08:30;7585.0;7631.62;SPXW  261001C07585000;48.3;48.7;delta=0.894
2026-10-01 08:30;7590.0;7631.62;SPXW  261001C07590000;43.8;44.1;delta=0.87
2026-10-01 08:30;7595.0;7631.62;SPXW  261001C07595000;39.4;39.7;delta=0.842
2026-10-01 08:30;7600.0;7631.62;SPXW  261001C07600000;35.2;35.6;delta=0.811
2026-10-01 08:30;7605.0;7631.62;SPXW  261001C07605000;31.2;31.5;delta=0.773
2026-10-01 08:30;7610.0;7631.62;SPXW  261001C07610000;27.4;27.6;delta=0.73
2026-10-01 08:30;7615.0;7631.62;SPXW  261001C07615000;23.8;24.0;delta=0.682
2026-10-01 08:30;7620.0;7631.62;SPXW  261001C07620000;20.4;20.6;delta=0.631
2026-10-01 08:30;7625.0;7631.62;SPXW  261001C07625000;17.3;17.5;delta=0.577
2026-10-01 08:30;7630.0;7631.62;SPXW  261001C07630000;14.5;14.7;delta=0.52
2026-10-01 08:30;7635.0;7631.62;SPXW  261001C07635000;12.0;12.2;delta=0.463
2026-10-01 08:30;7640.0;7631.62;SPXW  261001C07640000;9.8;9.9;delta=0.407
2026-10-01 08:30;7645.0;7631.62;SPXW  261001C07645000;7.8;8.0;delta=0.351
2026-10-01 08:30;7650.0;7631.62;SPXW  261001C07650000;6.2;6.3;delta=0.297
2026-10-01 08:30;7655.0;7631.62;SPXW  261001C07655000;4.8;5.0;delta=0.248
2026-10-01 08:30;7660.0;7631.62;SPXW  261001C07660000;3.7;3.8;delta=0.203
2026-10-01 08:30;7665.0;7631.62;SPXW  261001C07665000;2.85;2.95;delta=0.164
2026-10-01 08:30;7670.0;7631.62;SPXW  261001C07670000;2.15;2.25;delta=0.132
2026-10-01 08:30;7675.0;7631.62;SPXW  261001C07675000;1.65;1.7;delta=0.105
2026-10-01 08:30;7680.0;7631.62;SPXW  261001C07680000;1.25;1.3;delta=0.083
2026-10-01 08:30;7685.0;7631.62;SPXW  261001C07685000;0.95;1.0;delta=0.066
2026-10-01 08:30;7690.0;7631.62;SPXW  261001C07690000;0.75;0.8;delta=0.053
2026-10-01 08:30;7695.0;7631.62;SPXW  261001C07695000;0.6;0.65;delta=0.042
2026-10-01 08:30;7700.0;7631.62;SPXW  261001C07700000;0.5;0.55;delta=0.035
2026-10-01 08:30;7705.0;7631.62;SPXW  261001C07705000;0.4;0.45;delta=0.029
2026-10-01 08:30;7710.0;7631.62;SPXW  261001C07710000;0.35;0.4;delta=0.025
2026-10-01 08:30;7715.0;7631.62;SPXW  261001C07715000;0.3;0.35;delta=0.021
2026-10-01 08:30;7720.0;7631.62;SPXW  261001C07720000;0.25;0.3;delta=0.018
2026-10-01 08:30;7725.0;7631.62;SPXW  261001C07725000;0.2;0.3;delta=0.017
2026-10-01 08:30;7730.0;7631.62;SPXW  261001C07730000;0.2;0.25;delta=0.014
2026-10-01 08:30;7735.0;7631.62;SPXW  261001C07735000;0.2;0.25;delta=0.014
2026-10-01 08:30;7740.0;7631.62;SPXW  261001C07740000;0.15;0.2;delta=0.011
2026-10-01 08:30;7745.0;7631.62;SPXW  261001C07745000;0.15;0.2;delta=0.011
2026-10-01 08:30;7750.0;7631.62;SPXW  261001C07750000;0.15;0.2;delta=0.01
2026-10-01 08:30;7755.0;7631.62;SPXW  261001C07755000;0.15;0.2;delta=0.01
2026-10-01 08:30;7760.0;7631.62;SPXW  261001C07760000;0.1;0.2;delta=0.008
2026-10-01 08:30;7765.0;7631.62;SPXW  261001C07765000;0.1;0.15;delta=0.007
2026-10-01 08:30;7770.0;7631.62;SPXW  261001C07770000;0.1;0.15;delta=0.007
2026-10-01 08:30;7775.0;7631.62;SPXW  261001C07775000;0.1;0.15;delta=0.007
2026-10-01 08:30;7780.0;7631.62;SPXW  261001C07780000;0.1;0.15;delta=0.007
2026-10-01 08:30;7785.0;7631.62;SPXW  261001C07785000;0.1;0.15;delta=0.006
2026-10-01 08:30;7790.0;7631.62;SPXW  261001C07790000;0.1;0.15;delta=0.006
2026-10-01 08:30;7795.0;7631.62;SPXW  261001C07795000;0.1;0.15;delta=0.006
2026-10-01 08:30;7800.0;7631.62;SPXW  261001C07800000;0.1;0.15;delta=0.006
2026-10-01 08:30;7805.0;7631.62;SPXW  261001C07805000;0.1;0.15;delta=0.006
2026-10-01 08:30;7810.0;7631.62;SPXW  261001C07810000;0.1;0.15;delta=0.006
2026-10-01 08:30;7815.0;7631.62;SPXW  261001C07815000;0.1;0.15;delta=0.006
2026-10-01 08:30;7820.0;7631.62;SPXW  261001C07820000;0.05;0.1;delta=0.004
2026-10-01 08:30;7825.0;7631.62;SPXW  261001C07825000;0.05;0.1;delta=0.003
2026-10-01 08:30;7830.0;7631.62;SPXW  261001C07830000;0.05;0.1;delta=0.003
2026-10-01 08:30;7835.0;7631.62;SPXW  261001C07835000;0.05;0.1;delta=0.003
2026-10-01 08:30;7840.0;7631.62;SPXW  261001C07840000;0.05;0.1;delta=0.003
2026-10-01 08:30;7845.0;7631.62;SPXW  261001C07845000;0.05;0.1;delta=0.003
2026-10-01 08:30;7850.0;7631.62;SPXW  261001C07850000;0.05;0.1;delta=0.003
2026-10-01 08:30;7855.0;7631.62;SPXW  261001C07855000;0.05;0.1;delta=0.003
2026-10-01 08:30;7860.0;7631.62;SPXW  261001C07860000;0.05;0.1;delta=0.003
2026-10-01 08:30;7865.0;7631.62;SPXW  261001C07865000;0.05;0.1;delta=0.003
2026-10-01 08:30;7870.0;7631.62;SPXW  261001C07870000;0.05;0.1;delta=0.003
2026-10-01 08:30;7875.0;7631.62;SPXW  261001C07875000;0.05;0.1;delta=0.003
2026-10-01 08:30;7880.0;7631.62;SPXW  261001C07880000;0.05;0.1;delta=0.003
2026-10-01 08:30;7385.0;7631.62;SPXW  261001P07385000;0.05;0.1;delta=-0.003
2026-10-01 08:30;7390.0;7631.62;SPXW  261001P07390000;0.05;0.1;delta=-0.003
2026-10-01 08:30;7395.0;7631.62;SPXW  261001P07395000;0.05;0.1;delta=-0.003
2026-10-01 08:30;7400.0;7631.62;SPXW  261001P07400000;0.05;0.1;delta=-0.003
2026-10-01 08:30;7405.0;7631.62;SPXW  261001P07405000;0.05;0.1;delta=-0.003
2026-10-01 08:30;7410.0;7631.62;SPXW  261001P07410000;0.05;0.1;delta=-0.003
2026-10-01 08:30;7415.0;7631.62;SPXW  261001P07415000;0.05;0.1;delta=-0.003
2026-10-01 08:30;7420.0;7631.62;SPXW  261001P07420000;0.05;0.1;delta=-0.003
2026-10-01 08:30;7425.0;7631.62;SPXW  261001P07425000;0.05;0.1;delta=-0.003
2026-10-01 08:30;7430.0;7631.62;SPXW  261001P07430000;0.05;0.1;delta=-0.003
2026-10-01 08:30;7435.0;7631.62;SPXW  261001P07435000;0.05;0.1;delta=-0.003
2026-10-01 08:30;7440.0;7631.62;SPXW  261001P07440000;0.05;0.1;delta=-0.004
2026-10-01 08:30;7445.0;7631.62;SPXW  261001P07445000;0.05;0.15;delta=-0.004
2026-10-01 08:30;7450.0;7631.62;SPXW  261001P07450000;0.1;0.15;delta=-0.005
2026-10-01 08:30;7455.0;7631.62;SPXW  261001P07455000;0.1;0.15;delta=-0.006
2026-10-01 08:30;7460.0;7631.62;SPXW  261001P07460000;0.1;0.15;delta=-0.006
2026-10-01 08:30;7465.0;7631.62;SPXW  261001P07465000;0.1;0.15;delta=-0.006
2026-10-01 08:30;7470.0;7631.62;SPXW  261001P07470000;0.1;0.15;delta=-0.006
2026-10-01 08:30;7475.0;7631.62;SPXW  261001P07475000;0.1;0.15;delta=-0.006
2026-10-01 08:30;7480.0;7631.62;SPXW  261001P07480000;0.1;0.15;delta=-0.006
2026-10-01 08:30;7485.0;7631.62;SPXW  261001P07485000;0.1;0.15;delta=-0.006
2026-10-01 08:30;7490.0;7631.62;SPXW  261001P07490000;0.1;0.15;delta=-0.007
2026-10-01 08:30;7495.0;7631.62;SPXW  261001P07495000;0.1;0.15;delta=-0.007
2026-10-01 08:30;7500.0;7631.62;SPXW  261001P07500000;0.1;0.15;delta=-0.007
2026-10-01 08:30;7505.0;7631.62;SPXW  261001P07505000;0.15;0.2;delta=-0.01
2026-10-01 08:30;7510.0;7631.62;SPXW  261001P07510000;0.15;0.2;delta=-0.01
2026-10-01 08:30;7515.0;7631.62;SPXW  261001P07515000;0.15;0.2;delta=-0.01
2026-10-01 08:30;7520.0;7631.62;SPXW  261001P07520000;0.15;0.2;delta=-0.011
2026-10-01 08:30;7525.0;7631.62;SPXW  261001P07525000;0.2;0.25;delta=-0.013
2026-10-01 08:30;7530.0;7631.62;SPXW  261001P07530000;0.2;0.25;delta=-0.014
2026-10-01 08:30;7535.0;7631.62;SPXW  261001P07535000;0.25;0.3;delta=-0.017
2026-10-01 08:30;7540.0;7631.62;SPXW  261001P07540000;0.25;0.35;delta=-0.02
2026-10-01 08:30;7545.0;7631.62;SPXW  261001P07545000;0.3;0.4;delta=-0.023
2026-10-01 08:30;7550.0;7631.62;SPXW  261001P07550000;0.4;0.45;delta=-0.026
2026-10-01 08:30;7555.0;7631.62;SPXW  261001P07555000;0.45;0.55;delta=-0.032
2026-10-01 08:30;7560.0;7631.62;SPXW  261001P07560000;0.55;0.65;delta=-0.038
2026-10-01 08:30;7565.0;7631.62;SPXW  261001P07565000;0.7;0.75;delta=-0.047
2026-10-01 08:30;7570.0;7631.62;SPXW  261001P07570000;0.9;0.95;delta=-0.057
2026-10-01 08:30;7575.0;7631.62;SPXW  261001P07575000;1.15;1.2;delta=-0.07
2026-10-01 08:30;7580.0;7631.62;SPXW  261001P07580000;1.4;1.5;delta=-0.085
2026-10-01 08:30;7585.0;7631.62;SPXW  261001P07585000;1.8;1.9;delta=-0.105
2026-10-01 08:30;7590.0;7631.62;SPXW  261001P07590000;2.3;2.35;delta=-0.129
2026-10-01 08:30;7595.0;7631.62;SPXW  261001P07595000;2.9;3.0;delta=-0.158
2026-10-01 08:30;7600.0;7631.62;SPXW  261001P07600000;3.6;3.7;delta=-0.189
2026-10-01 08:30;7605.0;7631.62;SPXW  261001P07605000;4.5;4.7;delta=-0.227
2026-10-01 08:30;7610.0;7631.62;SPXW  261001P07610000;5.6;5.8;delta=-0.27
2026-10-01 08:30;7615.0;7631.62;SPXW  261001P07615000;7.0;7.1;delta=-0.319
2026-10-01 08:30;7620.0;7631.62;SPXW  261001P07620000;8.5;8.7;delta=-0.369
2026-10-01 08:30;7625.0;7631.62;SPXW  261001P07625000;10.4;10.5;delta=-0.423
2026-10-01 08:30;7630.0;7631.62;SPXW  261001P07630000;12.5;12.6;delta=-0.48
2026-10-01 08:30;7635.0;7631.62;SPXW  261001P07635000;14.9;15.0;delta=-0.537
2026-10-01 08:30;7640.0;7631.62;SPXW  261001P07640000;17.6;17.8;delta=-0.593
2026-10-01 08:30;7645.0;7631.62;SPXW  261001P07645000;20.5;20.8;delta=-0.649
2026-10-01 08:30;7650.0;7631.62;SPXW  261001P07650000;23.8;24.2;delta=-0.703
2026-10-01 08:30;7655.0;7631.62;SPXW  261001P07655000;27.4;27.8;delta=-0.753
2026-10-01 08:30;7660.0;7631.62;SPXW  261001P07660000;31.2;31.5;delta=-0.797
2026-10-01 08:30;7665.0;7631.62;SPXW  261001P07665000;35.3;35.6;delta=-0.836
2026-10-01 08:30;7670.0;7631.62;SPXW  261001P07670000;39.5;39.8;delta=-0.868
2026-10-01 08:30;7675.0;7631.62;SPXW  261001P07675000;44.0;44.3;delta=-0.895
2026-10-01 08:30;7680.0;7631.62;SPXW  261001P07680000;48.6;49.0;delta=-0.917
2026-10-01 08:30;7685.0;7631.62;SPXW  261001P07685000;53.2;53.7;delta=-0.934
2026-10-01 08:30;7690.0;7631.62;SPXW  261001P07690000;58.0;58.4;delta=-0.947
2026-10-01 08:30;7695.0;7631.62;SPXW  261001P07695000;62.8;63.3;delta=-0.958
2026-10-01 08:30;7700.0;7631.62;SPXW  261001P07700000;67.6;68.2;delta=-0.965
2026-10-01 08:30;7705.0;7631.62;SPXW  261001P07705000;72.6;73.1;delta=-0.971
2026-10-01 08:30;7710.0;7631.62;SPXW  261001P07710000;77.5;78.0;delta=-0.975
2026-10-01 08:30;7715.0;7631.62;SPXW  261001P07715000;82.5;83.0;delta=-0.979
2026-10-01 08:30;7720.0;7631.62;SPXW  261001P07720000;87.4;87.9;delta=-0.982
2026-10-01 08:30;7725.0;7631.62;SPXW  261001P07725000;92.4;92.9;delta=-0.983
2026-10-01 08:30;7730.0;7631.62;SPXW  261001P07730000;97.4;97.9;delta=-0.986
2026-10-01 08:30;7735.0;7631.62;SPXW  261001P07735000;102.4;102.8;delta=-0.986
2026-10-01 08:30;7740.0;7631.62;SPXW  261001P07740000;107.4;107.8;delta=-0.989
2026-10-01 08:30;7745.0;7631.62;SPXW  261001P07745000;108.8;113.5;delta=-0.989
2026-10-01 08:30;7750.0;7631.62;SPXW  261001P07750000;113.9;118.5;delta=-0.99
2026-10-01 08:30;7755.0;7631.62;SPXW  261001P07755000;118.8;123.5;delta=-0.99
2026-10-01 08:30;7760.0;7631.62;SPXW  261001P07760000;123.8;128.5;delta=-0.992
2026-10-01 08:30;7765.0;7631.62;SPXW  261001P07765000;128.9;133.5;delta=-0.993
2026-10-01 08:30;7770.0;7631.62;SPXW  261001P07770000;133.8;138.5;delta=-0.993
2026-10-01 08:30;7775.0;7631.62;SPXW  261001P07775000;138.8;143.5;delta=-0.993
2026-10-01 08:30;7780.0;7631.62;SPXW  261001P07780000;143.9;148.5;delta=-0.993
2026-10-01 08:30;7785.0;7631.62;SPXW  261001P07785000;148.8;153.5;delta=-0.994
2026-10-01 08:30;7790.0;7631.62;SPXW  261001P07790000;153.8;161.1;delta=-0.994
2026-10-01 08:30;7795.0;7631.62;SPXW  261001P07795000;158.6;166.0;delta=-0.994
2026-10-01 08:30;7800.0;7631.62;SPXW  261001P07800000;163.8;168.4;delta=-0.994
2026-10-01 08:30;7805.0;7631.62;SPXW  261001P07805000;168.8;176.0;delta=-0.994
2026-10-01 08:30;7810.0;7631.62;SPXW  261001P07810000;173.6;181.0;delta=-0.994
2026-10-01 08:30;7815.0;7631.62;SPXW  261001P07815000;178.8;186.0;delta=-0.994
2026-10-01 08:30;7820.0;7631.62;SPXW  261001P07820000;183.8;191.0;delta=-0.996
2026-10-01 08:30;7825.0;7631.62;SPXW  261001P07825000;188.7;196.0;delta=-0.997
2026-10-01 08:30;7830.0;7631.62;SPXW  261001P07830000;193.7;198.4;delta=-0.997
2026-10-01 08:30;7835.0;7631.62;SPXW  261001P07835000;195.5;208.4;delta=-0.997
2026-10-01 08:30;7840.0;7631.62;SPXW  261001P07840000;200.5;213.3;delta=-0.997
2026-10-01 08:30;7845.0;7631.62;SPXW  261001P07845000;205.5;218.3;delta=-0.997
2026-10-01 08:30;7850.0;7631.62;SPXW  261001P07850000;208.8;226.7;delta=-0.997
2026-10-01 08:30;7855.0;7631.62;SPXW  261001P07855000;213.8;231.7;delta=-0.997
2026-10-01 08:30;7860.0;7631.62;SPXW  261001P07860000;218.8;236.7;delta=-0.997
2026-10-01 08:30;7865.0;7631.62;SPXW  261001P07865000;223.8;240.4;delta=-0.997
2026-10-01 08:30;7870.0;7631.62;SPXW  261001P07870000;228.8;244.9;delta=-0.997
2026-10-01 08:30;7875.0;7631.62;SPXW  261001P07875000;233.8;251.7;delta=-0.997
2026-10-01 08:30;7880.0;7631.62;SPXW  261001P07880000;238.8;256.7;delta=-0.997
2026-10-01 08:34;7375.0;7624.81;SPXW  261001C07375000;242.5;260.9;delta=0.997
2026-10-01 08:34;7380.0;7624.81;SPXW  261001C07380000;237.5;256.0;delta=0.997
2026-10-01 08:34;7385.0;7624.81;SPXW  261001C07385000;232.6;250.9;delta=0.997
2026-10-01 08:34;7390.0;7624.81;SPXW  261001C07390000;227.5;246.1;delta=0.997
2026-10-01 08:34;7395.0;7624.81;SPXW  261001C07395000;222.6;241.0;delta=0.997
2026-10-01 08:34;7400.0;7624.81;SPXW  261001C07400000;217.5;236.0;delta=0.997
2026-10-01 08:34;7405.0;7624.81;SPXW  261001C07405000;212.5;231.0;delta=0.997
2026-10-01 08:34;7410.0;7624.81;SPXW  261001C07410000;209.0;221.6;delta=0.997
2026-10-01 08:34;7415.0;7624.81;SPXW  261001C07415000;204.0;216.5;delta=0.997
2026-10-01 08:34;7420.0;7624.81;SPXW  261001C07420000;199.0;211.5;delta=0.997
2026-10-01 08:34;7425.0;7624.81;SPXW  261001C07425000;195.9;202.9;delta=0.997
2026-10-01 08:34;7430.0;7624.81;SPXW  261001C07430000;191.3;198.4;delta=0.997
2026-10-01 08:34;7435.0;7624.81;SPXW  261001C07435000;186.1;193.4;delta=0.996
2026-10-01 08:34;7440.0;7624.81;SPXW  261001C07440000;181.1;188.5;delta=0.996
2026-10-01 08:34;7445.0;7624.81;SPXW  261001C07445000;176.1;183.5;delta=0.995
2026-10-01 08:34;7450.0;7624.81;SPXW  261001C07450000;171.1;178.5;delta=0.994
2026-10-01 08:34;7455.0;7624.81;SPXW  261001C07455000;166.2;173.5;delta=0.994
2026-10-01 08:34;7460.0;7624.81;SPXW  261001C07460000;161.1;168.5;delta=0.994
2026-10-01 08:34;7465.0;7624.81;SPXW  261001C07465000;156.2;163.5;delta=0.994
2026-10-01 08:34;7470.0;7624.81;SPXW  261001C07470000;151.3;158.5;delta=0.994
2026-10-01 08:34;7475.0;7624.81;SPXW  261001C07475000;146.2;153.5;delta=0.994
2026-10-01 08:34;7480.0;7624.81;SPXW  261001C07480000;141.2;148.5;delta=0.993
2026-10-01 08:34;7485.0;7624.81;SPXW  261001C07485000;136.0;143.5;delta=0.993
2026-10-01 08:34;7490.0;7624.81;SPXW  261001C07490000;131.2;138.5;delta=0.993
2026-10-01 08:34;7495.0;7624.81;SPXW  261001C07495000;126.2;133.5;delta=0.993
2026-10-01 08:34;7500.0;7624.81;SPXW  261001C07500000;123.8;125.1;delta=0.99
2026-10-01 08:34;7505.0;7624.81;SPXW  261001C07505000;119.2;119.6;delta=0.99
2026-10-01 08:34;7510.0;7624.81;SPXW  261001C07510000;114.3;114.6;delta=0.99
2026-10-01 08:34;7515.0;7624.81;SPXW  261001C07515000;109.3;109.6;delta=0.989
2026-10-01 08:34;7520.0;7624.81;SPXW  261001C07520000;104.3;104.7;delta=0.986
2026-10-01 08:34;7525.0;7624.81;SPXW  261001C07525000;99.3;99.7;delta=0.986
2026-10-01 08:34;7530.0;7624.81;SPXW  261001C07530000;94.4;94.7;delta=0.983
2026-10-01 08:34;7535.0;7624.81;SPXW  261001C07535000;89.4;89.8;delta=0.98
2026-10-01 08:34;7540.0;7624.81;SPXW  261001C07540000;84.5;84.8;delta=0.977
2026-10-01 08:34;7545.0;7624.81;SPXW  261001C07545000;79.6;79.9;delta=0.972
2026-10-01 08:34;7550.0;7624.81;SPXW  261001C07550000;74.7;75.0;delta=0.967
2026-10-01 08:34;7555.0;7624.81;SPXW  261001C07555000;69.8;70.1;delta=0.959
2026-10-01 08:34;7560.0;7624.81;SPXW  261001C07560000;64.9;65.3;delta=0.95
2026-10-01 08:34;7565.0;7624.81;SPXW  261001C07565000;60.2;60.5;delta=0.939
2026-10-01 08:34;7570.0;7624.81;SPXW  261001C07570000;55.4;55.8;delta=0.923
2026-10-01 08:34;7575.0;7624.81;SPXW  261001C07575000;50.8;51.1;delta=0.905
2026-10-01 08:34;7580.0;7624.81;SPXW  261001C07580000;46.3;46.6;delta=0.884
2026-10-01 08:34;7585.0;7624.81;SPXW  261001C07585000;41.9;42.1;delta=0.858
2026-10-01 08:34;7590.0;7624.81;SPXW  261001C07590000;37.6;37.8;delta=0.826
2026-10-01 08:34;7595.0;7624.81;SPXW  261001C07595000;33.5;33.7;delta=0.791
2026-10-01 08:34;7600.0;7624.81;SPXW  261001C07600000;29.6;29.8;delta=0.751
2026-10-01 08:34;7605.0;7624.81;SPXW  261001C07605000;25.9;26.1;delta=0.707
2026-10-01 08:34;7610.0;7624.81;SPXW  261001C07610000;22.4;22.6;delta=0.658
2026-10-01 08:34;7615.0;7624.81;SPXW  261001C07615000;19.2;19.3;delta=0.606
2026-10-01 08:34;7620.0;7624.81;SPXW  261001C07620000;16.2;16.4;delta=0.551
2026-10-01 08:34;7625.0;7624.81;SPXW  261001C07625000;13.6;13.7;delta=0.494
2026-10-01 08:34;7630.0;7624.81;SPXW  261001C07630000;11.2;11.3;delta=0.437
2026-10-01 08:34;7635.0;7624.81;SPXW  261001C07635000;9.1;9.2;delta=0.381
2026-10-01 08:34;7640.0;7624.81;SPXW  261001C07640000;7.3;7.4;delta=0.328
2026-10-01 08:34;7645.0;7624.81;SPXW  261001C07645000;5.7;5.9;delta=0.276
2026-10-01 08:34;7650.0;7624.81;SPXW  261001C07650000;4.5;4.6;delta=0.231
2026-10-01 08:34;7655.0;7624.81;SPXW  261001C07655000;3.4;3.6;delta=0.188
2026-10-01 08:34;7660.0;7624.81;SPXW  261001C07660000;2.65;2.7;delta=0.151
2026-10-01 08:34;7665.0;7624.81;SPXW  261001C07665000;2.0;2.05;delta=0.121
2026-10-01 08:34;7670.0;7624.81;SPXW  261001C07670000;1.5;1.6;delta=0.096
2026-10-01 08:34;7675.0;7624.81;SPXW  261001C07675000;1.15;1.2;delta=0.075
2026-10-01 08:34;7680.0;7624.81;SPXW  261001C07680000;0.9;0.95;delta=0.06
2026-10-01 08:34;7685.0;7624.81;SPXW  261001C07685000;0.7;0.75;delta=0.048
2026-10-01 08:34;7690.0;7624.81;SPXW  261001C07690000;0.55;0.6;delta=0.039
2026-10-01 08:34;7695.0;7624.81;SPXW  261001C07695000;0.45;0.5;delta=0.032
2026-10-01 08:34;7700.0;7624.81;SPXW  261001C07700000;0.35;0.4;delta=0.026
2026-10-01 08:34;7705.0;7624.81;SPXW  261001C07705000;0.3;0.35;delta=0.022
2026-10-01 08:34;7710.0;7624.81;SPXW  261001C07710000;0.25;0.3;delta=0.019
2026-10-01 08:34;7715.0;7624.81;SPXW  261001C07715000;0.25;0.3;delta=0.018
2026-10-01 08:34;7720.0;7624.81;SPXW  261001C07720000;0.2;0.25;delta=0.015
2026-10-01 08:34;7725.0;7624.81;SPXW  261001C07725000;0.2;0.25;delta=0.014
2026-10-01 08:34;7730.0;7624.81;SPXW  261001C07730000;0.15;0.25;delta=0.012
2026-10-01 08:34;7735.0;7624.81;SPXW  261001C07735000;0.15;0.2;delta=0.011
2026-10-01 08:34;7740.0;7624.81;SPXW  261001C07740000;0.15;0.2;delta=0.01
2026-10-01 08:34;7745.0;7624.81;SPXW  261001C07745000;0.15;0.2;delta=0.01
2026-10-01 08:34;7750.0;7624.81;SPXW  261001C07750000;0.1;0.15;delta=0.007
2026-10-01 08:34;7755.0;7624.81;SPXW  261001C07755000;0.1;0.15;delta=0.007
2026-10-01 08:34;7760.0;7624.81;SPXW  261001C07760000;0.1;0.15;delta=0.007
2026-10-01 08:34;7765.0;7624.81;SPXW  261001C07765000;0.1;0.15;delta=0.007
2026-10-01 08:34;7770.0;7624.81;SPXW  261001C07770000;0.1;0.15;delta=0.007
2026-10-01 08:34;7775.0;7624.81;SPXW  261001C07775000;0.1;0.15;delta=0.006
2026-10-01 08:34;7780.0;7624.81;SPXW  261001C07780000;0.1;0.15;delta=0.006
2026-10-01 08:34;7785.0;7624.81;SPXW  261001C07785000;0.1;0.15;delta=0.006
2026-10-01 08:34;7790.0;7624.81;SPXW  261001C07790000;0.1;0.15;delta=0.006
2026-10-01 08:34;7795.0;7624.81;SPXW  261001C07795000;0.1;0.15;delta=0.006
2026-10-01 08:34;7800.0;7624.81;SPXW  261001C07800000;0.1;0.15;delta=0.006
2026-10-01 08:34;7805.0;7624.81;SPXW  261001C07805000;0.1;0.15;delta=0.006
2026-10-01 08:34;7810.0;7624.81;SPXW  261001C07810000;0.1;0.15;delta=0.005
2026-10-01 08:34;7815.0;7624.81;SPXW  261001C07815000;0.05;0.1;delta=0.004
2026-10-01 08:34;7820.0;7624.81;SPXW  261001C07820000;0.05;0.1;delta=0.003
2026-10-01 08:34;7825.0;7624.81;SPXW  261001C07825000;0.05;0.1;delta=0.003
2026-10-01 08:34;7830.0;7624.81;SPXW  261001C07830000;0.05;0.1;delta=0.003
2026-10-01 08:34;7835.0;7624.81;SPXW  261001C07835000;0.05;0.1;delta=0.003
2026-10-01 08:34;7840.0;7624.81;SPXW  261001C07840000;0.05;0.1;delta=0.003
2026-10-01 08:34;7845.0;7624.81;SPXW  261001C07845000;0.05;0.1;delta=0.003
2026-10-01 08:34;7850.0;7624.81;SPXW  261001C07850000;0.05;0.1;delta=0.003
2026-10-01 08:34;7855.0;7624.81;SPXW  261001C07855000;0.05;0.1;delta=0.003
2026-10-01 08:34;7860.0;7624.81;SPXW  261001C07860000;0.05;0.1;delta=0.003
2026-10-01 08:34;7865.0;7624.81;SPXW  261001C07865000;0.05;0.1;delta=0.003
2026-10-01 08:34;7870.0;7624.81;SPXW  261001C07870000;0.05;0.1;delta=0.003
2026-10-01 08:34;7380.0;7624.81;SPXW  261001P07380000;0.05;0.1;delta=-0.003
2026-10-01 08:34;7385.0;7624.81;SPXW  261001P07385000;0.05;0.1;delta=-0.003
2026-10-01 08:34;7390.0;7624.81;SPXW  261001P07390000;0.05;0.1;delta=-0.003
2026-10-01 08:34;7395.0;7624.81;SPXW  261001P07395000;0.05;0.1;delta=-0.003
2026-10-01 08:34;7400.0;7624.81;SPXW  261001P07400000;0.05;0.1;delta=-0.003
2026-10-01 08:34;7405.0;7624.81;SPXW  261001P07405000;0.05;0.1;delta=-0.003
2026-10-01 08:34;7410.0;7624.81;SPXW  261001P07410000;0.05;0.1;delta=-0.003
2026-10-01 08:34;7415.0;7624.81;SPXW  261001P07415000;0.05;0.1;delta=-0.003
2026-10-01 08:34;7420.0;7624.81;SPXW  261001P07420000;0.05;0.1;delta=-0.003
2026-10-01 08:34;7425.0;7624.81;SPXW  261001P07425000;0.05;0.1;delta=-0.003
2026-10-01 08:34;7430.0;7624.81;SPXW  261001P07430000;0.05;0.1;delta=-0.003
2026-10-01 08:34;7435.0;7624.81;SPXW  261001P07435000;0.05;0.1;delta=-0.003
2026-10-01 08:34;7440.0;7624.81;SPXW  261001P07440000;0.05;0.1;delta=-0.004
2026-10-01 08:34;7445.0;7624.81;SPXW  261001P07445000;0.1;0.15;delta=-0.005
2026-10-01 08:34;7450.0;7624.81;SPXW  261001P07450000;0.1;0.15;delta=-0.006
2026-10-01 08:34;7455.0;7624.81;SPXW  261001P07455000;0.1;0.15;delta=-0.006
2026-10-01 08:34;7460.0;7624.81;SPXW  261001P07460000;0.1;0.15;delta=-0.006
2026-10-01 08:34;7465.0;7624.81;SPXW  261001P07465000;0.1;0.15;delta=-0.006
2026-10-01 08:34;7470.0;7624.81;SPXW  261001P07470000;0.1;0.15;delta=-0.006
2026-10-01 08:34;7475.0;7624.81;SPXW  261001P07475000;0.1;0.15;delta=-0.006
2026-10-01 08:34;7480.0;7624.81;SPXW  261001P07480000;0.1;0.15;delta=-0.007
2026-10-01 08:34;7485.0;7624.81;SPXW  261001P07485000;0.1;0.15;delta=-0.007
2026-10-01 08:34;7490.0;7624.81;SPXW  261001P07490000;0.1;0.15;delta=-0.007
2026-10-01 08:34;7495.0;7624.81;SPXW  261001P07495000;0.1;0.15;delta=-0.007
2026-10-01 08:34;7500.0;7624.81;SPXW  261001P07500000;0.15;0.2;delta=-0.01
2026-10-01 08:34;7505.0;7624.81;SPXW  261001P07505000;0.15;0.2;delta=-0.01
2026-10-01 08:34;7510.0;7624.81;SPXW  261001P07510000;0.15;0.2;delta=-0.01
2026-10-01 08:34;7515.0;7624.81;SPXW  261001P07515000;0.15;0.2;delta=-0.011
2026-10-01 08:34;7520.0;7624.81;SPXW  261001P07520000;0.2;0.25;delta=-0.013
2026-10-01 08:34;7525.0;7624.81;SPXW  261001P07525000;0.2;0.25;delta=-0.014
2026-10-01 08:34;7530.0;7624.81;SPXW  261001P07530000;0.25;0.3;delta=-0.017
2026-10-01 08:34;7535.0;7624.81;SPXW  261001P07535000;0.3;0.35;delta=-0.02
2026-10-01 08:34;7540.0;7624.81;SPXW  261001P07540000;0.35;0.4;delta=-0.023
2026-10-01 08:34;7545.0;7624.81;SPXW  261001P07545000;0.45;0.5;delta=-0.028
2026-10-01 08:34;7550.0;7624.81;SPXW  261001P07550000;0.55;0.6;delta=-0.033
2026-10-01 08:34;7555.0;7624.81;SPXW  261001P07555000;0.65;0.7;delta=-0.041
2026-10-01 08:34;7560.0;7624.81;SPXW  261001P07560000;0.85;0.9;delta=-0.05
2026-10-01 08:34;7565.0;7624.81;SPXW  261001P07565000;1.05;1.1;delta=-0.061
2026-10-01 08:34;7570.0;7624.81;SPXW  261001P07570000;1.35;1.4;delta=-0.077
2026-10-01 08:34;7575.0;7624.81;SPXW  261001P07575000;1.7;1.8;delta=-0.094
2026-10-01 08:34;7580.0;7624.81;SPXW  261001P07580000;2.2;2.25;delta=-0.116
2026-10-01 08:34;7585.0;7624.81;SPXW  261001P07585000;2.8;2.85;delta=-0.142
2026-10-01 08:34;7590.0;7624.81;SPXW  261001P07590000;3.5;3.6;delta=-0.173
2026-10-01 08:34;7595.0;7624.81;SPXW  261001P07595000;4.4;4.5;delta=-0.207
2026-10-01 08:34;7600.0;7624.81;SPXW  261001P07600000;5.5;5.6;delta=-0.248
2026-10-01 08:34;7605.0;7624.81;SPXW  261001P07605000;6.8;6.9;delta=-0.293
2026-10-01 08:34;7610.0;7624.81;SPXW  261001P07610000;8.3;8.5;delta=-0.341
2026-10-01 08:34;7615.0;7624.81;SPXW  261001P07615000;10.1;10.3;delta=-0.394
2026-10-01 08:34;7620.0;7624.81;SPXW  261001P07620000;12.2;12.3;delta=-0.449
2026-10-01 08:34;7625.0;7624.81;SPXW  261001P07625000;14.5;14.7;delta=-0.506
2026-10-01 08:34;7630.0;7624.81;SPXW  261001P07630000;17.1;17.3;delta=-0.563
2026-10-01 08:34;7635.0;7624.81;SPXW  261001P07635000;20.1;20.3;delta=-0.619
2026-10-01 08:34;7640.0;7624.81;SPXW  261001P07640000;23.3;23.5;delta=-0.672
2026-10-01 08:34;7645.0;7624.81;SPXW  261001P07645000;26.7;27.1;delta=-0.724
2026-10-01 08:34;7650.0;7624.81;SPXW  261001P07650000;30.5;30.8;delta=-0.77
2026-10-01 08:34;7655.0;7624.81;SPXW  261001P07655000;34.5;34.8;delta=-0.812
2026-10-01 08:34;7660.0;7624.81;SPXW  261001P07660000;38.7;39.0;delta=-0.849
2026-10-01 08:34;7665.0;7624.81;SPXW  261001P07665000;43.0;43.4;delta=-0.879
2026-10-01 08:34;7670.0;7624.81;SPXW  261001P07670000;47.5;47.9;delta=-0.904
2026-10-01 08:34;7675.0;7624.81;SPXW  261001P07675000;52.2;52.6;delta=-0.925
2026-10-01 08:34;7680.0;7624.81;SPXW  261001P07680000;56.7;57.4;delta=-0.94
2026-10-01 08:34;7685.0;7624.81;SPXW  261001P07685000;61.5;62.2;delta=-0.952
2026-10-01 08:34;7690.0;7624.81;SPXW  261001P07690000;66.4;67.1;delta=-0.961
2026-10-01 08:34;7695.0;7624.81;SPXW  261001P07695000;71.3;72.1;delta=-0.968
2026-10-01 08:34;7700.0;7624.81;SPXW  261001P07700000;76.2;77.1;delta=-0.974
2026-10-01 08:34;7705.0;7624.81;SPXW  261001P07705000;81.2;81.7;delta=-0.978
2026-10-01 08:34;7710.0;7624.81;SPXW  261001P07710000;86.1;87.0;delta=-0.981
2026-10-01 08:34;7715.0;7624.81;SPXW  261001P07715000;91.1;92.0;delta=-0.982
2026-10-01 08:34;7720.0;7624.81;SPXW  261001P07720000;96.1;96.6;delta=-0.985
2026-10-01 08:34;7725.0;7624.81;SPXW  261001P07725000;100.8;104.4;delta=-0.986
2026-10-01 08:34;7730.0;7624.81;SPXW  261001P07730000;101.9;108.8;delta=-0.988
2026-10-01 08:34;7735.0;7624.81;SPXW  261001P07735000;110.8;114.4;delta=-0.989
2026-10-01 08:34;7740.0;7624.81;SPXW  261001P07740000;115.8;119.4;delta=-0.989
2026-10-01 08:34;7745.0;7624.81;SPXW  261001P07745000;120.8;124.3;delta=-0.99
2026-10-01 08:34;7750.0;7624.81;SPXW  261001P07750000;125.8;129.4;delta=-0.992
2026-10-01 08:34;7755.0;7624.81;SPXW  261001P07755000;130.6;134.6;delta=-0.993
2026-10-01 08:34;7760.0;7624.81;SPXW  261001P07760000;135.6;139.6;delta=-0.993
2026-10-01 08:34;7765.0;7624.81;SPXW  261001P07765000;140.6;144.5;delta=-0.993
2026-10-01 08:34;7770.0;7624.81;SPXW  261001P07770000;145.6;149.5;delta=-0.993
2026-10-01 08:34;7775.0;7624.81;SPXW  261001P07775000;150.6;154.5;delta=-0.993
2026-10-01 08:34;7780.0;7624.81;SPXW  261001P07780000;155.7;159.5;delta=-0.994
2026-10-01 08:34;7785.0;7624.81;SPXW  261001P07785000;160.6;164.5;delta=-0.994
2026-10-01 08:34;7790.0;7624.81;SPXW  261001P07790000;161.8;169.6;delta=-0.994
2026-10-01 08:34;7795.0;7624.81;SPXW  261001P07795000;166.8;174.6;delta=-0.994
2026-10-01 08:34;7800.0;7624.81;SPXW  261001P07800000;175.7;179.5;delta=-0.994
2026-10-01 08:34;7805.0;7624.81;SPXW  261001P07805000;176.7;184.6;delta=-0.994
2026-10-01 08:34;7810.0;7624.81;SPXW  261001P07810000;181.7;189.5;delta=-0.994
2026-10-01 08:34;7815.0;7624.81;SPXW  261001P07815000;186.7;194.6;delta=-0.996
2026-10-01 08:34;7820.0;7624.81;SPXW  261001P07820000;191.7;199.6;delta=-0.996
2026-10-01 08:34;7825.0;7624.81;SPXW  261001P07825000;193.3;206.2;delta=-0.997
2026-10-01 08:34;7830.0;7624.81;SPXW  261001P07830000;205.6;210.1;delta=-0.997
2026-10-01 08:34;7835.0;7624.81;SPXW  261001P07835000;203.0;216.3;delta=-0.997
2026-10-01 08:34;7840.0;7624.81;SPXW  261001P07840000;208.7;221.2;delta=-0.997
2026-10-01 08:34;7845.0;7624.81;SPXW  261001P07845000;209.0;227.7;delta=-0.997
2026-10-01 08:34;7850.0;7624.81;SPXW  261001P07850000;215.2;232.7;delta=-0.997
2026-10-01 08:34;7855.0;7624.81;SPXW  261001P07855000;219.1;237.7;delta=-0.997
2026-10-01 08:34;7860.0;7624.81;SPXW  261001P07860000;224.2;242.7;delta=-0.997
2026-10-01 08:34;7865.0;7624.81;SPXW  261001P07865000;229.2;247.6;delta=-0.997
2026-10-01 08:34;7870.0;7624.81;SPXW  261001P07870000;234.2;252.6;delta=-0.997
2026-10-01 08:34;7875.0;7624.81;SPXW  261001P07875000;239.1;257.6;delta=-0.998
2026-10-01 08:39;7385.0;7633.81;SPXW  261001C07385000;239.5;259.2;delta=0.997
2026-10-01 08:39;7390.0;7633.81;SPXW  261001C07390000;234.5;254.2;delta=0.997
2026-10-01 08:39;7395.0;7633.81;SPXW  261001C07395000;229.5;249.2;delta=0.997
2026-10-01 08:39;7400.0;7633.81;SPXW  261001C07400000;224.6;244.2;delta=0.997
2026-10-01 08:39;7405.0;7633.81;SPXW  261001C07405000;219.6;238.6;delta=0.997
2026-10-01 08:39;7410.0;7633.81;SPXW  261001C07410000;214.1;231.0;delta=0.997
2026-10-01 08:39;7415.0;7633.81;SPXW  261001C07415000;208.6;229.1;delta=0.997
2026-10-01 08:39;7420.0;7633.81;SPXW  261001C07420000;207.5;220.9;delta=0.997
2026-10-01 08:39;7425.0;7633.81;SPXW  261001C07425000;202.5;216.6;delta=0.997
2026-10-01 08:39;7430.0;7633.81;SPXW  261001C07430000;198.0;211.6;delta=0.997
2026-10-01 08:39;7435.0;7633.81;SPXW  261001C07435000;194.9;202.4;delta=0.997
2026-10-01 08:39;7440.0;7633.81;SPXW  261001C07440000;190.1;197.2;delta=0.997
2026-10-01 08:39;7445.0;7633.81;SPXW  261001C07445000;184.9;192.4;delta=0.997
2026-10-01 08:39;7450.0;7633.81;SPXW  261001C07450000;180.1;187.4;delta=0.996
2026-10-01 08:39;7455.0;7633.81;SPXW  261001C07455000;175.2;182.2;delta=0.994
2026-10-01 08:39;7460.0;7633.81;SPXW  261001C07460000;170.2;177.3;delta=0.994
2026-10-01 08:39;7465.0;7633.81;SPXW  261001C07465000;165.2;172.4;delta=0.994
2026-10-01 08:39;7470.0;7633.81;SPXW  261001C07470000;160.2;167.2;delta=0.994
2026-10-01 08:39;7475.0;7633.81;SPXW  261001C07475000;155.2;162.7;delta=0.994
2026-10-01 08:39;7480.0;7633.81;SPXW  261001C07480000;150.2;157.7;delta=0.994
2026-10-01 08:39;7485.0;7633.81;SPXW  261001C07485000;145.2;152.7;delta=0.994
2026-10-01 08:39;7490.0;7633.81;SPXW  261001C07490000;140.2;147.7;delta=0.993
2026-10-01 08:39;7495.0;7633.81;SPXW  261001C07495000;135.2;142.7;delta=0.993
2026-10-01 08:39;7500.0;7633.81;SPXW  261001C07500000;133.2;134.6;delta=0.993
2026-10-01 08:39;7505.0;7633.81;SPXW  261001C07505000;125.2;132.8;delta=0.993
2026-10-01 08:39;7510.0;7633.81;SPXW  261001C07510000;120.0;127.8;delta=0.993
2026-10-01 08:39;7515.0;7633.81;SPXW  261001C07515000;115.2;122.3;delta=0.99
2026-10-01 08:39;7520.0;7633.81;SPXW  261001C07520000;113.2;114.0;delta=0.99
2026-10-01 08:39;7525.0;7633.81;SPXW  261001C07525000;108.2;109.0;delta=0.989
2026-10-01 08:39;7530.0;7633.81;SPXW  261001C07530000;103.2;104.0;delta=0.989
2026-10-01 08:39;7535.0;7633.81;SPXW  261001C07535000;98.5;99.1;delta=0.986
2026-10-01 08:39;7540.0;7633.81;SPXW  261001C07540000;93.5;94.1;delta=0.984
2026-10-01 08:39;7545.0;7633.81;SPXW  261001C07545000;88.7;89.1;delta=0.982
2026-10-01 08:39;7550.0;7633.81;SPXW  261001C07550000;83.7;84.2;delta=0.979
2026-10-01 08:39;7555.0;7633.81;SPXW  261001C07555000;78.9;79.2;delta=0.975
2026-10-01 08:39;7560.0;7633.81;SPXW  261001C07560000;74.0;74.3;delta=0.969
2026-10-01 08:39;7565.0;7633.81;SPXW  261001C07565000;69.1;69.4;delta=0.963
2026-10-01 08:39;7570.0;7633.81;SPXW  261001C07570000;64.3;64.6;delta=0.954
2026-10-01 08:39;7575.0;7633.81;SPXW  261001C07575000;59.5;59.7;delta=0.942
2026-10-01 08:39;7580.0;7633.81;SPXW  261001C07580000;54.8;54.9;delta=0.926
2026-10-01 08:39;7585.0;7633.81;SPXW  261001C07585000;50.1;50.3;delta=0.91
2026-10-01 08:39;7590.0;7633.81;SPXW  261001C07590000;45.6;45.7;delta=0.887
2026-10-01 08:39;7595.0;7633.81;SPXW  261001C07595000;41.1;41.3;delta=0.86
2026-10-01 08:39;7600.0;7633.81;SPXW  261001C07600000;36.8;37.0;delta=0.83
2026-10-01 08:39;7605.0;7633.81;SPXW  261001C07605000;32.7;32.9;delta=0.793
2026-10-01 08:39;7610.0;7633.81;SPXW  261001C07610000;28.8;28.9;delta=0.751
2026-10-01 08:39;7615.0;7633.81;SPXW  261001C07615000;25.1;25.2;delta=0.706
2026-10-01 08:39;7620.0;7633.81;SPXW  261001C07620000;21.6;21.8;delta=0.656
2026-10-01 08:39;7625.0;7633.81;SPXW  261001C07625000;18.4;18.5;delta=0.601
2026-10-01 08:39;7630.0;7633.81;SPXW  261001C07630000;15.4;15.6;delta=0.544
2026-10-01 08:39;7635.0;7633.81;SPXW  261001C07635000;12.8;12.9;delta=0.486
2026-10-01 08:39;7640.0;7633.81;SPXW  261001C07640000;10.4;10.6;delta=0.427
2026-10-01 08:39;7645.0;7633.81;SPXW  261001C07645000;8.4;8.5;delta=0.37
2026-10-01 08:39;7650.0;7633.81;SPXW  261001C07650000;6.7;6.8;delta=0.314
2026-10-01 08:39;7655.0;7633.81;SPXW  261001C07655000;5.2;5.3;delta=0.262
2026-10-01 08:39;7660.0;7633.81;SPXW  261001C07660000;4.0;4.1;delta=0.215
2026-10-01 08:39;7665.0;7633.81;SPXW  261001C07665000;3.0;3.1;delta=0.174
2026-10-01 08:39;7670.0;7633.81;SPXW  261001C07670000;2.3;2.35;delta=0.139
2026-10-01 08:39;7675.0;7633.81;SPXW  261001C07675000;1.7;1.75;delta=0.11
2026-10-01 08:39;7680.0;7633.81;SPXW  261001C07680000;1.3;1.35;delta=0.086
2026-10-01 08:39;7685.0;7633.81;SPXW  261001C07685000;0.95;1.0;delta=0.068
2026-10-01 08:39;7690.0;7633.81;SPXW  261001C07690000;0.75;0.8;delta=0.053
2026-10-01 08:39;7695.0;7633.81;SPXW  261001C07695000;0.55;0.6;delta=0.042
2026-10-01 08:39;7700.0;7633.81;SPXW  261001C07700000;0.45;0.5;delta=0.034
2026-10-01 08:39;7705.0;7633.81;SPXW  261001C07705000;0.35;0.4;delta=0.027
2026-10-01 08:39;7710.0;7633.81;SPXW  261001C07710000;0.3;0.35;delta=0.023
2026-10-01 08:39;7715.0;7633.81;SPXW  261001C07715000;0.25;0.3;delta=0.019
2026-10-01 08:39;7720.0;7633.81;SPXW  261001C07720000;0.2;0.3;delta=0.017
2026-10-01 08:39;7725.0;7633.81;SPXW  261001C07725000;0.2;0.25;delta=0.015
2026-10-01 08:39;7730.0;7633.81;SPXW  261001C07730000;0.15;0.25;delta=0.013
2026-10-01 08:39;7735.0;7633.81;SPXW  261001C07735000;0.15;0.2;delta=0.012
2026-10-01 08:39;7740.0;7633.81;SPXW  261001C07740000;0.15;0.2;delta=0.011
2026-10-01 08:39;7745.0;7633.81;SPXW  261001C07745000;0.15;0.2;delta=0.011
2026-10-01 08:39;7750.0;7633.81;SPXW  261001C07750000;0.1;0.15;delta=0.008
2026-10-01 08:39;7755.0;7633.81;SPXW  261001C07755000;0.1;0.15;delta=0.008
2026-10-01 08:39;7760.0;7633.81;SPXW  261001C07760000;0.1;0.15;delta=0.007
2026-10-01 08:39;7765.0;7633.81;SPXW  261001C07765000;0.1;0.15;delta=0.007
2026-10-01 08:39;7770.0;7633.81;SPXW  261001C07770000;0.1;0.15;delta=0.007
2026-10-01 08:39;7775.0;7633.81;SPXW  261001C07775000;0.1;0.15;delta=0.007
2026-10-01 08:39;7780.0;7633.81;SPXW  261001C07780000;0.1;0.15;delta=0.007
2026-10-01 08:39;7785.0;7633.81;SPXW  261001C07785000;0.1;0.15;delta=0.006
2026-10-01 08:39;7790.0;7633.81;SPXW  261001C07790000;0.1;0.15;delta=0.006
2026-10-01 08:39;7795.0;7633.81;SPXW  261001C07795000;0.1;0.15;delta=0.006
2026-10-01 08:39;7800.0;7633.81;SPXW  261001C07800000;0.1;0.15;delta=0.006
2026-10-01 08:39;7805.0;7633.81;SPXW  261001C07805000;0.05;0.1;delta=0.004
2026-10-01 08:39;7810.0;7633.81;SPXW  261001C07810000;0.05;0.1;delta=0.004
2026-10-01 08:39;7815.0;7633.81;SPXW  261001C07815000;0.05;0.1;delta=0.004
2026-10-01 08:39;7820.0;7633.81;SPXW  261001C07820000;0.05;0.1;delta=0.004
2026-10-01 08:39;7825.0;7633.81;SPXW  261001C07825000;0.05;0.1;delta=0.004
2026-10-01 08:39;7830.0;7633.81;SPXW  261001C07830000;0.05;0.1;delta=0.003
2026-10-01 08:39;7835.0;7633.81;SPXW  261001C07835000;0.05;0.1;delta=0.003
2026-10-01 08:39;7840.0;7633.81;SPXW  261001C07840000;0.05;0.1;delta=0.003
2026-10-01 08:39;7845.0;7633.81;SPXW  261001C07845000;0.05;0.1;delta=0.003
2026-10-01 08:39;7850.0;7633.81;SPXW  261001C07850000;0.05;0.1;delta=0.003
2026-10-01 08:39;7855.0;7633.81;SPXW  261001C07855000;0.05;0.1;delta=0.003
2026-10-01 08:39;7860.0;7633.81;SPXW  261001C07860000;0.05;0.1;delta=0.003
2026-10-01 08:39;7865.0;7633.81;SPXW  261001C07865000;0.05;0.1;delta=0.003
2026-10-01 08:39;7870.0;7633.81;SPXW  261001C07870000;0.0;0.05;delta=0.001
2026-10-01 08:39;7875.0;7633.81;SPXW  261001C07875000;0.0;0.1;delta=0.002
2026-10-01 08:39;7880.0;7633.81;SPXW  261001C07880000;0.0;0.1;delta=0.001
2026-10-01 08:39;7390.0;7633.81;SPXW  261001P07390000;0.05;0.1;delta=-0.003
2026-10-01 08:39;7395.0;7633.81;SPXW  261001P07395000;0.05;0.1;delta=-0.003
2026-10-01 08:39;7400.0;7633.81;SPXW  261001P07400000;0.05;0.1;delta=-0.003
2026-10-01 08:39;7405.0;7633.81;SPXW  261001P07405000;0.05;0.1;delta=-0.003
2026-10-01 08:39;7410.0;7633.81;SPXW  261001P07410000;0.05;0.1;delta=-0.003
2026-10-01 08:39;7415.0;7633.81;SPXW  261001P07415000;0.05;0.1;delta=-0.003
2026-10-01 08:39;7420.0;7633.81;SPXW  261001P07420000;0.05;0.1;delta=-0.003
2026-10-01 08:39;7425.0;7633.81;SPXW  261001P07425000;0.05;0.1;delta=-0.003
2026-10-01 08:39;7430.0;7633.81;SPXW  261001P07430000;0.05;0.1;delta=-0.003
2026-10-01 08:39;7435.0;7633.81;SPXW  261001P07435000;0.05;0.1;delta=-0.003
2026-10-01 08:39;7440.0;7633.81;SPXW  261001P07440000;0.05;0.1;delta=-0.003
2026-10-01 08:39;7445.0;7633.81;SPXW  261001P07445000;0.05;0.1;delta=-0.003
2026-10-01 08:39;7450.0;7633.81;SPXW  261001P07450000;0.05;0.1;delta=-0.004
2026-10-01 08:39;7455.0;7633.81;SPXW  261001P07455000;0.05;0.15;delta=-0.005
2026-10-01 08:39;7460.0;7633.81;SPXW  261001P07460000;0.1;0.15;delta=-0.006
2026-10-01 08:39;7465.0;7633.81;SPXW  261001P07465000;0.1;0.15;delta=-0.006
2026-10-01 08:39;7470.0;7633.81;SPXW  261001P07470000;0.1;0.15;delta=-0.006
2026-10-01 08:39;7475.0;7633.81;SPXW  261001P07475000;0.1;0.15;delta=-0.006
2026-10-01 08:39;7480.0;7633.81;SPXW  261001P07480000;0.1;0.15;delta=-0.006
2026-10-01 08:39;7485.0;7633.81;SPXW  261001P07485000;0.1;0.15;delta=-0.006
2026-10-01 08:39;7490.0;7633.81;SPXW  261001P07490000;0.1;0.15;delta=-0.007
2026-10-01 08:39;7495.0;7633.81;SPXW  261001P07495000;0.1;0.15;delta=-0.007
2026-10-01 08:39;7500.0;7633.81;SPXW  261001P07500000;0.1;0.15;delta=-0.007
2026-10-01 08:39;7505.0;7633.81;SPXW  261001P07505000;0.1;0.15;delta=-0.007
2026-10-01 08:39;7510.0;7633.81;SPXW  261001P07510000;0.1;0.15;delta=-0.007
2026-10-01 08:39;7515.0;7633.81;SPXW  261001P07515000;0.1;0.15;delta=-0.01
2026-10-01 08:39;7520.0;7633.81;SPXW  261001P07520000;0.15;0.2;delta=-0.01
2026-10-01 08:39;7525.0;7633.81;SPXW  261001P07525000;0.15;0.2;delta=-0.011
2026-10-01 08:39;7530.0;7633.81;SPXW  261001P07530000;0.15;0.2;delta=-0.011
2026-10-01 08:39;7535.0;7633.81;SPXW  261001P07535000;0.2;0.25;delta=-0.014
2026-10-01 08:39;7540.0;7633.81;SPXW  261001P07540000;0.2;0.25;delta=-0.016
2026-10-01 08:39;7545.0;7633.81;SPXW  261001P07545000;0.25;0.3;delta=-0.018
2026-10-01 08:39;7550.0;7633.81;SPXW  261001P07550000;0.3;0.35;delta=-0.021
2026-10-01 08:39;7555.0;7633.81;SPXW  261001P07555000;0.35;0.4;delta=-0.025
2026-10-01 08:39;7560.0;7633.81;SPXW  261001P07560000;0.4;0.45;delta=-0.031
2026-10-01 08:39;7565.0;7633.81;SPXW  261001P07565000;0.5;0.55;delta=-0.037
2026-10-01 08:39;7570.0;7633.81;SPXW  261001P07570000;0.65;0.7;delta=-0.046
2026-10-01 08:39;7575.0;7633.81;SPXW  261001P07575000;0.8;0.85;delta=-0.058
2026-10-01 08:39;7580.0;7633.81;SPXW  261001P07580000;1.05;1.1;delta=-0.074
2026-10-01 08:39;7585.0;7633.81;SPXW  261001P07585000;1.35;1.4;delta=-0.091
2026-10-01 08:39;7590.0;7633.81;SPXW  261001P07590000;1.75;1.8;delta=-0.113
2026-10-01 08:39;7595.0;7633.81;SPXW  261001P07595000;2.25;2.35;delta=-0.139
2026-10-01 08:39;7600.0;7633.81;SPXW  261001P07600000;2.9;2.95;delta=-0.17
2026-10-01 08:39;7605.0;7633.81;SPXW  261001P07605000;3.7;3.8;delta=-0.207
2026-10-01 08:39;7610.0;7633.81;SPXW  261001P07610000;4.7;4.8;delta=-0.249
2026-10-01 08:39;7615.0;7633.81;SPXW  261001P07615000;5.8;6.0;delta=-0.295
2026-10-01 08:39;7620.0;7633.81;SPXW  261001P07620000;7.2;7.4;delta=-0.344
2026-10-01 08:39;7625.0;7633.81;SPXW  261001P07625000;8.9;9.1;delta=-0.399
2026-10-01 08:39;7630.0;7633.81;SPXW  261001P07630000;10.8;11.0;delta=-0.456
2026-10-01 08:39;7635.0;7633.81;SPXW  261001P07635000;13.0;13.2;delta=-0.514
2026-10-01 08:39;7640.0;7633.81;SPXW  261001P07640000;15.5;15.7;delta=-0.573
2026-10-01 08:39;7645.0;7633.81;SPXW  261001P07645000;18.2;18.5;delta=-0.63
2026-10-01 08:39;7650.0;7633.81;SPXW  261001P07650000;21.3;21.6;delta=-0.686
2026-10-01 08:39;7655.0;7633.81;SPXW  261001P07655000;24.7;25.0;delta=-0.738
2026-10-01 08:39;7660.0;7633.81;SPXW  261001P07660000;28.4;28.7;delta=-0.785
2026-10-01 08:39;7665.0;7633.81;SPXW  261001P07665000;32.3;32.6;delta=-0.826
2026-10-01 08:39;7670.0;7633.81;SPXW  261001P07670000;36.4;36.9;delta=-0.861
2026-10-01 08:39;7675.0;7633.81;SPXW  261001P07675000;40.7;41.2;delta=-0.89
2026-10-01 08:39;7680.0;7633.81;SPXW  261001P07680000;45.2;45.8;delta=-0.914
2026-10-01 08:39;7685.0;7633.81;SPXW  261001P07685000;49.8;50.4;delta=-0.932
2026-10-01 08:39;7690.0;7633.81;SPXW  261001P07690000;54.5;55.3;delta=-0.947
2026-10-01 08:39;7695.0;7633.81;SPXW  261001P07695000;59.3;60.1;delta=-0.958
2026-10-01 08:39;7700.0;7633.81;SPXW  261001P07700000;64.1;65.0;delta=-0.966
2026-10-01 08:39;7705.0;7633.81;SPXW  261001P07705000;69.0;69.9;delta=-0.973
2026-10-01 08:39;7710.0;7633.81;SPXW  261001P07710000;73.9;74.8;delta=-0.977
2026-10-01 08:39;7715.0;7633.81;SPXW  261001P07715000;78.9;79.7;delta=-0.981
2026-10-01 08:39;7720.0;7633.81;SPXW  261001P07720000;83.8;84.7;delta=-0.983
2026-10-01 08:39;7725.0;7633.81;SPXW  261001P07725000;88.8;89.7;delta=-0.985
2026-10-01 08:39;7730.0;7633.81;SPXW  261001P07730000;90.3;94.6;delta=-0.987
2026-10-01 08:39;7735.0;7633.81;SPXW  261001P07735000;96.5;99.6;delta=-0.988
2026-10-01 08:39;7740.0;7633.81;SPXW  261001P07740000;101.5;105.0;delta=-0.989
2026-10-01 08:39;7745.0;7633.81;SPXW  261001P07745000;106.6;110.0;delta=-0.989
2026-10-01 08:39;7750.0;7633.81;SPXW  261001P07750000;110.9;114.9;delta=-0.992
2026-10-01 08:39;7755.0;7633.81;SPXW  261001P07755000;115.4;123.2;delta=-0.992
2026-10-01 08:39;7760.0;7633.81;SPXW  261001P07760000;120.3;128.1;delta=-0.993
2026-10-01 08:39;7765.0;7633.81;SPXW  261001P07765000;125.2;132.6;delta=-0.993
2026-10-01 08:39;7770.0;7633.81;SPXW  261001P07770000;129.7;138.2;delta=-0.993
2026-10-01 08:39;7775.0;7633.81;SPXW  261001P07775000;135.1;143.2;delta=-0.993
2026-10-01 08:39;7780.0;7633.81;SPXW  261001P07780000;140.2;144.8;delta=-0.993
2026-10-01 08:39;7785.0;7633.81;SPXW  261001P07785000;145.1;149.9;delta=-0.994
2026-10-01 08:39;7790.0;7633.81;SPXW  261001P07790000;150.2;158.2;delta=-0.994
2026-10-01 08:39;7795.0;7633.81;SPXW  261001P07795000;155.3;163.3;delta=-0.994
2026-10-01 08:39;7800.0;7633.81;SPXW  261001P07800000;160.1;164.9;delta=-0.994
2026-10-01 08:39;7805.0;7633.81;SPXW  261001P07805000;165.7;173.2;delta=-0.996
2026-10-01 08:39;7810.0;7633.81;SPXW  261001P07810000;170.3;178.4;delta=-0.996
2026-10-01 08:39;7815.0;7633.81;SPXW  261001P07815000;175.6;183.3;delta=-0.996
2026-10-01 08:39;7820.0;7633.81;SPXW  261001P07820000;180.6;188.2;delta=-0.996
2026-10-01 08:39;7825.0;7633.81;SPXW  261001P07825000;184.9;193.2;delta=-0.996
2026-10-01 08:39;7830.0;7633.81;SPXW  261001P07830000;189.6;194.9;delta=-0.997
2026-10-01 08:39;7835.0;7633.81;SPXW  261001P07835000;195.2;203.0;delta=-0.997
2026-10-01 08:39;7840.0;7633.81;SPXW  261001P07840000;198.6;210.4;delta=-0.997
2026-10-01 08:39;7845.0;7633.81;SPXW  261001P07845000;203.6;215.4;delta=-0.997
2026-10-01 08:39;7850.0;7633.81;SPXW  261001P07850000;206.4;220.1;delta=-0.997
2026-10-01 08:39;7855.0;7633.81;SPXW  261001P07855000;211.0;231.1;delta=-0.997
2026-10-01 08:39;7860.0;7633.81;SPXW  261001P07860000;216.0;235.3;delta=-0.997
2026-10-01 08:39;7865.0;7633.81;SPXW  261001P07865000;221.0;241.0;delta=-0.997
2026-10-01 08:39;7870.0;7633.81;SPXW  261001P07870000;226.0;245.4;delta=-0.998
2026-10-01 08:39;7875.0;7633.81;SPXW  261001P07875000;231.0;250.5;delta=-0.998
2026-10-01 08:39;7880.0;7633.81;SPXW  261001P07880000;236.0;255.5;delta=-0.999
2026-10-01 08:39;7885.0;7633.81;SPXW  261001P07885000;241.0;260.5;delta=-0.999
2026-10-01 08:43;7380.0;7627.66;SPXW  261001C07380000;240.8;259.2;delta=0.997
2026-10-01 08:43;7385.0;7627.66;SPXW  261001C07385000;235.2;254.3;delta=0.997
2026-10-01 08:43;7390.0;7627.66;SPXW  261001C07390000;230.2;249.0;delta=0.997
2026-10-01 08:43;7395.0;7627.66;SPXW  261001C07395000;225.2;243.9;delta=0.997
2026-10-01 08:43;7400.0;7627.66;SPXW  261001C07400000;220.3;238.9;delta=0.997
2026-10-01 08:43;7405.0;7627.66;SPXW  261001C07405000;215.8;233.9;delta=0.997
2026-10-01 08:43;7410.0;7627.66;SPXW  261001C07410000;208.3;228.8;delta=0.997
2026-10-01 08:43;7415.0;7627.66;SPXW  261001C07415000;207.3;220.3;delta=0.997
2026-10-01 08:43;7420.0;7627.66;SPXW  261001C07420000;202.4;214.9;delta=0.997
2026-10-01 08:43;7425.0;7627.66;SPXW  261001C07425000;197.3;209.9;delta=0.997
2026-10-01 08:43;7430.0;7627.66;SPXW  261001C07430000;194.1;201.2;delta=0.997
2026-10-01 08:43;7435.0;7627.66;SPXW  261001C07435000;189.1;196.2;delta=0.997
2026-10-01 08:43;7440.0;7627.66;SPXW  261001C07440000;184.1;191.5;delta=0.997
2026-10-01 08:43;7445.0;7627.66;SPXW  261001C07445000;179.1;186.2;delta=0.996
2026-10-01 08:43;7450.0;7627.66;SPXW  261001C07450000;174.1;181.2;delta=0.995
2026-10-01 08:43;7455.0;7627.66;SPXW  261001C07455000;169.1;176.5;delta=0.995
2026-10-01 08:43;7460.0;7627.66;SPXW  261001C07460000;164.1;171.2;delta=0.994
2026-10-01 08:43;7465.0;7627.66;SPXW  261001C07465000;159.1;166.2;delta=0.994
2026-10-01 08:43;7470.0;7627.66;SPXW  261001C07470000;153.6;161.5;delta=0.994
2026-10-01 08:43;7475.0;7627.66;SPXW  261001C07475000;148.7;156.2;delta=0.994
2026-10-01 08:43;7480.0;7627.66;SPXW  261001C07480000;144.0;151.2;delta=0.994
2026-10-01 08:43;7485.0;7627.66;SPXW  261001C07485000;139.2;146.6;delta=0.993
2026-10-01 08:43;7490.0;7627.66;SPXW  261001C07490000;134.0;141.2;delta=0.993
2026-10-01 08:43;7495.0;7627.66;SPXW  261001C07495000;129.2;136.2;delta=0.993
2026-10-01 08:43;7500.0;7627.66;SPXW  261001C07500000;126.7;128.1;delta=0.993
2026-10-01 08:43;7505.0;7627.66;SPXW  261001C07505000;119.2;126.2;delta=0.993
2026-10-01 08:43;7510.0;7627.66;SPXW  261001C07510000;114.2;121.2;delta=0.99
2026-10-01 08:43;7515.0;7627.66;SPXW  261001C07515000;112.1;112.5;delta=0.99
2026-10-01 08:43;7520.0;7627.66;SPXW  261001C07520000;107.1;107.5;delta=0.989
2026-10-01 08:43;7525.0;7627.66;SPXW  261001C07525000;102.1;102.5;delta=0.989
2026-10-01 08:43;7530.0;7627.66;SPXW  261001C07530000;97.2;97.5;delta=0.986
2026-10-01 08:43;7535.0;7627.66;SPXW  261001C07535000;92.3;92.6;delta=0.985
2026-10-01 08:43;7540.0;7627.66;SPXW  261001C07540000;87.3;87.6;delta=0.982
2026-10-01 08:43;7545.0;7627.66;SPXW  261001C07545000;82.4;82.7;delta=0.979
2026-10-01 08:43;7550.0;7627.66;SPXW  261001C07550000;77.4;77.7;delta=0.975
2026-10-01 08:43;7555.0;7627.66;SPXW  261001C07555000;72.5;72.8;delta=0.969
2026-10-01 08:43;7560.0;7627.66;SPXW  261001C07560000;67.6;67.9;delta=0.963
2026-10-01 08:43;7565.0;7627.66;SPXW  261001C07565000;62.8;63.1;delta=0.954
2026-10-01 08:43;7570.0;7627.66;SPXW  261001C07570000;58.0;58.3;delta=0.942
2026-10-01 08:43;7575.0;7627.66;SPXW  261001C07575000;53.3;53.5;delta=0.928
2026-10-01 08:43;7580.0;7627.66;SPXW  261001C07580000;48.7;48.9;delta=0.91
2026-10-01 08:43;7585.0;7627.66;SPXW  261001C07585000;44.2;44.4;delta=0.889
2026-10-01 08:43;7590.0;7627.66;SPXW  261001C07590000;39.8;40.0;delta=0.862
2026-10-01 08:43;7595.0;7627.66;SPXW  261001C07595000;35.6;35.8;delta=0.831
2026-10-01 08:43;7600.0;7627.66;SPXW  261001C07600000;31.5;31.7;delta=0.795
2026-10-01 08:43;7605.0;7627.66;SPXW  261001C07605000;27.7;27.8;delta=0.754
2026-10-01 08:43;7610.0;7627.66;SPXW  261001C07610000;24.0;24.2;delta=0.707
2026-10-01 08:43;7615.0;7627.66;SPXW  261001C07615000;20.6;20.8;delta=0.657
2026-10-01 08:43;7620.0;7627.66;SPXW  261001C07620000;17.5;17.7;delta=0.603
2026-10-01 08:43;7625.0;7627.66;SPXW  261001C07625000;14.7;14.8;delta=0.546
2026-10-01 08:43;7630.0;7627.66;SPXW  261001C07630000;12.2;12.3;delta=0.487
2026-10-01 08:43;7635.0;7627.66;SPXW  261001C07635000;9.9;10.0;delta=0.429
2026-10-01 08:43;7640.0;7627.66;SPXW  261001C07640000;8.0;8.1;delta=0.372
2026-10-01 08:43;7645.0;7627.66;SPXW  261001C07645000;6.3;6.4;delta=0.318
2026-10-01 08:43;7650.0;7627.66;SPXW  261001C07650000;4.9;5.0;delta=0.266
2026-10-01 08:43;7655.0;7627.66;SPXW  261001C07655000;3.8;3.9;delta=0.219
2026-10-01 08:43;7660.0;7627.66;SPXW  261001C07660000;2.9;2.95;delta=0.179
2026-10-01 08:43;7665.0;7627.66;SPXW  261001C07665000;2.2;2.25;delta=0.142
2026-10-01 08:43;7670.0;7627.66;SPXW  261001C07670000;1.65;1.7;delta=0.112
2026-10-01 08:43;7675.0;7627.66;SPXW  261001C07675000;1.2;1.25;delta=0.088
2026-10-01 08:43;7680.0;7627.66;SPXW  261001C07680000;0.9;0.95;delta=0.068
2026-10-01 08:43;7685.0;7627.66;SPXW  261001C07685000;0.7;0.75;delta=0.053
2026-10-01 08:43;7690.0;7627.66;SPXW  261001C07690000;0.55;0.6;delta=0.043
2026-10-01 08:43;7695.0;7627.66;SPXW  261001C07695000;0.4;0.45;delta=0.034
2026-10-01 08:43;7700.0;7627.66;SPXW  261001C07700000;0.35;0.4;delta=0.027
2026-10-01 08:43;7705.0;7627.66;SPXW  261001C07705000;0.3;0.35;delta=0.023
2026-10-01 08:43;7710.0;7627.66;SPXW  261001C07710000;0.25;0.3;delta=0.019
2026-10-01 08:43;7715.0;7627.66;SPXW  261001C07715000;0.2;0.25;delta=0.018
2026-10-01 08:43;7720.0;7627.66;SPXW  261001C07720000;0.2;0.25;delta=0.015
2026-10-01 08:43;7725.0;7627.66;SPXW  261001C07725000;0.15;0.25;delta=0.015
2026-10-01 08:43;7730.0;7627.66;SPXW  261001C07730000;0.15;0.2;delta=0.012
2026-10-01 08:43;7735.0;7627.66;SPXW  261001C07735000;0.15;0.2;delta=0.011
2026-10-01 08:43;7740.0;7627.66;SPXW  261001C07740000;0.15;0.2;delta=0.011
2026-10-01 08:43;7745.0;7627.66;SPXW  261001C07745000;0.15;0.2;delta=0.01
2026-10-01 08:43;7750.0;7627.66;SPXW  261001C07750000;0.1;0.15;delta=0.008
2026-10-01 08:43;7755.0;7627.66;SPXW  261001C07755000;0.1;0.15;delta=0.007
2026-10-01 08:43;7760.0;7627.66;SPXW  261001C07760000;0.1;0.15;delta=0.007
2026-10-01 08:43;7765.0;7627.66;SPXW  261001C07765000;0.1;0.15;delta=0.007
2026-10-01 08:43;7770.0;7627.66;SPXW  261001C07770000;0.1;0.15;delta=0.007
2026-10-01 08:43;7775.0;7627.66;SPXW  261001C07775000;0.1;0.15;delta=0.007
2026-10-01 08:43;7780.0;7627.66;SPXW  261001C07780000;0.1;0.15;delta=0.006
2026-10-01 08:43;7785.0;7627.66;SPXW  261001C07785000;0.1;0.15;delta=0.006
2026-10-01 08:43;7790.0;7627.66;SPXW  261001C07790000;0.1;0.15;delta=0.006
2026-10-01 08:43;7795.0;7627.66;SPXW  261001C07795000;0.1;0.15;delta=0.006
2026-10-01 08:43;7800.0;7627.66;SPXW  261001C07800000;0.1;0.15;delta=0.006
2026-10-01 08:43;7805.0;7627.66;SPXW  261001C07805000;0.05;0.1;delta=0.004
2026-10-01 08:43;7810.0;7627.66;SPXW  261001C07810000;0.05;0.1;delta=0.004
2026-10-01 08:43;7815.0;7627.66;SPXW  261001C07815000;0.05;0.1;delta=0.004
2026-10-01 08:43;7820.0;7627.66;SPXW  261001C07820000;0.05;0.1;delta=0.004
2026-10-01 08:43;7825.0;7627.66;SPXW  261001C07825000;0.05;0.1;delta=0.003
2026-10-01 08:43;7830.0;7627.66;SPXW  261001C07830000;0.05;0.1;delta=0.003
2026-10-01 08:43;7835.0;7627.66;SPXW  261001C07835000;0.05;0.1;delta=0.003
2026-10-01 08:43;7840.0;7627.66;SPXW  261001C07840000;0.05;0.1;delta=0.003
2026-10-01 08:43;7845.0;7627.66;SPXW  261001C07845000;0.05;0.1;delta=0.003
2026-10-01 08:43;7850.0;7627.66;SPXW  261001C07850000;0.05;0.1;delta=0.003
2026-10-01 08:43;7855.0;7627.66;SPXW  261001C07855000;0.05;0.1;delta=0.003
2026-10-01 08:43;7860.0;7627.66;SPXW  261001C07860000;0.05;0.1;delta=0.003
2026-10-01 08:43;7865.0;7627.66;SPXW  261001C07865000;0.05;0.1;delta=0.003
2026-10-01 08:43;7870.0;7627.66;SPXW  261001C07870000;0.0;0.1;delta=0.003
2026-10-01 08:43;7875.0;7627.66;SPXW  261001C07875000;0.0;0.1;delta=0.003
2026-10-01 08:43;7380.0;7627.66;SPXW  261001P07380000;0.05;0.1;delta=-0.003
2026-10-01 08:43;7385.0;7627.66;SPXW  261001P07385000;0.05;0.1;delta=-0.003
2026-10-01 08:43;7390.0;7627.66;SPXW  261001P07390000;0.05;0.1;delta=-0.003
2026-10-01 08:43;7395.0;7627.66;SPXW  261001P07395000;0.05;0.1;delta=-0.003
2026-10-01 08:43;7400.0;7627.66;SPXW  261001P07400000;0.05;0.1;delta=-0.003
2026-10-01 08:43;7405.0;7627.66;SPXW  261001P07405000;0.05;0.1;delta=-0.003
2026-10-01 08:43;7410.0;7627.66;SPXW  261001P07410000;0.05;0.1;delta=-0.003
2026-10-01 08:43;7415.0;7627.66;SPXW  261001P07415000;0.05;0.1;delta=-0.003
2026-10-01 08:43;7420.0;7627.66;SPXW  261001P07420000;0.05;0.1;delta=-0.003
2026-10-01 08:43;7425.0;7627.66;SPXW  261001P07425000;0.05;0.1;delta=-0.003
2026-10-01 08:43;7430.0;7627.66;SPXW  261001P07430000;0.05;0.1;delta=-0.003
2026-10-01 08:43;7435.0;7627.66;SPXW  261001P07435000;0.05;0.1;delta=-0.003
2026-10-01 08:43;7440.0;7627.66;SPXW  261001P07440000;0.05;0.1;delta=-0.003
2026-10-01 08:43;7445.0;7627.66;SPXW  261001P07445000;0.05;0.1;delta=-0.004
2026-10-01 08:43;7450.0;7627.66;SPXW  261001P07450000;0.05;0.15;delta=-0.005
2026-10-01 08:43;7455.0;7627.66;SPXW  261001P07455000;0.05;0.15;delta=-0.005
2026-10-01 08:43;7460.0;7627.66;SPXW  261001P07460000;0.1;0.15;delta=-0.006
2026-10-01 08:43;7465.0;7627.66;SPXW  261001P07465000;0.1;0.15;delta=-0.006
2026-10-01 08:43;7470.0;7627.66;SPXW  261001P07470000;0.1;0.15;delta=-0.006
2026-10-01 08:43;7475.0;7627.66;SPXW  261001P07475000;0.1;0.15;delta=-0.006
2026-10-01 08:43;7480.0;7627.66;SPXW  261001P07480000;0.1;0.15;delta=-0.006
2026-10-01 08:43;7485.0;7627.66;SPXW  261001P07485000;0.1;0.15;delta=-0.007
2026-10-01 08:43;7490.0;7627.66;SPXW  261001P07490000;0.1;0.15;delta=-0.007
2026-10-01 08:43;7495.0;7627.66;SPXW  261001P07495000;0.1;0.15;delta=-0.007
2026-10-01 08:43;7500.0;7627.66;SPXW  261001P07500000;0.1;0.15;delta=-0.007
2026-10-01 08:43;7505.0;7627.66;SPXW  261001P07505000;0.1;0.15;delta=-0.007
2026-10-01 08:43;7510.0;7627.66;SPXW  261001P07510000;0.15;0.2;delta=-0.01
2026-10-01 08:43;7515.0;7627.66;SPXW  261001P07515000;0.15;0.2;delta=-0.01
2026-10-01 08:43;7520.0;7627.66;SPXW  261001P07520000;0.15;0.2;delta=-0.011
2026-10-01 08:43;7525.0;7627.66;SPXW  261001P07525000;0.2;0.25;delta=-0.011
2026-10-01 08:43;7530.0;7627.66;SPXW  261001P07530000;0.2;0.25;delta=-0.014
2026-10-01 08:43;7535.0;7627.66;SPXW  261001P07535000;0.25;0.3;delta=-0.015
2026-10-01 08:43;7540.0;7627.66;SPXW  261001P07540000;0.3;0.35;delta=-0.018
2026-10-01 08:43;7545.0;7627.66;SPXW  261001P07545000;0.35;0.4;delta=-0.021
2026-10-01 08:43;7550.0;7627.66;SPXW  261001P07550000;0.4;0.45;delta=-0.025
2026-10-01 08:43;7555.0;7627.66;SPXW  261001P07555000;0.5;0.55;delta=-0.031
2026-10-01 08:43;7560.0;7627.66;SPXW  261001P07560000;0.65;0.7;delta=-0.037
2026-10-01 08:43;7565.0;7627.66;SPXW  261001P07565000;0.8;0.85;delta=-0.046
2026-10-01 08:43;7570.0;7627.66;SPXW  261001P07570000;1.05;1.1;delta=-0.058
2026-10-01 08:43;7575.0;7627.66;SPXW  261001P07575000;1.35;1.4;delta=-0.071
2026-10-01 08:43;7580.0;7627.66;SPXW  261001P07580000;1.75;1.8;delta=-0.09
2026-10-01 08:43;7585.0;7627.66;SPXW  261001P07585000;2.25;2.3;delta=-0.111
2026-10-01 08:43;7590.0;7627.66;SPXW  261001P07590000;2.9;2.95;delta=-0.138
2026-10-01 08:43;7595.0;7627.66;SPXW  261001P07595000;3.6;3.8;delta=-0.17
2026-10-01 08:43;7600.0;7627.66;SPXW  261001P07600000;4.6;4.7;delta=-0.205
2026-10-01 08:43;7605.0;7627.66;SPXW  261001P07605000;5.8;5.9;delta=-0.246
2026-10-01 08:43;7610.0;7627.66;SPXW  261001P07610000;7.2;7.3;delta=-0.293
2026-10-01 08:43;7615.0;7627.66;SPXW  261001P07615000;8.9;9.0;delta=-0.343
2026-10-01 08:43;7620.0;7627.66;SPXW  261001P07620000;10.8;10.9;delta=-0.397
2026-10-01 08:43;7625.0;7627.66;SPXW  261001P07625000;13.0;13.1;delta=-0.454
2026-10-01 08:43;7630.0;7627.66;SPXW  261001P07630000;15.5;15.6;delta=-0.512
2026-10-01 08:43;7635.0;7627.66;SPXW  261001P07635000;18.3;18.4;delta=-0.571
2026-10-01 08:43;7640.0;7627.66;SPXW  261001P07640000;21.4;21.5;delta=-0.628
2026-10-01 08:43;7645.0;7627.66;SPXW  261001P07645000;24.7;24.9;delta=-0.682
2026-10-01 08:43;7650.0;7627.66;SPXW  261001P07650000;28.4;28.6;delta=-0.734
2026-10-01 08:43;7655.0;7627.66;SPXW  261001P07655000;32.3;32.5;delta=-0.781
2026-10-01 08:43;7660.0;7627.66;SPXW  261001P07660000;36.4;36.6;delta=-0.821
2026-10-01 08:43;7665.0;7627.66;SPXW  261001P07665000;40.7;40.9;delta=-0.858
2026-10-01 08:43;7670.0;7627.66;SPXW  261001P07670000;45.1;45.4;delta=-0.888
2026-10-01 08:43;7675.0;7627.66;SPXW  261001P07675000;49.7;50.0;delta=-0.912
2026-10-01 08:43;7680.0;7627.66;SPXW  261001P07680000;54.4;54.8;delta=-0.932
2026-10-01 08:43;7685.0;7627.66;SPXW  261001P07685000;59.2;59.5;delta=-0.947
2026-10-01 08:43;7690.0;7627.66;SPXW  261001P07690000;64.0;64.4;delta=-0.957
2026-10-01 08:43;7695.0;7627.66;SPXW  261001P07695000;68.9;69.3;delta=-0.966
2026-10-01 08:43;7700.0;7627.66;SPXW  261001P07700000;73.8;74.2;delta=-0.973
2026-10-01 08:43;7705.0;7627.66;SPXW  261001P07705000;78.8;79.2;delta=-0.977
2026-10-01 08:43;7710.0;7627.66;SPXW  261001P07710000;83.7;84.1;delta=-0.981
2026-10-01 08:43;7715.0;7627.66;SPXW  261001P07715000;88.7;89.1;delta=-0.981
2026-10-01 08:43;7720.0;7627.66;SPXW  261001P07720000;93.7;94.1;delta=-0.985
2026-10-01 08:43;7725.0;7627.66;SPXW  261001P07725000;98.7;99.0;delta=-0.985
2026-10-01 08:43;7730.0;7627.66;SPXW  261001P07730000;103.2;104.4;delta=-0.988
2026-10-01 08:43;7735.0;7627.66;SPXW  261001P07735000;108.1;109.5;delta=-0.989
2026-10-01 08:43;7740.0;7627.66;SPXW  261001P07740000;113.1;114.5;delta=-0.989
2026-10-01 08:43;7745.0;7627.66;SPXW  261001P07745000;118.1;119.5;delta=-0.99
2026-10-01 08:43;7750.0;7627.66;SPXW  261001P07750000;123.1;124.5;delta=-0.992
2026-10-01 08:43;7755.0;7627.66;SPXW  261001P07755000;128.1;129.4;delta=-0.993
2026-10-01 08:43;7760.0;7627.66;SPXW  261001P07760000;133.1;134.4;delta=-0.993
2026-10-01 08:43;7765.0;7627.66;SPXW  261001P07765000;138.1;139.4;delta=-0.993
2026-10-01 08:43;7770.0;7627.66;SPXW  261001P07770000;143.1;144.4;delta=-0.993
2026-10-01 08:43;7775.0;7627.66;SPXW  261001P07775000;148.1;149.4;delta=-0.993
2026-10-01 08:43;7780.0;7627.66;SPXW  261001P07780000;153.1;154.4;delta=-0.994
2026-10-01 08:43;7785.0;7627.66;SPXW  261001P07785000;158.0;159.4;delta=-0.994
2026-10-01 08:43;7790.0;7627.66;SPXW  261001P07790000;159.5;166.6;delta=-0.994
2026-10-01 08:43;7795.0;7627.66;SPXW  261001P07795000;164.4;171.6;delta=-0.994
2026-10-01 08:43;7800.0;7627.66;SPXW  261001P07800000;173.0;174.4;delta=-0.994
2026-10-01 08:43;7805.0;7627.66;SPXW  261001P07805000;174.5;181.6;delta=-0.996
2026-10-01 08:43;7810.0;7627.66;SPXW  261001P07810000;179.4;186.6;delta=-0.996
2026-10-01 08:43;7815.0;7627.66;SPXW  261001P07815000;184.5;191.6;delta=-0.996
2026-10-01 08:43;7820.0;7627.66;SPXW  261001P07820000;189.5;196.5;delta=-0.996
2026-10-01 08:43;7825.0;7627.66;SPXW  261001P07825000;194.4;201.6;delta=-0.997
2026-10-01 08:43;7830.0;7627.66;SPXW  261001P07830000;203.1;204.4;delta=-0.997
2026-10-01 08:43;7835.0;7627.66;SPXW  261001P07835000;201.1;213.8;delta=-0.997
2026-10-01 08:43;7840.0;7627.66;SPXW  261001P07840000;205.8;218.5;delta=-0.997
2026-10-01 08:43;7845.0;7627.66;SPXW  261001P07845000;207.0;226.7;delta=-0.997
2026-10-01 08:43;7850.0;7627.66;SPXW  261001P07850000;212.0;229.3;delta=-0.997
2026-10-01 08:43;7855.0;7627.66;SPXW  261001P07855000;217.5;234.9;delta=-0.997
2026-10-01 08:43;7860.0;7627.66;SPXW  261001P07860000;222.2;238.5;delta=-0.997
2026-10-01 08:43;7865.0;7627.66;SPXW  261001P07865000;227.5;244.9;delta=-0.997
2026-10-01 08:43;7870.0;7627.66;SPXW  261001P07870000;231.6;249.9;delta=-0.997
2026-10-01 08:43;7875.0;7627.66;SPXW  261001P07875000;237.0;254.8;delta=-0.997
2026-10-01 08:47;7380.0;7629.33;SPXW  261001C07380000;239.9;257.4;delta=0.997
2026-10-01 08:47;7385.0;7629.33;SPXW  261001C07385000;234.9;252.0;delta=0.997
2026-10-01 08:47;7390.0;7629.33;SPXW  261001C07390000;229.9;247.0;delta=0.997
2026-10-01 08:47;7395.0;7629.33;SPXW  261001C07395000;224.9;242.0;delta=0.997
2026-10-01 08:47;7400.0;7629.33;SPXW  261001C07400000;219.9;236.6;delta=0.997
2026-10-01 08:47;7405.0;7629.33;SPXW  261001C07405000;214.9;232.6;delta=0.997
2026-10-01 08:47;7410.0;7629.33;SPXW  261001C07410000;209.9;229.5;delta=0.997
2026-10-01 08:47;7415.0;7629.33;SPXW  261001C07415000;208.3;222.0;delta=0.997
2026-10-01 08:47;7420.0;7629.33;SPXW  261001C07420000;203.3;217.0;delta=0.997
2026-10-01 08:47;7425.0;7629.33;SPXW  261001C07425000;198.3;212.0;delta=0.997
2026-10-01 08:47;7430.0;7629.33;SPXW  261001C07430000;195.4;202.5;delta=0.997
2026-10-01 08:47;7435.0;7629.33;SPXW  261001C07435000;190.4;197.6;delta=0.997
2026-10-01 08:47;7440.0;7629.33;SPXW  261001C07440000;185.3;192.6;delta=0.997
2026-10-01 08:47;7445.0;7629.33;SPXW  261001C07445000;180.4;187.4;delta=0.997
2026-10-01 08:47;7450.0;7629.33;SPXW  261001C07450000;175.5;182.4;delta=0.995
2026-10-01 08:47;7455.0;7629.33;SPXW  261001C07455000;170.3;177.6;delta=0.996
2026-10-01 08:47;7460.0;7629.33;SPXW  261001C07460000;165.4;172.4;delta=0.994
2026-10-01 08:47;7465.0;7629.33;SPXW  261001C07465000;160.4;167.9;delta=0.994
2026-10-01 08:47;7470.0;7629.33;SPXW  261001C07470000;155.5;162.6;delta=0.994
2026-10-01 08:47;7475.0;7629.33;SPXW  261001C07475000;150.4;157.9;delta=0.994
2026-10-01 08:47;7480.0;7629.33;SPXW  261001C07480000;145.4;152.9;delta=0.994
2026-10-01 08:47;7485.0;7629.33;SPXW  261001C07485000;140.4;147.6;delta=0.994
2026-10-01 08:47;7490.0;7629.33;SPXW  261001C07490000;135.4;142.9;delta=0.993
2026-10-01 08:47;7495.0;7629.33;SPXW  261001C07495000;130.4;137.9;delta=0.993
2026-10-01 08:47;7500.0;7629.33;SPXW  261001C07500000;128.7;130.2;delta=0.993
2026-10-01 08:47;7505.0;7629.33;SPXW  261001C07505000;120.5;127.9;delta=0.99
2026-10-01 08:47;7510.0;7629.33;SPXW  261001C07510000;115.5;122.9;delta=0.99
2026-10-01 08:47;7515.0;7629.33;SPXW  261001C07515000;114.3;114.7;delta=0.99
2026-10-01 08:47;7520.0;7629.33;SPXW  261001C07520000;109.3;109.7;delta=0.989
2026-10-01 08:47;7525.0;7629.33;SPXW  261001C07525000;104.4;104.8;delta=0.989
2026-10-01 08:47;7530.0;7629.33;SPXW  261001C07530000;99.4;99.8;delta=0.986
2026-10-01 08:47;7535.0;7629.33;SPXW  261001C07535000;94.4;94.8;delta=0.985
2026-10-01 08:47;7540.0;7629.33;SPXW  261001C07540000;89.4;89.8;delta=0.982
2026-10-01 08:47;7545.0;7629.33;SPXW  261001C07545000;84.5;84.9;delta=0.979
2026-10-01 08:47;7550.0;7629.33;SPXW  261001C07550000;79.5;79.8;delta=0.976
2026-10-01 08:47;7555.0;7629.33;SPXW  261001C07555000;74.6;74.9;delta=0.972
2026-10-01 08:47;7560.0;7629.33;SPXW  261001C07560000;69.7;70.0;delta=0.965
2026-10-01 08:47;7565.0;7629.33;SPXW  261001C07565000;64.8;65.1;delta=0.958
2026-10-01 08:47;7570.0;7629.33;SPXW  261001C07570000;60.0;60.3;delta=0.947
2026-10-01 08:47;7575.0;7629.33;SPXW  261001C07575000;55.4;55.6;delta=0.933
2026-10-01 08:47;7580.0;7629.33;SPXW  261001C07580000;50.7;50.9;delta=0.916
2026-10-01 08:47;7585.0;7629.33;SPXW  261001C07585000;46.1;46.3;delta=0.895
2026-10-01 08:47;7590.0;7629.33;SPXW  261001C07590000;41.6;41.8;delta=0.869
2026-10-01 08:47;7595.0;7629.33;SPXW  261001C07595000;37.3;37.5;delta=0.839
2026-10-01 08:47;7600.0;7629.33;SPXW  261001C07600000;33.1;33.3;delta=0.802
2026-10-01 08:47;7605.0;7629.33;SPXW  261001C07605000;29.2;29.3;delta=0.761
2026-10-01 08:47;7610.0;7629.33;SPXW  261001C07610000;25.4;25.6;delta=0.714
2026-10-01 08:47;7615.0;7629.33;SPXW  261001C07615000;21.9;22.1;delta=0.664
2026-10-01 08:47;7620.0;7629.33;SPXW  261001C07620000;18.7;18.8;delta=0.609
2026-10-01 08:47;7625.0;7629.33;SPXW  261001C07625000;15.7;15.9;delta=0.552
2026-10-01 08:47;7630.0;7629.33;SPXW  261001C07630000;13.0;13.2;delta=0.493
2026-10-01 08:47;7635.0;7629.33;SPXW  261001C07635000;10.7;10.8;delta=0.433
2026-10-01 08:47;7640.0;7629.33;SPXW  261001C07640000;8.6;8.8;delta=0.375
2026-10-01 08:47;7645.0;7629.33;SPXW  261001C07645000;6.9;7.0;delta=0.32
2026-10-01 08:47;7650.0;7629.33;SPXW  261001C07650000;5.4;5.5;delta=0.268
2026-10-01 08:47;7655.0;7629.33;SPXW  261001C07655000;4.2;4.3;delta=0.221
2026-10-01 08:47;7660.0;7629.33;SPXW  261001C07660000;3.2;3.3;delta=0.18
2026-10-01 08:47;7665.0;7629.33;SPXW  261001C07665000;2.4;2.5;delta=0.143
2026-10-01 08:47;7670.0;7629.33;SPXW  261001C07670000;1.8;1.9;delta=0.114
2026-10-01 08:47;7675.0;7629.33;SPXW  261001C07675000;1.35;1.4;delta=0.089
2026-10-01 08:47;7680.0;7629.33;SPXW  261001C07680000;1.0;1.05;delta=0.07
2026-10-01 08:47;7685.0;7629.33;SPXW  261001C07685000;0.75;0.85;delta=0.055
2026-10-01 08:47;7690.0;7629.33;SPXW  261001C07690000;0.6;0.65;delta=0.043
2026-10-01 08:47;7695.0;7629.33;SPXW  261001C07695000;0.45;0.55;delta=0.035
2026-10-01 08:47;7700.0;7629.33;SPXW  261001C07700000;0.4;0.45;delta=0.03
2026-10-01 08:47;7705.0;7629.33;SPXW  261001C07705000;0.3;0.35;delta=0.023
2026-10-01 08:47;7710.0;7629.33;SPXW  261001C07710000;0.25;0.3;delta=0.019
2026-10-01 08:47;7715.0;7629.33;SPXW  261001C07715000;0.25;0.3;delta=0.019
2026-10-01 08:47;7720.0;7629.33;SPXW  261001C07720000;0.2;0.25;delta=0.015
2026-10-01 08:47;7725.0;7629.33;SPXW  261001C07725000;0.2;0.25;delta=0.015
2026-10-01 08:47;7730.0;7629.33;SPXW  261001C07730000;0.15;0.2;delta=0.012
2026-10-01 08:47;7735.0;7629.33;SPXW  261001C07735000;0.15;0.2;delta=0.011
2026-10-01 08:47;7740.0;7629.33;SPXW  261001C07740000;0.15;0.2;delta=0.011
2026-10-01 08:47;7745.0;7629.33;SPXW  261001C07745000;0.1;0.2;delta=0.009
2026-10-01 08:47;7750.0;7629.33;SPXW  261001C07750000;0.1;0.15;delta=0.008
2026-10-01 08:47;7755.0;7629.33;SPXW  261001C07755000;0.1;0.15;delta=0.007
2026-10-01 08:47;7760.0;7629.33;SPXW  261001C07760000;0.1;0.15;delta=0.007
2026-10-01 08:47;7765.0;7629.33;SPXW  261001C07765000;0.1;0.15;delta=0.007
2026-10-01 08:47;7770.0;7629.33;SPXW  261001C07770000;0.1;0.15;delta=0.007
2026-10-01 08:47;7775.0;7629.33;SPXW  261001C07775000;0.1;0.15;delta=0.007
2026-10-01 08:47;7780.0;7629.33;SPXW  261001C07780000;0.1;0.15;delta=0.006
2026-10-01 08:47;7785.0;7629.33;SPXW  261001C07785000;0.1;0.15;delta=0.006
2026-10-01 08:47;7790.0;7629.33;SPXW  261001C07790000;0.1;0.15;delta=0.006
2026-10-01 08:47;7795.0;7629.33;SPXW  261001C07795000;0.1;0.15;delta=0.006
2026-10-01 08:47;7800.0;7629.33;SPXW  261001C07800000;0.1;0.15;delta=0.006
2026-10-01 08:47;7805.0;7629.33;SPXW  261001C07805000;0.05;0.15;delta=0.005
2026-10-01 08:47;7810.0;7629.33;SPXW  261001C07810000;0.05;0.1;delta=0.004
2026-10-01 08:47;7815.0;7629.33;SPXW  261001C07815000;0.05;0.1;delta=0.004
2026-10-01 08:47;7820.0;7629.33;SPXW  261001C07820000;0.05;0.1;delta=0.004
2026-10-01 08:47;7825.0;7629.33;SPXW  261001C07825000;0.05;0.1;delta=0.003
2026-10-01 08:47;7830.0;7629.33;SPXW  261001C07830000;0.05;0.1;delta=0.003
2026-10-01 08:47;7835.0;7629.33;SPXW  261001C07835000;0.05;0.1;delta=0.003
2026-10-01 08:47;7840.0;7629.33;SPXW  261001C07840000;0.05;0.1;delta=0.003
2026-10-01 08:47;7845.0;7629.33;SPXW  261001C07845000;0.05;0.1;delta=0.003
2026-10-01 08:47;7850.0;7629.33;SPXW  261001C07850000;0.05;0.1;delta=0.003
2026-10-01 08:47;7855.0;7629.33;SPXW  261001C07855000;0.05;0.1;delta=0.003
2026-10-01 08:47;7860.0;7629.33;SPXW  261001C07860000;0.05;0.1;delta=0.003
2026-10-01 08:47;7865.0;7629.33;SPXW  261001C07865000;0.05;0.1;delta=0.003
2026-10-01 08:47;7870.0;7629.33;SPXW  261001C07870000;0.0;0.1;delta=0.002
2026-10-01 08:47;7875.0;7629.33;SPXW  261001C07875000;0.0;0.1;delta=0.002
2026-10-01 08:47;7380.0;7629.33;SPXW  261001P07380000;0.05;0.1;delta=-0.003
2026-10-01 08:47;7385.0;7629.33;SPXW  261001P07385000;0.05;0.1;delta=-0.003
2026-10-01 08:47;7390.0;7629.33;SPXW  261001P07390000;0.05;0.1;delta=-0.003
2026-10-01 08:47;7395.0;7629.33;SPXW  261001P07395000;0.05;0.1;delta=-0.003
2026-10-01 08:47;7400.0;7629.33;SPXW  261001P07400000;0.05;0.1;delta=-0.003
2026-10-01 08:47;7405.0;7629.33;SPXW  261001P07405000;0.05;0.1;delta=-0.003
2026-10-01 08:47;7410.0;7629.33;SPXW  261001P07410000;0.05;0.1;delta=-0.003
2026-10-01 08:47;7415.0;7629.33;SPXW  261001P07415000;0.05;0.1;delta=-0.003
2026-10-01 08:47;7420.0;7629.33;SPXW  261001P07420000;0.05;0.1;delta=-0.003
2026-10-01 08:47;7425.0;7629.33;SPXW  261001P07425000;0.05;0.1;delta=-0.003
2026-10-01 08:47;7430.0;7629.33;SPXW  261001P07430000;0.05;0.1;delta=-0.003
2026-10-01 08:47;7435.0;7629.33;SPXW  261001P07435000;0.05;0.1;delta=-0.003
2026-10-01 08:47;7440.0;7629.33;SPXW  261001P07440000;0.05;0.1;delta=-0.003
2026-10-01 08:47;7445.0;7629.33;SPXW  261001P07445000;0.05;0.1;delta=-0.004
2026-10-01 08:47;7450.0;7629.33;SPXW  261001P07450000;0.1;0.15;delta=-0.005
2026-10-01 08:47;7455.0;7629.33;SPXW  261001P07455000;0.05;0.1;delta=-0.004
2026-10-01 08:47;7460.0;7629.33;SPXW  261001P07460000;0.1;0.15;delta=-0.006
2026-10-01 08:47;7465.0;7629.33;SPXW  261001P07465000;0.1;0.15;delta=-0.006
2026-10-01 08:47;7470.0;7629.33;SPXW  261001P07470000;0.1;0.15;delta=-0.006
2026-10-01 08:47;7475.0;7629.33;SPXW  261001P07475000;0.1;0.15;delta=-0.006
2026-10-01 08:47;7480.0;7629.33;SPXW  261001P07480000;0.1;0.15;delta=-0.006
2026-10-01 08:47;7485.0;7629.33;SPXW  261001P07485000;0.1;0.15;delta=-0.007
2026-10-01 08:47;7490.0;7629.33;SPXW  261001P07490000;0.1;0.15;delta=-0.007
2026-10-01 08:47;7495.0;7629.33;SPXW  261001P07495000;0.1;0.15;delta=-0.007
2026-10-01 08:47;7500.0;7629.33;SPXW  261001P07500000;0.1;0.15;delta=-0.007
2026-10-01 08:47;7505.0;7629.33;SPXW  261001P07505000;0.15;0.2;delta=-0.01
2026-10-01 08:47;7510.0;7629.33;SPXW  261001P07510000;0.15;0.2;delta=-0.01
2026-10-01 08:47;7515.0;7629.33;SPXW  261001P07515000;0.15;0.2;delta=-0.01
2026-10-01 08:47;7520.0;7629.33;SPXW  261001P07520000;0.15;0.2;delta=-0.011
2026-10-01 08:47;7525.0;7629.33;SPXW  261001P07525000;0.15;0.2;delta=-0.011
2026-10-01 08:47;7530.0;7629.33;SPXW  261001P07530000;0.2;0.25;delta=-0.014
2026-10-01 08:47;7535.0;7629.33;SPXW  261001P07535000;0.2;0.25;delta=-0.015
2026-10-01 08:47;7540.0;7629.33;SPXW  261001P07540000;0.25;0.3;delta=-0.018
2026-10-01 08:47;7545.0;7629.33;SPXW  261001P07545000;0.3;0.35;delta=-0.021
2026-10-01 08:47;7550.0;7629.33;SPXW  261001P07550000;0.35;0.4;delta=-0.025
2026-10-01 08:47;7555.0;7629.33;SPXW  261001P07555000;0.4;0.45;delta=-0.028
2026-10-01 08:47;7560.0;7629.33;SPXW  261001P07560000;0.5;0.55;delta=-0.035
2026-10-01 08:47;7565.0;7629.33;SPXW  261001P07565000;0.65;0.7;delta=-0.042
2026-10-01 08:47;7570.0;7629.33;SPXW  261001P07570000;0.8;0.85;delta=-0.053
2026-10-01 08:47;7575.0;7629.33;SPXW  261001P07575000;1.05;1.1;delta=-0.067
2026-10-01 08:47;7580.0;7629.33;SPXW  261001P07580000;1.35;1.4;delta=-0.084
2026-10-01 08:47;7585.0;7629.33;SPXW  261001P07585000;1.75;1.8;delta=-0.105
2026-10-01 08:47;7590.0;7629.33;SPXW  261001P07590000;2.3;2.35;delta=-0.131
2026-10-01 08:47;7595.0;7629.33;SPXW  261001P07595000;2.95;3.0;delta=-0.163
2026-10-01 08:47;7600.0;7629.33;SPXW  261001P07600000;3.7;3.9;delta=-0.198
2026-10-01 08:47;7605.0;7629.33;SPXW  261001P07605000;4.8;4.9;delta=-0.239
2026-10-01 08:47;7610.0;7629.33;SPXW  261001P07610000;6.0;6.1;delta=-0.286
2026-10-01 08:47;7615.0;7629.33;SPXW  261001P07615000;7.5;7.6;delta=-0.336
2026-10-01 08:47;7620.0;7629.33;SPXW  261001P07620000;9.2;9.4;delta=-0.391
2026-10-01 08:47;7625.0;7629.33;SPXW  261001P07625000;11.3;11.4;delta=-0.448
2026-10-01 08:47;7630.0;7629.33;SPXW  261001P07630000;13.6;13.7;delta=-0.507
2026-10-01 08:47;7635.0;7629.33;SPXW  261001P07635000;16.2;16.3;delta=-0.567
2026-10-01 08:47;7640.0;7629.33;SPXW  261001P07640000;19.1;19.3;delta=-0.625
2026-10-01 08:47;7645.0;7629.33;SPXW  261001P07645000;22.3;22.5;delta=-0.68
2026-10-01 08:47;7650.0;7629.33;SPXW  261001P07650000;25.8;26.0;delta=-0.732
2026-10-01 08:47;7655.0;7629.33;SPXW  261001P07655000;29.5;29.7;delta=-0.779
2026-10-01 08:47;7660.0;7629.33;SPXW  261001P07660000;33.5;33.7;delta=-0.82
2026-10-01 08:47;7665.0;7629.33;SPXW  261001P07665000;37.8;38.0;delta=-0.856
2026-10-01 08:47;7670.0;7629.33;SPXW  261001P07670000;42.2;42.3;delta=-0.886
2026-10-01 08:47;7675.0;7629.33;SPXW  261001P07675000;46.7;46.9;delta=-0.911
2026-10-01 08:47;7680.0;7629.33;SPXW  261001P07680000;51.4;51.7;delta=-0.93
2026-10-01 08:47;7685.0;7629.33;SPXW  261001P07685000;56.1;56.4;delta=-0.945
2026-10-01 08:47;7690.0;7629.33;SPXW  261001P07690000;60.9;61.2;delta=-0.957
2026-10-01 08:47;7695.0;7629.33;SPXW  261001P07695000;65.8;66.1;delta=-0.965
2026-10-01 08:47;7700.0;7629.33;SPXW  261001P07700000;70.7;71.0;delta=-0.97
2026-10-01 08:47;7705.0;7629.33;SPXW  261001P07705000;75.6;76.0;delta=-0.977
2026-10-01 08:47;7710.0;7629.33;SPXW  261001P07710000;80.6;80.9;delta=-0.981
2026-10-01 08:47;7715.0;7629.33;SPXW  261001P07715000;85.6;85.9;delta=-0.981
2026-10-01 08:47;7720.0;7629.33;SPXW  261001P07720000;90.3;91.1;delta=-0.985
2026-10-01 08:47;7725.0;7629.33;SPXW  261001P07725000;95.3;96.1;delta=-0.985
2026-10-01 08:47;7730.0;7629.33;SPXW  261001P07730000;99.9;101.4;delta=-0.988
2026-10-01 08:47;7735.0;7629.33;SPXW  261001P07735000;104.9;106.4;delta=-0.989
2026-10-01 08:47;7740.0;7629.33;SPXW  261001P07740000;109.9;111.4;delta=-0.989
2026-10-01 08:47;7745.0;7629.33;SPXW  261001P07745000;114.9;116.4;delta=-0.991
2026-10-01 08:47;7750.0;7629.33;SPXW  261001P07750000;119.9;121.4;delta=-0.992
2026-10-01 08:47;7755.0;7629.33;SPXW  261001P07755000;124.9;126.4;delta=-0.993
2026-10-01 08:47;7760.0;7629.33;SPXW  261001P07760000;129.9;131.4;delta=-0.993
2026-10-01 08:47;7765.0;7629.33;SPXW  261001P07765000;134.9;136.4;delta=-0.993
2026-10-01 08:47;7770.0;7629.33;SPXW  261001P07770000;139.9;141.4;delta=-0.993
2026-10-01 08:47;7775.0;7629.33;SPXW  261001P07775000;144.9;146.4;delta=-0.993
2026-10-01 08:47;7780.0;7629.33;SPXW  261001P07780000;149.8;151.4;delta=-0.994
2026-10-01 08:47;7785.0;7629.33;SPXW  261001P07785000;154.8;156.4;delta=-0.994
2026-10-01 08:47;7790.0;7629.33;SPXW  261001P07790000;157.7;164.8;delta=-0.994
2026-10-01 08:47;7795.0;7629.33;SPXW  261001P07795000;162.6;169.9;delta=-0.994
2026-10-01 08:47;7800.0;7629.33;SPXW  261001P07800000;169.8;171.4;delta=-0.994
2026-10-01 08:47;7805.0;7629.33;SPXW  261001P07805000;172.3;179.7;delta=-0.995
2026-10-01 08:47;7810.0;7629.33;SPXW  261001P07810000;177.6;184.9;delta=-0.996
2026-10-01 08:47;7815.0;7629.33;SPXW  261001P07815000;182.3;189.8;delta=-0.996
2026-10-01 08:47;7820.0;7629.33;SPXW  261001P07820000;187.3;194.8;delta=-0.997
2026-10-01 08:47;7825.0;7629.33;SPXW  261001P07825000;192.6;199.7;delta=-0.997
2026-10-01 08:47;7830.0;7629.33;SPXW  261001P07830000;199.8;201.4;delta=-0.997
2026-10-01 08:47;7835.0;7629.33;SPXW  261001P07835000;200.4;211.8;delta=-0.997
2026-10-01 08:47;7840.0;7629.33;SPXW  261001P07840000;203.5;216.8;delta=-0.997
2026-10-01 08:47;7845.0;7629.33;SPXW  261001P07845000;208.1;221.8;delta=-0.997
2026-10-01 08:47;7850.0;7629.33;SPXW  261001P07850000;212.7;230.2;delta=-0.997
2026-10-01 08:47;7855.0;7629.33;SPXW  261001P07855000;218.1;235.2;delta=-0.997
2026-10-01 08:47;7860.0;7629.33;SPXW  261001P07860000;221.6;240.2;delta=-0.997
2026-10-01 08:47;7865.0;7629.33;SPXW  261001P07865000;228.1;245.2;delta=-0.997
2026-10-01 08:47;7870.0;7629.33;SPXW  261001P07870000;233.1;250.2;delta=-0.998
2026-10-01 08:47;7875.0;7629.33;SPXW  261001P07875000;238.6;255.2;delta=-0.998
2026-10-01 08:52;7375.0;7623.41;SPXW  261001C07375000;240.5;259.9;delta=0.997
2026-10-01 08:52;7380.0;7623.41;SPXW  261001C07380000;235.4;249.3;delta=0.997
2026-10-01 08:52;7385.0;7623.41;SPXW  261001C07385000;230.4;249.1;delta=0.997
2026-10-01 08:52;7390.0;7623.41;SPXW  261001C07390000;225.4;244.1;delta=0.997
2026-10-01 08:52;7395.0;7623.41;SPXW  261001C07395000;219.4;239.1;delta=0.997
2026-10-01 08:52;7400.0;7623.41;SPXW  261001C07400000;214.3;235.2;delta=0.997
2026-10-01 08:52;7405.0;7623.41;SPXW  261001C07405000;210.4;230.0;delta=0.997
2026-10-01 08:52;7410.0;7623.41;SPXW  261001C07410000;208.2;221.1;delta=0.997
2026-10-01 08:52;7415.0;7623.41;SPXW  261001C07415000;203.7;216.0;delta=0.997
2026-10-01 08:52;7420.0;7623.41;SPXW  261001C07420000;198.7;211.0;delta=0.997
2026-10-01 08:52;7425.0;7623.41;SPXW  261001C07425000;195.6;202.3;delta=0.997
2026-10-01 08:52;7430.0;7623.41;SPXW  261001C07430000;189.8;197.2;delta=0.997
2026-10-01 08:52;7435.0;7623.41;SPXW  261001C07435000;184.8;192.2;delta=0.997
2026-10-01 08:52;7440.0;7623.41;SPXW  261001C07440000;179.8;187.6;delta=0.996
2026-10-01 08:52;7445.0;7623.41;SPXW  261001C07445000;174.8;182.2;delta=0.996
2026-10-01 08:52;7450.0;7623.41;SPXW  261001C07450000;169.9;177.2;delta=0.996
2026-10-01 08:52;7455.0;7623.41;SPXW  261001C07455000;164.9;172.6;delta=0.994
2026-10-01 08:52;7460.0;7623.41;SPXW  261001C07460000;159.9;167.2;delta=0.994
2026-10-01 08:52;7465.0;7623.41;SPXW  261001C07465000;154.9;162.2;delta=0.994
2026-10-01 08:52;7470.0;7623.41;SPXW  261001C07470000;149.9;157.6;delta=0.994
2026-10-01 08:52;7475.0;7623.41;SPXW  261001C07475000;144.9;152.2;delta=0.994
2026-10-01 08:52;7480.0;7623.41;SPXW  261001C07480000;139.9;147.2;delta=0.993
2026-10-01 08:52;7485.0;7623.41;SPXW  261001C07485000;134.9;142.6;delta=0.993
2026-10-01 08:52;7490.0;7623.41;SPXW  261001C07490000;129.9;137.2;delta=0.993
2026-10-01 08:52;7495.0;7623.41;SPXW  261001C07495000;124.9;132.3;delta=0.993
2026-10-01 08:52;7500.0;7623.41;SPXW  261001C07500000;122.7;124.0;delta=0.993
2026-10-01 08:52;7505.0;7623.41;SPXW  261001C07505000;114.9;122.3;delta=0.99
2026-10-01 08:52;7510.0;7623.41;SPXW  261001C07510000;109.9;117.3;delta=0.99
2026-10-01 08:52;7515.0;7623.41;SPXW  261001C07515000;108.2;108.6;delta=0.989
2026-10-01 08:52;7520.0;7623.41;SPXW  261001C07520000;103.2;103.6;delta=0.989
2026-10-01 08:52;7525.0;7623.41;SPXW  261001C07525000;98.3;98.6;delta=0.986
2026-10-01 08:52;7530.0;7623.41;SPXW  261001C07530000;93.3;93.6;delta=0.985
2026-10-01 08:52;7535.0;7623.41;SPXW  261001C07535000;88.3;88.6;delta=0.982
2026-10-01 08:52;7540.0;7623.41;SPXW  261001C07540000;83.4;83.7;delta=0.979
2026-10-01 08:52;7545.0;7623.41;SPXW  261001C07545000;78.4;78.7;delta=0.975
2026-10-01 08:52;7550.0;7623.41;SPXW  261001C07550000;73.5;73.9;delta=0.969
2026-10-01 08:52;7555.0;7623.41;SPXW  261001C07555000;68.6;68.9;delta=0.963
2026-10-01 08:52;7560.0;7623.41;SPXW  261001C07560000;63.8;64.1;delta=0.955
2026-10-01 08:52;7565.0;7623.41;SPXW  261001C07565000;59.0;59.3;delta=0.943
2026-10-01 08:52;7570.0;7623.41;SPXW  261001C07570000;54.2;54.5;delta=0.928
2026-10-01 08:52;7575.0;7623.41;SPXW  261001C07575000;49.6;49.9;delta=0.911
2026-10-01 08:52;7580.0;7623.41;SPXW  261001C07580000;45.1;45.3;delta=0.888
2026-10-01 08:52;7585.0;7623.41;SPXW  261001C07585000;40.7;40.9;delta=0.861
2026-10-01 08:52;7590.0;7623.41;SPXW  261001C07590000;36.4;36.6;delta=0.83
2026-10-01 08:52;7595.0;7623.41;SPXW  261001C07595000;32.3;32.6;delta=0.794
2026-10-01 08:52;7600.0;7623.41;SPXW  261001C07600000;28.4;28.6;delta=0.75
2026-10-01 08:52;7605.0;7623.41;SPXW  261001C07605000;24.8;25.0;delta=0.703
2026-10-01 08:52;7610.0;7623.41;SPXW  261001C07610000;21.4;21.5;delta=0.654
2026-10-01 08:52;7615.0;7623.41;SPXW  261001C07615000;18.2;18.4;delta=0.599
2026-10-01 08:52;7620.0;7623.41;SPXW  261001C07620000;15.3;15.5;delta=0.542
2026-10-01 08:52;7625.0;7623.41;SPXW  261001C07625000;12.8;12.9;delta=0.483
2026-10-01 08:52;7630.0;7623.41;SPXW  261001C07630000;10.5;10.6;delta=0.425
2026-10-01 08:52;7635.0;7623.41;SPXW  261001C07635000;8.5;8.6;delta=0.368
2026-10-01 08:52;7640.0;7623.41;SPXW  261001C07640000;6.8;6.9;delta=0.314
2026-10-01 08:52;7645.0;7623.41;SPXW  261001C07645000;5.4;5.5;delta=0.264
2026-10-01 08:52;7650.0;7623.41;SPXW  261001C07650000;4.2;4.3;delta=0.219
2026-10-01 08:52;7655.0;7623.41;SPXW  261001C07655000;3.2;3.3;delta=0.178
2026-10-01 08:52;7660.0;7623.41;SPXW  261001C07660000;2.5;2.55;delta=0.144
2026-10-01 08:52;7665.0;7623.41;SPXW  261001C07665000;1.9;1.95;delta=0.115
2026-10-01 08:52;7670.0;7623.41;SPXW  261001C07670000;1.45;1.5;delta=0.091
2026-10-01 08:52;7675.0;7623.41;SPXW  261001C07675000;1.1;1.15;delta=0.072
2026-10-01 08:52;7680.0;7623.41;SPXW  261001C07680000;0.85;0.9;delta=0.057
2026-10-01 08:52;7685.0;7623.41;SPXW  261001C07685000;0.65;0.7;delta=0.045
2026-10-01 08:52;7690.0;7623.41;SPXW  261001C07690000;0.55;0.6;delta=0.038
2026-10-01 08:52;7695.0;7623.41;SPXW  261001C07695000;0.45;0.5;delta=0.032
2026-10-01 08:52;7700.0;7623.41;SPXW  261001C07700000;0.35;0.4;delta=0.025
2026-10-01 08:52;7705.0;7623.41;SPXW  261001C07705000;0.3;0.35;delta=0.022
2026-10-01 08:52;7710.0;7623.41;SPXW  261001C07710000;0.25;0.35;delta=0.02
2026-10-01 08:52;7715.0;7623.41;SPXW  261001C07715000;0.25;0.3;delta=0.018
2026-10-01 08:52;7720.0;7623.41;SPXW  261001C07720000;0.2;0.25;delta=0.015
2026-10-01 08:52;7725.0;7623.41;SPXW  261001C07725000;0.2;0.25;delta=0.014
2026-10-01 08:52;7730.0;7623.41;SPXW  261001C07730000;0.15;0.25;delta=0.012
2026-10-01 08:52;7735.0;7623.41;SPXW  261001C07735000;0.15;0.2;delta=0.011
2026-10-01 08:52;7740.0;7623.41;SPXW  261001C07740000;0.15;0.2;delta=0.01
2026-10-01 08:52;7745.0;7623.41;SPXW  261001C07745000;0.15;0.2;delta=0.01
2026-10-01 08:52;7750.0;7623.41;SPXW  261001C07750000;0.15;0.2;delta=0.01
2026-10-01 08:52;7755.0;7623.41;SPXW  261001C07755000;0.1;0.15;delta=0.007
2026-10-01 08:52;7760.0;7623.41;SPXW  261001C07760000;0.1;0.15;delta=0.007
2026-10-01 08:52;7765.0;7623.41;SPXW  261001C07765000;0.1;0.15;delta=0.007
2026-10-01 08:52;7770.0;7623.41;SPXW  261001C07770000;0.1;0.15;delta=0.007
2026-10-01 08:52;7775.0;7623.41;SPXW  261001C07775000;0.1;0.15;delta=0.006
2026-10-01 08:52;7780.0;7623.41;SPXW  261001C07780000;0.1;0.15;delta=0.006
2026-10-01 08:52;7785.0;7623.41;SPXW  261001C07785000;0.1;0.15;delta=0.006
2026-10-01 08:52;7790.0;7623.41;SPXW  261001C07790000;0.1;0.15;delta=0.006
2026-10-01 08:52;7795.0;7623.41;SPXW  261001C07795000;0.1;0.15;delta=0.006
2026-10-01 08:52;7800.0;7623.41;SPXW  261001C07800000;0.1;0.15;delta=0.006
2026-10-01 08:52;7805.0;7623.41;SPXW  261001C07805000;0.05;0.15;delta=0.005
2026-10-01 08:52;7810.0;7623.41;SPXW  261001C07810000;0.05;0.1;delta=0.004
2026-10-01 08:52;7815.0;7623.41;SPXW  261001C07815000;0.05;0.1;delta=0.004
2026-10-01 08:52;7820.0;7623.41;SPXW  261001C07820000;0.05;0.1;delta=0.003
2026-10-01 08:52;7825.0;7623.41;SPXW  261001C07825000;0.05;0.1;delta=0.003
2026-10-01 08:52;7830.0;7623.41;SPXW  261001C07830000;0.05;0.1;delta=0.003
2026-10-01 08:52;7835.0;7623.41;SPXW  261001C07835000;0.05;0.1;delta=0.003
2026-10-01 08:52;7840.0;7623.41;SPXW  261001C07840000;0.05;0.1;delta=0.003
2026-10-01 08:52;7845.0;7623.41;SPXW  261001C07845000;0.05;0.1;delta=0.003
2026-10-01 08:52;7850.0;7623.41;SPXW  261001C07850000;0.05;0.1;delta=0.003
2026-10-01 08:52;7855.0;7623.41;SPXW  261001C07855000;0.05;0.1;delta=0.003
2026-10-01 08:52;7860.0;7623.41;SPXW  261001C07860000;0.05;0.1;delta=0.003
2026-10-01 08:52;7865.0;7623.41;SPXW  261001C07865000;0.05;0.1;delta=0.003
2026-10-01 08:52;7870.0;7623.41;SPXW  261001C07870000;0.0;0.1;delta=0.002
2026-10-01 08:52;7375.0;7623.41;SPXW  261001P07375000;0.05;0.1;delta=-0.003
2026-10-01 08:52;7380.0;7623.41;SPXW  261001P07380000;0.05;0.1;delta=-0.003
2026-10-01 08:52;7385.0;7623.41;SPXW  261001P07385000;0.05;0.1;delta=-0.003
2026-10-01 08:52;7390.0;7623.41;SPXW  261001P07390000;0.05;0.1;delta=-0.003
2026-10-01 08:52;7395.0;7623.41;SPXW  261001P07395000;0.05;0.1;delta=-0.003
2026-10-01 08:52;7400.0;7623.41;SPXW  261001P07400000;0.05;0.1;delta=-0.003
2026-10-01 08:52;7405.0;7623.41;SPXW  261001P07405000;0.05;0.1;delta=-0.003
2026-10-01 08:52;7410.0;7623.41;SPXW  261001P07410000;0.05;0.1;delta=-0.003
2026-10-01 08:52;7415.0;7623.41;SPXW  261001P07415000;0.05;0.1;delta=-0.003
2026-10-01 08:52;7420.0;7623.41;SPXW  261001P07420000;0.05;0.1;delta=-0.003
2026-10-01 08:52;7425.0;7623.41;SPXW  261001P07425000;0.05;0.1;delta=-0.003
2026-10-01 08:52;7430.0;7623.41;SPXW  261001P07430000;0.05;0.1;delta=-0.003
2026-10-01 08:52;7435.0;7623.41;SPXW  261001P07435000;0.05;0.1;delta=-0.003
2026-10-01 08:52;7440.0;7623.41;SPXW  261001P07440000;0.05;0.1;delta=-0.004
2026-10-01 08:52;7445.0;7623.41;SPXW  261001P07445000;0.05;0.1;delta=-0.004
2026-10-01 08:52;7450.0;7623.41;SPXW  261001P07450000;0.05;0.1;delta=-0.004
2026-10-01 08:52;7455.0;7623.41;SPXW  261001P07455000;0.1;0.15;delta=-0.006
2026-10-01 08:52;7460.0;7623.41;SPXW  261001P07460000;0.1;0.15;delta=-0.006
2026-10-01 08:52;7465.0;7623.41;SPXW  261001P07465000;0.1;0.15;delta=-0.006
2026-10-01 08:52;7470.0;7623.41;SPXW  261001P07470000;0.1;0.15;delta=-0.006
2026-10-01 08:52;7475.0;7623.41;SPXW  261001P07475000;0.1;0.15;delta=-0.006
2026-10-01 08:52;7480.0;7623.41;SPXW  261001P07480000;0.1;0.15;delta=-0.007
2026-10-01 08:52;7485.0;7623.41;SPXW  261001P07485000;0.1;0.15;delta=-0.007
2026-10-01 08:52;7490.0;7623.41;SPXW  261001P07490000;0.1;0.15;delta=-0.007
2026-10-01 08:52;7495.0;7623.41;SPXW  261001P07495000;0.1;0.15;delta=-0.007
2026-10-01 08:52;7500.0;7623.41;SPXW  261001P07500000;0.1;0.15;delta=-0.007
2026-10-01 08:52;7505.0;7623.41;SPXW  261001P07505000;0.15;0.2;delta=-0.01
2026-10-01 08:52;7510.0;7623.41;SPXW  261001P07510000;0.15;0.2;delta=-0.01
2026-10-01 08:52;7515.0;7623.41;SPXW  261001P07515000;0.15;0.2;delta=-0.011
2026-10-01 08:52;7520.0;7623.41;SPXW  261001P07520000;0.2;0.25;delta=-0.011
2026-10-01 08:52;7525.0;7623.41;SPXW  261001P07525000;0.2;0.25;delta=-0.014
2026-10-01 08:52;7530.0;7623.41;SPXW  261001P07530000;0.2;0.25;delta=-0.015
2026-10-01 08:52;7535.0;7623.41;SPXW  261001P07535000;0.25;0.3;delta=-0.018
2026-10-01 08:52;7540.0;7623.41;SPXW  261001P07540000;0.3;0.35;delta=-0.021
2026-10-01 08:52;7545.0;7623.41;SPXW  261001P07545000;0.35;0.4;delta=-0.025
2026-10-01 08:52;7550.0;7623.41;SPXW  261001P07550000;0.45;0.5;delta=-0.031
2026-10-01 08:52;7555.0;7623.41;SPXW  261001P07555000;0.55;0.6;delta=-0.037
2026-10-01 08:52;7560.0;7623.41;SPXW  261001P07560000;0.7;0.75;delta=-0.045
2026-10-01 08:52;7565.0;7623.41;SPXW  261001P07565000;0.9;0.95;delta=-0.057
2026-10-01 08:52;7570.0;7623.41;SPXW  261001P07570000;1.15;1.25;delta=-0.072
2026-10-01 08:52;7575.0;7623.41;SPXW  261001P07575000;1.55;1.6;delta=-0.089
2026-10-01 08:52;7580.0;7623.41;SPXW  261001P07580000;2.0;2.05;delta=-0.112
2026-10-01 08:52;7585.0;7623.41;SPXW  261001P07585000;2.55;2.65;delta=-0.139
2026-10-01 08:52;7590.0;7623.41;SPXW  261001P07590000;3.3;3.4;delta=-0.171
2026-10-01 08:52;7595.0;7623.41;SPXW  261001P07595000;4.2;4.3;delta=-0.208
2026-10-01 08:52;7600.0;7623.41;SPXW  261001P07600000;5.3;5.4;delta=-0.25
2026-10-01 08:52;7605.0;7623.41;SPXW  261001P07605000;6.6;6.8;delta=-0.297
2026-10-01 08:52;7610.0;7623.41;SPXW  261001P07610000;8.2;8.4;delta=-0.348
2026-10-01 08:52;7615.0;7623.41;SPXW  261001P07615000;10.1;10.2;delta=-0.401
2026-10-01 08:52;7620.0;7623.41;SPXW  261001P07620000;12.2;12.4;delta=-0.458
2026-10-01 08:52;7625.0;7623.41;SPXW  261001P07625000;14.6;14.8;delta=-0.517
2026-10-01 08:52;7630.0;7623.41;SPXW  261001P07630000;17.4;17.5;delta=-0.575
2026-10-01 08:52;7635.0;7623.41;SPXW  261001P07635000;20.4;20.6;delta=-0.632
2026-10-01 08:52;7640.0;7623.41;SPXW  261001P07640000;23.7;23.9;delta=-0.686
2026-10-01 08:52;7645.0;7623.41;SPXW  261001P07645000;27.2;27.4;delta=-0.735
2026-10-01 08:52;7650.0;7623.41;SPXW  261001P07650000;31.0;31.3;delta=-0.781
2026-10-01 08:52;7655.0;7623.41;SPXW  261001P07655000;35.0;35.4;delta=-0.822
2026-10-01 08:52;7660.0;7623.41;SPXW  261001P07660000;39.3;39.6;delta=-0.856
2026-10-01 08:52;7665.0;7623.41;SPXW  261001P07665000;43.7;44.0;delta=-0.885
2026-10-01 08:52;7670.0;7623.41;SPXW  261001P07670000;48.2;48.5;delta=-0.909
2026-10-01 08:52;7675.0;7623.41;SPXW  261001P07675000;52.9;53.2;delta=-0.928
2026-10-01 08:52;7680.0;7623.41;SPXW  261001P07680000;57.6;58.0;delta=-0.942
2026-10-01 08:52;7685.0;7623.41;SPXW  261001P07685000;62.4;62.8;delta=-0.955
2026-10-01 08:52;7690.0;7623.41;SPXW  261001P07690000;67.3;67.6;delta=-0.962
2026-10-01 08:52;7695.0;7623.41;SPXW  261001P07695000;72.2;72.5;delta=-0.968
2026-10-01 08:52;7700.0;7623.41;SPXW  261001P07700000;77.1;77.5;delta=-0.975
2026-10-01 08:52;7705.0;7623.41;SPXW  261001P07705000;82.1;82.4;delta=-0.978
2026-10-01 08:52;7710.0;7623.41;SPXW  261001P07710000;87.0;87.4;delta=-0.98
2026-10-01 08:52;7715.0;7623.41;SPXW  261001P07715000;92.0;92.3;delta=-0.982
2026-10-01 08:52;7720.0;7623.41;SPXW  261001P07720000;97.0;97.6;delta=-0.985
2026-10-01 08:52;7725.0;7623.41;SPXW  261001P07725000;102.0;102.9;delta=-0.986
2026-10-01 08:52;7730.0;7623.41;SPXW  261001P07730000;106.4;107.7;delta=-0.988
2026-10-01 08:52;7735.0;7623.41;SPXW  261001P07735000;111.4;112.7;delta=-0.989
2026-10-01 08:52;7740.0;7623.41;SPXW  261001P07740000;116.4;117.7;delta=-0.99
2026-10-01 08:52;7745.0;7623.41;SPXW  261001P07745000;121.3;122.7;delta=-0.99
2026-10-01 08:52;7750.0;7623.41;SPXW  261001P07750000;126.3;127.7;delta=-0.99
2026-10-01 08:52;7755.0;7623.41;SPXW  261001P07755000;131.4;132.7;delta=-0.993
2026-10-01 08:52;7760.0;7623.41;SPXW  261001P07760000;136.4;137.7;delta=-0.993
2026-10-01 08:52;7765.0;7623.41;SPXW  261001P07765000;141.3;142.7;delta=-0.993
2026-10-01 08:52;7770.0;7623.41;SPXW  261001P07770000;146.3;147.7;delta=-0.993
2026-10-01 08:52;7775.0;7623.41;SPXW  261001P07775000;151.3;152.7;delta=-0.994
2026-10-01 08:52;7780.0;7623.41;SPXW  261001P07780000;156.3;157.7;delta=-0.994
2026-10-01 08:52;7785.0;7623.41;SPXW  261001P07785000;161.3;162.6;delta=-0.994
2026-10-01 08:52;7790.0;7623.41;SPXW  261001P07790000;163.7;170.9;delta=-0.994
2026-10-01 08:52;7795.0;7623.41;SPXW  261001P07795000;168.7;175.9;delta=-0.994
2026-10-01 08:52;7800.0;7623.41;SPXW  261001P07800000;176.3;177.6;delta=-0.994
2026-10-01 08:52;7805.0;7623.41;SPXW  261001P07805000;178.7;186.4;delta=-0.995
2026-10-01 08:52;7810.0;7623.41;SPXW  261001P07810000;183.2;191.0;delta=-0.996
2026-10-01 08:52;7815.0;7623.41;SPXW  261001P07815000;188.6;196.4;delta=-0.996
2026-10-01 08:52;7820.0;7623.41;SPXW  261001P07820000;193.6;201.4;delta=-0.997
2026-10-01 08:52;7825.0;7623.41;SPXW  261001P07825000;194.4;207.2;delta=-0.997
2026-10-01 08:52;7830.0;7623.41;SPXW  261001P07830000;206.3;207.6;delta=-0.997
2026-10-01 08:52;7835.0;7623.41;SPXW  261001P07835000;204.4;217.2;delta=-0.997
2026-10-01 08:52;7840.0;7623.41;SPXW  261001P07840000;209.8;223.5;delta=-0.997
2026-10-01 08:52;7845.0;7623.41;SPXW  261001P07845000;211.5;230.0;delta=-0.997
2026-10-01 08:52;7850.0;7623.41;SPXW  261001P07850000;226.3;227.6;delta=-0.997
2026-10-01 08:52;7855.0;7623.41;SPXW  261001P07855000;221.0;239.7;delta=-0.997
2026-10-01 08:52;7860.0;7623.41;SPXW  261001P07860000;226.0;244.7;delta=-0.997
2026-10-01 08:52;7865.0;7623.41;SPXW  261001P07865000;231.0;250.7;delta=-0.997
2026-10-01 08:52;7870.0;7623.41;SPXW  261001P07870000;236.0;255.7;delta=-0.998
2026-10-01 08:56;7385.0;7631.25;SPXW  261001C07385000;237.9;257.7;delta=0.997
2026-10-01 08:56;7390.0;7631.25;SPXW  261001C07390000;233.1;252.7;delta=0.997
2026-10-01 08:56;7395.0;7631.25;SPXW  261001C07395000;228.0;247.4;delta=0.997
2026-10-01 08:56;7400.0;7631.25;SPXW  261001C07400000;223.0;241.9;delta=0.997
2026-10-01 08:56;7405.0;7631.25;SPXW  261001C07405000;218.0;232.6;delta=0.997
2026-10-01 08:56;7410.0;7631.25;SPXW  261001C07410000;211.9;229.5;delta=0.997
2026-10-01 08:56;7415.0;7631.25;SPXW  261001C07415000;210.5;222.6;delta=0.997
2026-10-01 08:56;7420.0;7631.25;SPXW  261001C07420000;205.8;217.5;delta=0.997
2026-10-01 08:56;7425.0;7631.25;SPXW  261001C07425000;200.8;212.5;delta=0.997
2026-10-01 08:56;7430.0;7631.25;SPXW  261001C07430000;195.8;207.6;delta=0.997
2026-10-01 08:56;7435.0;7631.25;SPXW  261001C07435000;193.0;200.5;delta=0.997
2026-10-01 08:56;7440.0;7631.25;SPXW  261001C07440000;188.0;195.5;delta=0.997
2026-10-01 08:56;7445.0;7631.25;SPXW  261001C07445000;183.0;190.3;delta=0.997
2026-10-01 08:56;7450.0;7631.25;SPXW  261001C07450000;178.0;185.3;delta=0.996
2026-10-01 08:56;7455.0;7631.25;SPXW  261001C07455000;173.2;180.5;delta=0.996
2026-10-01 08:56;7460.0;7631.25;SPXW  261001C07460000;168.0;175.3;delta=0.996
2026-10-01 08:56;7465.0;7631.25;SPXW  261001C07465000;163.0;170.3;delta=0.994
2026-10-01 08:56;7470.0;7631.25;SPXW  261001C07470000;158.0;165.7;delta=0.994
2026-10-01 08:56;7475.0;7631.25;SPXW  261001C07475000;153.2;160.3;delta=0.994
2026-10-01 08:56;7480.0;7631.25;SPXW  261001C07480000;148.2;155.3;delta=0.994
2026-10-01 08:56;7485.0;7631.25;SPXW  261001C07485000;143.1;150.7;delta=0.994
2026-10-01 08:56;7490.0;7631.25;SPXW  261001C07490000;138.1;145.8;delta=0.993
2026-10-01 08:56;7495.0;7631.25;SPXW  261001C07495000;133.1;140.8;delta=0.993
2026-10-01 08:56;7500.0;7631.25;SPXW  261001C07500000;128.3;132.0;delta=0.993
2026-10-01 08:56;7505.0;7631.25;SPXW  261001C07505000;123.2;130.4;delta=0.993
2026-10-01 08:56;7510.0;7631.25;SPXW  261001C07510000;118.3;125.4;delta=0.993
2026-10-01 08:56;7515.0;7631.25;SPXW  261001C07515000;113.3;116.4;delta=0.992
2026-10-01 08:56;7520.0;7631.25;SPXW  261001C07520000;108.3;111.4;delta=0.99
2026-10-01 08:56;7525.0;7631.25;SPXW  261001C07525000;103.3;106.5;delta=0.989
2026-10-01 08:56;7530.0;7631.25;SPXW  261001C07530000;98.3;101.5;delta=0.989
2026-10-01 08:56;7535.0;7631.25;SPXW  261001C07535000;96.1;96.5;delta=0.986
2026-10-01 08:56;7540.0;7631.25;SPXW  261001C07540000;91.1;91.5;delta=0.985
2026-10-01 08:56;7545.0;7631.25;SPXW  261001C07545000;86.2;86.6;delta=0.982
2026-10-01 08:56;7550.0;7631.25;SPXW  261001C07550000;81.2;81.6;delta=0.978
2026-10-01 08:56;7555.0;7631.25;SPXW  261001C07555000;76.3;76.7;delta=0.975
2026-10-01 08:56;7560.0;7631.25;SPXW  261001C07560000;71.4;71.8;delta=0.968
2026-10-01 08:56;7565.0;7631.25;SPXW  261001C07565000;66.5;66.9;delta=0.962
2026-10-01 08:56;7570.0;7631.25;SPXW  261001C07570000;61.6;62.0;delta=0.953
2026-10-01 08:56;7575.0;7631.25;SPXW  261001C07575000;56.9;57.2;delta=0.941
2026-10-01 08:56;7580.0;7631.25;SPXW  261001C07580000;52.2;52.5;delta=0.924
2026-10-01 08:56;7585.0;7631.25;SPXW  261001C07585000;47.6;47.9;delta=0.903
2026-10-01 08:56;7590.0;7631.25;SPXW  261001C07590000;43.1;43.4;delta=0.878
2026-10-01 08:56;7595.0;7631.25;SPXW  261001C07595000;38.7;39.0;delta=0.85
2026-10-01 08:56;7600.0;7631.25;SPXW  261001C07600000;34.5;34.8;delta=0.817
2026-10-01 08:56;7605.0;7631.25;SPXW  261001C07605000;30.5;30.8;delta=0.776
2026-10-01 08:56;7610.0;7631.25;SPXW  261001C07610000;26.7;26.9;delta=0.731
2026-10-01 08:56;7615.0;7631.25;SPXW  261001C07615000;23.1;23.3;delta=0.681
2026-10-01 08:56;7620.0;7631.25;SPXW  261001C07620000;19.8;19.9;delta=0.628
2026-10-01 08:56;7625.0;7631.25;SPXW  261001C07625000;16.7;16.9;delta=0.571
2026-10-01 08:56;7630.0;7631.25;SPXW  261001C07630000;14.0;14.1;delta=0.512
2026-10-01 08:56;7635.0;7631.25;SPXW  261001C07635000;11.5;11.6;delta=0.453
2026-10-01 08:56;7640.0;7631.25;SPXW  261001C07640000;9.3;9.4;delta=0.395
2026-10-01 08:56;7645.0;7631.25;SPXW  261001C07645000;7.4;7.6;delta=0.339
2026-10-01 08:56;7650.0;7631.25;SPXW  261001C07650000;5.8;6.0;delta=0.286
2026-10-01 08:56;7655.0;7631.25;SPXW  261001C07655000;4.6;4.7;delta=0.237
2026-10-01 08:56;7660.0;7631.25;SPXW  261001C07660000;3.5;3.6;delta=0.193
2026-10-01 08:56;7665.0;7631.25;SPXW  261001C07665000;2.7;2.75;delta=0.156
2026-10-01 08:56;7670.0;7631.25;SPXW  261001C07670000;2.05;2.1;delta=0.124
2026-10-01 08:56;7675.0;7631.25;SPXW  261001C07675000;1.55;1.6;delta=0.098
2026-10-01 08:56;7680.0;7631.25;SPXW  261001C07680000;1.15;1.2;delta=0.079
2026-10-01 08:56;7685.0;7631.25;SPXW  261001C07685000;0.9;0.95;delta=0.061
2026-10-01 08:56;7690.0;7631.25;SPXW  261001C07690000;0.7;0.75;delta=0.049
2026-10-01 08:56;7695.0;7631.25;SPXW  261001C07695000;0.55;0.6;delta=0.039
2026-10-01 08:56;7700.0;7631.25;SPXW  261001C07700000;0.45;0.5;delta=0.033
2026-10-01 08:56;7705.0;7631.25;SPXW  261001C07705000;0.35;0.4;delta=0.026
2026-10-01 08:56;7710.0;7631.25;SPXW  261001C07710000;0.3;0.35;delta=0.022
2026-10-01 08:56;7715.0;7631.25;SPXW  261001C07715000;0.25;0.3;delta=0.021
2026-10-01 08:56;7720.0;7631.25;SPXW  261001C07720000;0.25;0.3;delta=0.018
2026-10-01 08:56;7725.0;7631.25;SPXW  261001C07725000;0.2;0.25;delta=0.015
2026-10-01 08:56;7730.0;7631.25;SPXW  261001C07730000;0.2;0.25;delta=0.014
2026-10-01 08:56;7735.0;7631.25;SPXW  261001C07735000;0.15;0.2;delta=0.011
2026-10-01 08:56;7740.0;7631.25;SPXW  261001C07740000;0.15;0.2;delta=0.011
2026-10-01 08:56;7745.0;7631.25;SPXW  261001C07745000;0.15;0.2;delta=0.011
2026-10-01 08:56;7750.0;7631.25;SPXW  261001C07750000;0.15;0.2;delta=0.01
2026-10-01 08:56;7755.0;7631.25;SPXW  261001C07755000;0.15;0.2;delta=0.01
2026-10-01 08:56;7760.0;7631.25;SPXW  261001C07760000;0.1;0.15;delta=0.007
2026-10-01 08:56;7765.0;7631.25;SPXW  261001C07765000;0.1;0.15;delta=0.007
2026-10-01 08:56;7770.0;7631.25;SPXW  261001C07770000;0.1;0.15;delta=0.007
2026-10-01 08:56;7775.0;7631.25;SPXW  261001C07775000;0.1;0.15;delta=0.007
2026-10-01 08:56;7780.0;7631.25;SPXW  261001C07780000;0.1;0.15;delta=0.007
2026-10-01 08:56;7785.0;7631.25;SPXW  261001C07785000;0.1;0.15;delta=0.006
2026-10-01 08:56;7790.0;7631.25;SPXW  261001C07790000;0.1;0.15;delta=0.006
2026-10-01 08:56;7795.0;7631.25;SPXW  261001C07795000;0.1;0.15;delta=0.006
2026-10-01 08:56;7800.0;7631.25;SPXW  261001C07800000;0.1;0.15;delta=0.006
2026-10-01 08:56;7805.0;7631.25;SPXW  261001C07805000;0.1;0.15;delta=0.006
2026-10-01 08:56;7810.0;7631.25;SPXW  261001C07810000;0.1;0.15;delta=0.006
2026-10-01 08:56;7815.0;7631.25;SPXW  261001C07815000;0.1;0.15;delta=0.006
2026-10-01 08:56;7820.0;7631.25;SPXW  261001C07820000;0.05;0.1;delta=0.004
2026-10-01 08:56;7825.0;7631.25;SPXW  261001C07825000;0.05;0.1;delta=0.003
2026-10-01 08:56;7830.0;7631.25;SPXW  261001C07830000;0.05;0.1;delta=0.003
2026-10-01 08:56;7835.0;7631.25;SPXW  261001C07835000;0.05;0.1;delta=0.003
2026-10-01 08:56;7840.0;7631.25;SPXW  261001C07840000;0.05;0.1;delta=0.003
2026-10-01 08:56;7845.0;7631.25;SPXW  261001C07845000;0.05;0.1;delta=0.003
2026-10-01 08:56;7850.0;7631.25;SPXW  261001C07850000;0.05;0.1;delta=0.003
2026-10-01 08:56;7855.0;7631.25;SPXW  261001C07855000;0.05;0.1;delta=0.003
2026-10-01 08:56;7860.0;7631.25;SPXW  261001C07860000;0.05;0.1;delta=0.003
2026-10-01 08:56;7865.0;7631.25;SPXW  261001C07865000;0.05;0.1;delta=0.003
2026-10-01 08:56;7870.0;7631.25;SPXW  261001C07870000;0.05;0.1;delta=0.003
2026-10-01 08:56;7875.0;7631.25;SPXW  261001C07875000;0.05;0.1;delta=0.003
2026-10-01 08:56;7880.0;7631.25;SPXW  261001C07880000;0.05;0.1;delta=0.002
2026-10-01 08:56;7380.0;7631.25;SPXW  261001P07380000;0.0;0.1;delta=-0.002
2026-10-01 08:56;7385.0;7631.25;SPXW  261001P07385000;0.05;0.1;delta=-0.003
2026-10-01 08:56;7390.0;7631.25;SPXW  261001P07390000;0.05;0.1;delta=-0.003
2026-10-01 08:56;7395.0;7631.25;SPXW  261001P07395000;0.05;0.1;delta=-0.003
2026-10-01 08:56;7400.0;7631.25;SPXW  261001P07400000;0.05;0.1;delta=-0.003
2026-10-01 08:56;7405.0;7631.25;SPXW  261001P07405000;0.05;0.1;delta=-0.003
2026-10-01 08:56;7410.0;7631.25;SPXW  261001P07410000;0.05;0.1;delta=-0.003
2026-10-01 08:56;7415.0;7631.25;SPXW  261001P07415000;0.05;0.1;delta=-0.003
2026-10-01 08:56;7420.0;7631.25;SPXW  261001P07420000;0.05;0.1;delta=-0.003
2026-10-01 08:56;7425.0;7631.25;SPXW  261001P07425000;0.05;0.1;delta=-0.003
2026-10-01 08:56;7430.0;7631.25;SPXW  261001P07430000;0.05;0.1;delta=-0.003
2026-10-01 08:56;7435.0;7631.25;SPXW  261001P07435000;0.05;0.1;delta=-0.003
2026-10-01 08:56;7440.0;7631.25;SPXW  261001P07440000;0.05;0.1;delta=-0.003
2026-10-01 08:56;7445.0;7631.25;SPXW  261001P07445000;0.05;0.1;delta=-0.004
2026-10-01 08:56;7450.0;7631.25;SPXW  261001P07450000;0.05;0.1;delta=-0.004
2026-10-01 08:56;7455.0;7631.25;SPXW  261001P07455000;0.05;0.1;delta=-0.004
2026-10-01 08:56;7460.0;7631.25;SPXW  261001P07460000;0.05;0.1;delta=-0.004
2026-10-01 08:56;7465.0;7631.25;SPXW  261001P07465000;0.1;0.15;delta=-0.006
2026-10-01 08:56;7470.0;7631.25;SPXW  261001P07470000;0.1;0.15;delta=-0.006
2026-10-01 08:56;7475.0;7631.25;SPXW  261001P07475000;0.1;0.15;delta=-0.006
2026-10-01 08:56;7480.0;7631.25;SPXW  261001P07480000;0.1;0.15;delta=-0.006
2026-10-01 08:56;7485.0;7631.25;SPXW  261001P07485000;0.1;0.15;delta=-0.006
2026-10-01 08:56;7490.0;7631.25;SPXW  261001P07490000;0.1;0.15;delta=-0.007
2026-10-01 08:56;7495.0;7631.25;SPXW  261001P07495000;0.1;0.15;delta=-0.007
2026-10-01 08:56;7500.0;7631.25;SPXW  261001P07500000;0.1;0.15;delta=-0.007
2026-10-01 08:56;7505.0;7631.25;SPXW  261001P07505000;0.1;0.15;delta=-0.007
2026-10-01 08:56;7510.0;7631.25;SPXW  261001P07510000;0.1;0.15;delta=-0.008
2026-10-01 08:56;7515.0;7631.25;SPXW  261001P07515000;0.1;0.15;delta=-0.008
2026-10-01 08:56;7520.0;7631.25;SPXW  261001P07520000;0.15;0.2;delta=-0.011
2026-10-01 08:56;7525.0;7631.25;SPXW  261001P07525000;0.15;0.2;delta=-0.011
2026-10-01 08:56;7530.0;7631.25;SPXW  261001P07530000;0.15;0.2;delta=-0.011
2026-10-01 08:56;7535.0;7631.25;SPXW  261001P07535000;0.2;0.25;delta=-0.014
2026-10-01 08:56;7540.0;7631.25;SPXW  261001P07540000;0.2;0.3;delta=-0.016
2026-10-01 08:56;7545.0;7631.25;SPXW  261001P07545000;0.25;0.3;delta=-0.018
2026-10-01 08:56;7550.0;7631.25;SPXW  261001P07550000;0.3;0.35;delta=-0.022
2026-10-01 08:56;7555.0;7631.25;SPXW  261001P07555000;0.4;0.45;delta=-0.025
2026-10-01 08:56;7560.0;7631.25;SPXW  261001P07560000;0.45;0.55;delta=-0.032
2026-10-01 08:56;7565.0;7631.25;SPXW  261001P07565000;0.6;0.65;delta=-0.041
2026-10-01 08:56;7570.0;7631.25;SPXW  261001P07570000;0.8;0.85;delta=-0.05
2026-10-01 08:56;7575.0;7631.25;SPXW  261001P07575000;1.0;1.05;delta=-0.064
2026-10-01 08:56;7580.0;7631.25;SPXW  261001P07580000;1.3;1.4;delta=-0.081
2026-10-01 08:56;7585.0;7631.25;SPXW  261001P07585000;1.75;1.8;delta=-0.101
2026-10-01 08:56;7590.0;7631.25;SPXW  261001P07590000;2.25;2.35;delta=-0.127
2026-10-01 08:56;7595.0;7631.25;SPXW  261001P07595000;2.95;3.0;delta=-0.157
2026-10-01 08:56;7600.0;7631.25;SPXW  261001P07600000;3.7;3.8;delta=-0.191
2026-10-01 08:56;7605.0;7631.25;SPXW  261001P07605000;4.7;4.9;delta=-0.232
2026-10-01 08:56;7610.0;7631.25;SPXW  261001P07610000;5.9;6.1;delta=-0.277
2026-10-01 08:56;7615.0;7631.25;SPXW  261001P07615000;7.4;7.5;delta=-0.326
2026-10-01 08:56;7620.0;7631.25;SPXW  261001P07620000;9.1;9.3;delta=-0.379
2026-10-01 08:56;7625.0;7631.25;SPXW  261001P07625000;11.1;11.3;delta=-0.436
2026-10-01 08:56;7630.0;7631.25;SPXW  261001P07630000;13.4;13.5;delta=-0.495
2026-10-01 08:56;7635.0;7631.25;SPXW  261001P07635000;15.9;16.1;delta=-0.554
2026-10-01 08:56;7640.0;7631.25;SPXW  261001P07640000;18.8;19.0;delta=-0.612
2026-10-01 08:56;7645.0;7631.25;SPXW  261001P07645000;22.0;22.2;delta=-0.669
2026-10-01 08:56;7650.0;7631.25;SPXW  261001P07650000;25.4;25.7;delta=-0.722
2026-10-01 08:56;7655.0;7631.25;SPXW  261001P07655000;29.2;29.4;delta=-0.77
2026-10-01 08:56;7660.0;7631.25;SPXW  261001P07660000;33.2;33.5;delta=-0.812
2026-10-01 08:56;7665.0;7631.25;SPXW  261001P07665000;37.3;37.7;delta=-0.849
2026-10-01 08:56;7670.0;7631.25;SPXW  261001P07670000;41.7;42.1;delta=-0.88
2026-10-01 08:56;7675.0;7631.25;SPXW  261001P07675000;46.2;46.6;delta=-0.905
2026-10-01 08:56;7680.0;7631.25;SPXW  261001P07680000;50.8;51.3;delta=-0.926
2026-10-01 08:56;7685.0;7631.25;SPXW  261001P07685000;55.6;56.1;delta=-0.941
2026-10-01 08:56;7690.0;7631.25;SPXW  261001P07690000;60.4;60.9;delta=-0.954
2026-10-01 08:56;7695.0;7631.25;SPXW  261001P07695000;65.3;65.8;delta=-0.961
2026-10-01 08:56;7700.0;7631.25;SPXW  261001P07700000;70.2;70.7;delta=-0.968
2026-10-01 08:56;7705.0;7631.25;SPXW  261001P07705000;75.1;75.6;delta=-0.974
2026-10-01 08:56;7710.0;7631.25;SPXW  261001P07710000;80.0;80.6;delta=-0.978
2026-10-01 08:56;7715.0;7631.25;SPXW  261001P07715000;85.0;85.5;delta=-0.981
2026-10-01 08:56;7720.0;7631.25;SPXW  261001P07720000;90.0;90.5;delta=-0.982
2026-10-01 08:56;7725.0;7631.25;SPXW  261001P07725000;94.9;95.5;delta=-0.985
2026-10-01 08:56;7730.0;7631.25;SPXW  261001P07730000;99.5;101.2;delta=-0.986
2026-10-01 08:56;7735.0;7631.25;SPXW  261001P07735000;104.5;107.7;delta=-0.989
2026-10-01 08:56;7740.0;7631.25;SPXW  261001P07740000;109.5;112.6;delta=-0.989
2026-10-01 08:56;7745.0;7631.25;SPXW  261001P07745000;114.5;118.5;delta=-0.989
2026-10-01 08:56;7750.0;7631.25;SPXW  261001P07750000;119.1;122.7;delta=-0.99
2026-10-01 08:56;7755.0;7631.25;SPXW  261001P07755000;124.1;127.7;delta=-0.99
2026-10-01 08:56;7760.0;7631.25;SPXW  261001P07760000;129.1;133.5;delta=-0.993
2026-10-01 08:56;7765.0;7631.25;SPXW  261001P07765000;134.1;138.2;delta=-0.993
2026-10-01 08:56;7770.0;7631.25;SPXW  261001P07770000;139.1;143.3;delta=-0.993
2026-10-01 08:56;7775.0;7631.25;SPXW  261001P07775000;144.1;148.3;delta=-0.993
2026-10-01 08:56;7780.0;7631.25;SPXW  261001P07780000;149.1;153.2;delta=-0.993
2026-10-01 08:56;7785.0;7631.25;SPXW  261001P07785000;154.1;157.7;delta=-0.994
2026-10-01 08:56;7790.0;7631.25;SPXW  261001P07790000;156.4;162.7;delta=-0.994
2026-10-01 08:56;7795.0;7631.25;SPXW  261001P07795000;161.4;168.0;delta=-0.994
2026-10-01 08:56;7800.0;7631.25;SPXW  261001P07800000;169.1;172.7;delta=-0.994
2026-10-01 08:56;7805.0;7631.25;SPXW  261001P07805000;171.4;177.7;delta=-0.994
2026-10-01 08:56;7810.0;7631.25;SPXW  261001P07810000;176.4;183.0;delta=-0.994
2026-10-01 08:56;7815.0;7631.25;SPXW  261001P07815000;181.4;188.0;delta=-0.994
2026-10-01 08:56;7820.0;7631.25;SPXW  261001P07820000;186.3;193.0;delta=-0.996
2026-10-01 08:56;7825.0;7631.25;SPXW  261001P07825000;191.4;197.7;delta=-0.996
2026-10-01 08:56;7830.0;7631.25;SPXW  261001P07830000;199.1;206.6;delta=-0.997
2026-10-01 08:56;7835.0;7631.25;SPXW  261001P07835000;197.5;210.8;delta=-0.997
2026-10-01 08:56;7840.0;7631.25;SPXW  261001P07840000;202.1;215.8;delta=-0.997
2026-10-01 08:56;7845.0;7631.25;SPXW  261001P07845000;207.8;220.1;delta=-0.997
2026-10-01 08:56;7850.0;7631.25;SPXW  261001P07850000;212.8;228.5;delta=-0.997
2026-10-01 08:56;7855.0;7631.25;SPXW  261001P07855000;214.2;232.5;delta=-0.997
2026-10-01 08:56;7860.0;7631.25;SPXW  261001P07860000;221.6;238.5;delta=-0.997
2026-10-01 08:56;7865.0;7631.25;SPXW  261001P07865000;223.1;244.6;delta=-0.997
2026-10-01 08:56;7870.0;7631.25;SPXW  261001P07870000;228.7;249.2;delta=-0.997
2026-10-01 08:56;7875.0;7631.25;SPXW  261001P07875000;233.7;254.2;delta=-0.997
2026-10-01 09:00;7385.0;7632.54;SPXW  261001C07385000;237.6;257.7;delta=0.997
2026-10-01 09:00;7390.0;7632.54;SPXW  261001C07390000;232.6;252.7;delta=0.997
2026-10-01 09:00;7395.0;7632.54;SPXW  261001C07395000;227.6;247.8;delta=0.997
2026-10-01 09:00;7400.0;7632.54;SPXW  261001C07400000;222.1;242.4;delta=0.997
2026-10-01 09:00;7405.0;7632.54;SPXW  261001C07405000;217.4;237.9;delta=0.997
2026-10-01 09:00;7410.0;7632.54;SPXW  261001C07410000;212.9;232.4;delta=0.997
2026-10-01 09:00;7415.0;7632.54;SPXW  261001C07415000;210.0;223.7;delta=0.997
2026-10-01 09:00;7420.0;7632.54;SPXW  261001C07420000;205.5;218.9;delta=0.997
2026-10-01 09:00;7425.0;7632.54;SPXW  261001C07425000;200.5;213.9;delta=0.997
2026-10-01 09:00;7430.0;7632.54;SPXW  261001C07430000;195.1;208.8;delta=0.997
2026-10-01 09:00;7435.0;7632.54;SPXW  261001C07435000;193.9;200.2;delta=0.997
2026-10-01 09:00;7440.0;7632.54;SPXW  261001C07440000;188.8;195.2;delta=0.997
2026-10-01 09:00;7445.0;7632.54;SPXW  261001C07445000;183.9;190.2;delta=0.996
2026-10-01 09:00;7450.0;7632.54;SPXW  261001C07450000;178.9;185.2;delta=0.996
2026-10-01 09:00;7455.0;7632.54;SPXW  261001C07455000;173.9;180.2;delta=0.996
2026-10-01 09:00;7460.0;7632.54;SPXW  261001C07460000;168.6;175.2;delta=0.996
2026-10-01 09:00;7465.0;7632.54;SPXW  261001C07465000;163.6;170.2;delta=0.995
2026-10-01 09:00;7470.0;7632.54;SPXW  261001C07470000;158.5;165.2;delta=0.995
2026-10-01 09:00;7475.0;7632.54;SPXW  261001C07475000;153.6;160.2;delta=0.994
2026-10-01 09:00;7480.0;7632.54;SPXW  261001C07480000;148.9;156.2;delta=0.994
2026-10-01 09:00;7485.0;7632.54;SPXW  261001C07485000;143.9;151.3;delta=0.994
2026-10-01 09:00;7490.0;7632.54;SPXW  261001C07490000;138.9;146.2;delta=0.993
2026-10-01 09:00;7495.0;7632.54;SPXW  261001C07495000;133.9;141.3;delta=0.993
2026-10-01 09:00;7500.0;7632.54;SPXW  261001C07500000;131.7;134.0;delta=0.993
2026-10-01 09:00;7505.0;7632.54;SPXW  261001C07505000;124.0;131.2;delta=0.993
2026-10-01 09:00;7510.0;7632.54;SPXW  261001C07510000;119.0;126.3;delta=0.992
2026-10-01 09:00;7515.0;7632.54;SPXW  261001C07515000;113.9;121.2;delta=0.992
2026-10-01 09:00;7520.0;7632.54;SPXW  261001C07520000;109.2;115.9;delta=0.992
2026-10-01 09:00;7525.0;7632.54;SPXW  261001C07525000;104.2;111.2;delta=0.989
2026-10-01 09:00;7530.0;7632.54;SPXW  261001C07530000;99.4;106.0;delta=0.989
2026-10-01 09:00;7535.0;7632.54;SPXW  261001C07535000;97.5;98.5;delta=0.988
2026-10-01 09:00;7540.0;7632.54;SPXW  261001C07540000;92.5;93.6;delta=0.985
2026-10-01 09:00;7545.0;7632.54;SPXW  261001C07545000;87.5;88.6;delta=0.984
2026-10-01 09:00;7550.0;7632.54;SPXW  261001C07550000;82.6;83.7;delta=0.981
2026-10-01 09:00;7555.0;7632.54;SPXW  261001C07555000;77.6;78.6;delta=0.977
2026-10-01 09:00;7560.0;7632.54;SPXW  261001C07560000;73.1;73.6;delta=0.971
2026-10-01 09:00;7565.0;7632.54;SPXW  261001C07565000;68.1;68.7;delta=0.964
2026-10-01 09:00;7570.0;7632.54;SPXW  261001C07570000;63.3;63.8;delta=0.955
2026-10-01 09:00;7575.0;7632.54;SPXW  261001C07575000;58.5;59.0;delta=0.943
2026-10-01 09:00;7580.0;7632.54;SPXW  261001C07580000;53.8;54.2;delta=0.928
2026-10-01 09:00;7585.0;7632.54;SPXW  261001C07585000;49.1;49.5;delta=0.908
2026-10-01 09:00;7590.0;7632.54;SPXW  261001C07590000;44.6;45.0;delta=0.885
2026-10-01 09:00;7595.0;7632.54;SPXW  261001C07595000;40.1;40.6;delta=0.856
2026-10-01 09:00;7600.0;7632.54;SPXW  261001C07600000;35.8;36.2;delta=0.823
2026-10-01 09:00;7605.0;7632.54;SPXW  261001C07605000;31.8;32.2;delta=0.784
2026-10-01 09:00;7610.0;7632.54;SPXW  261001C07610000;27.9;28.2;delta=0.741
2026-10-01 09:00;7615.0;7632.54;SPXW  261001C07615000;24.3;24.4;delta=0.692
2026-10-01 09:00;7620.0;7632.54;SPXW  261001C07620000;20.8;21.0;delta=0.638
2026-10-01 09:00;7625.0;7632.54;SPXW  261001C07625000;17.7;17.8;delta=0.582
2026-10-01 09:00;7630.0;7632.54;SPXW  261001C07630000;14.8;15.0;delta=0.523
2026-10-01 09:00;7635.0;7632.54;SPXW  261001C07635000;12.2;12.4;delta=0.464
2026-10-01 09:00;7640.0;7632.54;SPXW  261001C07640000;10.0;10.1;delta=0.405
2026-10-01 09:00;7645.0;7632.54;SPXW  261001C07645000;8.0;8.1;delta=0.348
2026-10-01 09:00;7650.0;7632.54;SPXW  261001C07650000;6.3;6.4;delta=0.294
2026-10-01 09:00;7655.0;7632.54;SPXW  261001C07655000;4.9;5.0;delta=0.243
2026-10-01 09:00;7660.0;7632.54;SPXW  261001C07660000;3.8;3.9;delta=0.199
2026-10-01 09:00;7665.0;7632.54;SPXW  261001C07665000;2.9;2.95;delta=0.16
2026-10-01 09:00;7670.0;7632.54;SPXW  261001C07670000;2.15;2.25;delta=0.126
2026-10-01 09:00;7675.0;7632.54;SPXW  261001C07675000;1.6;1.7;delta=0.1
2026-10-01 09:00;7680.0;7632.54;SPXW  261001C07680000;1.2;1.3;delta=0.08
2026-10-01 09:00;7685.0;7632.54;SPXW  261001C07685000;0.95;1.0;delta=0.062
2026-10-01 09:00;7690.0;7632.54;SPXW  261001C07690000;0.7;0.75;delta=0.05
2026-10-01 09:00;7695.0;7632.54;SPXW  261001C07695000;0.55;0.6;delta=0.04
2026-10-01 09:00;7700.0;7632.54;SPXW  261001C07700000;0.45;0.5;delta=0.033
2026-10-01 09:00;7705.0;7632.54;SPXW  261001C07705000;0.35;0.4;delta=0.026
2026-10-01 09:00;7710.0;7632.54;SPXW  261001C07710000;0.3;0.35;delta=0.023
2026-10-01 09:00;7715.0;7632.54;SPXW  261001C07715000;0.25;0.3;delta=0.019
2026-10-01 09:00;7720.0;7632.54;SPXW  261001C07720000;0.25;0.3;delta=0.018
2026-10-01 09:00;7725.0;7632.54;SPXW  261001C07725000;0.2;0.25;delta=0.015
2026-10-01 09:00;7730.0;7632.54;SPXW  261001C07730000;0.2;0.25;delta=0.013
2026-10-01 09:00;7735.0;7632.54;SPXW  261001C07735000;0.15;0.2;delta=0.011
2026-10-01 09:00;7740.0;7632.54;SPXW  261001C07740000;0.15;0.2;delta=0.011
2026-10-01 09:00;7745.0;7632.54;SPXW  261001C07745000;0.15;0.2;delta=0.011
2026-10-01 09:00;7750.0;7632.54;SPXW  261001C07750000;0.15;0.2;delta=0.01
2026-10-01 09:00;7755.0;7632.54;SPXW  261001C07755000;0.1;0.15;delta=0.009
2026-10-01 09:00;7760.0;7632.54;SPXW  261001C07760000;0.1;0.15;delta=0.007
2026-10-01 09:00;7765.0;7632.54;SPXW  261001C07765000;0.1;0.15;delta=0.007
2026-10-01 09:00;7770.0;7632.54;SPXW  261001C07770000;0.1;0.15;delta=0.007
2026-10-01 09:00;7775.0;7632.54;SPXW  261001C07775000;0.1;0.15;delta=0.007
2026-10-01 09:00;7780.0;7632.54;SPXW  261001C07780000;0.1;0.15;delta=0.007
2026-10-01 09:00;7785.0;7632.54;SPXW  261001C07785000;0.1;0.15;delta=0.006
2026-10-01 09:00;7790.0;7632.54;SPXW  261001C07790000;0.1;0.15;delta=0.006
2026-10-01 09:00;7795.0;7632.54;SPXW  261001C07795000;0.1;0.15;delta=0.006
2026-10-01 09:00;7800.0;7632.54;SPXW  261001C07800000;0.1;0.15;delta=0.006
2026-10-01 09:00;7805.0;7632.54;SPXW  261001C07805000;0.1;0.15;delta=0.006
2026-10-01 09:00;7810.0;7632.54;SPXW  261001C07810000;0.1;0.15;delta=0.006
2026-10-01 09:00;7815.0;7632.54;SPXW  261001C07815000;0.05;0.1;delta=0.004
2026-10-01 09:00;7820.0;7632.54;SPXW  261001C07820000;0.05;0.1;delta=0.004
2026-10-01 09:00;7825.0;7632.54;SPXW  261001C07825000;0.05;0.1;delta=0.003
2026-10-01 09:00;7830.0;7632.54;SPXW  261001C07830000;0.05;0.1;delta=0.003
2026-10-01 09:00;7835.0;7632.54;SPXW  261001C07835000;0.05;0.1;delta=0.003
2026-10-01 09:00;7840.0;7632.54;SPXW  261001C07840000;0.05;0.1;delta=0.003
2026-10-01 09:00;7845.0;7632.54;SPXW  261001C07845000;0.05;0.1;delta=0.003
2026-10-01 09:00;7850.0;7632.54;SPXW  261001C07850000;0.05;0.1;delta=0.003
2026-10-01 09:00;7855.0;7632.54;SPXW  261001C07855000;0.05;0.1;delta=0.003
2026-10-01 09:00;7860.0;7632.54;SPXW  261001C07860000;0.05;0.1;delta=0.003
2026-10-01 09:00;7865.0;7632.54;SPXW  261001C07865000;0.05;0.1;delta=0.003
2026-10-01 09:00;7870.0;7632.54;SPXW  261001C07870000;0.05;0.1;delta=0.003
2026-10-01 09:00;7875.0;7632.54;SPXW  261001C07875000;0.0;0.1;delta=0.002
2026-10-01 09:00;7880.0;7632.54;SPXW  261001C07880000;0.05;0.1;delta=0.003
2026-10-01 09:00;7385.0;7632.54;SPXW  261001P07385000;0.05;0.1;delta=-0.003
2026-10-01 09:00;7390.0;7632.54;SPXW  261001P07390000;0.05;0.1;delta=-0.003
2026-10-01 09:00;7395.0;7632.54;SPXW  261001P07395000;0.05;0.1;delta=-0.003
2026-10-01 09:00;7400.0;7632.54;SPXW  261001P07400000;0.05;0.1;delta=-0.003
2026-10-01 09:00;7405.0;7632.54;SPXW  261001P07405000;0.05;0.1;delta=-0.003
2026-10-01 09:00;7410.0;7632.54;SPXW  261001P07410000;0.05;0.1;delta=-0.003
2026-10-01 09:00;7415.0;7632.54;SPXW  261001P07415000;0.05;0.1;delta=-0.003
2026-10-01 09:00;7420.0;7632.54;SPXW  261001P07420000;0.05;0.1;delta=-0.003
2026-10-01 09:00;7425.0;7632.54;SPXW  261001P07425000;0.05;0.1;delta=-0.003
2026-10-01 09:00;7430.0;7632.54;SPXW  261001P07430000;0.05;0.1;delta=-0.003
2026-10-01 09:00;7435.0;7632.54;SPXW  261001P07435000;0.05;0.1;delta=-0.003
2026-10-01 09:00;7440.0;7632.54;SPXW  261001P07440000;0.05;0.1;delta=-0.003
2026-10-01 09:00;7445.0;7632.54;SPXW  261001P07445000;0.05;0.1;delta=-0.003
2026-10-01 09:00;7450.0;7632.54;SPXW  261001P07450000;0.05;0.1;delta=-0.004
2026-10-01 09:00;7455.0;7632.54;SPXW  261001P07455000;0.05;0.1;delta=-0.004
2026-10-01 09:00;7460.0;7632.54;SPXW  261001P07460000;0.05;0.1;delta=-0.004
2026-10-01 09:00;7465.0;7632.54;SPXW  261001P07465000;0.05;0.1;delta=-0.004
2026-10-01 09:00;7470.0;7632.54;SPXW  261001P07470000;0.05;0.15;delta=-0.005
2026-10-01 09:00;7475.0;7632.54;SPXW  261001P07475000;0.1;0.15;delta=-0.006
2026-10-01 09:00;7480.0;7632.54;SPXW  261001P07480000;0.1;0.15;delta=-0.006
2026-10-01 09:00;7485.0;7632.54;SPXW  261001P07485000;0.1;0.15;delta=-0.006
2026-10-01 09:00;7490.0;7632.54;SPXW  261001P07490000;0.1;0.15;delta=-0.007
2026-10-01 09:00;7495.0;7632.54;SPXW  261001P07495000;0.1;0.15;delta=-0.007
2026-10-01 09:00;7500.0;7632.54;SPXW  261001P07500000;0.1;0.15;delta=-0.007
2026-10-01 09:00;7505.0;7632.54;SPXW  261001P07505000;0.1;0.15;delta=-0.007
2026-10-01 09:00;7510.0;7632.54;SPXW  261001P07510000;0.1;0.15;delta=-0.007
2026-10-01 09:00;7515.0;7632.54;SPXW  261001P07515000;0.1;0.15;delta=-0.008
2026-10-01 09:00;7520.0;7632.54;SPXW  261001P07520000;0.1;0.15;delta=-0.008
2026-10-01 09:00;7525.0;7632.54;SPXW  261001P07525000;0.15;0.2;delta=-0.011
2026-10-01 09:00;7530.0;7632.54;SPXW  261001P07530000;0.15;0.2;delta=-0.011
2026-10-01 09:00;7535.0;7632.54;SPXW  261001P07535000;0.15;0.2;delta=-0.012
2026-10-01 09:00;7540.0;7632.54;SPXW  261001P07540000;0.2;0.25;delta=-0.015
2026-10-01 09:00;7545.0;7632.54;SPXW  261001P07545000;0.2;0.25;delta=-0.015
2026-10-01 09:00;7550.0;7632.54;SPXW  261001P07550000;0.25;0.3;delta=-0.019
2026-10-01 09:00;7555.0;7632.54;SPXW  261001P07555000;0.3;0.35;delta=-0.022
2026-10-01 09:00;7560.0;7632.54;SPXW  261001P07560000;0.35;0.4;delta=-0.026
2026-10-01 09:00;7565.0;7632.54;SPXW  261001P07565000;0.45;0.5;delta=-0.033
2026-10-01 09:00;7570.0;7632.54;SPXW  261001P07570000;0.6;0.65;delta=-0.042
2026-10-01 09:00;7575.0;7632.54;SPXW  261001P07575000;0.8;0.85;delta=-0.054
2026-10-01 09:00;7580.0;7632.54;SPXW  261001P07580000;1.05;1.1;delta=-0.068
2026-10-01 09:00;7585.0;7632.54;SPXW  261001P07585000;1.4;1.45;delta=-0.086
2026-10-01 09:00;7590.0;7632.54;SPXW  261001P07590000;1.8;1.85;delta=-0.108
2026-10-01 09:00;7595.0;7632.54;SPXW  261001P07595000;2.35;2.4;delta=-0.135
2026-10-01 09:00;7600.0;7632.54;SPXW  261001P07600000;3.0;3.1;delta=-0.167
2026-10-01 09:00;7605.0;7632.54;SPXW  261001P07605000;3.9;4.0;delta=-0.204
2026-10-01 09:00;7610.0;7632.54;SPXW  261001P07610000;5.0;5.1;delta=-0.245
2026-10-01 09:00;7615.0;7632.54;SPXW  261001P07615000;6.3;6.4;delta=-0.294
2026-10-01 09:00;7620.0;7632.54;SPXW  261001P07620000;7.8;7.9;delta=-0.346
2026-10-01 09:00;7625.0;7632.54;SPXW  261001P07625000;9.6;9.8;delta=-0.401
2026-10-01 09:00;7630.0;7632.54;SPXW  261001P07630000;11.7;11.8;delta=-0.459
2026-10-01 09:00;7635.0;7632.54;SPXW  261001P07635000;14.0;14.2;delta=-0.519
2026-10-01 09:00;7640.0;7632.54;SPXW  261001P07640000;16.7;16.9;delta=-0.578
2026-10-01 09:00;7645.0;7632.54;SPXW  261001P07645000;19.7;19.9;delta=-0.637
2026-10-01 09:00;7650.0;7632.54;SPXW  261001P07650000;22.9;23.2;delta=-0.691
2026-10-01 09:00;7655.0;7632.54;SPXW  261001P07655000;26.5;26.8;delta=-0.742
2026-10-01 09:00;7660.0;7632.54;SPXW  261001P07660000;30.3;30.6;delta=-0.789
2026-10-01 09:00;7665.0;7632.54;SPXW  261001P07665000;34.4;34.7;delta=-0.829
2026-10-01 09:00;7670.0;7632.54;SPXW  261001P07670000;38.7;39.0;delta=-0.864
2026-10-01 09:00;7675.0;7632.54;SPXW  261001P07675000;43.0;43.4;delta=-0.892
2026-10-01 09:00;7680.0;7632.54;SPXW  261001P07680000;47.6;48.0;delta=-0.917
2026-10-01 09:00;7685.0;7632.54;SPXW  261001P07685000;52.3;52.7;delta=-0.934
2026-10-01 09:00;7690.0;7632.54;SPXW  261001P07690000;57.1;57.6;delta=-0.948
2026-10-01 09:00;7695.0;7632.54;SPXW  261001P07695000;61.9;62.4;delta=-0.958
2026-10-01 09:00;7700.0;7632.54;SPXW  261001P07700000;66.8;67.3;delta=-0.967
2026-10-01 09:00;7705.0;7632.54;SPXW  261001P07705000;71.7;72.2;delta=-0.971
2026-10-01 09:00;7710.0;7632.54;SPXW  261001P07710000;76.6;77.2;delta=-0.977
2026-10-01 09:00;7715.0;7632.54;SPXW  261001P07715000;81.6;82.1;delta=-0.978
2026-10-01 09:00;7720.0;7632.54;SPXW  261001P07720000;86.5;87.1;delta=-0.982
2026-10-01 09:00;7725.0;7632.54;SPXW  261001P07725000;91.5;92.0;delta=-0.985
2026-10-01 09:00;7730.0;7632.54;SPXW  261001P07730000;96.5;97.0;delta=-0.987
2026-10-01 09:00;7735.0;7632.54;SPXW  261001P07735000;101.5;102.0;delta=-0.989
2026-10-01 09:00;7740.0;7632.54;SPXW  261001P07740000;106.5;107.0;delta=-0.989
2026-10-01 09:00;7745.0;7632.54;SPXW  261001P07745000;110.6;112.8;delta=-0.989
2026-10-01 09:00;7750.0;7632.54;SPXW  261001P07750000;115.5;117.8;delta=-0.99
2026-10-01 09:00;7755.0;7632.54;SPXW  261001P07755000;120.5;122.8;delta=-0.992
2026-10-01 09:00;7760.0;7632.54;SPXW  261001P07760000;125.6;127.8;delta=-0.993
2026-10-01 09:00;7765.0;7632.54;SPXW  261001P07765000;130.6;132.8;delta=-0.993
2026-10-01 09:00;7770.0;7632.54;SPXW  261001P07770000;135.6;137.8;delta=-0.993
2026-10-01 09:00;7775.0;7632.54;SPXW  261001P07775000;140.5;142.8;delta=-0.993
2026-10-01 09:00;7780.0;7632.54;SPXW  261001P07780000;145.5;147.8;delta=-0.993
2026-10-01 09:00;7785.0;7632.54;SPXW  261001P07785000;150.5;152.8;delta=-0.994
2026-10-01 09:00;7790.0;7632.54;SPXW  261001P07790000;153.5;160.8;delta=-0.994
2026-10-01 09:00;7795.0;7632.54;SPXW  261001P07795000;157.8;165.9;delta=-0.994
2026-10-01 09:00;7800.0;7632.54;SPXW  261001P07800000;165.5;167.8;delta=-0.994
2026-10-01 09:00;7805.0;7632.54;SPXW  261001P07805000;168.4;175.9;delta=-0.994
2026-10-01 09:00;7810.0;7632.54;SPXW  261001P07810000;173.4;180.6;delta=-0.995
2026-10-01 09:00;7815.0;7632.54;SPXW  261001P07815000;178.5;185.6;delta=-0.996
2026-10-01 09:00;7820.0;7632.54;SPXW  261001P07820000;183.5;190.6;delta=-0.996
2026-10-01 09:00;7825.0;7632.54;SPXW  261001P07825000;188.5;195.8;delta=-0.997
2026-10-01 09:00;7830.0;7632.54;SPXW  261001P07830000;195.5;197.8;delta=-0.997
2026-10-01 09:00;7835.0;7632.54;SPXW  261001P07835000;194.7;208.4;delta=-0.997
2026-10-01 09:00;7840.0;7632.54;SPXW  261001P07840000;200.4;213.4;delta=-0.997
2026-10-01 09:00;7845.0;7632.54;SPXW  261001P07845000;204.7;218.4;delta=-0.997
2026-10-01 09:00;7850.0;7632.54;SPXW  261001P07850000;209.1;222.8;delta=-0.997
2026-10-01 09:00;7855.0;7632.54;SPXW  261001P07855000;212.2;232.7;delta=-0.997
2026-10-01 09:00;7860.0;7632.54;SPXW  261001P07860000;217.2;237.2;delta=-0.997
2026-10-01 09:00;7865.0;7632.54;SPXW  261001P07865000;222.2;242.7;delta=-0.997
2026-10-01 09:00;7870.0;7632.54;SPXW  261001P07870000;227.2;247.5;delta=-0.997
2026-10-01 09:00;7875.0;7632.54;SPXW  261001P07875000;232.5;251.2;delta=-0.998
2026-10-01 09:00;7880.0;7632.54;SPXW  261001P07880000;237.7;256.7;delta=-0.997
2026-10-01 09:04;7395.0;7640.08;SPXW  261001C07395000;235.1;255.6;delta=0.997
2026-10-01 09:04;7400.0;7640.08;SPXW  261001C07400000;230.0;250.5;delta=0.997
2026-10-01 09:04;7405.0;7640.08;SPXW  261001C07405000;225.0;241.4;delta=0.997
2026-10-01 09:04;7410.0;7640.08;SPXW  261001C07410000;220.0;236.9;delta=0.997
2026-10-01 09:04;7415.0;7640.08;SPXW  261001C07415000;215.8;231.4;delta=0.997
2026-10-01 09:04;7420.0;7640.08;SPXW  261001C07420000;211.2;229.4;delta=0.997
2026-10-01 09:04;7425.0;7640.08;SPXW  261001C07425000;208.6;221.1;delta=0.997
2026-10-01 09:04;7430.0;7640.08;SPXW  261001C07430000;203.4;217.1;delta=0.997
2026-10-01 09:04;7435.0;7640.08;SPXW  261001C07435000;197.4;211.1;delta=0.997
2026-10-01 09:04;7440.0;7640.08;SPXW  261001C07440000;195.6;202.9;delta=0.997
2026-10-01 09:04;7445.0;7640.08;SPXW  261001C07445000;190.9;198.3;delta=0.997
2026-10-01 09:04;7450.0;7640.08;SPXW  261001C07450000;185.9;193.3;delta=0.996
2026-10-01 09:04;7455.0;7640.08;SPXW  261001C07455000;180.8;187.9;delta=0.996
2026-10-01 09:04;7460.0;7640.08;SPXW  261001C07460000;175.9;183.3;delta=0.996
2026-10-01 09:04;7465.0;7640.08;SPXW  261001C07465000;170.9;178.3;delta=0.996
2026-10-01 09:04;7470.0;7640.08;SPXW  261001C07470000;165.8;173.3;delta=0.996
2026-10-01 09:04;7475.0;7640.08;SPXW  261001C07475000;160.9;168.3;delta=0.996
2026-10-01 09:04;7480.0;7640.08;SPXW  261001C07480000;155.9;162.9;delta=0.994
2026-10-01 09:04;7485.0;7640.08;SPXW  261001C07485000;150.9;158.3;delta=0.994
2026-10-01 09:04;7490.0;7640.08;SPXW  261001C07490000;146.0;153.3;delta=0.994
2026-10-01 09:04;7495.0;7640.08;SPXW  261001C07495000;141.0;147.9;delta=0.993
2026-10-01 09:04;7500.0;7640.08;SPXW  261001C07500000;139.3;139.8;delta=0.993
2026-10-01 09:04;7505.0;7640.08;SPXW  261001C07505000;131.0;137.9;delta=0.993
2026-10-01 09:04;7510.0;7640.08;SPXW  261001C07510000;126.0;132.9;delta=0.993
2026-10-01 09:04;7515.0;7640.08;SPXW  261001C07515000;120.9;127.9;delta=0.992
2026-10-01 09:04;7520.0;7640.08;SPXW  261001C07520000;116.0;123.3;delta=0.992
2026-10-01 09:04;7525.0;7640.08;SPXW  261001C07525000;111.0;118.3;delta=0.992
2026-10-01 09:04;7530.0;7640.08;SPXW  261001C07530000;109.4;109.8;delta=0.989
2026-10-01 09:04;7535.0;7640.08;SPXW  261001C07535000;104.5;104.8;delta=0.989
2026-10-01 09:04;7540.0;7640.08;SPXW  261001C07540000;99.5;99.8;delta=0.988
2026-10-01 09:04;7545.0;7640.08;SPXW  261001C07545000;94.5;94.8;delta=0.985
2026-10-01 09:04;7550.0;7640.08;SPXW  261001C07550000;89.5;89.8;delta=0.985
2026-10-01 09:04;7555.0;7640.08;SPXW  261001C07555000;84.6;84.9;delta=0.981
2026-10-01 09:04;7560.0;7640.08;SPXW  261001C07560000;79.6;79.9;delta=0.978
2026-10-01 09:04;7565.0;7640.08;SPXW  261001C07565000;74.7;75.0;delta=0.974
2026-10-01 09:04;7570.0;7640.08;SPXW  261001C07570000;69.8;70.1;delta=0.968
2026-10-01 09:04;7575.0;7640.08;SPXW  261001C07575000;64.9;65.2;delta=0.959
2026-10-01 09:04;7580.0;7640.08;SPXW  261001C07580000;60.1;60.4;delta=0.949
2026-10-01 09:04;7585.0;7640.08;SPXW  261001C07585000;55.3;55.6;delta=0.935
2026-10-01 09:04;7590.0;7640.08;SPXW  261001C07590000;50.6;50.9;delta=0.918
2026-10-01 09:04;7595.0;7640.08;SPXW  261001C07595000;46.0;46.3;delta=0.896
2026-10-01 09:04;7600.0;7640.08;SPXW  261001C07600000;41.6;41.8;delta=0.87
2026-10-01 09:04;7605.0;7640.08;SPXW  261001C07605000;37.3;37.5;delta=0.839
2026-10-01 09:04;7610.0;7640.08;SPXW  261001C07610000;33.1;33.3;delta=0.804
2026-10-01 09:04;7615.0;7640.08;SPXW  261001C07615000;29.1;29.3;delta=0.763
2026-10-01 09:04;7620.0;7640.08;SPXW  261001C07620000;25.3;25.5;delta=0.717
2026-10-01 09:04;7625.0;7640.08;SPXW  261001C07625000;21.8;21.9;delta=0.665
2026-10-01 09:04;7630.0;7640.08;SPXW  261001C07630000;18.5;18.7;delta=0.61
2026-10-01 09:04;7635.0;7640.08;SPXW  261001C07635000;15.5;15.7;delta=0.552
2026-10-01 09:04;7640.0;7640.08;SPXW  261001C07640000;12.8;13.0;delta=0.492
2026-10-01 09:04;7645.0;7640.08;SPXW  261001C07645000;10.4;10.6;delta=0.431
2026-10-01 09:04;7650.0;7640.08;SPXW  261001C07650000;8.3;8.5;delta=0.371
2026-10-01 09:04;7655.0;7640.08;SPXW  261001C07655000;6.6;6.7;delta=0.314
2026-10-01 09:04;7660.0;7640.08;SPXW  261001C07660000;5.1;5.2;delta=0.262
2026-10-01 09:04;7665.0;7640.08;SPXW  261001C07665000;3.9;4.0;delta=0.214
2026-10-01 09:04;7670.0;7640.08;SPXW  261001C07670000;2.95;3.0;delta=0.172
2026-10-01 09:04;7675.0;7640.08;SPXW  261001C07675000;2.2;2.25;delta=0.136
2026-10-01 09:04;7680.0;7640.08;SPXW  261001C07680000;1.65;1.7;delta=0.107
2026-10-01 09:04;7685.0;7640.08;SPXW  261001C07685000;1.25;1.3;delta=0.083
2026-10-01 09:04;7690.0;7640.08;SPXW  261001C07690000;0.9;0.95;delta=0.064
2026-10-01 09:04;7695.0;7640.08;SPXW  261001C07695000;0.7;0.75;delta=0.051
2026-10-01 09:04;7700.0;7640.08;SPXW  261001C07700000;0.55;0.6;delta=0.041
2026-10-01 09:04;7705.0;7640.08;SPXW  261001C07705000;0.45;0.5;delta=0.034
2026-10-01 09:04;7710.0;7640.08;SPXW  261001C07710000;0.35;0.4;delta=0.027
2026-10-01 09:04;7715.0;7640.08;SPXW  261001C07715000;0.3;0.35;delta=0.023
2026-10-01 09:04;7720.0;7640.08;SPXW  261001C07720000;0.25;0.3;delta=0.019
2026-10-01 09:04;7725.0;7640.08;SPXW  261001C07725000;0.2;0.25;delta=0.016
2026-10-01 09:04;7730.0;7640.08;SPXW  261001C07730000;0.2;0.25;delta=0.015
2026-10-01 09:04;7735.0;7640.08;SPXW  261001C07735000;0.15;0.25;delta=0.013
2026-10-01 09:04;7740.0;7640.08;SPXW  261001C07740000;0.15;0.2;delta=0.012
2026-10-01 09:04;7745.0;7640.08;SPXW  261001C07745000;0.15;0.2;delta=0.011
2026-10-01 09:04;7750.0;7640.08;SPXW  261001C07750000;0.15;0.2;delta=0.011
2026-10-01 09:04;7755.0;7640.08;SPXW  261001C07755000;0.1;0.15;delta=0.008
2026-10-01 09:04;7760.0;7640.08;SPXW  261001C07760000;0.1;0.15;delta=0.008
2026-10-01 09:04;7765.0;7640.08;SPXW  261001C07765000;0.1;0.15;delta=0.007
2026-10-01 09:04;7770.0;7640.08;SPXW  261001C07770000;0.1;0.15;delta=0.007
2026-10-01 09:04;7775.0;7640.08;SPXW  261001C07775000;0.1;0.15;delta=0.007
2026-10-01 09:04;7780.0;7640.08;SPXW  261001C07780000;0.1;0.15;delta=0.007
2026-10-01 09:04;7785.0;7640.08;SPXW  261001C07785000;0.1;0.15;delta=0.007
2026-10-01 09:04;7790.0;7640.08;SPXW  261001C07790000;0.1;0.15;delta=0.006
2026-10-01 09:04;7795.0;7640.08;SPXW  261001C07795000;0.1;0.15;delta=0.006
2026-10-01 09:04;7800.0;7640.08;SPXW  261001C07800000;0.1;0.15;delta=0.006
2026-10-01 09:04;7805.0;7640.08;SPXW  261001C07805000;0.1;0.15;delta=0.006
2026-10-01 09:04;7810.0;7640.08;SPXW  261001C07810000;0.05;0.1;delta=0.004
2026-10-01 09:04;7815.0;7640.08;SPXW  261001C07815000;0.05;0.1;delta=0.004
2026-10-01 09:04;7820.0;7640.08;SPXW  261001C07820000;0.05;0.1;delta=0.004
2026-10-01 09:04;7825.0;7640.08;SPXW  261001C07825000;0.05;0.1;delta=0.004
2026-10-01 09:04;7830.0;7640.08;SPXW  261001C07830000;0.05;0.1;delta=0.004
2026-10-01 09:04;7835.0;7640.08;SPXW  261001C07835000;0.05;0.1;delta=0.003
2026-10-01 09:04;7840.0;7640.08;SPXW  261001C07840000;0.05;0.1;delta=0.003
2026-10-01 09:04;7845.0;7640.08;SPXW  261001C07845000;0.05;0.1;delta=0.003
2026-10-01 09:04;7850.0;7640.08;SPXW  261001C07850000;0.05;0.1;delta=0.003
2026-10-01 09:04;7855.0;7640.08;SPXW  261001C07855000;0.05;0.1;delta=0.003
2026-10-01 09:04;7860.0;7640.08;SPXW  261001C07860000;0.05;0.1;delta=0.003
2026-10-01 09:04;7865.0;7640.08;SPXW  261001C07865000;0.05;0.1;delta=0.003
2026-10-01 09:04;7870.0;7640.08;SPXW  261001C07870000;0.05;0.1;delta=0.003
2026-10-01 09:04;7875.0;7640.08;SPXW  261001C07875000;0.0;0.1;delta=0.002
2026-10-01 09:04;7880.0;7640.08;SPXW  261001C07880000;0.0;0.1;delta=0.002
2026-10-01 09:04;7885.0;7640.08;SPXW  261001C07885000;0.0;0.1;delta=0.002
2026-10-01 09:04;7890.0;7640.08;SPXW  261001C07890000;0.0;0.1;delta=0.002
2026-10-01 09:04;7390.0;7640.08;SPXW  261001P07390000;0.05;0.1;delta=-0.003
2026-10-01 09:04;7395.0;7640.08;SPXW  261001P07395000;0.05;0.1;delta=-0.003
2026-10-01 09:04;7400.0;7640.08;SPXW  261001P07400000;0.05;0.1;delta=-0.003
2026-10-01 09:04;7405.0;7640.08;SPXW  261001P07405000;0.05;0.1;delta=-0.003
2026-10-01 09:04;7410.0;7640.08;SPXW  261001P07410000;0.05;0.1;delta=-0.003
2026-10-01 09:04;7415.0;7640.08;SPXW  261001P07415000;0.05;0.1;delta=-0.003
2026-10-01 09:04;7420.0;7640.08;SPXW  261001P07420000;0.05;0.1;delta=-0.003
2026-10-01 09:04;7425.0;7640.08;SPXW  261001P07425000;0.05;0.1;delta=-0.003
2026-10-01 09:04;7430.0;7640.08;SPXW  261001P07430000;0.05;0.1;delta=-0.003
2026-10-01 09:04;7435.0;7640.08;SPXW  261001P07435000;0.05;0.1;delta=-0.003
2026-10-01 09:04;7440.0;7640.08;SPXW  261001P07440000;0.05;0.1;delta=-0.003
2026-10-01 09:04;7445.0;7640.08;SPXW  261001P07445000;0.05;0.1;delta=-0.003
2026-10-01 09:04;7450.0;7640.08;SPXW  261001P07450000;0.05;0.1;delta=-0.003
2026-10-01 09:04;7455.0;7640.08;SPXW  261001P07455000;0.05;0.1;delta=-0.004
2026-10-01 09:04;7460.0;7640.08;SPXW  261001P07460000;0.05;0.1;delta=-0.004
2026-10-01 09:04;7465.0;7640.08;SPXW  261001P07465000;0.05;0.1;delta=-0.004
2026-10-01 09:04;7470.0;7640.08;SPXW  261001P07470000;0.05;0.1;delta=-0.004
2026-10-01 09:04;7475.0;7640.08;SPXW  261001P07475000;0.05;0.1;delta=-0.004
2026-10-01 09:04;7480.0;7640.08;SPXW  261001P07480000;0.1;0.15;delta=-0.006
2026-10-01 09:04;7485.0;7640.08;SPXW  261001P07485000;0.1;0.15;delta=-0.006
2026-10-01 09:04;7490.0;7640.08;SPXW  261001P07490000;0.1;0.15;delta=-0.006
2026-10-01 09:04;7495.0;7640.08;SPXW  261001P07495000;0.1;0.15;delta=-0.007
2026-10-01 09:04;7500.0;7640.08;SPXW  261001P07500000;0.1;0.15;delta=-0.007
2026-10-01 09:04;7505.0;7640.08;SPXW  261001P07505000;0.1;0.15;delta=-0.007
2026-10-01 09:04;7510.0;7640.08;SPXW  261001P07510000;0.1;0.15;delta=-0.007
2026-10-01 09:04;7515.0;7640.08;SPXW  261001P07515000;0.1;0.15;delta=-0.007
2026-10-01 09:04;7520.0;7640.08;SPXW  261001P07520000;0.1;0.15;delta=-0.008
2026-10-01 09:04;7525.0;7640.08;SPXW  261001P07525000;0.1;0.15;delta=-0.008
2026-10-01 09:04;7530.0;7640.08;SPXW  261001P07530000;0.15;0.2;delta=-0.011
2026-10-01 09:04;7535.0;7640.08;SPXW  261001P07535000;0.15;0.2;delta=-0.011
2026-10-01 09:04;7540.0;7640.08;SPXW  261001P07540000;0.15;0.2;delta=-0.012
2026-10-01 09:04;7545.0;7640.08;SPXW  261001P07545000;0.2;0.25;delta=-0.015
2026-10-01 09:04;7550.0;7640.08;SPXW  261001P07550000;0.2;0.25;delta=-0.015
2026-10-01 09:04;7555.0;7640.08;SPXW  261001P07555000;0.25;0.3;delta=-0.019
2026-10-01 09:04;7560.0;7640.08;SPXW  261001P07560000;0.3;0.35;delta=-0.022
2026-10-01 09:04;7565.0;7640.08;SPXW  261001P07565000;0.35;0.4;delta=-0.026
2026-10-01 09:04;7570.0;7640.08;SPXW  261001P07570000;0.45;0.5;delta=-0.032
2026-10-01 09:04;7575.0;7640.08;SPXW  261001P07575000;0.6;0.65;delta=-0.041
2026-10-01 09:04;7580.0;7640.08;SPXW  261001P07580000;0.75;0.85;delta=-0.051
2026-10-01 09:04;7585.0;7640.08;SPXW  261001P07585000;1.0;1.05;delta=-0.065
2026-10-01 09:04;7590.0;7640.08;SPXW  261001P07590000;1.35;1.4;delta=-0.082
2026-10-01 09:04;7595.0;7640.08;SPXW  261001P07595000;1.75;1.8;delta=-0.104
2026-10-01 09:04;7600.0;7640.08;SPXW  261001P07600000;2.3;2.35;delta=-0.13
2026-10-01 09:04;7605.0;7640.08;SPXW  261001P07605000;2.95;3.0;delta=-0.16
2026-10-01 09:04;7610.0;7640.08;SPXW  261001P07610000;3.8;3.9;delta=-0.197
2026-10-01 09:04;7615.0;7640.08;SPXW  261001P07615000;4.8;4.9;delta=-0.237
2026-10-01 09:04;7620.0;7640.08;SPXW  261001P07620000;6.0;6.2;delta=-0.284
2026-10-01 09:04;7625.0;7640.08;SPXW  261001P07625000;7.5;7.6;delta=-0.335
2026-10-01 09:04;7630.0;7640.08;SPXW  261001P07630000;9.2;9.4;delta=-0.389
2026-10-01 09:04;7635.0;7640.08;SPXW  261001P07635000;11.3;11.4;delta=-0.448
2026-10-01 09:04;7640.0;7640.08;SPXW  261001P07640000;13.6;13.7;delta=-0.508
2026-10-01 09:04;7645.0;7640.08;SPXW  261001P07645000;16.2;16.4;delta=-0.568
2026-10-01 09:04;7650.0;7640.08;SPXW  261001P07650000;19.2;19.3;delta=-0.628
2026-10-01 09:04;7655.0;7640.08;SPXW  261001P07655000;22.4;22.6;delta=-0.685
2026-10-01 09:04;7660.0;7640.08;SPXW  261001P07660000;26.0;26.2;delta=-0.738
2026-10-01 09:04;7665.0;7640.08;SPXW  261001P07665000;29.8;30.0;delta=-0.785
2026-10-01 09:04;7670.0;7640.08;SPXW  261001P07670000;33.9;34.1;delta=-0.828
2026-10-01 09:04;7675.0;7640.08;SPXW  261001P07675000;38.2;38.4;delta=-0.864
2026-10-01 09:04;7680.0;7640.08;SPXW  261001P07680000;42.6;42.9;delta=-0.893
2026-10-01 09:04;7685.0;7640.08;SPXW  261001P07685000;47.1;47.5;delta=-0.917
2026-10-01 09:04;7690.0;7640.08;SPXW  261001P07690000;51.8;52.2;delta=-0.936
2026-10-01 09:04;7695.0;7640.08;SPXW  261001P07695000;56.6;57.0;delta=-0.949
2026-10-01 09:04;7700.0;7640.08;SPXW  261001P07700000;61.5;61.8;delta=-0.959
2026-10-01 09:04;7705.0;7640.08;SPXW  261001P07705000;66.4;66.7;delta=-0.966
2026-10-01 09:04;7710.0;7640.08;SPXW  261001P07710000;71.3;71.6;delta=-0.973
2026-10-01 09:04;7715.0;7640.08;SPXW  261001P07715000;76.2;76.6;delta=-0.977
2026-10-01 09:04;7720.0;7640.08;SPXW  261001P07720000;81.2;81.5;delta=-0.98
2026-10-01 09:04;7725.0;7640.08;SPXW  261001P07725000;86.2;86.5;delta=-0.984
2026-10-01 09:04;7730.0;7640.08;SPXW  261001P07730000;91.1;91.5;delta=-0.985
2026-10-01 09:04;7735.0;7640.08;SPXW  261001P07735000;96.1;96.5;delta=-0.987
2026-10-01 09:04;7740.0;7640.08;SPXW  261001P07740000;101.1;101.4;delta=-0.988
2026-10-01 09:04;7745.0;7640.08;SPXW  261001P07745000;105.7;106.8;delta=-0.989
2026-10-01 09:04;7750.0;7640.08;SPXW  261001P07750000;110.7;111.8;delta=-0.989
2026-10-01 09:04;7755.0;7640.08;SPXW  261001P07755000;115.7;116.8;delta=-0.992
2026-10-01 09:04;7760.0;7640.08;SPXW  261001P07760000;120.7;121.8;delta=-0.992
2026-10-01 09:04;7765.0;7640.08;SPXW  261001P07765000;122.3;129.4;delta=-0.992
2026-10-01 09:04;7770.0;7640.08;SPXW  261001P07770000;130.6;131.8;delta=-0.993
2026-10-01 09:04;7775.0;7640.08;SPXW  261001P07775000;135.6;136.8;delta=-0.993
2026-10-01 09:04;7780.0;7640.08;SPXW  261001P07780000;140.6;141.8;delta=-0.993
2026-10-01 09:04;7785.0;7640.08;SPXW  261001P07785000;144.8;149.3;delta=-0.993
2026-10-01 09:04;7790.0;7640.08;SPXW  261001P07790000;150.6;151.8;delta=-0.993
2026-10-01 09:04;7795.0;7640.08;SPXW  261001P07795000;152.3;159.4;delta=-0.994
2026-10-01 09:04;7800.0;7640.08;SPXW  261001P07800000;160.6;161.8;delta=-0.994
2026-10-01 09:04;7805.0;7640.08;SPXW  261001P07805000;161.9;169.3;delta=-0.994
2026-10-01 09:04;7810.0;7640.08;SPXW  261001P07810000;166.9;174.4;delta=-0.996
2026-10-01 09:04;7815.0;7640.08;SPXW  261001P07815000;171.9;179.2;delta=-0.996
2026-10-01 09:04;7820.0;7640.08;SPXW  261001P07820000;176.9;184.2;delta=-0.996
2026-10-01 09:04;7825.0;7640.08;SPXW  261001P07825000;182.3;189.3;delta=-0.996
2026-10-01 09:04;7830.0;7640.08;SPXW  261001P07830000;190.6;191.7;delta=-0.996
2026-10-01 09:04;7835.0;7640.08;SPXW  261001P07835000;191.9;199.2;delta=-0.996
2026-10-01 09:04;7840.0;7640.08;SPXW  261001P07840000;194.1;207.8;delta=-0.996
2026-10-01 09:04;7845.0;7640.08;SPXW  261001P07845000;199.0;211.5;delta=-0.997
2026-10-01 09:04;7850.0;7640.08;SPXW  261001P07850000;203.4;215.7;delta=-0.997
2026-10-01 09:04;7855.0;7640.08;SPXW  261001P07855000;208.7;221.7;delta=-0.997
2026-10-01 09:04;7860.0;7640.08;SPXW  261001P07860000;209.5;230.0;delta=-0.997
2026-10-01 09:04;7865.0;7640.08;SPXW  261001P07865000;214.5;235.1;delta=-0.997
2026-10-01 09:04;7870.0;7640.08;SPXW  261001P07870000;219.5;240.1;delta=-0.997
2026-10-01 09:04;7875.0;7640.08;SPXW  261001P07875000;224.7;245.1;delta=-0.998
2026-10-01 09:04;7880.0;7640.08;SPXW  261001P07880000;229.5;250.0;delta=-0.998
2026-10-01 09:04;7885.0;7640.08;SPXW  261001P07885000;234.5;255.0;delta=-0.998
2026-10-01 09:09;7390.0;7639.03;SPXW  261001C07390000;238.7;258.5;delta=0.997
2026-10-01 09:09;7395.0;7639.03;SPXW  261001C07395000;233.7;253.5;delta=0.998
2026-10-01 09:09;7400.0;7639.03;SPXW  261001C07400000;228.7;248.7;delta=0.997
2026-10-01 09:09;7405.0;7639.03;SPXW  261001C07405000;223.7;241.4;delta=0.997
2026-10-01 09:09;7410.0;7639.03;SPXW  261001C07410000;218.8;236.9;delta=0.997
2026-10-01 09:09;7415.0;7639.03;SPXW  261001C07415000;213.8;231.4;delta=0.997
2026-10-01 09:09;7420.0;7639.03;SPXW  261001C07420000;208.9;228.5;delta=0.997
2026-10-01 09:09;7425.0;7639.03;SPXW  261001C07425000;206.7;220.4;delta=0.997
2026-10-01 09:09;7430.0;7639.03;SPXW  261001C07430000;201.4;215.1;delta=0.997
2026-10-01 09:09;7435.0;7639.03;SPXW  261001C07435000;197.6;211.0;delta=0.997
2026-10-01 09:09;7440.0;7639.03;SPXW  261001C07440000;194.6;202.1;delta=0.997
2026-10-01 09:09;7445.0;7639.03;SPXW  261001C07445000;189.5;197.1;delta=0.997
2026-10-01 09:09;7450.0;7639.03;SPXW  261001C07450000;184.5;192.1;delta=0.996
2026-10-01 09:09;7455.0;7639.03;SPXW  261001C07455000;179.6;187.1;delta=0.996
2026-10-01 09:09;7460.0;7639.03;SPXW  261001C07460000;174.5;182.1;delta=0.996
2026-10-01 09:09;7465.0;7639.03;SPXW  261001C07465000;170.0;177.1;delta=0.996
2026-10-01 09:09;7470.0;7639.03;SPXW  261001C07470000;164.6;172.1;delta=0.996
2026-10-01 09:09;7475.0;7639.03;SPXW  261001C07475000;159.6;167.1;delta=0.996
2026-10-01 09:09;7480.0;7639.03;SPXW  261001C07480000;154.7;162.1;delta=0.995
2026-10-01 09:09;7485.0;7639.03;SPXW  261001C07485000;149.8;157.1;delta=0.994
2026-10-01 09:09;7490.0;7639.03;SPXW  261001C07490000;144.6;152.1;delta=0.993
2026-10-01 09:09;7495.0;7639.03;SPXW  261001C07495000;139.6;147.1;delta=0.993
2026-10-01 09:09;7500.0;7639.03;SPXW  261001C07500000;138.0;139.2;delta=0.993
2026-10-01 09:09;7505.0;7639.03;SPXW  261001C07505000;129.6;137.1;delta=0.993
2026-10-01 09:09;7510.0;7639.03;SPXW  261001C07510000;124.6;132.1;delta=0.993
2026-10-01 09:09;7515.0;7639.03;SPXW  261001C07515000;119.7;127.1;delta=0.992
2026-10-01 09:09;7520.0;7639.03;SPXW  261001C07520000;114.6;122.1;delta=0.992
2026-10-01 09:09;7525.0;7639.03;SPXW  261001C07525000;109.6;117.1;delta=0.991
2026-10-01 09:09;7530.0;7639.03;SPXW  261001C07530000;108.4;108.8;delta=0.989
2026-10-01 09:09;7535.0;7639.03;SPXW  261001C07535000;103.4;103.8;delta=0.989
2026-10-01 09:09;7540.0;7639.03;SPXW  261001C07540000;98.5;98.8;delta=0.988
2026-10-01 09:09;7545.0;7639.03;SPXW  261001C07545000;93.5;93.8;delta=0.986
2026-10-01 09:09;7550.0;7639.03;SPXW  261001C07550000;88.5;88.8;delta=0.985
2026-10-01 09:09;7555.0;7639.03;SPXW  261001C07555000;83.5;83.9;delta=0.981
2026-10-01 09:09;7560.0;7639.03;SPXW  261001C07560000;78.6;78.9;delta=0.978
2026-10-01 09:09;7565.0;7639.03;SPXW  261001C07565000;73.6;74.0;delta=0.974
2026-10-01 09:09;7570.0;7639.03;SPXW  261001C07570000;68.7;69.1;delta=0.967
2026-10-01 09:09;7575.0;7639.03;SPXW  261001C07575000;63.9;64.2;delta=0.96
2026-10-01 09:09;7580.0;7639.03;SPXW  261001C07580000;59.0;59.4;delta=0.949
2026-10-01 09:09;7585.0;7639.03;SPXW  261001C07585000;54.3;54.6;delta=0.936
2026-10-01 09:09;7590.0;7639.03;SPXW  261001C07590000;49.6;49.9;delta=0.919
2026-10-01 09:09;7595.0;7639.03;SPXW  261001C07595000;45.0;45.3;delta=0.897
2026-10-01 09:09;7600.0;7639.03;SPXW  261001C07600000;40.5;40.8;delta=0.872
2026-10-01 09:09;7605.0;7639.03;SPXW  261001C07605000;36.2;36.4;delta=0.84
2026-10-01 09:09;7610.0;7639.03;SPXW  261001C07610000;32.0;32.2;delta=0.803
2026-10-01 09:09;7615.0;7639.03;SPXW  261001C07615000;28.0;28.2;delta=0.759
2026-10-01 09:09;7620.0;7639.03;SPXW  261001C07620000;24.3;24.5;delta=0.711
2026-10-01 09:09;7625.0;7639.03;SPXW  261001C07625000;20.8;21.0;delta=0.658
2026-10-01 09:09;7630.0;7639.03;SPXW  261001C07630000;17.6;17.7;delta=0.601
2026-10-01 09:09;7635.0;7639.03;SPXW  261001C07635000;14.6;14.8;delta=0.541
2026-10-01 09:09;7640.0;7639.03;SPXW  261001C07640000;12.0;12.2;delta=0.479
2026-10-01 09:09;7645.0;7639.03;SPXW  261001C07645000;9.7;9.8;delta=0.417
2026-10-01 09:09;7650.0;7639.03;SPXW  261001C07650000;7.7;7.8;delta=0.357
2026-10-01 09:09;7655.0;7639.03;SPXW  261001C07655000;6.0;6.2;delta=0.301
2026-10-01 09:09;7660.0;7639.03;SPXW  261001C07660000;4.6;4.7;delta=0.247
2026-10-01 09:09;7665.0;7639.03;SPXW  261001C07665000;3.5;3.6;delta=0.2
2026-10-01 09:09;7670.0;7639.03;SPXW  261001C07670000;2.65;2.75;delta=0.16
2026-10-01 09:09;7675.0;7639.03;SPXW  261001C07675000;2.0;2.05;delta=0.127
2026-10-01 09:09;7680.0;7639.03;SPXW  261001C07680000;1.45;1.55;delta=0.099
2026-10-01 09:09;7685.0;7639.03;SPXW  261001C07685000;1.1;1.15;delta=0.077
2026-10-01 09:09;7690.0;7639.03;SPXW  261001C07690000;0.8;0.9;delta=0.06
2026-10-01 09:09;7695.0;7639.03;SPXW  261001C07695000;0.6;0.7;delta=0.045
2026-10-01 09:09;7700.0;7639.03;SPXW  261001C07700000;0.5;0.55;delta=0.038
2026-10-01 09:09;7705.0;7639.03;SPXW  261001C07705000;0.4;0.45;delta=0.031
2026-10-01 09:09;7710.0;7639.03;SPXW  261001C07710000;0.3;0.35;delta=0.024
2026-10-01 09:09;7715.0;7639.03;SPXW  261001C07715000;0.25;0.35;delta=0.022
2026-10-01 09:09;7720.0;7639.03;SPXW  261001C07720000;0.25;0.3;delta=0.019
2026-10-01 09:09;7725.0;7639.03;SPXW  261001C07725000;0.2;0.25;delta=0.016
2026-10-01 09:09;7730.0;7639.03;SPXW  261001C07730000;0.15;0.25;delta=0.014
2026-10-01 09:09;7735.0;7639.03;SPXW  261001C07735000;0.15;0.2;delta=0.012
2026-10-01 09:09;7740.0;7639.03;SPXW  261001C07740000;0.15;0.2;delta=0.011
2026-10-01 09:09;7745.0;7639.03;SPXW  261001C07745000;0.15;0.2;delta=0.011
2026-10-01 09:09;7750.0;7639.03;SPXW  261001C07750000;0.1;0.15;delta=0.008
2026-10-01 09:09;7755.0;7639.03;SPXW  261001C07755000;0.1;0.15;delta=0.008
2026-10-01 09:09;7760.0;7639.03;SPXW  261001C07760000;0.1;0.15;delta=0.008
2026-10-01 09:09;7765.0;7639.03;SPXW  261001C07765000;0.1;0.15;delta=0.007
2026-10-01 09:09;7770.0;7639.03;SPXW  261001C07770000;0.1;0.15;delta=0.007
2026-10-01 09:09;7775.0;7639.03;SPXW  261001C07775000;0.1;0.15;delta=0.007
2026-10-01 09:09;7780.0;7639.03;SPXW  261001C07780000;0.1;0.15;delta=0.007
2026-10-01 09:09;7785.0;7639.03;SPXW  261001C07785000;0.1;0.15;delta=0.007
2026-10-01 09:09;7790.0;7639.03;SPXW  261001C07790000;0.1;0.15;delta=0.006
2026-10-01 09:09;7795.0;7639.03;SPXW  261001C07795000;0.05;0.1;delta=0.004
2026-10-01 09:09;7800.0;7639.03;SPXW  261001C07800000;0.1;0.15;delta=0.006
2026-10-01 09:09;7805.0;7639.03;SPXW  261001C07805000;0.05;0.1;delta=0.004
2026-10-01 09:09;7810.0;7639.03;SPXW  261001C07810000;0.05;0.1;delta=0.004
2026-10-01 09:09;7815.0;7639.03;SPXW  261001C07815000;0.05;0.1;delta=0.004
2026-10-01 09:09;7820.0;7639.03;SPXW  261001C07820000;0.05;0.1;delta=0.004
2026-10-01 09:09;7825.0;7639.03;SPXW  261001C07825000;0.05;0.1;delta=0.004
2026-10-01 09:09;7830.0;7639.03;SPXW  261001C07830000;0.05;0.1;delta=0.004
2026-10-01 09:09;7835.0;7639.03;SPXW  261001C07835000;0.05;0.1;delta=0.003
2026-10-01 09:09;7840.0;7639.03;SPXW  261001C07840000;0.05;0.1;delta=0.003
2026-10-01 09:09;7845.0;7639.03;SPXW  261001C07845000;0.05;0.1;delta=0.003
2026-10-01 09:09;7850.0;7639.03;SPXW  261001C07850000;0.05;0.1;delta=0.003
2026-10-01 09:09;7855.0;7639.03;SPXW  261001C07855000;0.05;0.1;delta=0.003
2026-10-01 09:09;7860.0;7639.03;SPXW  261001C07860000;0.05;0.1;delta=0.003
2026-10-01 09:09;7865.0;7639.03;SPXW  261001C07865000;0.05;0.1;delta=0.003
2026-10-01 09:09;7870.0;7639.03;SPXW  261001C07870000;0.05;0.1;delta=0.003
2026-10-01 09:09;7875.0;7639.03;SPXW  261001C07875000;0.0;0.1;delta=0.002
2026-10-01 09:09;7880.0;7639.03;SPXW  261001C07880000;0.0;0.05;delta=0.001
2026-10-01 09:09;7885.0;7639.03;SPXW  261001C07885000;0.0;0.05;delta=0.001
2026-10-01 09:09;7390.0;7639.03;SPXW  261001P07390000;0.05;0.1;delta=-0.003
2026-10-01 09:09;7395.0;7639.03;SPXW  261001P07395000;0.0;0.1;delta=-0.002
2026-10-01 09:09;7400.0;7639.03;SPXW  261001P07400000;0.05;0.1;delta=-0.003
2026-10-01 09:09;7405.0;7639.03;SPXW  261001P07405000;0.05;0.1;delta=-0.003
2026-10-01 09:09;7410.0;7639.03;SPXW  261001P07410000;0.05;0.1;delta=-0.003
2026-10-01 09:09;7415.0;7639.03;SPXW  261001P07415000;0.05;0.1;delta=-0.003
2026-10-01 09:09;7420.0;7639.03;SPXW  261001P07420000;0.05;0.1;delta=-0.003
2026-10-01 09:09;7425.0;7639.03;SPXW  261001P07425000;0.05;0.1;delta=-0.003
2026-10-01 09:09;7430.0;7639.03;SPXW  261001P07430000;0.05;0.1;delta=-0.003
2026-10-01 09:09;7435.0;7639.03;SPXW  261001P07435000;0.05;0.1;delta=-0.003
2026-10-01 09:09;7440.0;7639.03;SPXW  261001P07440000;0.05;0.1;delta=-0.003
2026-10-01 09:09;7445.0;7639.03;SPXW  261001P07445000;0.05;0.1;delta=-0.003
2026-10-01 09:09;7450.0;7639.03;SPXW  261001P07450000;0.05;0.1;delta=-0.003
2026-10-01 09:09;7455.0;7639.03;SPXW  261001P07455000;0.05;0.1;delta=-0.004
2026-10-01 09:09;7460.0;7639.03;SPXW  261001P07460000;0.05;0.1;delta=-0.004
2026-10-01 09:09;7465.0;7639.03;SPXW  261001P07465000;0.05;0.1;delta=-0.004
2026-10-01 09:09;7470.0;7639.03;SPXW  261001P07470000;0.05;0.1;delta=-0.004
2026-10-01 09:09;7475.0;7639.03;SPXW  261001P07475000;0.05;0.1;delta=-0.004
2026-10-01 09:09;7480.0;7639.03;SPXW  261001P07480000;0.05;0.15;delta=-0.005
2026-10-01 09:09;7485.0;7639.03;SPXW  261001P07485000;0.1;0.15;delta=-0.006
2026-10-01 09:09;7490.0;7639.03;SPXW  261001P07490000;0.1;0.15;delta=-0.006
2026-10-01 09:09;7495.0;7639.03;SPXW  261001P07495000;0.1;0.15;delta=-0.007
2026-10-01 09:09;7500.0;7639.03;SPXW  261001P07500000;0.1;0.15;delta=-0.007
2026-10-01 09:09;7505.0;7639.03;SPXW  261001P07505000;0.1;0.15;delta=-0.007
2026-10-01 09:09;7510.0;7639.03;SPXW  261001P07510000;0.1;0.15;delta=-0.007
2026-10-01 09:09;7515.0;7639.03;SPXW  261001P07515000;0.1;0.15;delta=-0.007
2026-10-01 09:09;7520.0;7639.03;SPXW  261001P07520000;0.1;0.15;delta=-0.008
2026-10-01 09:09;7525.0;7639.03;SPXW  261001P07525000;0.1;0.2;delta=-0.009
2026-10-01 09:09;7530.0;7639.03;SPXW  261001P07530000;0.15;0.2;delta=-0.011
2026-10-01 09:09;7535.0;7639.03;SPXW  261001P07535000;0.15;0.2;delta=-0.011
2026-10-01 09:09;7540.0;7639.03;SPXW  261001P07540000;0.15;0.2;delta=-0.012
2026-10-01 09:09;7545.0;7639.03;SPXW  261001P07545000;0.2;0.25;delta=-0.013
2026-10-01 09:09;7550.0;7639.03;SPXW  261001P07550000;0.2;0.25;delta=-0.015
2026-10-01 09:09;7555.0;7639.03;SPXW  261001P07555000;0.25;0.3;delta=-0.019
2026-10-01 09:09;7560.0;7639.03;SPXW  261001P07560000;0.3;0.35;delta=-0.022
2026-10-01 09:09;7565.0;7639.03;SPXW  261001P07565000;0.35;0.4;delta=-0.026
2026-10-01 09:09;7570.0;7639.03;SPXW  261001P07570000;0.45;0.5;delta=-0.033
2026-10-01 09:09;7575.0;7639.03;SPXW  261001P07575000;0.55;0.65;delta=-0.039
2026-10-01 09:09;7580.0;7639.03;SPXW  261001P07580000;0.75;0.8;delta=-0.051
2026-10-01 09:09;7585.0;7639.03;SPXW  261001P07585000;1.0;1.05;delta=-0.064
2026-10-01 09:09;7590.0;7639.03;SPXW  261001P07590000;1.3;1.35;delta=-0.081
2026-10-01 09:09;7595.0;7639.03;SPXW  261001P07595000;1.7;1.75;delta=-0.103
2026-10-01 09:09;7600.0;7639.03;SPXW  261001P07600000;2.25;2.3;delta=-0.128
2026-10-01 09:09;7605.0;7639.03;SPXW  261001P07605000;2.9;2.95;delta=-0.16
2026-10-01 09:09;7610.0;7639.03;SPXW  261001P07610000;3.7;3.8;delta=-0.197
2026-10-01 09:09;7615.0;7639.03;SPXW  261001P07615000;4.8;4.9;delta=-0.24
2026-10-01 09:09;7620.0;7639.03;SPXW  261001P07620000;6.0;6.1;delta=-0.289
2026-10-01 09:09;7625.0;7639.03;SPXW  261001P07625000;7.6;7.7;delta=-0.342
2026-10-01 09:09;7630.0;7639.03;SPXW  261001P07630000;9.3;9.5;delta=-0.399
2026-10-01 09:09;7635.0;7639.03;SPXW  261001P07635000;11.5;11.6;delta=-0.459
2026-10-01 09:09;7640.0;7639.03;SPXW  261001P07640000;13.8;14.0;delta=-0.521
2026-10-01 09:09;7645.0;7639.03;SPXW  261001P07645000;16.6;16.7;delta=-0.583
2026-10-01 09:09;7650.0;7639.03;SPXW  261001P07650000;19.6;19.8;delta=-0.643
2026-10-01 09:09;7655.0;7639.03;SPXW  261001P07655000;22.9;23.2;delta=-0.699
2026-10-01 09:09;7660.0;7639.03;SPXW  261001P07660000;26.6;26.8;delta=-0.753
2026-10-01 09:09;7665.0;7639.03;SPXW  261001P07665000;30.5;30.7;delta=-0.799
2026-10-01 09:09;7670.0;7639.03;SPXW  261001P07670000;34.6;34.8;delta=-0.84
2026-10-01 09:09;7675.0;7639.03;SPXW  261001P07675000;38.9;39.1;delta=-0.874
2026-10-01 09:09;7680.0;7639.03;SPXW  261001P07680000;43.4;43.7;delta=-0.902
2026-10-01 09:09;7685.0;7639.03;SPXW  261001P07685000;48.1;48.4;delta=-0.923
2026-10-01 09:09;7690.0;7639.03;SPXW  261001P07690000;52.8;53.1;delta=-0.94
2026-10-01 09:09;7695.0;7639.03;SPXW  261001P07695000;57.6;57.9;delta=-0.954
2026-10-01 09:09;7700.0;7639.03;SPXW  261001P07700000;62.5;62.8;delta=-0.962
2026-10-01 09:09;7705.0;7639.03;SPXW  261001P07705000;67.4;67.7;delta=-0.969
2026-10-01 09:09;7710.0;7639.03;SPXW  261001P07710000;72.3;72.7;delta=-0.976
2026-10-01 09:09;7715.0;7639.03;SPXW  261001P07715000;77.3;77.6;delta=-0.978
2026-10-01 09:09;7720.0;7639.03;SPXW  261001P07720000;82.2;82.6;delta=-0.981
2026-10-01 09:09;7725.0;7639.03;SPXW  261001P07725000;87.2;87.5;delta=-0.984
2026-10-01 09:09;7730.0;7639.03;SPXW  261001P07730000;92.2;92.5;delta=-0.986
2026-10-01 09:09;7735.0;7639.03;SPXW  261001P07735000;97.2;97.5;delta=-0.988
2026-10-01 09:09;7740.0;7639.03;SPXW  261001P07740000;102.1;102.5;delta=-0.988
2026-10-01 09:09;7745.0;7639.03;SPXW  261001P07745000;106.8;108.0;delta=-0.989
2026-10-01 09:09;7750.0;7639.03;SPXW  261001P07750000;111.8;113.0;delta=-0.992
2026-10-01 09:09;7755.0;7639.03;SPXW  261001P07755000;116.8;117.9;delta=-0.992
2026-10-01 09:09;7760.0;7639.03;SPXW  261001P07760000;121.7;122.9;delta=-0.992
2026-10-01 09:09;7765.0;7639.03;SPXW  261001P07765000;126.7;127.9;delta=-0.992
2026-10-01 09:09;7770.0;7639.03;SPXW  261001P07770000;131.7;132.9;delta=-0.993
2026-10-01 09:09;7775.0;7639.03;SPXW  261001P07775000;136.7;137.9;delta=-0.993
2026-10-01 09:09;7780.0;7639.03;SPXW  261001P07780000;141.7;142.9;delta=-0.993
2026-10-01 09:09;7785.0;7639.03;SPXW  261001P07785000;146.7;147.9;delta=-0.993
2026-10-01 09:09;7790.0;7639.03;SPXW  261001P07790000;151.7;152.9;delta=-0.993
2026-10-01 09:09;7795.0;7639.03;SPXW  261001P07795000;153.1;160.6;delta=-0.996
2026-10-01 09:09;7800.0;7639.03;SPXW  261001P07800000;161.7;162.9;delta=-0.994
2026-10-01 09:09;7805.0;7639.03;SPXW  261001P07805000;163.1;170.6;delta=-0.996
2026-10-01 09:09;7810.0;7639.03;SPXW  261001P07810000;168.1;175.4;delta=-0.996
2026-10-01 09:09;7815.0;7639.03;SPXW  261001P07815000;173.1;180.6;delta=-0.996
2026-10-01 09:09;7820.0;7639.03;SPXW  261001P07820000;178.1;185.6;delta=-0.996
2026-10-01 09:09;7825.0;7639.03;SPXW  261001P07825000;183.1;190.4;delta=-0.996
2026-10-01 09:09;7830.0;7639.03;SPXW  261001P07830000;191.6;192.9;delta=-0.996
2026-10-01 09:09;7835.0;7639.03;SPXW  261001P07835000;193.1;200.6;delta=-0.996
2026-10-01 09:09;7840.0;7639.03;SPXW  261001P07840000;194.3;207.8;delta=-0.997
2026-10-01 09:09;7845.0;7639.03;SPXW  261001P07845000;199.3;213.0;delta=-0.997
2026-10-01 09:09;7850.0;7639.03;SPXW  261001P07850000;204.5;218.2;delta=-0.997
2026-10-01 09:09;7855.0;7639.03;SPXW  261001P07855000;209.4;222.7;delta=-0.997
2026-10-01 09:09;7860.0;7639.03;SPXW  261001P07860000;211.6;230.9;delta=-0.997
2026-10-01 09:09;7865.0;7639.03;SPXW  261001P07865000;216.6;236.6;delta=-0.997
2026-10-01 09:09;7870.0;7639.03;SPXW  261001P07870000;221.4;241.6;delta=-0.997
2026-10-01 09:09;7875.0;7639.03;SPXW  261001P07875000;226.4;246.6;delta=-0.998
2026-10-01 09:09;7880.0;7639.03;SPXW  261001P07880000;231.4;250.9;delta=-0.999
2026-10-01 09:09;7885.0;7639.03;SPXW  261001P07885000;236.3;256.2;delta=-0.999
2026-10-01 09:13;7385.0;7634.68;SPXW  261001C07385000;240.7;259.1;delta=0.998
2026-10-01 09:13;7390.0;7634.68;SPXW  261001C07390000;238.0;254.8;delta=0.997
2026-10-01 09:13;7395.0;7634.68;SPXW  261001C07395000;230.8;249.8;delta=0.998
2026-10-01 09:13;7400.0;7634.68;SPXW  261001C07400000;227.0;244.8;delta=0.997
2026-10-01 09:13;7405.0;7634.68;SPXW  261001C07405000;219.7;238.4;delta=0.997
2026-10-01 09:13;7410.0;7634.68;SPXW  261001C07410000;213.6;234.1;delta=0.997
2026-10-01 09:13;7415.0;7634.68;SPXW  261001C07415000;208.6;229.1;delta=0.997
2026-10-01 09:13;7420.0;7634.68;SPXW  261001C07420000;207.0;220.7;delta=0.997
2026-10-01 09:13;7425.0;7634.68;SPXW  261001C07425000;202.8;215.3;delta=0.997
2026-10-01 09:13;7430.0;7634.68;SPXW  261001C07430000;197.5;211.2;delta=0.997
2026-10-01 09:13;7435.0;7634.68;SPXW  261001C07435000;195.7;202.2;delta=0.997
2026-10-01 09:13;7440.0;7634.68;SPXW  261001C07440000;190.6;197.0;delta=0.997
2026-10-01 09:13;7445.0;7634.68;SPXW  261001C07445000;185.5;192.1;delta=0.996
2026-10-01 09:13;7450.0;7634.68;SPXW  261001C07450000;180.5;187.1;delta=0.996
2026-10-01 09:13;7455.0;7634.68;SPXW  261001C07455000;175.6;182.0;delta=0.996
2026-10-01 09:13;7460.0;7634.68;SPXW  261001C07460000;170.3;177.1;delta=0.996
2026-10-01 09:13;7465.0;7634.68;SPXW  261001C07465000;165.3;172.1;delta=0.996
2026-10-01 09:13;7470.0;7634.68;SPXW  261001C07470000;160.7;167.0;delta=0.995
2026-10-01 09:13;7475.0;7634.68;SPXW  261001C07475000;155.3;162.1;delta=0.994
2026-10-01 09:13;7480.0;7634.68;SPXW  261001C07480000;150.3;157.1;delta=0.994
2026-10-01 09:13;7485.0;7634.68;SPXW  261001C07485000;145.7;151.9;delta=0.993
2026-10-01 09:13;7490.0;7634.68;SPXW  261001C07490000;140.3;147.1;delta=0.993
2026-10-01 09:13;7495.0;7634.68;SPXW  261001C07495000;135.4;142.1;delta=0.993
2026-10-01 09:13;7500.0;7634.68;SPXW  261001C07500000;134.1;135.2;delta=0.993
2026-10-01 09:13;7505.0;7634.68;SPXW  261001C07505000;125.8;132.1;delta=0.993
2026-10-01 09:13;7510.0;7634.68;SPXW  261001C07510000;120.8;127.1;delta=0.992
2026-10-01 09:13;7515.0;7634.68;SPXW  261001C07515000;115.3;121.9;delta=0.992
2026-10-01 09:13;7520.0;7634.68;SPXW  261001C07520000;110.6;116.9;delta=0.992
2026-10-01 09:13;7525.0;7634.68;SPXW  261001C07525000;109.1;110.3;delta=0.989
2026-10-01 09:13;7530.0;7634.68;SPXW  261001C07530000;104.5;104.8;delta=0.989
2026-10-01 09:13;7535.0;7634.68;SPXW  261001C07535000;99.5;99.8;delta=0.988
2026-10-01 09:13;7540.0;7634.68;SPXW  261001C07540000;94.5;94.9;delta=0.988
2026-10-01 09:13;7545.0;7634.68;SPXW  261001C07545000;89.5;89.9;delta=0.985
2026-10-01 09:13;7550.0;7634.68;SPXW  261001C07550000;84.6;84.9;delta=0.981
2026-10-01 09:13;7555.0;7634.68;SPXW  261001C07555000;79.6;80.0;delta=0.979
2026-10-01 09:13;7560.0;7634.68;SPXW  261001C07560000;74.7;75.0;delta=0.974
2026-10-01 09:13;7565.0;7634.68;SPXW  261001C07565000;69.8;70.1;delta=0.969
2026-10-01 09:13;7570.0;7634.68;SPXW  261001C07570000;64.9;65.2;delta=0.96
2026-10-01 09:13;7575.0;7634.68;SPXW  261001C07575000;60.0;60.3;delta=0.951
2026-10-01 09:13;7580.0;7634.68;SPXW  261001C07580000;55.2;55.6;delta=0.936
2026-10-01 09:13;7585.0;7634.68;SPXW  261001C07585000;50.6;50.7;delta=0.92
2026-10-01 09:13;7590.0;7634.68;SPXW  261001C07590000;45.9;46.1;delta=0.898
2026-10-01 09:13;7595.0;7634.68;SPXW  261001C07595000;41.4;41.5;delta=0.872
2026-10-01 09:13;7600.0;7634.68;SPXW  261001C07600000;37.0;37.2;delta=0.841
2026-10-01 09:13;7605.0;7634.68;SPXW  261001C07605000;32.7;33.0;delta=0.803
2026-10-01 09:13;7610.0;7634.68;SPXW  261001C07610000;28.7;28.9;delta=0.76
2026-10-01 09:13;7615.0;7634.68;SPXW  261001C07615000;24.9;25.1;delta=0.713
2026-10-01 09:13;7620.0;7634.68;SPXW  261001C07620000;21.4;21.5;delta=0.659
2026-10-01 09:13;7625.0;7634.68;SPXW  261001C07625000;18.1;18.2;delta=0.601
2026-10-01 09:13;7630.0;7634.68;SPXW  261001C07630000;15.1;15.2;delta=0.54
2026-10-01 09:13;7635.0;7634.68;SPXW  261001C07635000;12.4;12.5;delta=0.478
2026-10-01 09:13;7640.0;7634.68;SPXW  261001C07640000;10.0;10.2;delta=0.417
2026-10-01 09:13;7645.0;7634.68;SPXW  261001C07645000;8.0;8.2;delta=0.357
2026-10-01 09:13;7650.0;7634.68;SPXW  261001C07650000;6.3;6.4;delta=0.3
2026-10-01 09:13;7655.0;7634.68;SPXW  261001C07655000;4.9;5.0;delta=0.247
2026-10-01 09:13;7660.0;7634.68;SPXW  261001C07660000;3.7;3.8;delta=0.2
2026-10-01 09:13;7665.0;7634.68;SPXW  261001C07665000;2.85;2.9;delta=0.161
2026-10-01 09:13;7670.0;7634.68;SPXW  261001C07670000;2.1;2.2;delta=0.127
2026-10-01 09:13;7675.0;7634.68;SPXW  261001C07675000;1.55;1.65;delta=0.1
2026-10-01 09:13;7680.0;7634.68;SPXW  261001C07680000;1.15;1.25;delta=0.077
2026-10-01 09:13;7685.0;7634.68;SPXW  261001C07685000;0.85;0.95;delta=0.061
2026-10-01 09:13;7690.0;7634.68;SPXW  261001C07690000;0.65;0.7;delta=0.048
2026-10-01 09:13;7695.0;7634.68;SPXW  261001C07695000;0.5;0.55;delta=0.038
2026-10-01 09:13;7700.0;7634.68;SPXW  261001C07700000;0.4;0.45;delta=0.031
2026-10-01 09:13;7705.0;7634.68;SPXW  261001C07705000;0.3;0.35;delta=0.024
2026-10-01 09:13;7710.0;7634.68;SPXW  261001C07710000;0.25;0.3;delta=0.02
2026-10-01 09:13;7715.0;7634.68;SPXW  261001C07715000;0.25;0.3;delta=0.016
2026-10-01 09:13;7720.0;7634.68;SPXW  261001C07720000;0.2;0.25;delta=0.016
2026-10-01 09:13;7725.0;7634.68;SPXW  261001C07725000;0.15;0.2;delta=0.012
2026-10-01 09:13;7730.0;7634.68;SPXW  261001C07730000;0.15;0.2;delta=0.012
2026-10-01 09:13;7735.0;7634.68;SPXW  261001C07735000;0.15;0.2;delta=0.011
2026-10-01 09:13;7740.0;7634.68;SPXW  261001C07740000;0.15;0.2;delta=0.01
2026-10-01 09:13;7745.0;7634.68;SPXW  261001C07745000;0.1;0.15;delta=0.008
2026-10-01 09:13;7750.0;7634.68;SPXW  261001C07750000;0.1;0.15;delta=0.008
2026-10-01 09:13;7755.0;7634.68;SPXW  261001C07755000;0.1;0.15;delta=0.008
2026-10-01 09:13;7760.0;7634.68;SPXW  261001C07760000;0.1;0.15;delta=0.007
2026-10-01 09:13;7765.0;7634.68;SPXW  261001C07765000;0.1;0.15;delta=0.007
2026-10-01 09:13;7770.0;7634.68;SPXW  261001C07770000;0.1;0.15;delta=0.007
2026-10-01 09:13;7775.0;7634.68;SPXW  261001C07775000;0.1;0.15;delta=0.007
2026-10-01 09:13;7780.0;7634.68;SPXW  261001C07780000;0.05;0.1;delta=0.004
2026-10-01 09:13;7785.0;7634.68;SPXW  261001C07785000;0.05;0.1;delta=0.004
2026-10-01 09:13;7790.0;7634.68;SPXW  261001C07790000;0.05;0.1;delta=0.004
2026-10-01 09:13;7795.0;7634.68;SPXW  261001C07795000;0.05;0.1;delta=0.004
2026-10-01 09:13;7800.0;7634.68;SPXW  261001C07800000;0.05;0.1;delta=0.004
2026-10-01 09:13;7805.0;7634.68;SPXW  261001C07805000;0.05;0.1;delta=0.004
2026-10-01 09:13;7810.0;7634.68;SPXW  261001C07810000;0.05;0.1;delta=0.004
2026-10-01 09:13;7815.0;7634.68;SPXW  261001C07815000;0.05;0.1;delta=0.004
2026-10-01 09:13;7820.0;7634.68;SPXW  261001C07820000;0.05;0.1;delta=0.004
2026-10-01 09:13;7825.0;7634.68;SPXW  261001C07825000;0.05;0.1;delta=0.004
2026-10-01 09:13;7830.0;7634.68;SPXW  261001C07830000;0.05;0.1;delta=0.003
2026-10-01 09:13;7835.0;7634.68;SPXW  261001C07835000;0.05;0.1;delta=0.003
2026-10-01 09:13;7840.0;7634.68;SPXW  261001C07840000;0.05;0.1;delta=0.003
2026-10-01 09:13;7845.0;7634.68;SPXW  261001C07845000;0.05;0.1;delta=0.003
2026-10-01 09:13;7850.0;7634.68;SPXW  261001C07850000;0.05;0.1;delta=0.003
2026-10-01 09:13;7855.0;7634.68;SPXW  261001C07855000;0.05;0.1;delta=0.003
2026-10-01 09:13;7860.0;7634.68;SPXW  261001C07860000;0.0;0.05;delta=0.001
2026-10-01 09:13;7865.0;7634.68;SPXW  261001C07865000;0.0;0.05;delta=0.001
2026-10-01 09:13;7870.0;7634.68;SPXW  261001C07870000;0.0;0.05;delta=0.001
2026-10-01 09:13;7875.0;7634.68;SPXW  261001C07875000;0.0;0.05;delta=0.001
2026-10-01 09:13;7880.0;7634.68;SPXW  261001C07880000;0.0;0.05;delta=0.001
2026-10-01 09:13;7390.0;7634.68;SPXW  261001P07390000;0.05;0.1;delta=-0.003
2026-10-01 09:13;7395.0;7634.68;SPXW  261001P07395000;0.0;0.1;delta=-0.002
2026-10-01 09:13;7400.0;7634.68;SPXW  261001P07400000;0.05;0.1;delta=-0.003
2026-10-01 09:13;7405.0;7634.68;SPXW  261001P07405000;0.05;0.1;delta=-0.003
2026-10-01 09:13;7410.0;7634.68;SPXW  261001P07410000;0.05;0.1;delta=-0.003
2026-10-01 09:13;7415.0;7634.68;SPXW  261001P07415000;0.05;0.1;delta=-0.003
2026-10-01 09:13;7420.0;7634.68;SPXW  261001P07420000;0.05;0.1;delta=-0.003
2026-10-01 09:13;7425.0;7634.68;SPXW  261001P07425000;0.05;0.1;delta=-0.003
2026-10-01 09:13;7430.0;7634.68;SPXW  261001P07430000;0.05;0.1;delta=-0.003
2026-10-01 09:13;7435.0;7634.68;SPXW  261001P07435000;0.05;0.1;delta=-0.003
2026-10-01 09:13;7440.0;7634.68;SPXW  261001P07440000;0.05;0.1;delta=-0.003
2026-10-01 09:13;7445.0;7634.68;SPXW  261001P07445000;0.05;0.1;delta=-0.003
2026-10-01 09:13;7450.0;7634.68;SPXW  261001P07450000;0.05;0.1;delta=-0.004
2026-10-01 09:13;7455.0;7634.68;SPXW  261001P07455000;0.05;0.1;delta=-0.004
2026-10-01 09:13;7460.0;7634.68;SPXW  261001P07460000;0.05;0.1;delta=-0.004
2026-10-01 09:13;7465.0;7634.68;SPXW  261001P07465000;0.05;0.1;delta=-0.004
2026-10-01 09:13;7470.0;7634.68;SPXW  261001P07470000;0.05;0.15;delta=-0.005
2026-10-01 09:13;7475.0;7634.68;SPXW  261001P07475000;0.05;0.1;delta=-0.006
2026-10-01 09:13;7480.0;7634.68;SPXW  261001P07480000;0.1;0.15;delta=-0.006
2026-10-01 09:13;7485.0;7634.68;SPXW  261001P07485000;0.1;0.15;delta=-0.006
2026-10-01 09:13;7490.0;7634.68;SPXW  261001P07490000;0.1;0.15;delta=-0.007
2026-10-01 09:13;7495.0;7634.68;SPXW  261001P07495000;0.1;0.15;delta=-0.007
2026-10-01 09:13;7500.0;7634.68;SPXW  261001P07500000;0.1;0.15;delta=-0.007
2026-10-01 09:13;7505.0;7634.68;SPXW  261001P07505000;0.1;0.15;delta=-0.007
2026-10-01 09:13;7510.0;7634.68;SPXW  261001P07510000;0.1;0.15;delta=-0.007
2026-10-01 09:13;7515.0;7634.68;SPXW  261001P07515000;0.1;0.15;delta=-0.008
2026-10-01 09:13;7520.0;7634.68;SPXW  261001P07520000;0.1;0.15;delta=-0.008
2026-10-01 09:13;7525.0;7634.68;SPXW  261001P07525000;0.15;0.2;delta=-0.011
2026-10-01 09:13;7530.0;7634.68;SPXW  261001P07530000;0.15;0.2;delta=-0.011
2026-10-01 09:13;7535.0;7634.68;SPXW  261001P07535000;0.15;0.2;delta=-0.012
2026-10-01 09:13;7540.0;7634.68;SPXW  261001P07540000;0.15;0.2;delta=-0.012
2026-10-01 09:13;7545.0;7634.68;SPXW  261001P07545000;0.2;0.25;delta=-0.015
2026-10-01 09:13;7550.0;7634.68;SPXW  261001P07550000;0.25;0.3;delta=-0.019
2026-10-01 09:13;7555.0;7634.68;SPXW  261001P07555000;0.25;0.3;delta=-0.021
2026-10-01 09:13;7560.0;7634.68;SPXW  261001P07560000;0.35;0.4;delta=-0.026
2026-10-01 09:13;7565.0;7634.68;SPXW  261001P07565000;0.4;0.45;delta=-0.031
2026-10-01 09:13;7570.0;7634.68;SPXW  261001P07570000;0.5;0.6;delta=-0.039
2026-10-01 09:13;7575.0;7634.68;SPXW  261001P07575000;0.65;0.75;delta=-0.049
2026-10-01 09:13;7580.0;7634.68;SPXW  261001P07580000;0.9;0.95;delta=-0.064
2026-10-01 09:13;7585.0;7634.68;SPXW  261001P07585000;1.15;1.25;delta=-0.08
2026-10-01 09:13;7590.0;7634.68;SPXW  261001P07590000;1.55;1.6;delta=-0.101
2026-10-01 09:13;7595.0;7634.68;SPXW  261001P07595000;2.0;2.1;delta=-0.127
2026-10-01 09:13;7600.0;7634.68;SPXW  261001P07600000;2.65;2.7;delta=-0.158
2026-10-01 09:13;7605.0;7634.68;SPXW  261001P07605000;3.4;3.5;delta=-0.197
2026-10-01 09:13;7610.0;7634.68;SPXW  261001P07610000;4.4;4.5;delta=-0.24
2026-10-01 09:13;7615.0;7634.68;SPXW  261001P07615000;5.6;5.7;delta=-0.287
2026-10-01 09:13;7620.0;7634.68;SPXW  261001P07620000;7.1;7.2;delta=-0.341
2026-10-01 09:13;7625.0;7634.68;SPXW  261001P07625000;8.8;8.9;delta=-0.399
2026-10-01 09:13;7630.0;7634.68;SPXW  261001P07630000;10.8;10.9;delta=-0.46
2026-10-01 09:13;7635.0;7634.68;SPXW  261001P07635000;13.2;13.3;delta=-0.522
2026-10-01 09:13;7640.0;7634.68;SPXW  261001P07640000;15.8;16.0;delta=-0.583
2026-10-01 09:13;7645.0;7634.68;SPXW  261001P07645000;18.8;19.0;delta=-0.643
2026-10-01 09:13;7650.0;7634.68;SPXW  261001P07650000;22.1;22.3;delta=-0.7
2026-10-01 09:13;7655.0;7634.68;SPXW  261001P07655000;25.7;25.9;delta=-0.753
2026-10-01 09:13;7660.0;7634.68;SPXW  261001P07660000;29.5;29.8;delta=-0.8
2026-10-01 09:13;7665.0;7634.68;SPXW  261001P07665000;33.7;33.9;delta=-0.839
2026-10-01 09:13;7670.0;7634.68;SPXW  261001P07670000;38.0;38.2;delta=-0.873
2026-10-01 09:13;7675.0;7634.68;SPXW  261001P07675000;42.4;42.6;delta=-0.9
2026-10-01 09:13;7680.0;7634.68;SPXW  261001P07680000;47.0;47.2;delta=-0.923
2026-10-01 09:13;7685.0;7634.68;SPXW  261001P07685000;51.7;52.0;delta=-0.939
2026-10-01 09:13;7690.0;7634.68;SPXW  261001P07690000;56.5;56.8;delta=-0.952
2026-10-01 09:13;7695.0;7634.68;SPXW  261001P07695000;61.3;61.6;delta=-0.962
2026-10-01 09:13;7700.0;7634.68;SPXW  261001P07700000;66.2;66.5;delta=-0.969
2026-10-01 09:13;7705.0;7634.68;SPXW  261001P07705000;71.2;71.4;delta=-0.976
2026-10-01 09:13;7710.0;7634.68;SPXW  261001P07710000;76.1;76.4;delta=-0.98
2026-10-01 09:13;7715.0;7634.68;SPXW  261001P07715000;81.1;81.3;delta=-0.983
2026-10-01 09:13;7720.0;7634.68;SPXW  261001P07720000;86.0;86.3;delta=-0.984
2026-10-01 09:13;7725.0;7634.68;SPXW  261001P07725000;91.0;91.4;delta=-0.987
2026-10-01 09:13;7730.0;7634.68;SPXW  261001P07730000;96.0;96.3;delta=-0.988
2026-10-01 09:13;7735.0;7634.68;SPXW  261001P07735000;97.4;104.6;delta=-0.988
2026-10-01 09:13;7740.0;7634.68;SPXW  261001P07740000;105.5;106.8;delta=-0.99
2026-10-01 09:13;7745.0;7634.68;SPXW  261001P07745000;110.5;111.7;delta=-0.992
2026-10-01 09:13;7750.0;7634.68;SPXW  261001P07750000;115.5;116.7;delta=-0.992
2026-10-01 09:13;7755.0;7634.68;SPXW  261001P07755000;120.5;121.7;delta=-0.992
2026-10-01 09:13;7760.0;7634.68;SPXW  261001P07760000;125.5;126.7;delta=-0.992
2026-10-01 09:13;7765.0;7634.68;SPXW  261001P07765000;130.5;131.5;delta=-0.993
2026-10-01 09:13;7770.0;7634.68;SPXW  261001P07770000;135.5;136.5;delta=-0.993
2026-10-01 09:13;7775.0;7634.68;SPXW  261001P07775000;140.5;141.5;delta=-0.993
2026-10-01 09:13;7780.0;7634.68;SPXW  261001P07780000;145.5;146.5;delta=-0.996
2026-10-01 09:13;7785.0;7634.68;SPXW  261001P07785000;150.5;151.5;delta=-0.996
2026-10-01 09:13;7790.0;7634.68;SPXW  261001P07790000;155.5;156.5;delta=-0.996
2026-10-01 09:13;7795.0;7634.68;SPXW  261001P07795000;158.3;164.5;delta=-0.996
2026-10-01 09:13;7800.0;7634.68;SPXW  261001P07800000;165.5;166.7;delta=-0.996
2026-10-01 09:13;7805.0;7634.68;SPXW  261001P07805000;168.1;174.9;delta=-0.996
2026-10-01 09:13;7810.0;7634.68;SPXW  261001P07810000;173.3;179.5;delta=-0.996
2026-10-01 09:13;7815.0;7634.68;SPXW  261001P07815000;178.3;184.8;delta=-0.996
2026-10-01 09:13;7820.0;7634.68;SPXW  261001P07820000;183.3;189.8;delta=-0.996
2026-10-01 09:13;7825.0;7634.68;SPXW  261001P07825000;188.3;194.5;delta=-0.996
2026-10-01 09:13;7830.0;7634.68;SPXW  261001P07830000;195.4;196.7;delta=-0.996
2026-10-01 09:13;7835.0;7634.68;SPXW  261001P07835000;194.0;207.7;delta=-0.997
2026-10-01 09:13;7840.0;7634.68;SPXW  261001P07840000;199.8;212.3;delta=-0.997
2026-10-01 09:13;7845.0;7634.68;SPXW  261001P07845000;204.0;217.7;delta=-0.997
2026-10-01 09:13;7850.0;7634.68;SPXW  261001P07850000;215.3;216.5;delta=-0.997
2026-10-01 09:13;7855.0;7634.68;SPXW  261001P07855000;210.6;229.5;delta=-0.997
2026-10-01 09:13;7860.0;7634.68;SPXW  261001P07860000;215.5;236.0;delta=-0.999
2026-10-01 09:13;7865.0;7634.68;SPXW  261001P07865000;220.3;239.4;delta=-0.999
2026-10-01 09:13;7870.0;7634.68;SPXW  261001P07870000;226.7;242.3;delta=-0.999
2026-10-01 09:13;7875.0;7634.68;SPXW  261001P07875000;231.7;247.8;delta=-0.999
2026-10-01 09:13;7880.0;7634.68;SPXW  261001P07880000;235.5;256.0;delta=-0.999
2026-10-01 09:13;7885.0;7634.68;SPXW  261001P07885000;241.7;260.4;delta=-0.999
2026-10-01 09:18;7395.0;7643.3;SPXW  261001C07395000;237.6;257.6;delta=0.998
2026-10-01 09:18;7400.0;7643.3;SPXW  261001C07400000;232.6;251.0;delta=0.997
2026-10-01 09:18;7405.0;7643.3;SPXW  261001C07405000;227.6;247.8;delta=0.997
2026-10-01 09:18;7410.0;7643.3;SPXW  261001C07410000;223.5;242.9;delta=0.997
2026-10-01 09:18;7415.0;7643.3;SPXW  261001C07415000;217.6;237.9;delta=0.997
2026-10-01 09:18;7420.0;7643.3;SPXW  261001C07420000;213.5;232.5;delta=0.997
2026-10-01 09:18;7425.0;7643.3;SPXW  261001C07425000;209.2;225.0;delta=0.997
2026-10-01 09:18;7430.0;7643.3;SPXW  261001C07430000;207.0;220.2;delta=0.997
2026-10-01 09:18;7435.0;7643.3;SPXW  261001C07435000;200.3;214.0;delta=0.997
2026-10-01 09:18;7440.0;7643.3;SPXW  261001C07440000;196.9;210.1;delta=0.997
2026-10-01 09:18;7445.0;7643.3;SPXW  261001C07445000;194.9;201.7;delta=0.997
2026-10-01 09:18;7450.0;7643.3;SPXW  261001C07450000;189.9;196.7;delta=0.997
2026-10-01 09:18;7455.0;7643.3;SPXW  261001C07455000;184.9;192.4;delta=0.996
2026-10-01 09:18;7460.0;7643.3;SPXW  261001C07460000;179.9;186.9;delta=0.996
2026-10-01 09:18;7465.0;7643.3;SPXW  261001C07465000;174.9;181.9;delta=0.996
2026-10-01 09:18;7470.0;7643.3;SPXW  261001C07470000;169.8;177.8;delta=0.996
2026-10-01 09:18;7475.0;7643.3;SPXW  261001C07475000;164.9;171.9;delta=0.996
2026-10-01 09:18;7480.0;7643.3;SPXW  261001C07480000;159.9;166.9;delta=0.996
2026-10-01 09:18;7485.0;7643.3;SPXW  261001C07485000;154.9;162.9;delta=0.995
2026-10-01 09:18;7490.0;7643.3;SPXW  261001C07490000;149.9;156.9;delta=0.996
2026-10-01 09:18;7495.0;7643.3;SPXW  261001C07495000;144.9;151.9;delta=0.994
2026-10-01 09:18;7500.0;7643.3;SPXW  261001C07500000;139.4;144.4;delta=0.993
2026-10-01 09:18;7505.0;7643.3;SPXW  261001C07505000;134.6;142.5;delta=0.993
2026-10-01 09:18;7510.0;7643.3;SPXW  261001C07510000;129.6;137.5;delta=0.993
2026-10-01 09:18;7515.0;7643.3;SPXW  261001C07515000;125.0;132.4;delta=0.993
2026-10-01 09:18;7520.0;7643.3;SPXW  261001C07520000;119.6;127.5;delta=0.992
2026-10-01 09:18;7525.0;7643.3;SPXW  261001C07525000;115.0;119.4;delta=0.992
2026-10-01 09:18;7530.0;7643.3;SPXW  261001C07530000;110.0;117.4;delta=0.992
2026-10-01 09:18;7535.0;7643.3;SPXW  261001C07535000;105.0;112.0;delta=0.992
2026-10-01 09:18;7540.0;7643.3;SPXW  261001C07540000;100.2;107.0;delta=0.989
2026-10-01 09:18;7545.0;7643.3;SPXW  261001C07545000;98.4;98.9;delta=0.988
2026-10-01 09:18;7550.0;7643.3;SPXW  261001C07550000;93.4;93.9;delta=0.986
2026-10-01 09:18;7555.0;7643.3;SPXW  261001C07555000;88.5;89.0;delta=0.984
2026-10-01 09:18;7560.0;7643.3;SPXW  261001C07560000;83.6;84.0;delta=0.981
2026-10-01 09:18;7565.0;7643.3;SPXW  261001C07565000;78.5;79.0;delta=0.977
2026-10-01 09:18;7570.0;7643.3;SPXW  261001C07570000;73.6;74.1;delta=0.974
2026-10-01 09:18;7575.0;7643.3;SPXW  261001C07575000;68.7;69.2;delta=0.967
2026-10-01 09:18;7580.0;7643.3;SPXW  261001C07580000;63.8;64.3;delta=0.959
2026-10-01 09:18;7585.0;7643.3;SPXW  261001C07585000;59.1;59.5;delta=0.948
2026-10-01 09:18;7590.0;7643.3;SPXW  261001C07590000;54.4;54.6;delta=0.933
2026-10-01 09:18;7595.0;7643.3;SPXW  261001C07595000;49.7;49.9;delta=0.916
2026-10-01 09:18;7600.0;7643.3;SPXW  261001C07600000;45.1;45.3;delta=0.894
2026-10-01 09:18;7605.0;7643.3;SPXW  261001C07605000;40.6;40.8;delta=0.866
2026-10-01 09:18;7610.0;7643.3;SPXW  261001C07610000;36.2;36.4;delta=0.834
2026-10-01 09:18;7615.0;7643.3;SPXW  261001C07615000;32.0;32.3;delta=0.795
2026-10-01 09:18;7620.0;7643.3;SPXW  261001C07620000;28.0;28.3;delta=0.751
2026-10-01 09:18;7625.0;7643.3;SPXW  261001C07625000;24.3;24.5;delta=0.702
2026-10-01 09:18;7630.0;7643.3;SPXW  261001C07630000;20.7;20.9;delta=0.647
2026-10-01 09:18;7635.0;7643.3;SPXW  261001C07635000;17.5;17.7;delta=0.588
2026-10-01 09:18;7640.0;7643.3;SPXW  261001C07640000;14.5;14.7;delta=0.526
2026-10-01 09:18;7645.0;7643.3;SPXW  261001C07645000;11.9;12.0;delta=0.463
2026-10-01 09:18;7650.0;7643.3;SPXW  261001C07650000;9.6;9.7;delta=0.4
2026-10-01 09:18;7655.0;7643.3;SPXW  261001C07655000;7.6;7.7;delta=0.341
2026-10-01 09:18;7660.0;7643.3;SPXW  261001C07660000;6.0;6.1;delta=0.284
2026-10-01 09:18;7665.0;7643.3;SPXW  261001C07665000;4.6;4.7;delta=0.233
2026-10-01 09:18;7670.0;7643.3;SPXW  261001C07670000;3.5;3.6;delta=0.188
2026-10-01 09:18;7675.0;7643.3;SPXW  261001C07675000;2.65;2.7;delta=0.149
2026-10-01 09:18;7680.0;7643.3;SPXW  261001C07680000;2.0;2.05;delta=0.117
2026-10-01 09:18;7685.0;7643.3;SPXW  261001C07685000;1.45;1.55;delta=0.092
2026-10-01 09:18;7690.0;7643.3;SPXW  261001C07690000;1.1;1.15;delta=0.071
2026-10-01 09:18;7695.0;7643.3;SPXW  261001C07695000;0.8;0.85;delta=0.055
2026-10-01 09:18;7700.0;7643.3;SPXW  261001C07700000;0.6;0.65;delta=0.042
2026-10-01 09:18;7705.0;7643.3;SPXW  261001C07705000;0.5;0.55;delta=0.035
2026-10-01 09:18;7710.0;7643.3;SPXW  261001C07710000;0.35;0.45;delta=0.028
2026-10-01 09:18;7715.0;7643.3;SPXW  261001C07715000;0.3;0.35;delta=0.024
2026-10-01 09:18;7720.0;7643.3;SPXW  261001C07720000;0.25;0.3;delta=0.02
2026-10-01 09:18;7725.0;7643.3;SPXW  261001C07725000;0.2;0.25;delta=0.016
2026-10-01 09:18;7730.0;7643.3;SPXW  261001C07730000;0.2;0.25;delta=0.014
2026-10-01 09:18;7735.0;7643.3;SPXW  261001C07735000;0.15;0.2;delta=0.012
2026-10-01 09:18;7740.0;7643.3;SPXW  261001C07740000;0.15;0.2;delta=0.012
2026-10-01 09:18;7745.0;7643.3;SPXW  261001C07745000;0.1;0.2;delta=0.01
2026-10-01 09:18;7750.0;7643.3;SPXW  261001C07750000;0.1;0.15;delta=0.008
2026-10-01 09:18;7755.0;7643.3;SPXW  261001C07755000;0.1;0.15;delta=0.008
2026-10-01 09:18;7760.0;7643.3;SPXW  261001C07760000;0.1;0.15;delta=0.008
2026-10-01 09:18;7765.0;7643.3;SPXW  261001C07765000;0.1;0.15;delta=0.008
2026-10-01 09:18;7770.0;7643.3;SPXW  261001C07770000;0.1;0.15;delta=0.007
2026-10-01 09:18;7775.0;7643.3;SPXW  261001C07775000;0.1;0.15;delta=0.007
2026-10-01 09:18;7780.0;7643.3;SPXW  261001C07780000;0.05;0.1;delta=0.005
2026-10-01 09:18;7785.0;7643.3;SPXW  261001C07785000;0.05;0.1;delta=0.004
2026-10-01 09:18;7790.0;7643.3;SPXW  261001C07790000;0.05;0.1;delta=0.004
2026-10-01 09:18;7795.0;7643.3;SPXW  261001C07795000;0.05;0.1;delta=0.004
2026-10-01 09:18;7800.0;7643.3;SPXW  261001C07800000;0.05;0.1;delta=0.004
2026-10-01 09:18;7805.0;7643.3;SPXW  261001C07805000;0.05;0.1;delta=0.004
2026-10-01 09:18;7810.0;7643.3;SPXW  261001C07810000;0.05;0.1;delta=0.004
2026-10-01 09:18;7815.0;7643.3;SPXW  261001C07815000;0.05;0.1;delta=0.004
2026-10-01 09:18;7820.0;7643.3;SPXW  261001C07820000;0.05;0.1;delta=0.004
2026-10-01 09:18;7825.0;7643.3;SPXW  261001C07825000;0.05;0.1;delta=0.004
2026-10-01 09:18;7830.0;7643.3;SPXW  261001C07830000;0.05;0.1;delta=0.004
2026-10-01 09:18;7835.0;7643.3;SPXW  261001C07835000;0.05;0.1;delta=0.003
2026-10-01 09:18;7840.0;7643.3;SPXW  261001C07840000;0.05;0.1;delta=0.003
2026-10-01 09:18;7845.0;7643.3;SPXW  261001C07845000;0.05;0.1;delta=0.003
2026-10-01 09:18;7850.0;7643.3;SPXW  261001C07850000;0.05;0.1;delta=0.003
2026-10-01 09:18;7855.0;7643.3;SPXW  261001C07855000;0.05;0.1;delta=0.003
2026-10-01 09:18;7860.0;7643.3;SPXW  261001C07860000;0.0;0.05;delta=0.001
2026-10-01 09:18;7865.0;7643.3;SPXW  261001C07865000;0.0;0.05;delta=0.001
2026-10-01 09:18;7870.0;7643.3;SPXW  261001C07870000;0.0;0.05;delta=0.001
2026-10-01 09:18;7875.0;7643.3;SPXW  261001C07875000;0.0;0.05;delta=0.001
2026-10-01 09:18;7880.0;7643.3;SPXW  261001C07880000;0.0;0.05;delta=0.001
2026-10-01 09:18;7885.0;7643.3;SPXW  261001C07885000;0.0;0.05;delta=0.001
2026-10-01 09:18;7890.0;7643.3;SPXW  261001C07890000;0.0;0.05;delta=0.001
2026-10-01 09:18;7395.0;7643.3;SPXW  261001P07395000;0.0;0.1;delta=-0.002
2026-10-01 09:18;7400.0;7643.3;SPXW  261001P07400000;0.05;0.1;delta=-0.003
2026-10-01 09:18;7405.0;7643.3;SPXW  261001P07405000;0.05;0.1;delta=-0.003
2026-10-01 09:18;7410.0;7643.3;SPXW  261001P07410000;0.05;0.1;delta=-0.003
2026-10-01 09:18;7415.0;7643.3;SPXW  261001P07415000;0.05;0.1;delta=-0.003
2026-10-01 09:18;7420.0;7643.3;SPXW  261001P07420000;0.05;0.1;delta=-0.003
2026-10-01 09:18;7425.0;7643.3;SPXW  261001P07425000;0.05;0.1;delta=-0.003
2026-10-01 09:18;7430.0;7643.3;SPXW  261001P07430000;0.05;0.1;delta=-0.003
2026-10-01 09:18;7435.0;7643.3;SPXW  261001P07435000;0.05;0.1;delta=-0.003
2026-10-01 09:18;7440.0;7643.3;SPXW  261001P07440000;0.05;0.1;delta=-0.003
2026-10-01 09:18;7445.0;7643.3;SPXW  261001P07445000;0.05;0.1;delta=-0.003
2026-10-01 09:18;7450.0;7643.3;SPXW  261001P07450000;0.05;0.1;delta=-0.003
2026-10-01 09:18;7455.0;7643.3;SPXW  261001P07455000;0.05;0.1;delta=-0.003
2026-10-01 09:18;7460.0;7643.3;SPXW  261001P07460000;0.05;0.1;delta=-0.004
2026-10-01 09:18;7465.0;7643.3;SPXW  261001P07465000;0.05;0.1;delta=-0.004
2026-10-01 09:18;7470.0;7643.3;SPXW  261001P07470000;0.05;0.1;delta=-0.004
2026-10-01 09:18;7475.0;7643.3;SPXW  261001P07475000;0.05;0.1;delta=-0.004
2026-10-01 09:18;7480.0;7643.3;SPXW  261001P07480000;0.05;0.1;delta=-0.004
2026-10-01 09:18;7485.0;7643.3;SPXW  261001P07485000;0.05;0.15;delta=-0.005
2026-10-01 09:18;7490.0;7643.3;SPXW  261001P07490000;0.05;0.1;delta=-0.004
2026-10-01 09:18;7495.0;7643.3;SPXW  261001P07495000;0.1;0.15;delta=-0.006
2026-10-01 09:18;7500.0;7643.3;SPXW  261001P07500000;0.1;0.15;delta=-0.007
2026-10-01 09:18;7505.0;7643.3;SPXW  261001P07505000;0.1;0.15;delta=-0.007
2026-10-01 09:18;7510.0;7643.3;SPXW  261001P07510000;0.1;0.15;delta=-0.007
2026-10-01 09:18;7515.0;7643.3;SPXW  261001P07515000;0.1;0.15;delta=-0.007
2026-10-01 09:18;7520.0;7643.3;SPXW  261001P07520000;0.1;0.15;delta=-0.007
2026-10-01 09:18;7525.0;7643.3;SPXW  261001P07525000;0.1;0.15;delta=-0.008
2026-10-01 09:18;7530.0;7643.3;SPXW  261001P07530000;0.1;0.15;delta=-0.008
2026-10-01 09:18;7535.0;7643.3;SPXW  261001P07535000;0.1;0.15;delta=-0.008
2026-10-01 09:18;7540.0;7643.3;SPXW  261001P07540000;0.15;0.2;delta=-0.011
2026-10-01 09:18;7545.0;7643.3;SPXW  261001P07545000;0.15;0.2;delta=-0.012
2026-10-01 09:18;7550.0;7643.3;SPXW  261001P07550000;0.15;0.2;delta=-0.014
2026-10-01 09:18;7555.0;7643.3;SPXW  261001P07555000;0.2;0.25;delta=-0.016
2026-10-01 09:18;7560.0;7643.3;SPXW  261001P07560000;0.2;0.25;delta=-0.019
2026-10-01 09:18;7565.0;7643.3;SPXW  261001P07565000;0.25;0.3;delta=-0.023
2026-10-01 09:18;7570.0;7643.3;SPXW  261001P07570000;0.3;0.4;delta=-0.026
2026-10-01 09:18;7575.0;7643.3;SPXW  261001P07575000;0.4;0.45;delta=-0.033
2026-10-01 09:18;7580.0;7643.3;SPXW  261001P07580000;0.55;0.6;delta=-0.041
2026-10-01 09:18;7585.0;7643.3;SPXW  261001P07585000;0.7;0.75;delta=-0.052
2026-10-01 09:18;7590.0;7643.3;SPXW  261001P07590000;0.95;1.0;delta=-0.066
2026-10-01 09:18;7595.0;7643.3;SPXW  261001P07595000;1.25;1.3;delta=-0.084
2026-10-01 09:18;7600.0;7643.3;SPXW  261001P07600000;1.6;1.65;delta=-0.106
2026-10-01 09:18;7605.0;7643.3;SPXW  261001P07605000;2.1;2.2;delta=-0.133
2026-10-01 09:18;7610.0;7643.3;SPXW  261001P07610000;2.75;2.8;delta=-0.166
2026-10-01 09:18;7615.0;7643.3;SPXW  261001P07615000;3.6;3.7;delta=-0.205
2026-10-01 09:18;7620.0;7643.3;SPXW  261001P07620000;4.6;4.7;delta=-0.249
2026-10-01 09:18;7625.0;7643.3;SPXW  261001P07625000;5.8;5.9;delta=-0.299
2026-10-01 09:18;7630.0;7643.3;SPXW  261001P07630000;7.3;7.4;delta=-0.353
2026-10-01 09:18;7635.0;7643.3;SPXW  261001P07635000;9.1;9.2;delta=-0.412
2026-10-01 09:18;7640.0;7643.3;SPXW  261001P07640000;11.1;11.3;delta=-0.474
2026-10-01 09:18;7645.0;7643.3;SPXW  261001P07645000;13.5;13.7;delta=-0.537
2026-10-01 09:18;7650.0;7643.3;SPXW  261001P07650000;16.3;16.4;delta=-0.599
2026-10-01 09:18;7655.0;7643.3;SPXW  261001P07655000;19.3;19.5;delta=-0.659
2026-10-01 09:18;7660.0;7643.3;SPXW  261001P07660000;22.6;22.9;delta=-0.716
2026-10-01 09:18;7665.0;7643.3;SPXW  261001P07665000;26.3;26.5;delta=-0.767
2026-10-01 09:18;7670.0;7643.3;SPXW  261001P07670000;30.2;30.5;delta=-0.812
2026-10-01 09:18;7675.0;7643.3;SPXW  261001P07675000;34.4;34.6;delta=-0.851
2026-10-01 09:18;7680.0;7643.3;SPXW  261001P07680000;38.7;39.0;delta=-0.883
2026-10-01 09:18;7685.0;7643.3;SPXW  261001P07685000;43.2;43.5;delta=-0.908
2026-10-01 09:18;7690.0;7643.3;SPXW  261001P07690000;47.8;48.1;delta=-0.929
2026-10-01 09:18;7695.0;7643.3;SPXW  261001P07695000;52.5;52.9;delta=-0.945
2026-10-01 09:18;7700.0;7643.3;SPXW  261001P07700000;57.3;57.7;delta=-0.958
2026-10-01 09:18;7705.0;7643.3;SPXW  261001P07705000;62.2;62.5;delta=-0.965
2026-10-01 09:18;7710.0;7643.3;SPXW  261001P07710000;67.1;67.4;delta=-0.972
2026-10-01 09:18;7715.0;7643.3;SPXW  261001P07715000;72.0;72.4;delta=-0.976
2026-10-01 09:18;7720.0;7643.3;SPXW  261001P07720000;77.0;77.3;delta=-0.98
2026-10-01 09:18;7725.0;7643.3;SPXW  261001P07725000;81.9;82.3;delta=-0.984
2026-10-01 09:18;7730.0;7643.3;SPXW  261001P07730000;86.9;87.3;delta=-0.986
2026-10-01 09:18;7735.0;7643.3;SPXW  261001P07735000;91.8;92.2;delta=-0.988
2026-10-01 09:18;7740.0;7643.3;SPXW  261001P07740000;96.8;97.2;delta=-0.988
2026-10-01 09:18;7745.0;7643.3;SPXW  261001P07745000;101.3;102.6;delta=-0.99
2026-10-01 09:18;7750.0;7643.3;SPXW  261001P07750000;106.3;107.6;delta=-0.992
2026-10-01 09:18;7755.0;7643.3;SPXW  261001P07755000;111.3;112.6;delta=-0.992
2026-10-01 09:18;7760.0;7643.3;SPXW  261001P07760000;116.3;117.5;delta=-0.992
2026-10-01 09:18;7765.0;7643.3;SPXW  261001P07765000;121.3;122.5;delta=-0.992
2026-10-01 09:18;7770.0;7643.3;SPXW  261001P07770000;126.2;127.5;delta=-0.993
2026-10-01 09:18;7775.0;7643.3;SPXW  261001P07775000;131.2;132.5;delta=-0.993
2026-10-01 09:18;7780.0;7643.3;SPXW  261001P07780000;136.2;137.5;delta=-0.995
2026-10-01 09:18;7785.0;7643.3;SPXW  261001P07785000;141.3;142.5;delta=-0.996
2026-10-01 09:18;7790.0;7643.3;SPXW  261001P07790000;146.3;147.5;delta=-0.996
2026-10-01 09:18;7795.0;7643.3;SPXW  261001P07795000;147.8;155.3;delta=-0.996
2026-10-01 09:18;7800.0;7643.3;SPXW  261001P07800000;156.3;157.5;delta=-0.996
2026-10-01 09:18;7805.0;7643.3;SPXW  261001P07805000;157.7;165.3;delta=-0.996
2026-10-01 09:18;7810.0;7643.3;SPXW  261001P07810000;162.8;170.2;delta=-0.996
2026-10-01 09:18;7815.0;7643.3;SPXW  261001P07815000;167.7;175.3;delta=-0.996
2026-10-01 09:18;7820.0;7643.3;SPXW  261001P07820000;172.7;180.3;delta=-0.996
2026-10-01 09:18;7825.0;7643.3;SPXW  261001P07825000;177.8;185.2;delta=-0.996
2026-10-01 09:18;7830.0;7643.3;SPXW  261001P07830000;186.2;187.5;delta=-0.996
2026-10-01 09:18;7835.0;7643.3;SPXW  261001P07835000;187.8;195.3;delta=-0.996
2026-10-01 09:18;7840.0;7643.3;SPXW  261001P07840000;192.7;200.2;delta=-0.997
2026-10-01 09:18;7845.0;7643.3;SPXW  261001P07845000;194.9;207.5;delta=-0.997
2026-10-01 09:18;7850.0;7643.3;SPXW  261001P07850000;206.2;207.5;delta=-0.997
2026-10-01 09:18;7855.0;7643.3;SPXW  261001P07855000;206.2;217.6;delta=-0.997
2026-10-01 09:18;7860.0;7643.3;SPXW  261001P07860000;209.0;222.7;delta=-0.999
2026-10-01 09:18;7865.0;7643.3;SPXW  261001P07865000;212.6;232.5;delta=-0.999
2026-10-01 09:18;7870.0;7643.3;SPXW  261001P07870000;218.3;237.2;delta=-0.999
2026-10-01 09:18;7875.0;7643.3;SPXW  261001P07875000;223.8;242.2;delta=-0.999
2026-10-01 09:18;7880.0;7643.3;SPXW  261001P07880000;227.6;247.4;delta=-0.999
2026-10-01 09:18;7885.0;7643.3;SPXW  261001P07885000;232.6;252.4;delta=-0.999
2026-10-01 09:18;7890.0;7643.3;SPXW  261001P07890000;237.6;257.4;delta=-0.999
2026-10-01 09:22;7395.0;7641.64;SPXW  261001C07395000;236.6;255.4;delta=0.998
2026-10-01 09:22;7400.0;7641.64;SPXW  261001C07400000;231.5;250.1;delta=0.997
2026-10-01 09:22;7405.0;7641.64;SPXW  261001C07405000;225.1;245.6;delta=0.997
2026-10-01 09:22;7410.0;7641.64;SPXW  261001C07410000;221.5;240.1;delta=0.997
2026-10-01 09:22;7415.0;7641.64;SPXW  261001C07415000;215.1;235.6;delta=0.997
2026-10-01 09:22;7420.0;7641.64;SPXW  261001C07420000;211.6;230.4;delta=0.997
2026-10-01 09:22;7425.0;7641.64;SPXW  261001C07425000;209.1;222.8;delta=0.997
2026-10-01 09:22;7430.0;7641.64;SPXW  261001C07430000;204.2;217.9;delta=0.997
2026-10-01 09:22;7435.0;7641.64;SPXW  261001C07435000;200.0;213.7;delta=0.997
2026-10-01 09:22;7440.0;7641.64;SPXW  261001C07440000;195.7;208.0;delta=0.997
2026-10-01 09:22;7445.0;7641.64;SPXW  261001C07445000;193.0;199.8;delta=0.997
2026-10-01 09:22;7450.0;7641.64;SPXW  261001C07450000;188.0;194.8;delta=0.996
2026-10-01 09:22;7455.0;7641.64;SPXW  261001C07455000;183.0;190.2;delta=0.996
2026-10-01 09:22;7460.0;7641.64;SPXW  261001C07460000;178.0;184.8;delta=0.996
2026-10-01 09:22;7465.0;7641.64;SPXW  261001C07465000;173.0;179.8;delta=0.996
2026-10-01 09:22;7470.0;7641.64;SPXW  261001C07470000;168.0;175.2;delta=0.996
2026-10-01 09:22;7475.0;7641.64;SPXW  261001C07475000;163.0;169.8;delta=0.996
2026-10-01 09:22;7480.0;7641.64;SPXW  261001C07480000;157.9;164.8;delta=0.996
2026-10-01 09:22;7485.0;7641.64;SPXW  261001C07485000;153.1;159.8;delta=0.996
2026-10-01 09:22;7490.0;7641.64;SPXW  261001C07490000;147.9;155.2;delta=0.996
2026-10-01 09:22;7495.0;7641.64;SPXW  261001C07495000;142.9;150.0;delta=0.993
2026-10-01 09:22;7500.0;7641.64;SPXW  261001C07500000;141.3;142.8;delta=0.993
2026-10-01 09:22;7505.0;7641.64;SPXW  261001C07505000;132.9;140.0;delta=0.993
2026-10-01 09:22;7510.0;7641.64;SPXW  261001C07510000;127.9;135.0;delta=0.993
2026-10-01 09:22;7515.0;7641.64;SPXW  261001C07515000;123.1;129.9;delta=0.993
2026-10-01 09:22;7520.0;7641.64;SPXW  261001C07520000;118.1;125.2;delta=0.992
2026-10-01 09:22;7525.0;7641.64;SPXW  261001C07525000;116.3;117.8;delta=0.992
2026-10-01 09:22;7530.0;7641.64;SPXW  261001C07530000;111.3;112.8;delta=0.992
2026-10-01 09:22;7535.0;7641.64;SPXW  261001C07535000;103.1;110.2;delta=0.991
2026-10-01 09:22;7540.0;7641.64;SPXW  261001C07540000;98.3;105.0;delta=0.99
2026-10-01 09:22;7545.0;7641.64;SPXW  261001C07545000;96.7;97.4;delta=0.988
2026-10-01 09:22;7550.0;7641.64;SPXW  261001C07550000;91.7;92.4;delta=0.987
2026-10-01 09:22;7555.0;7641.64;SPXW  261001C07555000;86.7;87.4;delta=0.984
2026-10-01 09:22;7560.0;7641.64;SPXW  261001C07560000;82.0;82.4;delta=0.983
2026-10-01 09:22;7565.0;7641.64;SPXW  261001C07565000;77.1;77.5;delta=0.98
2026-10-01 09:22;7570.0;7641.64;SPXW  261001C07570000;72.1;72.5;delta=0.976
2026-10-01 09:22;7575.0;7641.64;SPXW  261001C07575000;67.2;67.6;delta=0.969
2026-10-01 09:22;7580.0;7641.64;SPXW  261001C07580000;62.3;62.7;delta=0.959
2026-10-01 09:22;7585.0;7641.64;SPXW  261001C07585000;57.5;57.9;delta=0.949
2026-10-01 09:22;7590.0;7641.64;SPXW  261001C07590000;52.7;52.9;delta=0.934
2026-10-01 09:22;7595.0;7641.64;SPXW  261001C07595000;48.0;48.3;delta=0.916
2026-10-01 09:22;7600.0;7641.64;SPXW  261001C07600000;43.4;43.6;delta=0.892
2026-10-01 09:22;7605.0;7641.64;SPXW  261001C07605000;38.9;39.1;delta=0.863
2026-10-01 09:22;7610.0;7641.64;SPXW  261001C07610000;34.6;34.8;delta=0.828
2026-10-01 09:22;7615.0;7641.64;SPXW  261001C07615000;30.4;30.6;delta=0.787
2026-10-01 09:22;7620.0;7641.64;SPXW  261001C07620000;26.4;26.7;delta=0.74
2026-10-01 09:22;7625.0;7641.64;SPXW  261001C07625000;22.8;22.9;delta=0.686
2026-10-01 09:22;7630.0;7641.64;SPXW  261001C07630000;19.3;19.5;delta=0.629
2026-10-01 09:22;7635.0;7641.64;SPXW  261001C07635000;16.1;16.3;delta=0.567
2026-10-01 09:22;7640.0;7641.64;SPXW  261001C07640000;13.3;13.4;delta=0.502
2026-10-01 09:22;7645.0;7641.64;SPXW  261001C07645000;10.8;10.9;delta=0.438
2026-10-01 09:22;7650.0;7641.64;SPXW  261001C07650000;8.6;8.7;delta=0.375
2026-10-01 09:22;7655.0;7641.64;SPXW  261001C07655000;6.7;6.9;delta=0.315
2026-10-01 09:22;7660.0;7641.64;SPXW  261001C07660000;5.2;5.3;delta=0.259
2026-10-01 09:22;7665.0;7641.64;SPXW  261001C07665000;3.9;4.1;delta=0.21
2026-10-01 09:22;7670.0;7641.64;SPXW  261001C07670000;3.0;3.1;delta=0.167
2026-10-01 09:22;7675.0;7641.64;SPXW  261001C07675000;2.2;2.3;delta=0.131
2026-10-01 09:22;7680.0;7641.64;SPXW  261001C07680000;1.65;1.7;delta=0.1
2026-10-01 09:22;7685.0;7641.64;SPXW  261001C07685000;1.2;1.25;delta=0.078
2026-10-01 09:22;7690.0;7641.64;SPXW  261001C07690000;0.9;0.95;delta=0.06
2026-10-01 09:22;7695.0;7641.64;SPXW  261001C07695000;0.65;0.7;delta=0.047
2026-10-01 09:22;7700.0;7641.64;SPXW  261001C07700000;0.5;0.55;delta=0.036
2026-10-01 09:22;7705.0;7641.64;SPXW  261001C07705000;0.4;0.45;delta=0.029
2026-10-01 09:22;7710.0;7641.64;SPXW  261001C07710000;0.3;0.35;delta=0.024
2026-10-01 09:22;7715.0;7641.64;SPXW  261001C07715000;0.25;0.3;delta=0.021
2026-10-01 09:22;7720.0;7641.64;SPXW  261001C07720000;0.2;0.25;delta=0.017
2026-10-01 09:22;7725.0;7641.64;SPXW  261001C07725000;0.15;0.2;delta=0.013
2026-10-01 09:22;7730.0;7641.64;SPXW  261001C07730000;0.15;0.2;delta=0.013
2026-10-01 09:22;7735.0;7641.64;SPXW  261001C07735000;0.15;0.2;delta=0.012
2026-10-01 09:22;7740.0;7641.64;SPXW  261001C07740000;0.15;0.2;delta=0.012
2026-10-01 09:22;7745.0;7641.64;SPXW  261001C07745000;0.1;0.15;delta=0.009
2026-10-01 09:22;7750.0;7641.64;SPXW  261001C07750000;0.1;0.15;delta=0.008
2026-10-01 09:22;7755.0;7641.64;SPXW  261001C07755000;0.1;0.15;delta=0.008
2026-10-01 09:22;7760.0;7641.64;SPXW  261001C07760000;0.1;0.15;delta=0.008
2026-10-01 09:22;7765.0;7641.64;SPXW  261001C07765000;0.1;0.15;delta=0.007
2026-10-01 09:22;7770.0;7641.64;SPXW  261001C07770000;0.1;0.15;delta=0.007
2026-10-01 09:22;7775.0;7641.64;SPXW  261001C07775000;0.1;0.15;delta=0.007
2026-10-01 09:22;7780.0;7641.64;SPXW  261001C07780000;0.05;0.1;delta=0.005
2026-10-01 09:22;7785.0;7641.64;SPXW  261001C07785000;0.05;0.1;delta=0.004
2026-10-01 09:22;7790.0;7641.64;SPXW  261001C07790000;0.05;0.1;delta=0.004
2026-10-01 09:22;7795.0;7641.64;SPXW  261001C07795000;0.05;0.1;delta=0.004
2026-10-01 09:22;7800.0;7641.64;SPXW  261001C07800000;0.05;0.1;delta=0.004
2026-10-01 09:22;7805.0;7641.64;SPXW  261001C07805000;0.05;0.1;delta=0.004
2026-10-01 09:22;7810.0;7641.64;SPXW  261001C07810000;0.05;0.1;delta=0.004
2026-10-01 09:22;7815.0;7641.64;SPXW  261001C07815000;0.05;0.1;delta=0.004
2026-10-01 09:22;7820.0;7641.64;SPXW  261001C07820000;0.05;0.1;delta=0.004
2026-10-01 09:22;7825.0;7641.64;SPXW  261001C07825000;0.05;0.1;delta=0.004
2026-10-01 09:22;7830.0;7641.64;SPXW  261001C07830000;0.05;0.1;delta=0.004
2026-10-01 09:22;7835.0;7641.64;SPXW  261001C07835000;0.05;0.1;delta=0.003
2026-10-01 09:22;7840.0;7641.64;SPXW  261001C07840000;0.05;0.1;delta=0.003
2026-10-01 09:22;7845.0;7641.64;SPXW  261001C07845000;0.05;0.1;delta=0.003
2026-10-01 09:22;7850.0;7641.64;SPXW  261001C07850000;0.0;0.05;delta=0.001
2026-10-01 09:22;7855.0;7641.64;SPXW  261001C07855000;0.0;0.05;delta=0.001
2026-10-01 09:22;7860.0;7641.64;SPXW  261001C07860000;0.0;0.05;delta=0.001
2026-10-01 09:22;7865.0;7641.64;SPXW  261001C07865000;0.0;0.05;delta=0.001
2026-10-01 09:22;7870.0;7641.64;SPXW  261001C07870000;0.0;0.05;delta=0.001
2026-10-01 09:22;7875.0;7641.64;SPXW  261001C07875000;0.0;0.05;delta=0.001
2026-10-01 09:22;7880.0;7641.64;SPXW  261001C07880000;0.0;0.05;delta=0.001
2026-10-01 09:22;7885.0;7641.64;SPXW  261001C07885000;0.0;0.05;delta=0.001
2026-10-01 09:22;7890.0;7641.64;SPXW  261001C07890000;0.0;0.05;delta=0.001
2026-10-01 09:22;7395.0;7641.64;SPXW  261001P07395000;0.0;0.1;delta=-0.002
2026-10-01 09:22;7400.0;7641.64;SPXW  261001P07400000;0.05;0.1;delta=-0.003
2026-10-01 09:22;7405.0;7641.64;SPXW  261001P07405000;0.05;0.1;delta=-0.003
2026-10-01 09:22;7410.0;7641.64;SPXW  261001P07410000;0.05;0.1;delta=-0.003
2026-10-01 09:22;7415.0;7641.64;SPXW  261001P07415000;0.05;0.1;delta=-0.003
2026-10-01 09:22;7420.0;7641.64;SPXW  261001P07420000;0.05;0.1;delta=-0.003
2026-10-01 09:22;7425.0;7641.64;SPXW  261001P07425000;0.05;0.1;delta=-0.003
2026-10-01 09:22;7430.0;7641.64;SPXW  261001P07430000;0.05;0.1;delta=-0.003
2026-10-01 09:22;7435.0;7641.64;SPXW  261001P07435000;0.05;0.1;delta=-0.003
2026-10-01 09:22;7440.0;7641.64;SPXW  261001P07440000;0.05;0.1;delta=-0.003
2026-10-01 09:22;7445.0;7641.64;SPXW  261001P07445000;0.05;0.1;delta=-0.003
2026-10-01 09:22;7450.0;7641.64;SPXW  261001P07450000;0.05;0.1;delta=-0.003
2026-10-01 09:22;7455.0;7641.64;SPXW  261001P07455000;0.05;0.1;delta=-0.004
2026-10-01 09:22;7460.0;7641.64;SPXW  261001P07460000;0.05;0.1;delta=-0.004
2026-10-01 09:22;7465.0;7641.64;SPXW  261001P07465000;0.05;0.1;delta=-0.004
2026-10-01 09:22;7470.0;7641.64;SPXW  261001P07470000;0.05;0.1;delta=-0.004
2026-10-01 09:22;7475.0;7641.64;SPXW  261001P07475000;0.05;0.1;delta=-0.004
2026-10-01 09:22;7480.0;7641.64;SPXW  261001P07480000;0.05;0.1;delta=-0.004
2026-10-01 09:22;7485.0;7641.64;SPXW  261001P07485000;0.05;0.1;delta=-0.004
2026-10-01 09:22;7490.0;7641.64;SPXW  261001P07490000;0.05;0.15;delta=-0.005
2026-10-01 09:22;7495.0;7641.64;SPXW  261001P07495000;0.1;0.15;delta=-0.006
2026-10-01 09:22;7500.0;7641.64;SPXW  261001P07500000;0.1;0.15;delta=-0.007
2026-10-01 09:22;7505.0;7641.64;SPXW  261001P07505000;0.1;0.15;delta=-0.007
2026-10-01 09:22;7510.0;7641.64;SPXW  261001P07510000;0.1;0.15;delta=-0.007
2026-10-01 09:22;7515.0;7641.64;SPXW  261001P07515000;0.1;0.15;delta=-0.007
2026-10-01 09:22;7520.0;7641.64;SPXW  261001P07520000;0.1;0.15;delta=-0.008
2026-10-01 09:22;7525.0;7641.64;SPXW  261001P07525000;0.1;0.15;delta=-0.008
2026-10-01 09:22;7530.0;7641.64;SPXW  261001P07530000;0.1;0.15;delta=-0.008
2026-10-01 09:22;7535.0;7641.64;SPXW  261001P07535000;0.1;0.15;delta=-0.008
2026-10-01 09:22;7540.0;7641.64;SPXW  261001P07540000;0.1;0.15;delta=-0.009
2026-10-01 09:22;7545.0;7641.64;SPXW  261001P07545000;0.15;0.2;delta=-0.012
2026-10-01 09:22;7550.0;7641.64;SPXW  261001P07550000;0.15;0.2;delta=-0.012
2026-10-01 09:22;7555.0;7641.64;SPXW  261001P07555000;0.15;0.25;delta=-0.014
2026-10-01 09:22;7560.0;7641.64;SPXW  261001P07560000;0.2;0.25;delta=-0.016
2026-10-01 09:22;7565.0;7641.64;SPXW  261001P07565000;0.25;0.3;delta=-0.02
2026-10-01 09:22;7570.0;7641.64;SPXW  261001P07570000;0.3;0.35;delta=-0.024
2026-10-01 09:22;7575.0;7641.64;SPXW  261001P07575000;0.4;0.45;delta=-0.031
2026-10-01 09:22;7580.0;7641.64;SPXW  261001P07580000;0.5;0.6;delta=-0.039
2026-10-01 09:22;7585.0;7641.64;SPXW  261001P07585000;0.7;0.75;delta=-0.051
2026-10-01 09:22;7590.0;7641.64;SPXW  261001P07590000;0.9;1.0;delta=-0.064
2026-10-01 09:22;7595.0;7641.64;SPXW  261001P07595000;1.25;1.3;delta=-0.084
2026-10-01 09:22;7600.0;7641.64;SPXW  261001P07600000;1.65;1.7;delta=-0.106
2026-10-01 09:22;7605.0;7641.64;SPXW  261001P07605000;2.2;2.25;delta=-0.135
2026-10-01 09:22;7610.0;7641.64;SPXW  261001P07610000;2.9;2.95;delta=-0.169
2026-10-01 09:22;7615.0;7641.64;SPXW  261001P07615000;3.8;3.9;delta=-0.208
2026-10-01 09:22;7620.0;7641.64;SPXW  261001P07620000;4.9;5.0;delta=-0.255
2026-10-01 09:22;7625.0;7641.64;SPXW  261001P07625000;6.2;6.3;delta=-0.308
2026-10-01 09:22;7630.0;7641.64;SPXW  261001P07630000;7.8;8.0;delta=-0.365
2026-10-01 09:22;7635.0;7641.64;SPXW  261001P07635000;9.8;9.9;delta=-0.426
2026-10-01 09:22;7640.0;7641.64;SPXW  261001P07640000;12.0;12.1;delta=-0.49
2026-10-01 09:22;7645.0;7641.64;SPXW  261001P07645000;14.6;14.7;delta=-0.555
2026-10-01 09:22;7650.0;7641.64;SPXW  261001P07650000;17.5;17.6;delta=-0.618
2026-10-01 09:22;7655.0;7641.64;SPXW  261001P07655000;20.7;20.8;delta=-0.679
2026-10-01 09:22;7660.0;7641.64;SPXW  261001P07660000;24.2;24.4;delta=-0.734
2026-10-01 09:22;7665.0;7641.64;SPXW  261001P07665000;28.0;28.2;delta=-0.785
2026-10-01 09:22;7670.0;7641.64;SPXW  261001P07670000;32.1;32.3;delta=-0.828
2026-10-01 09:22;7675.0;7641.64;SPXW  261001P07675000;36.3;36.6;delta=-0.866
2026-10-01 09:22;7680.0;7641.64;SPXW  261001P07680000;40.8;41.0;delta=-0.897
2026-10-01 09:22;7685.0;7641.64;SPXW  261001P07685000;45.4;45.6;delta=-0.92
2026-10-01 09:22;7690.0;7641.64;SPXW  261001P07690000;50.1;50.4;delta=-0.939
2026-10-01 09:22;7695.0;7641.64;SPXW  261001P07695000;54.9;55.2;delta=-0.953
2026-10-01 09:22;7700.0;7641.64;SPXW  261001P07700000;59.7;60.1;delta=-0.964
2026-10-01 09:22;7705.0;7641.64;SPXW  261001P07705000;64.6;65.0;delta=-0.97
2026-10-01 09:22;7710.0;7641.64;SPXW  261001P07710000;69.6;69.9;delta=-0.975
2026-10-01 09:22;7715.0;7641.64;SPXW  261001P07715000;74.5;74.9;delta=-0.979
2026-10-01 09:22;7720.0;7641.64;SPXW  261001P07720000;79.5;79.8;delta=-0.983
2026-10-01 09:22;7725.0;7641.64;SPXW  261001P07725000;84.4;84.8;delta=-0.987
2026-10-01 09:22;7730.0;7641.64;SPXW  261001P07730000;89.4;89.8;delta=-0.987
2026-10-01 09:22;7735.0;7641.64;SPXW  261001P07735000;94.4;94.8;delta=-0.988
2026-10-01 09:22;7740.0;7641.64;SPXW  261001P07740000;99.4;99.8;delta=-0.988
2026-10-01 09:22;7745.0;7641.64;SPXW  261001P07745000;103.9;105.1;delta=-0.991
2026-10-01 09:22;7750.0;7641.64;SPXW  261001P07750000;108.9;110.1;delta=-0.992
2026-10-01 09:22;7755.0;7641.64;SPXW  261001P07755000;113.9;115.1;delta=-0.992
2026-10-01 09:22;7760.0;7641.64;SPXW  261001P07760000;118.9;120.1;delta=-0.992
2026-10-01 09:22;7765.0;7641.64;SPXW  261001P07765000;123.9;125.1;delta=-0.992
2026-10-01 09:22;7770.0;7641.64;SPXW  261001P07770000;128.9;130.1;delta=-0.993
2026-10-01 09:22;7775.0;7641.64;SPXW  261001P07775000;133.9;135.1;delta=-0.993
2026-10-01 09:22;7780.0;7641.64;SPXW  261001P07780000;138.9;140.1;delta=-0.994
2026-10-01 09:22;7785.0;7641.64;SPXW  261001P07785000;143.9;145.1;delta=-0.995
2026-10-01 09:22;7790.0;7641.64;SPXW  261001P07790000;148.9;150.1;delta=-0.996
2026-10-01 09:22;7795.0;7641.64;SPXW  261001P07795000;150.3;157.1;delta=-0.996
2026-10-01 09:22;7800.0;7641.64;SPXW  261001P07800000;158.9;160.1;delta=-0.996
2026-10-01 09:22;7805.0;7641.64;SPXW  261001P07805000;160.5;167.3;delta=-0.996
2026-10-01 09:22;7810.0;7641.64;SPXW  261001P07810000;165.1;172.1;delta=-0.996
2026-10-01 09:22;7815.0;7641.64;SPXW  261001P07815000;170.5;177.3;delta=-0.996
2026-10-01 09:22;7820.0;7641.64;SPXW  261001P07820000;175.0;182.3;delta=-0.996
2026-10-01 09:22;7825.0;7641.64;SPXW  261001P07825000;180.4;187.1;delta=-0.996
2026-10-01 09:22;7830.0;7641.64;SPXW  261001P07830000;188.9;190.1;delta=-0.996
2026-10-01 09:22;7835.0;7641.64;SPXW  261001P07835000;190.2;197.1;delta=-0.996
2026-10-01 09:22;7840.0;7641.64;SPXW  261001P07840000;195.4;202.1;delta=-0.997
2026-10-01 09:22;7845.0;7641.64;SPXW  261001P07845000;197.1;210.8;delta=-0.997
2026-10-01 09:22;7850.0;7641.64;SPXW  261001P07850000;208.9;210.1;delta=-0.999
2026-10-01 09:22;7855.0;7641.64;SPXW  261001P07855000;206.5;220.1;delta=-0.999
2026-10-01 09:22;7860.0;7641.64;SPXW  261001P07860000;210.4;228.5;delta=-0.999
2026-10-01 09:22;7865.0;7641.64;SPXW  261001P07865000;214.5;235.0;delta=-0.999
2026-10-01 09:22;7870.0;7641.64;SPXW  261001P07870000;220.4;240.0;delta=-0.999
2026-10-01 09:22;7875.0;7641.64;SPXW  261001P07875000;225.4;243.5;delta=-0.999
2026-10-01 09:22;7880.0;7641.64;SPXW  261001P07880000;229.5;250.2;delta=-0.999
2026-10-01 09:22;7885.0;7641.64;SPXW  261001P07885000;234.5;255.2;delta=-0.999
2026-10-01 09:22;7890.0;7641.64;SPXW  261001P07890000;239.5;260.2;delta=-0.999
2026-10-01 09:26;7395.0;7644.9;SPXW  261001C07395000;239.7;257.6;delta=0.999
2026-10-01 09:26;7400.0;7644.9;SPXW  261001C07400000;234.6;255.1;delta=0.997
2026-10-01 09:26;7405.0;7644.9;SPXW  261001C07405000;229.4;248.6;delta=0.997
2026-10-01 09:26;7410.0;7644.9;SPXW  261001C07410000;225.3;244.1;delta=0.997
2026-10-01 09:26;7415.0;7644.9;SPXW  261001C07415000;219.3;238.6;delta=0.997
2026-10-01 09:26;7420.0;7644.9;SPXW  261001C07420000;214.7;232.8;delta=0.997
2026-10-01 09:26;7425.0;7644.9;SPXW  261001C07425000;210.3;227.7;delta=0.997
2026-10-01 09:26;7430.0;7644.9;SPXW  261001C07430000;208.1;222.1;delta=0.997
2026-10-01 09:26;7435.0;7644.9;SPXW  261001C07435000;203.1;216.9;delta=0.997
2026-10-01 09:26;7440.0;7644.9;SPXW  261001C07440000;198.7;211.9;delta=0.997
2026-10-01 09:26;7445.0;7644.9;SPXW  261001C07445000;195.8;203.3;delta=0.997
2026-10-01 09:26;7450.0;7644.9;SPXW  261001C07450000;191.0;198.3;delta=0.997
2026-10-01 09:26;7455.0;7644.9;SPXW  261001C07455000;185.9;193.3;delta=0.996
2026-10-01 09:26;7460.0;7644.9;SPXW  261001C07460000;181.0;188.3;delta=0.996
2026-10-01 09:26;7465.0;7644.9;SPXW  261001C07465000;176.0;183.3;delta=0.996
2026-10-01 09:26;7470.0;7644.9;SPXW  261001C07470000;170.9;178.3;delta=0.996
2026-10-01 09:26;7475.0;7644.9;SPXW  261001C07475000;166.0;173.3;delta=0.996
2026-10-01 09:26;7480.0;7644.9;SPXW  261001C07480000;161.0;168.3;delta=0.996
2026-10-01 09:26;7485.0;7644.9;SPXW  261001C07485000;156.0;163.3;delta=0.996
2026-10-01 09:26;7490.0;7644.9;SPXW  261001C07490000;151.0;158.3;delta=0.996
2026-10-01 09:26;7495.0;7644.9;SPXW  261001C07495000;146.0;153.3;delta=0.996
2026-10-01 09:26;7500.0;7644.9;SPXW  261001C07500000;143.8;145.1;delta=0.994
2026-10-01 09:26;7505.0;7644.9;SPXW  261001C07505000;136.0;143.3;delta=0.993
2026-10-01 09:26;7510.0;7644.9;SPXW  261001C07510000;131.0;138.3;delta=0.993
2026-10-01 09:26;7515.0;7644.9;SPXW  261001C07515000;126.0;133.3;delta=0.993
2026-10-01 09:26;7520.0;7644.9;SPXW  261001C07520000;121.5;128.3;delta=0.993
2026-10-01 09:26;7525.0;7644.9;SPXW  261001C07525000;118.8;120.1;delta=0.992
2026-10-01 09:26;7530.0;7644.9;SPXW  261001C07530000;113.8;115.1;delta=0.992
2026-10-01 09:26;7535.0;7644.9;SPXW  261001C07535000;108.8;110.1;delta=0.992
2026-10-01 09:26;7540.0;7644.9;SPXW  261001C07540000;101.6;108.3;delta=0.991
2026-10-01 09:26;7545.0;7644.9;SPXW  261001C07545000;99.3;99.7;delta=0.988
2026-10-01 09:26;7550.0;7644.9;SPXW  261001C07550000;94.3;94.7;delta=0.988
2026-10-01 09:26;7555.0;7644.9;SPXW  261001C07555000;89.4;89.7;delta=0.987
2026-10-01 09:26;7560.0;7644.9;SPXW  261001C07560000;84.4;84.7;delta=0.984
2026-10-01 09:26;7565.0;7644.9;SPXW  261001C07565000;79.4;79.8;delta=0.983
2026-10-01 09:26;7570.0;7644.9;SPXW  261001C07570000;74.5;74.8;delta=0.979
2026-10-01 09:26;7575.0;7644.9;SPXW  261001C07575000;69.5;69.9;delta=0.973
2026-10-01 09:26;7580.0;7644.9;SPXW  261001C07580000;64.6;65.0;delta=0.967
2026-10-01 09:26;7585.0;7644.9;SPXW  261001C07585000;59.8;60.1;delta=0.958
2026-10-01 09:26;7590.0;7644.9;SPXW  261001C07590000;54.9;55.3;delta=0.947
2026-10-01 09:26;7595.0;7644.9;SPXW  261001C07595000;50.2;50.5;delta=0.931
2026-10-01 09:26;7600.0;7644.9;SPXW  261001C07600000;45.5;45.8;delta=0.911
2026-10-01 09:26;7605.0;7644.9;SPXW  261001C07605000;41.0;41.2;delta=0.886
2026-10-01 09:26;7610.0;7644.9;SPXW  261001C07610000;36.5;36.8;delta=0.857
2026-10-01 09:26;7615.0;7644.9;SPXW  261001C07615000;32.3;32.5;delta=0.82
2026-10-01 09:26;7620.0;7644.9;SPXW  261001C07620000;28.2;28.5;delta=0.777
2026-10-01 09:26;7625.0;7644.9;SPXW  261001C07625000;24.4;24.6;delta=0.728
2026-10-01 09:26;7630.0;7644.9;SPXW  261001C07630000;20.8;21.0;delta=0.674
2026-10-01 09:26;7635.0;7644.9;SPXW  261001C07635000;17.5;17.7;delta=0.615
2026-10-01 09:26;7640.0;7644.9;SPXW  261001C07640000;14.5;14.7;delta=0.552
2026-10-01 09:26;7645.0;7644.9;SPXW  261001C07645000;11.8;12.0;delta=0.487
2026-10-01 09:26;7650.0;7644.9;SPXW  261001C07650000;9.5;9.6;delta=0.422
2026-10-01 09:26;7655.0;7644.9;SPXW  261001C07655000;7.5;7.6;delta=0.359
2026-10-01 09:26;7660.0;7644.9;SPXW  261001C07660000;5.8;5.9;delta=0.301
2026-10-01 09:26;7665.0;7644.9;SPXW  261001C07665000;4.4;4.5;delta=0.246
2026-10-01 09:26;7670.0;7644.9;SPXW  261001C07670000;3.3;3.4;delta=0.198
2026-10-01 09:26;7675.0;7644.9;SPXW  261001C07675000;2.45;2.5;delta=0.155
2026-10-01 09:26;7680.0;7644.9;SPXW  261001C07680000;1.8;1.85;delta=0.119
2026-10-01 09:26;7685.0;7644.9;SPXW  261001C07685000;1.3;1.35;delta=0.092
2026-10-01 09:26;7690.0;7644.9;SPXW  261001C07690000;0.95;1.0;delta=0.071
2026-10-01 09:26;7695.0;7644.9;SPXW  261001C07695000;0.7;0.75;delta=0.054
2026-10-01 09:26;7700.0;7644.9;SPXW  261001C07700000;0.55;0.6;delta=0.041
2026-10-01 09:26;7705.0;7644.9;SPXW  261001C07705000;0.4;0.45;delta=0.033
2026-10-01 09:26;7710.0;7644.9;SPXW  261001C07710000;0.3;0.4;delta=0.026
2026-10-01 09:26;7715.0;7644.9;SPXW  261001C07715000;0.25;0.3;delta=0.021
2026-10-01 09:26;7720.0;7644.9;SPXW  261001C07720000;0.2;0.25;delta=0.017
2026-10-01 09:26;7725.0;7644.9;SPXW  261001C07725000;0.2;0.25;delta=0.017
2026-10-01 09:26;7730.0;7644.9;SPXW  261001C07730000;0.15;0.2;delta=0.013
2026-10-01 09:26;7735.0;7644.9;SPXW  261001C07735000;0.15;0.2;delta=0.013
2026-10-01 09:26;7740.0;7644.9;SPXW  261001C07740000;0.1;0.2;delta=0.011
2026-10-01 09:26;7745.0;7644.9;SPXW  261001C07745000;0.1;0.15;delta=0.009
2026-10-01 09:26;7750.0;7644.9;SPXW  261001C07750000;0.1;0.15;delta=0.009
2026-10-01 09:26;7755.0;7644.9;SPXW  261001C07755000;0.1;0.15;delta=0.008
2026-10-01 09:26;7760.0;7644.9;SPXW  261001C07760000;0.1;0.15;delta=0.008
2026-10-01 09:26;7765.0;7644.9;SPXW  261001C07765000;0.1;0.15;delta=0.008
2026-10-01 09:26;7770.0;7644.9;SPXW  261001C07770000;0.1;0.15;delta=0.007
2026-10-01 09:26;7775.0;7644.9;SPXW  261001C07775000;0.1;0.15;delta=0.007
2026-10-01 09:26;7780.0;7644.9;SPXW  261001C07780000;0.05;0.15;delta=0.006
2026-10-01 09:26;7785.0;7644.9;SPXW  261001C07785000;0.05;0.1;delta=0.004
2026-10-01 09:26;7790.0;7644.9;SPXW  261001C07790000;0.05;0.1;delta=0.004
2026-10-01 09:26;7795.0;7644.9;SPXW  261001C07795000;0.05;0.1;delta=0.004
2026-10-01 09:26;7800.0;7644.9;SPXW  261001C07800000;0.05;0.1;delta=0.004
2026-10-01 09:26;7805.0;7644.9;SPXW  261001C07805000;0.05;0.1;delta=0.004
2026-10-01 09:26;7810.0;7644.9;SPXW  261001C07810000;0.05;0.1;delta=0.004
2026-10-01 09:26;7815.0;7644.9;SPXW  261001C07815000;0.05;0.1;delta=0.004
2026-10-01 09:26;7820.0;7644.9;SPXW  261001C07820000;0.05;0.1;delta=0.004
2026-10-01 09:26;7825.0;7644.9;SPXW  261001C07825000;0.05;0.1;delta=0.004
2026-10-01 09:26;7830.0;7644.9;SPXW  261001C07830000;0.05;0.1;delta=0.004
2026-10-01 09:26;7835.0;7644.9;SPXW  261001C07835000;0.05;0.1;delta=0.004
2026-10-01 09:26;7840.0;7644.9;SPXW  261001C07840000;0.05;0.1;delta=0.003
2026-10-01 09:26;7845.0;7644.9;SPXW  261001C07845000;0.05;0.1;delta=0.003
2026-10-01 09:26;7850.0;7644.9;SPXW  261001C07850000;0.0;0.05;delta=0.001
2026-10-01 09:26;7855.0;7644.9;SPXW  261001C07855000;0.0;0.05;delta=0.001
2026-10-01 09:26;7860.0;7644.9;SPXW  261001C07860000;0.0;0.05;delta=0.001
2026-10-01 09:26;7865.0;7644.9;SPXW  261001C07865000;0.0;0.05;delta=0.001
2026-10-01 09:26;7870.0;7644.9;SPXW  261001C07870000;0.0;0.05;delta=0.001
2026-10-01 09:26;7875.0;7644.9;SPXW  261001C07875000;0.0;0.05;delta=0.001
2026-10-01 09:26;7880.0;7644.9;SPXW  261001C07880000;0.0;0.05;delta=0.001
2026-10-01 09:26;7885.0;7644.9;SPXW  261001C07885000;0.0;0.05;delta=0.001
2026-10-01 09:26;7890.0;7644.9;SPXW  261001C07890000;0.0;0.05;delta=0.001
2026-10-01 09:26;7395.0;7644.9;SPXW  261001P07395000;0.0;0.05;delta=-0.001
2026-10-01 09:26;7400.0;7644.9;SPXW  261001P07400000;0.05;0.1;delta=-0.003
2026-10-01 09:26;7405.0;7644.9;SPXW  261001P07405000;0.05;0.1;delta=-0.003
2026-10-01 09:26;7410.0;7644.9;SPXW  261001P07410000;0.05;0.1;delta=-0.003
2026-10-01 09:26;7415.0;7644.9;SPXW  261001P07415000;0.05;0.1;delta=-0.003
2026-10-01 09:26;7420.0;7644.9;SPXW  261001P07420000;0.05;0.1;delta=-0.003
2026-10-01 09:26;7425.0;7644.9;SPXW  261001P07425000;0.05;0.1;delta=-0.003
2026-10-01 09:26;7430.0;7644.9;SPXW  261001P07430000;0.05;0.1;delta=-0.003
2026-10-01 09:26;7435.0;7644.9;SPXW  261001P07435000;0.05;0.1;delta=-0.003
2026-10-01 09:26;7440.0;7644.9;SPXW  261001P07440000;0.05;0.1;delta=-0.003
2026-10-01 09:26;7445.0;7644.9;SPXW  261001P07445000;0.05;0.1;delta=-0.003
2026-10-01 09:26;7450.0;7644.9;SPXW  261001P07450000;0.05;0.1;delta=-0.003
2026-10-01 09:26;7455.0;7644.9;SPXW  261001P07455000;0.05;0.1;delta=-0.003
2026-10-01 09:26;7460.0;7644.9;SPXW  261001P07460000;0.05;0.1;delta=-0.004
2026-10-01 09:26;7465.0;7644.9;SPXW  261001P07465000;0.05;0.1;delta=-0.004
2026-10-01 09:26;7470.0;7644.9;SPXW  261001P07470000;0.05;0.1;delta=-0.004
2026-10-01 09:26;7475.0;7644.9;SPXW  261001P07475000;0.05;0.1;delta=-0.004
2026-10-01 09:26;7480.0;7644.9;SPXW  261001P07480000;0.05;0.1;delta=-0.004
2026-10-01 09:26;7485.0;7644.9;SPXW  261001P07485000;0.05;0.1;delta=-0.004
2026-10-01 09:26;7490.0;7644.9;SPXW  261001P07490000;0.05;0.1;delta=-0.004
2026-10-01 09:26;7495.0;7644.9;SPXW  261001P07495000;0.05;0.1;delta=-0.004
2026-10-01 09:26;7500.0;7644.9;SPXW  261001P07500000;0.05;0.15;delta=-0.005
2026-10-01 09:26;7505.0;7644.9;SPXW  261001P07505000;0.1;0.15;delta=-0.007
2026-10-01 09:26;7510.0;7644.9;SPXW  261001P07510000;0.1;0.15;delta=-0.007
2026-10-01 09:26;7515.0;7644.9;SPXW  261001P07515000;0.1;0.15;delta=-0.007
2026-10-01 09:26;7520.0;7644.9;SPXW  261001P07520000;0.1;0.15;delta=-0.007
2026-10-01 09:26;7525.0;7644.9;SPXW  261001P07525000;0.1;0.15;delta=-0.008
2026-10-01 09:26;7530.0;7644.9;SPXW  261001P07530000;0.1;0.15;delta=-0.008
2026-10-01 09:26;7535.0;7644.9;SPXW  261001P07535000;0.1;0.15;delta=-0.008
2026-10-01 09:26;7540.0;7644.9;SPXW  261001P07540000;0.1;0.15;delta=-0.009
2026-10-01 09:26;7545.0;7644.9;SPXW  261001P07545000;0.15;0.2;delta=-0.012
2026-10-01 09:26;7550.0;7644.9;SPXW  261001P07550000;0.15;0.2;delta=-0.012
2026-10-01 09:26;7555.0;7644.9;SPXW  261001P07555000;0.15;0.2;delta=-0.013
2026-10-01 09:26;7560.0;7644.9;SPXW  261001P07560000;0.2;0.25;delta=-0.016
2026-10-01 09:26;7565.0;7644.9;SPXW  261001P07565000;0.2;0.25;delta=-0.017
2026-10-01 09:26;7570.0;7644.9;SPXW  261001P07570000;0.25;0.3;delta=-0.02
2026-10-01 09:26;7575.0;7644.9;SPXW  261001P07575000;0.35;0.4;delta=-0.027
2026-10-01 09:26;7580.0;7644.9;SPXW  261001P07580000;0.4;0.5;delta=-0.033
2026-10-01 09:26;7585.0;7644.9;SPXW  261001P07585000;0.55;0.6;delta=-0.041
2026-10-01 09:26;7590.0;7644.9;SPXW  261001P07590000;0.75;0.8;delta=-0.054
2026-10-01 09:26;7595.0;7644.9;SPXW  261001P07595000;1.0;1.05;delta=-0.07
2026-10-01 09:26;7600.0;7644.9;SPXW  261001P07600000;1.3;1.4;delta=-0.088
2026-10-01 09:26;7605.0;7644.9;SPXW  261001P07605000;1.75;1.85;delta=-0.114
2026-10-01 09:26;7610.0;7644.9;SPXW  261001P07610000;2.35;2.4;delta=-0.144
2026-10-01 09:26;7615.0;7644.9;SPXW  261001P07615000;3.1;3.2;delta=-0.18
2026-10-01 09:26;7620.0;7644.9;SPXW  261001P07620000;4.0;4.1;delta=-0.222
2026-10-01 09:26;7625.0;7644.9;SPXW  261001P07625000;5.2;5.3;delta=-0.271
2026-10-01 09:26;7630.0;7644.9;SPXW  261001P07630000;6.6;6.7;delta=-0.326
2026-10-01 09:26;7635.0;7644.9;SPXW  261001P07635000;8.3;8.4;delta=-0.385
2026-10-01 09:26;7640.0;7644.9;SPXW  261001P07640000;10.3;10.4;delta=-0.448
2026-10-01 09:26;7645.0;7644.9;SPXW  261001P07645000;12.6;12.8;delta=-0.513
2026-10-01 09:26;7650.0;7644.9;SPXW  261001P07650000;15.3;15.5;delta=-0.577
2026-10-01 09:26;7655.0;7644.9;SPXW  261001P07655000;18.3;18.5;delta=-0.641
2026-10-01 09:26;7660.0;7644.9;SPXW  261001P07660000;21.6;21.8;delta=-0.699
2026-10-01 09:26;7665.0;7644.9;SPXW  261001P07665000;25.2;25.5;delta=-0.753
2026-10-01 09:26;7670.0;7644.9;SPXW  261001P07670000;29.2;29.4;delta=-0.802
2026-10-01 09:26;7675.0;7644.9;SPXW  261001P07675000;33.3;33.5;delta=-0.844
2026-10-01 09:26;7680.0;7644.9;SPXW  261001P07680000;37.6;37.9;delta=-0.88
2026-10-01 09:26;7685.0;7644.9;SPXW  261001P07685000;42.2;42.4;delta=-0.907
2026-10-01 09:26;7690.0;7644.9;SPXW  261001P07690000;46.8;47.1;delta=-0.929
2026-10-01 09:26;7695.0;7644.9;SPXW  261001P07695000;51.5;51.9;delta=-0.946
2026-10-01 09:26;7700.0;7644.9;SPXW  261001P07700000;56.3;56.7;delta=-0.958
2026-10-01 09:26;7705.0;7644.9;SPXW  261001P07705000;61.2;61.6;delta=-0.967
2026-10-01 09:26;7710.0;7644.9;SPXW  261001P07710000;66.1;66.5;delta=-0.974
2026-10-01 09:26;7715.0;7644.9;SPXW  261001P07715000;71.1;71.4;delta=-0.979
2026-10-01 09:26;7720.0;7644.9;SPXW  261001P07720000;76.0;76.4;delta=-0.982
2026-10-01 09:26;7725.0;7644.9;SPXW  261001P07725000;81.0;81.4;delta=-0.983
2026-10-01 09:26;7730.0;7644.9;SPXW  261001P07730000;86.0;86.3;delta=-0.987
2026-10-01 09:26;7735.0;7644.9;SPXW  261001P07735000;91.0;91.3;delta=-0.987
2026-10-01 09:26;7740.0;7644.9;SPXW  261001P07740000;96.0;96.3;delta=-0.989
2026-10-01 09:26;7745.0;7644.9;SPXW  261001P07745000;100.5;101.7;delta=-0.991
2026-10-01 09:26;7750.0;7644.9;SPXW  261001P07750000;105.5;106.7;delta=-0.991
2026-10-01 09:26;7755.0;7644.9;SPXW  261001P07755000;110.5;111.7;delta=-0.992
2026-10-01 09:26;7760.0;7644.9;SPXW  261001P07760000;115.5;116.7;delta=-0.992
2026-10-01 09:26;7765.0;7644.9;SPXW  261001P07765000;120.5;121.7;delta=-0.992
2026-10-01 09:26;7770.0;7644.9;SPXW  261001P07770000;125.5;126.7;delta=-0.992
2026-10-01 09:26;7775.0;7644.9;SPXW  261001P07775000;130.5;131.7;delta=-0.993
2026-10-01 09:26;7780.0;7644.9;SPXW  261001P07780000;135.5;136.7;delta=-0.994
2026-10-01 09:26;7785.0;7644.9;SPXW  261001P07785000;140.5;141.7;delta=-0.995
2026-10-01 09:26;7790.0;7644.9;SPXW  261001P07790000;145.5;146.7;delta=-0.996
2026-10-01 09:26;7795.0;7644.9;SPXW  261001P07795000;146.9;154.2;delta=-0.996
2026-10-01 09:26;7800.0;7644.9;SPXW  261001P07800000;155.5;156.7;delta=-0.996
2026-10-01 09:26;7805.0;7644.9;SPXW  261001P07805000;156.9;164.2;delta=-0.996
2026-10-01 09:26;7810.0;7644.9;SPXW  261001P07810000;161.9;169.2;delta=-0.996
2026-10-01 09:26;7815.0;7644.9;SPXW  261001P07815000;166.9;174.2;delta=-0.996
2026-10-01 09:26;7820.0;7644.9;SPXW  261001P07820000;171.9;179.2;delta=-0.996
2026-10-01 09:26;7825.0;7644.9;SPXW  261001P07825000;176.9;184.2;delta=-0.996
2026-10-01 09:26;7830.0;7644.9;SPXW  261001P07830000;185.4;186.7;delta=-0.996
2026-10-01 09:26;7835.0;7644.9;SPXW  261001P07835000;186.9;194.2;delta=-0.996
2026-10-01 09:26;7840.0;7644.9;SPXW  261001P07840000;191.8;199.2;delta=-0.996
2026-10-01 09:26;7845.0;7644.9;SPXW  261001P07845000;194.0;207.0;delta=-0.997
2026-10-01 09:26;7850.0;7644.9;SPXW  261001P07850000;205.5;206.6;delta=-0.999
2026-10-01 09:26;7855.0;7644.9;SPXW  261001P07855000;203.9;216.5;delta=-0.999
2026-10-01 09:26;7860.0;7644.9;SPXW  261001P07860000;208.3;222.0;delta=-0.999
2026-10-01 09:26;7865.0;7644.9;SPXW  261001P07865000;212.5;230.4;delta=-0.999
2026-10-01 09:26;7870.0;7644.9;SPXW  261001P07870000;218.3;235.4;delta=-0.999
2026-10-01 09:26;7875.0;7644.9;SPXW  261001P07875000;223.8;240.4;delta=-0.999
2026-10-01 09:26;7880.0;7644.9;SPXW  261001P07880000;227.0;244.8;delta=-0.999
2026-10-01 09:26;7885.0;7644.9;SPXW  261001P07885000;232.3;249.8;delta=-0.999
2026-10-01 09:26;7890.0;7644.9;SPXW  261001P07890000;237.0;255.9;delta=-0.999
2026-10-01 09:44;7400.0;7648.19;SPXW  261001C07400000;239.5;257.9;delta=0.997
2026-10-01 09:44;7405.0;7648.19;SPXW  261001C07405000;234.5;252.9;delta=0.998
2026-10-01 09:44;7410.0;7648.19;SPXW  261001C07410000;229.5;247.9;delta=0.998
2026-10-01 09:44;7415.0;7648.19;SPXW  261001C07415000;224.5;242.9;delta=0.997
2026-10-01 09:44;7420.0;7648.19;SPXW  261001C07420000;219.5;237.9;delta=0.997
2026-10-01 09:44;7425.0;7648.19;SPXW  261001C07425000;214.5;232.9;delta=0.997
2026-10-01 09:44;7430.0;7648.19;SPXW  261001C07430000;209.1;227.9;delta=0.997
2026-10-01 09:44;7435.0;7648.19;SPXW  261001C07435000;206.3;219.9;delta=0.997
2026-10-01 09:44;7440.0;7648.19;SPXW  261001C07440000;201.3;215.0;delta=0.997
2026-10-01 09:44;7445.0;7648.19;SPXW  261001C07445000;196.5;210.1;delta=0.997
2026-10-01 09:44;7450.0;7648.19;SPXW  261001C07450000;194.0;201.5;delta=0.997
2026-10-01 09:44;7455.0;7648.19;SPXW  261001C07455000;189.3;196.5;delta=0.996
2026-10-01 09:44;7460.0;7648.19;SPXW  261001C07460000;184.2;191.5;delta=0.996
2026-10-01 09:44;7465.0;7648.19;SPXW  261001C07465000;178.3;186.5;delta=0.996
2026-10-01 09:44;7470.0;7648.19;SPXW  261001C07470000;174.3;181.5;delta=0.996
2026-10-01 09:44;7475.0;7648.19;SPXW  261001C07475000;169.0;176.5;delta=0.996
2026-10-01 09:44;7480.0;7648.19;SPXW  261001C07480000;164.0;171.5;delta=0.996
2026-10-01 09:44;7485.0;7648.19;SPXW  261001C07485000;158.3;166.5;delta=0.996
2026-10-01 09:44;7490.0;7648.19;SPXW  261001C07490000;154.2;161.5;delta=0.996
2026-10-01 09:44;7495.0;7648.19;SPXW  261001C07495000;149.2;156.5;delta=0.996
2026-10-01 09:44;7500.0;7648.19;SPXW  261001C07500000;146.8;148.0;delta=0.996
2026-10-01 09:44;7505.0;7648.19;SPXW  261001C07505000;139.2;146.5;delta=0.996
2026-10-01 09:44;7510.0;7648.19;SPXW  261001C07510000;134.2;141.5;delta=0.995
2026-10-01 09:44;7515.0;7648.19;SPXW  261001C07515000;129.4;136.6;delta=0.995
2026-10-01 09:44;7520.0;7648.19;SPXW  261001C07520000;124.2;131.5;delta=0.993
2026-10-01 09:44;7525.0;7648.19;SPXW  261001C07525000;121.8;123.0;delta=0.992
2026-10-01 09:44;7530.0;7648.19;SPXW  261001C07530000;114.4;121.5;delta=0.993
2026-10-01 09:44;7535.0;7648.19;SPXW  261001C07535000;111.8;113.1;delta=0.992
2026-10-01 09:44;7540.0;7648.19;SPXW  261001C07540000;104.4;111.3;delta=0.992
2026-10-01 09:44;7545.0;7648.19;SPXW  261001C07545000;99.4;106.5;delta=0.991
2026-10-01 09:44;7550.0;7648.19;SPXW  261001C07550000;96.9;97.8;delta=0.991
2026-10-01 09:44;7555.0;7648.19;SPXW  261001C07555000;92.3;92.6;delta=0.991
2026-10-01 09:44;7560.0;7648.19;SPXW  261001C07560000;87.3;87.6;delta=0.987
2026-10-01 09:44;7565.0;7648.19;SPXW  261001C07565000;82.3;82.7;delta=0.987
2026-10-01 09:44;7570.0;7648.19;SPXW  261001C07570000;77.3;77.7;delta=0.983
2026-10-01 09:44;7575.0;7648.19;SPXW  261001C07575000;72.4;72.7;delta=0.982
2026-10-01 09:44;7580.0;7648.19;SPXW  261001C07580000;67.4;67.8;delta=0.975
2026-10-01 09:44;7585.0;7648.19;SPXW  261001C07585000;62.5;62.9;delta=0.971
2026-10-01 09:44;7590.0;7648.19;SPXW  261001C07590000;57.6;58.0;delta=0.962
2026-10-01 09:44;7595.0;7648.19;SPXW  261001C07595000;52.8;53.2;delta=0.952
2026-10-01 09:44;7600.0;7648.19;SPXW  261001C07600000;48.0;48.4;delta=0.937
2026-10-01 09:44;7605.0;7648.19;SPXW  261001C07605000;43.4;43.6;delta=0.92
2026-10-01 09:44;7610.0;7648.19;SPXW  261001C07610000;38.8;39.0;delta=0.896
2026-10-01 09:44;7615.0;7648.19;SPXW  261001C07615000;34.4;34.6;delta=0.867
2026-10-01 09:44;7620.0;7648.19;SPXW  261001C07620000;30.1;30.3;delta=0.832
2026-10-01 09:44;7625.0;7648.19;SPXW  261001C07625000;26.0;26.2;delta=0.79
2026-10-01 09:44;7630.0;7648.19;SPXW  261001C07630000;22.2;22.3;delta=0.74
2026-10-01 09:44;7635.0;7648.19;SPXW  261001C07635000;18.6;18.8;delta=0.683
2026-10-01 09:44;7640.0;7648.19;SPXW  261001C07640000;15.3;15.5;delta=0.619
2026-10-01 09:44;7645.0;7648.19;SPXW  261001C07645000;12.4;12.6;delta=0.551
2026-10-01 09:44;7650.0;7648.19;SPXW  261001C07650000;9.9;10.0;delta=0.481
2026-10-01 09:44;7655.0;7648.19;SPXW  261001C07655000;7.7;7.8;delta=0.41
2026-10-01 09:44;7660.0;7648.19;SPXW  261001C07660000;5.9;6.0;delta=0.342
2026-10-01 09:44;7665.0;7648.19;SPXW  261001C07665000;4.4;4.5;delta=0.28
2026-10-01 09:44;7670.0;7648.19;SPXW  261001C07670000;3.2;3.3;delta=0.222
2026-10-01 09:44;7675.0;7648.19;SPXW  261001C07675000;2.35;2.4;delta=0.173
2026-10-01 09:44;7680.0;7648.19;SPXW  261001C07680000;1.7;1.75;delta=0.133
2026-10-01 09:44;7685.0;7648.19;SPXW  261001C07685000;1.2;1.25;delta=0.099
2026-10-01 09:44;7690.0;7648.19;SPXW  261001C07690000;0.85;0.9;delta=0.076
2026-10-01 09:44;7695.0;7648.19;SPXW  261001C07695000;0.6;0.65;delta=0.056
2026-10-01 09:44;7700.0;7648.19;SPXW  261001C07700000;0.45;0.5;delta=0.043
2026-10-01 09:44;7705.0;7648.19;SPXW  261001C07705000;0.3;0.4;delta=0.032
2026-10-01 09:44;7710.0;7648.19;SPXW  261001C07710000;0.25;0.3;delta=0.025
2026-10-01 09:44;7715.0;7648.19;SPXW  261001C07715000;0.2;0.25;delta=0.019
2026-10-01 09:44;7720.0;7648.19;SPXW  261001C07720000;0.15;0.2;delta=0.015
2026-10-01 09:44;7725.0;7648.19;SPXW  261001C07725000;0.15;0.2;delta=0.014
2026-10-01 09:44;7730.0;7648.19;SPXW  261001C07730000;0.1;0.15;delta=0.01
2026-10-01 09:44;7735.0;7648.19;SPXW  261001C07735000;0.1;0.15;delta=0.01
2026-10-01 09:44;7740.0;7648.19;SPXW  261001C07740000;0.1;0.15;delta=0.01
2026-10-01 09:44;7745.0;7648.19;SPXW  261001C07745000;0.1;0.15;delta=0.009
2026-10-01 09:44;7750.0;7648.19;SPXW  261001C07750000;0.1;0.15;delta=0.009
2026-10-01 09:44;7755.0;7648.19;SPXW  261001C07755000;0.05;0.15;delta=0.007
2026-10-01 09:44;7760.0;7648.19;SPXW  261001C07760000;0.05;0.1;delta=0.005
2026-10-01 09:44;7765.0;7648.19;SPXW  261001C07765000;0.05;0.1;delta=0.005
2026-10-01 09:44;7770.0;7648.19;SPXW  261001C07770000;0.05;0.1;delta=0.005
2026-10-01 09:44;7775.0;7648.19;SPXW  261001C07775000;0.05;0.1;delta=0.005
2026-10-01 09:44;7780.0;7648.19;SPXW  261001C07780000;0.05;0.1;delta=0.005
2026-10-01 09:44;7785.0;7648.19;SPXW  261001C07785000;0.05;0.1;delta=0.005
2026-10-01 09:44;7790.0;7648.19;SPXW  261001C07790000;0.05;0.1;delta=0.004
2026-10-01 09:44;7795.0;7648.19;SPXW  261001C07795000;0.05;0.1;delta=0.004
2026-10-01 09:44;7800.0;7648.19;SPXW  261001C07800000;0.05;0.1;delta=0.004
2026-10-01 09:44;7805.0;7648.19;SPXW  261001C07805000;0.05;0.1;delta=0.004
2026-10-01 09:44;7810.0;7648.19;SPXW  261001C07810000;0.05;0.1;delta=0.004
2026-10-01 09:44;7815.0;7648.19;SPXW  261001C07815000;0.05;0.1;delta=0.004
2026-10-01 09:44;7820.0;7648.19;SPXW  261001C07820000;0.05;0.1;delta=0.004
2026-10-01 09:44;7825.0;7648.19;SPXW  261001C07825000;0.05;0.1;delta=0.004
2026-10-01 09:44;7830.0;7648.19;SPXW  261001C07830000;0.05;0.1;delta=0.004
2026-10-01 09:44;7835.0;7648.19;SPXW  261001C07835000;0.05;0.1;delta=0.004
2026-10-01 09:44;7840.0;7648.19;SPXW  261001C07840000;0.05;0.1;delta=0.004
2026-10-01 09:44;7845.0;7648.19;SPXW  261001C07845000;0.05;0.1;delta=0.003
2026-10-01 09:44;7850.0;7648.19;SPXW  261001C07850000;0.05;0.1;delta=0.003
2026-10-01 09:44;7855.0;7648.19;SPXW  261001C07855000;0.0;0.1;delta=0.002
2026-10-01 09:44;7860.0;7648.19;SPXW  261001C07860000;0.0;0.05;delta=0.001
2026-10-01 09:44;7865.0;7648.19;SPXW  261001C07865000;0.0;0.05;delta=0.001
2026-10-01 09:44;7870.0;7648.19;SPXW  261001C07870000;0.0;0.05;delta=0.001
2026-10-01 09:44;7875.0;7648.19;SPXW  261001C07875000;0.0;0.05;delta=0.001
2026-10-01 09:44;7880.0;7648.19;SPXW  261001C07880000;0.0;0.05;delta=0.001
2026-10-01 09:44;7885.0;7648.19;SPXW  261001C07885000;0.0;0.05;delta=0.001
2026-10-01 09:44;7890.0;7648.19;SPXW  261001C07890000;0.0;0.05;delta=0.001
2026-10-01 09:44;7895.0;7648.19;SPXW  261001C07895000;0.0;0.05;delta=0.001
2026-10-01 09:44;7400.0;7648.19;SPXW  261001P07400000;0.05;0.1;delta=-0.003
2026-10-01 09:44;7405.0;7648.19;SPXW  261001P07405000;0.0;0.1;delta=-0.002
2026-10-01 09:44;7410.0;7648.19;SPXW  261001P07410000;0.0;0.1;delta=-0.002
2026-10-01 09:44;7415.0;7648.19;SPXW  261001P07415000;0.05;0.1;delta=-0.003
2026-10-01 09:44;7420.0;7648.19;SPXW  261001P07420000;0.05;0.1;delta=-0.003
2026-10-01 09:44;7425.0;7648.19;SPXW  261001P07425000;0.05;0.1;delta=-0.003
2026-10-01 09:44;7430.0;7648.19;SPXW  261001P07430000;0.05;0.1;delta=-0.003
2026-10-01 09:44;7435.0;7648.19;SPXW  261001P07435000;0.05;0.1;delta=-0.003
2026-10-01 09:44;7440.0;7648.19;SPXW  261001P07440000;0.05;0.1;delta=-0.003
2026-10-01 09:44;7445.0;7648.19;SPXW  261001P07445000;0.05;0.1;delta=-0.003
2026-10-01 09:44;7450.0;7648.19;SPXW  261001P07450000;0.05;0.1;delta=-0.003
2026-10-01 09:44;7455.0;7648.19;SPXW  261001P07455000;0.05;0.1;delta=-0.003
2026-10-01 09:44;7460.0;7648.19;SPXW  261001P07460000;0.05;0.1;delta=-0.003
2026-10-01 09:44;7465.0;7648.19;SPXW  261001P07465000;0.05;0.1;delta=-0.004
2026-10-01 09:44;7470.0;7648.19;SPXW  261001P07470000;0.05;0.1;delta=-0.004
2026-10-01 09:44;7475.0;7648.19;SPXW  261001P07475000;0.05;0.1;delta=-0.004
2026-10-01 09:44;7480.0;7648.19;SPXW  261001P07480000;0.05;0.1;delta=-0.004
2026-10-01 09:44;7485.0;7648.19;SPXW  261001P07485000;0.05;0.1;delta=-0.004
2026-10-01 09:44;7490.0;7648.19;SPXW  261001P07490000;0.05;0.1;delta=-0.004
2026-10-01 09:44;7495.0;7648.19;SPXW  261001P07495000;0.05;0.1;delta=-0.004
2026-10-01 09:44;7500.0;7648.19;SPXW  261001P07500000;0.05;0.1;delta=-0.004
2026-10-01 09:44;7505.0;7648.19;SPXW  261001P07505000;0.05;0.1;delta=-0.004
2026-10-01 09:44;7510.0;7648.19;SPXW  261001P07510000;0.05;0.1;delta=-0.005
2026-10-01 09:44;7515.0;7648.19;SPXW  261001P07515000;0.05;0.15;delta=-0.006
2026-10-01 09:44;7520.0;7648.19;SPXW  261001P07520000;0.1;0.15;delta=-0.007
2026-10-01 09:44;7525.0;7648.19;SPXW  261001P07525000;0.1;0.15;delta=-0.007
2026-10-01 09:44;7530.0;7648.19;SPXW  261001P07530000;0.05;0.15;delta=-0.006
2026-10-01 09:44;7535.0;7648.19;SPXW  261001P07535000;0.1;0.15;delta=-0.008
2026-10-01 09:44;7540.0;7648.19;SPXW  261001P07540000;0.1;0.15;delta=-0.008
2026-10-01 09:44;7545.0;7648.19;SPXW  261001P07545000;0.1;0.15;delta=-0.009
2026-10-01 09:44;7550.0;7648.19;SPXW  261001P07550000;0.1;0.15;delta=-0.009
2026-10-01 09:44;7555.0;7648.19;SPXW  261001P07555000;0.1;0.2;delta=-0.011
2026-10-01 09:44;7560.0;7648.19;SPXW  261001P07560000;0.15;0.2;delta=-0.013
2026-10-01 09:44;7565.0;7648.19;SPXW  261001P07565000;0.15;0.2;delta=-0.013
2026-10-01 09:44;7570.0;7648.19;SPXW  261001P07570000;0.2;0.25;delta=-0.017
2026-10-01 09:44;7575.0;7648.19;SPXW  261001P07575000;0.25;0.3;delta=-0.021
2026-10-01 09:44;7580.0;7648.19;SPXW  261001P07580000;0.3;0.35;delta=-0.025
2026-10-01 09:44;7585.0;7648.19;SPXW  261001P07585000;0.4;0.45;delta=-0.032
2026-10-01 09:44;7590.0;7648.19;SPXW  261001P07590000;0.5;0.55;delta=-0.04
2026-10-01 09:44;7595.0;7648.19;SPXW  261001P07595000;0.65;0.7;delta=-0.053
2026-10-01 09:44;7600.0;7648.19;SPXW  261001P07600000;0.9;0.95;delta=-0.067
2026-10-01 09:44;7605.0;7648.19;SPXW  261001P07605000;1.2;1.25;delta=-0.086
2026-10-01 09:44;7610.0;7648.19;SPXW  261001P07610000;1.6;1.65;delta=-0.112
2026-10-01 09:44;7615.0;7648.19;SPXW  261001P07615000;2.15;2.2;delta=-0.143
2026-10-01 09:44;7620.0;7648.19;SPXW  261001P07620000;2.85;2.9;delta=-0.181
2026-10-01 09:44;7625.0;7648.19;SPXW  261001P07625000;3.7;3.8;delta=-0.226
2026-10-01 09:44;7630.0;7648.19;SPXW  261001P07630000;4.8;4.9;delta=-0.277
2026-10-01 09:44;7635.0;7648.19;SPXW  261001P07635000;6.2;6.3;delta=-0.335
2026-10-01 09:44;7640.0;7648.19;SPXW  261001P07640000;7.9;8.1;delta=-0.401
2026-10-01 09:44;7645.0;7648.19;SPXW  261001P07645000;10.0;10.1;delta=-0.47
2026-10-01 09:44;7650.0;7648.19;SPXW  261001P07650000;12.4;12.5;delta=-0.54
2026-10-01 09:44;7655.0;7648.19;SPXW  261001P07655000;15.2;15.3;delta=-0.61
2026-10-01 09:44;7660.0;7648.19;SPXW  261001P07660000;18.3;18.5;delta=-0.677
2026-10-01 09:44;7665.0;7648.19;SPXW  261001P07665000;21.8;22.0;delta=-0.738
2026-10-01 09:44;7670.0;7648.19;SPXW  261001P07670000;25.6;25.8;delta=-0.793
2026-10-01 09:44;7675.0;7648.19;SPXW  261001P07675000;29.7;29.9;delta=-0.838
2026-10-01 09:44;7680.0;7648.19;SPXW  261001P07680000;34.0;34.2;delta=-0.877
2026-10-01 09:44;7685.0;7648.19;SPXW  261001P07685000;38.5;38.7;delta=-0.907
2026-10-01 09:44;7690.0;7648.19;SPXW  261001P07690000;43.2;43.4;delta=-0.931
2026-10-01 09:44;7695.0;7648.19;SPXW  261001P07695000;47.8;48.1;delta=-0.949
2026-10-01 09:44;7700.0;7648.19;SPXW  261001P07700000;52.6;52.9;delta=-0.96
2026-10-01 09:44;7705.0;7648.19;SPXW  261001P07705000;57.5;57.8;delta=-0.969
2026-10-01 09:44;7710.0;7648.19;SPXW  261001P07710000;62.4;62.8;delta=-0.976
2026-10-01 09:44;7715.0;7648.19;SPXW  261001P07715000;67.4;67.7;delta=-0.981
2026-10-01 09:44;7720.0;7648.19;SPXW  261001P07720000;72.3;72.7;delta=-0.985
2026-10-01 09:44;7725.0;7648.19;SPXW  261001P07725000;77.3;77.6;delta=-0.986
2026-10-01 09:44;7730.0;7648.19;SPXW  261001P07730000;82.3;82.6;delta=-0.989
2026-10-01 09:44;7735.0;7648.19;SPXW  261001P07735000;87.1;88.0;delta=-0.99
2026-10-01 09:44;7740.0;7648.19;SPXW  261001P07740000;92.1;92.9;delta=-0.99
2026-10-01 09:44;7745.0;7648.19;SPXW  261001P07745000;97.1;97.9;delta=-0.991
2026-10-01 09:44;7750.0;7648.19;SPXW  261001P07750000;101.8;103.0;delta=-0.991
2026-10-01 09:44;7755.0;7648.19;SPXW  261001P07755000;106.8;108.0;delta=-0.993
2026-10-01 09:44;7760.0;7648.19;SPXW  261001P07760000;111.8;113.0;delta=-0.994
2026-10-01 09:44;7765.0;7648.19;SPXW  261001P07765000;116.8;118.0;delta=-0.995
2026-10-01 09:44;7770.0;7648.19;SPXW  261001P07770000;118.7;126.1;delta=-0.995
2026-10-01 09:44;7775.0;7648.19;SPXW  261001P07775000;126.8;128.0;delta=-0.995
2026-10-01 09:44;7780.0;7648.19;SPXW  261001P07780000;131.8;133.0;delta=-0.995
2026-10-01 09:44;7785.0;7648.19;SPXW  261001P07785000;136.8;138.0;delta=-0.995
2026-10-01 09:44;7790.0;7648.19;SPXW  261001P07790000;141.8;143.0;delta=-0.995
2026-10-01 09:44;7795.0;7648.19;SPXW  261001P07795000;143.7;150.8;delta=-0.996
2026-10-01 09:44;7800.0;7648.19;SPXW  261001P07800000;151.8;153.0;delta=-0.996
2026-10-01 09:44;7805.0;7648.19;SPXW  261001P07805000;153.7;160.8;delta=-0.996
2026-10-01 09:44;7810.0;7648.19;SPXW  261001P07810000;158.7;165.8;delta=-0.996
2026-10-01 09:44;7815.0;7648.19;SPXW  261001P07815000;163.7;170.8;delta=-0.996
2026-10-01 09:44;7820.0;7648.19;SPXW  261001P07820000;168.7;175.8;delta=-0.996
2026-10-01 09:44;7825.0;7648.19;SPXW  261001P07825000;173.7;180.8;delta=-0.996
2026-10-01 09:44;7830.0;7648.19;SPXW  261001P07830000;181.9;183.0;delta=-0.996
2026-10-01 09:44;7835.0;7648.19;SPXW  261001P07835000;183.7;190.8;delta=-0.996
2026-10-01 09:44;7840.0;7648.19;SPXW  261001P07840000;188.7;195.8;delta=-0.996
2026-10-01 09:44;7845.0;7648.19;SPXW  261001P07845000;193.6;200.8;delta=-0.996
2026-10-01 09:44;7850.0;7648.19;SPXW  261001P07850000;195.0;208.7;delta=-0.996
2026-10-01 09:44;7855.0;7648.19;SPXW  261001P07855000;200.2;213.9;delta=-0.997
2026-10-01 09:44;7860.0;7648.19;SPXW  261001P07860000;205.2;218.9;delta=-0.999
2026-10-01 09:44;7865.0;7648.19;SPXW  261001P07865000;207.2;227.7;delta=-0.999
2026-10-01 09:44;7870.0;7648.19;SPXW  261001P07870000;212.2;230.6;delta=-0.999
2026-10-01 09:44;7875.0;7648.19;SPXW  261001P07875000;217.2;236.0;delta=-0.999
2026-10-01 09:44;7880.0;7648.19;SPXW  261001P07880000;222.2;240.6;delta=-0.999
2026-10-01 09:44;7885.0;7648.19;SPXW  261001P07885000;227.2;245.6;delta=-0.999
2026-10-01 09:44;7890.0;7648.19;SPXW  261001P07890000;232.2;250.6;delta=-0.999
2026-10-01 09:44;7895.0;7648.19;SPXW  261001P07895000;237.2;255.6;delta=-0.999
2026-10-01 09:48;7405.0;7650.41;SPXW  261001C07405000;236.1;256.5;delta=0.998
2026-10-01 09:48;7410.0;7650.41;SPXW  261001C07410000;231.0;251.3;delta=0.998
2026-10-01 09:48;7415.0;7650.41;SPXW  261001C07415000;226.0;246.5;delta=0.997
2026-10-01 09:48;7420.0;7650.41;SPXW  261001C07420000;221.3;240.0;delta=0.997
2026-10-01 09:48;7425.0;7650.41;SPXW  261001C07425000;216.3;234.9;delta=0.997
2026-10-01 09:48;7430.0;7650.41;SPXW  261001C07430000;210.8;230.0;delta=0.997
2026-10-01 09:48;7435.0;7650.41;SPXW  261001C07435000;209.2;221.9;delta=0.997
2026-10-01 09:48;7440.0;7650.41;SPXW  261001C07440000;204.2;217.0;delta=0.997
2026-10-01 09:48;7445.0;7650.41;SPXW  261001C07445000;199.2;212.9;delta=0.997
2026-10-01 09:48;7450.0;7650.41;SPXW  261001C07450000;193.6;207.3;delta=0.997
2026-10-01 09:48;7455.0;7650.41;SPXW  261001C07455000;192.4;199.3;delta=0.996
2026-10-01 09:48;7460.0;7650.41;SPXW  261001C07460000;187.1;194.3;delta=0.996
2026-10-01 09:48;7465.0;7650.41;SPXW  261001C07465000;182.1;189.3;delta=0.996
2026-10-01 09:48;7470.0;7650.41;SPXW  261001C07470000;177.4;183.9;delta=0.996
2026-10-01 09:48;7475.0;7650.41;SPXW  261001C07475000;172.1;179.3;delta=0.996
2026-10-01 09:48;7480.0;7650.41;SPXW  261001C07480000;167.1;174.0;delta=0.996
2026-10-01 09:48;7485.0;7650.41;SPXW  261001C07485000;162.4;169.1;delta=0.996
2026-10-01 09:48;7490.0;7650.41;SPXW  261001C07490000;157.1;164.0;delta=0.996
2026-10-01 09:48;7495.0;7650.41;SPXW  261001C07495000;152.1;159.0;delta=0.996
2026-10-01 09:48;7500.0;7650.41;SPXW  261001C07500000;149.5;150.6;delta=0.996
2026-10-01 09:48;7505.0;7650.41;SPXW  261001C07505000;142.1;149.0;delta=0.996
2026-10-01 09:48;7510.0;7650.41;SPXW  261001C07510000;137.1;144.0;delta=0.995
2026-10-01 09:48;7515.0;7650.41;SPXW  261001C07515000;132.4;139.3;delta=0.995
2026-10-01 09:48;7520.0;7650.41;SPXW  261001C07520000;127.1;134.0;delta=0.995
2026-10-01 09:48;7525.0;7650.41;SPXW  261001C07525000;124.5;125.6;delta=0.992
2026-10-01 09:48;7530.0;7650.41;SPXW  261001C07530000;117.4;124.3;delta=0.993
2026-10-01 09:48;7535.0;7650.41;SPXW  261001C07535000;114.4;115.6;delta=0.992
2026-10-01 09:48;7540.0;7650.41;SPXW  261001C07540000;107.2;114.3;delta=0.992
2026-10-01 09:48;7545.0;7650.41;SPXW  261001C07545000;102.0;109.3;delta=0.991
2026-10-01 09:48;7550.0;7650.41;SPXW  261001C07550000;99.4;100.6;delta=0.991
2026-10-01 09:48;7555.0;7650.41;SPXW  261001C07555000;94.8;95.1;delta=0.991
2026-10-01 09:48;7560.0;7650.41;SPXW  261001C07560000;89.8;90.2;delta=0.989
2026-10-01 09:48;7565.0;7650.41;SPXW  261001C07565000;84.8;85.2;delta=0.987
2026-10-01 09:48;7570.0;7650.41;SPXW  261001C07570000;79.9;80.2;delta=0.986
2026-10-01 09:48;7575.0;7650.41;SPXW  261001C07575000;74.9;75.2;delta=0.982
2026-10-01 09:48;7580.0;7650.41;SPXW  261001C07580000;69.9;70.3;delta=0.978
2026-10-01 09:48;7585.0;7650.41;SPXW  261001C07585000;65.0;65.4;delta=0.973
2026-10-01 09:48;7590.0;7650.41;SPXW  261001C07590000;60.1;60.4;delta=0.967
2026-10-01 09:48;7595.0;7650.41;SPXW  261001C07595000;55.2;55.6;delta=0.956
2026-10-01 09:48;7600.0;7650.41;SPXW  261001C07600000;50.4;50.8;delta=0.942
2026-10-01 09:48;7605.0;7650.41;SPXW  261001C07605000;45.7;46.0;delta=0.926
2026-10-01 09:48;7610.0;7650.41;SPXW  261001C07610000;41.1;41.3;delta=0.905
2026-10-01 09:48;7615.0;7650.41;SPXW  261001C07615000;36.5;36.8;delta=0.877
2026-10-01 09:48;7620.0;7650.41;SPXW  261001C07620000;32.1;32.4;delta=0.844
2026-10-01 09:48;7625.0;7650.41;SPXW  261001C07625000;27.9;28.1;delta=0.803
2026-10-01 09:48;7630.0;7650.41;SPXW  261001C07630000;23.9;24.1;delta=0.753
2026-10-01 09:48;7635.0;7650.41;SPXW  261001C07635000;20.1;20.3;delta=0.698
2026-10-01 09:48;7640.0;7650.41;SPXW  261001C07640000;16.7;16.8;delta=0.633
2026-10-01 09:48;7645.0;7650.41;SPXW  261001C07645000;13.6;13.7;delta=0.564
2026-10-01 09:48;7650.0;7650.41;SPXW  261001C07650000;10.8;11.0;delta=0.491
2026-10-01 09:48;7655.0;7650.41;SPXW  261001C07655000;8.5;8.6;delta=0.42
2026-10-01 09:48;7660.0;7650.41;SPXW  261001C07660000;6.5;6.6;delta=0.351
2026-10-01 09:48;7665.0;7650.41;SPXW  261001C07665000;4.9;5.0;delta=0.287
2026-10-01 09:48;7670.0;7650.41;SPXW  261001C07670000;3.6;3.7;delta=0.228
2026-10-01 09:48;7675.0;7650.41;SPXW  261001C07675000;2.6;2.7;delta=0.178
2026-10-01 09:48;7680.0;7650.41;SPXW  261001C07680000;1.9;1.95;delta=0.136
2026-10-01 09:48;7685.0;7650.41;SPXW  261001C07685000;1.35;1.4;delta=0.103
2026-10-01 09:48;7690.0;7650.41;SPXW  261001C07690000;0.95;1.0;delta=0.077
2026-10-01 09:48;7695.0;7650.41;SPXW  261001C07695000;0.7;0.75;delta=0.058
2026-10-01 09:48;7700.0;7650.41;SPXW  261001C07700000;0.5;0.55;delta=0.044
2026-10-01 09:48;7705.0;7650.41;SPXW  261001C07705000;0.35;0.4;delta=0.032
2026-10-01 09:48;7710.0;7650.41;SPXW  261001C07710000;0.3;0.35;delta=0.027
2026-10-01 09:48;7715.0;7650.41;SPXW  261001C07715000;0.2;0.3;delta=0.021
2026-10-01 09:48;7720.0;7650.41;SPXW  261001C07720000;0.2;0.25;delta=0.018
2026-10-01 09:48;7725.0;7650.41;SPXW  261001C07725000;0.15;0.2;delta=0.014
2026-10-01 09:48;7730.0;7650.41;SPXW  261001C07730000;0.15;0.2;delta=0.014
2026-10-01 09:48;7735.0;7650.41;SPXW  261001C07735000;0.1;0.15;delta=0.01
2026-10-01 09:48;7740.0;7650.41;SPXW  261001C07740000;0.1;0.15;delta=0.01
2026-10-01 09:48;7745.0;7650.41;SPXW  261001C07745000;0.1;0.15;delta=0.009
2026-10-01 09:48;7750.0;7650.41;SPXW  261001C07750000;0.1;0.15;delta=0.009
2026-10-01 09:48;7755.0;7650.41;SPXW  261001C07755000;0.05;0.1;delta=0.006
2026-10-01 09:48;7760.0;7650.41;SPXW  261001C07760000;0.05;0.1;delta=0.005
2026-10-01 09:48;7765.0;7650.41;SPXW  261001C07765000;0.05;0.1;delta=0.005
2026-10-01 09:48;7770.0;7650.41;SPXW  261001C07770000;0.05;0.1;delta=0.005
2026-10-01 09:48;7775.0;7650.41;SPXW  261001C07775000;0.05;0.1;delta=0.005
2026-10-01 09:48;7780.0;7650.41;SPXW  261001C07780000;0.05;0.1;delta=0.005
2026-10-01 09:48;7785.0;7650.41;SPXW  261001C07785000;0.05;0.1;delta=0.005
2026-10-01 09:48;7790.0;7650.41;SPXW  261001C07790000;0.05;0.1;delta=0.005
2026-10-01 09:48;7795.0;7650.41;SPXW  261001C07795000;0.05;0.1;delta=0.004
2026-10-01 09:48;7800.0;7650.41;SPXW  261001C07800000;0.05;0.1;delta=0.004
2026-10-01 09:48;7805.0;7650.41;SPXW  261001C07805000;0.05;0.1;delta=0.004
2026-10-01 09:48;7810.0;7650.41;SPXW  261001C07810000;0.05;0.1;delta=0.004
2026-10-01 09:48;7815.0;7650.41;SPXW  261001C07815000;0.05;0.1;delta=0.004
2026-10-01 09:48;7820.0;7650.41;SPXW  261001C07820000;0.05;0.1;delta=0.004
2026-10-01 09:48;7825.0;7650.41;SPXW  261001C07825000;0.05;0.1;delta=0.004
2026-10-01 09:48;7830.0;7650.41;SPXW  261001C07830000;0.05;0.1;delta=0.004
2026-10-01 09:48;7835.0;7650.41;SPXW  261001C07835000;0.05;0.1;delta=0.004
2026-10-01 09:48;7840.0;7650.41;SPXW  261001C07840000;0.05;0.1;delta=0.004
2026-10-01 09:48;7845.0;7650.41;SPXW  261001C07845000;0.05;0.1;delta=0.003
2026-10-01 09:48;7850.0;7650.41;SPXW  261001C07850000;0.05;0.1;delta=0.003
2026-10-01 09:48;7855.0;7650.41;SPXW  261001C07855000;0.0;0.1;delta=0.002
2026-10-01 09:48;7860.0;7650.41;SPXW  261001C07860000;0.0;0.05;delta=0.001
2026-10-01 09:48;7865.0;7650.41;SPXW  261001C07865000;0.0;0.05;delta=0.001
2026-10-01 09:48;7870.0;7650.41;SPXW  261001C07870000;0.0;0.05;delta=0.001
2026-10-01 09:48;7875.0;7650.41;SPXW  261001C07875000;0.0;0.05;delta=0.001
2026-10-01 09:48;7880.0;7650.41;SPXW  261001C07880000;0.0;0.05;delta=0.001
2026-10-01 09:48;7885.0;7650.41;SPXW  261001C07885000;0.0;0.05;delta=0.001
2026-10-01 09:48;7890.0;7650.41;SPXW  261001C07890000;0.0;0.05;delta=0.001
2026-10-01 09:48;7895.0;7650.41;SPXW  261001C07895000;0.0;0.05;delta=0.001
2026-10-01 09:48;7900.0;7650.41;SPXW  261001C07900000;0.0;0.05;delta=0.001
2026-10-01 09:48;7405.0;7650.41;SPXW  261001P07405000;0.0;0.1;delta=-0.002
2026-10-01 09:48;7410.0;7650.41;SPXW  261001P07410000;0.0;0.1;delta=-0.002
2026-10-01 09:48;7415.0;7650.41;SPXW  261001P07415000;0.05;0.1;delta=-0.003
2026-10-01 09:48;7420.0;7650.41;SPXW  261001P07420000;0.05;0.1;delta=-0.003
2026-10-01 09:48;7425.0;7650.41;SPXW  261001P07425000;0.05;0.1;delta=-0.003
2026-10-01 09:48;7430.0;7650.41;SPXW  261001P07430000;0.05;0.1;delta=-0.003
2026-10-01 09:48;7435.0;7650.41;SPXW  261001P07435000;0.05;0.1;delta=-0.003
2026-10-01 09:48;7440.0;7650.41;SPXW  261001P07440000;0.05;0.1;delta=-0.003
2026-10-01 09:48;7445.0;7650.41;SPXW  261001P07445000;0.05;0.1;delta=-0.003
2026-10-01 09:48;7450.0;7650.41;SPXW  261001P07450000;0.05;0.1;delta=-0.003
2026-10-01 09:48;7455.0;7650.41;SPXW  261001P07455000;0.05;0.1;delta=-0.003
2026-10-01 09:48;7460.0;7650.41;SPXW  261001P07460000;0.05;0.1;delta=-0.003
2026-10-01 09:48;7465.0;7650.41;SPXW  261001P07465000;0.05;0.1;delta=-0.004
2026-10-01 09:48;7470.0;7650.41;SPXW  261001P07470000;0.05;0.1;delta=-0.004
2026-10-01 09:48;7475.0;7650.41;SPXW  261001P07475000;0.05;0.1;delta=-0.004
2026-10-01 09:48;7480.0;7650.41;SPXW  261001P07480000;0.05;0.1;delta=-0.004
2026-10-01 09:48;7485.0;7650.41;SPXW  261001P07485000;0.05;0.1;delta=-0.004
2026-10-01 09:48;7490.0;7650.41;SPXW  261001P07490000;0.05;0.1;delta=-0.004
2026-10-01 09:48;7495.0;7650.41;SPXW  261001P07495000;0.05;0.1;delta=-0.004
2026-10-01 09:48;7500.0;7650.41;SPXW  261001P07500000;0.05;0.1;delta=-0.004
2026-10-01 09:48;7505.0;7650.41;SPXW  261001P07505000;0.05;0.1;delta=-0.004
2026-10-01 09:48;7510.0;7650.41;SPXW  261001P07510000;0.05;0.1;delta=-0.004
2026-10-01 09:48;7515.0;7650.41;SPXW  261001P07515000;0.05;0.1;delta=-0.005
2026-10-01 09:48;7520.0;7650.41;SPXW  261001P07520000;0.05;0.1;delta=-0.005
2026-10-01 09:48;7525.0;7650.41;SPXW  261001P07525000;0.1;0.15;delta=-0.007
2026-10-01 09:48;7530.0;7650.41;SPXW  261001P07530000;0.05;0.15;delta=-0.006
2026-10-01 09:48;7535.0;7650.41;SPXW  261001P07535000;0.1;0.15;delta=-0.008
2026-10-01 09:48;7540.0;7650.41;SPXW  261001P07540000;0.1;0.15;delta=-0.008
2026-10-01 09:48;7545.0;7650.41;SPXW  261001P07545000;0.1;0.15;delta=-0.009
2026-10-01 09:48;7550.0;7650.41;SPXW  261001P07550000;0.1;0.15;delta=-0.009
2026-10-01 09:48;7555.0;7650.41;SPXW  261001P07555000;0.1;0.15;delta=-0.009
2026-10-01 09:48;7560.0;7650.41;SPXW  261001P07560000;0.1;0.2;delta=-0.011
2026-10-01 09:48;7565.0;7650.41;SPXW  261001P07565000;0.15;0.2;delta=-0.013
2026-10-01 09:48;7570.0;7650.41;SPXW  261001P07570000;0.15;0.2;delta=-0.014
2026-10-01 09:48;7575.0;7650.41;SPXW  261001P07575000;0.2;0.25;delta=-0.018
2026-10-01 09:48;7580.0;7650.41;SPXW  261001P07580000;0.25;0.3;delta=-0.022
2026-10-01 09:48;7585.0;7650.41;SPXW  261001P07585000;0.3;0.4;delta=-0.027
2026-10-01 09:48;7590.0;7650.41;SPXW  261001P07590000;0.4;0.45;delta=-0.033
2026-10-01 09:48;7595.0;7650.41;SPXW  261001P07595000;0.55;0.6;delta=-0.044
2026-10-01 09:48;7600.0;7650.41;SPXW  261001P07600000;0.7;0.8;delta=-0.058
2026-10-01 09:48;7605.0;7650.41;SPXW  261001P07605000;0.95;1.05;delta=-0.074
2026-10-01 09:48;7610.0;7650.41;SPXW  261001P07610000;1.3;1.35;delta=-0.094
2026-10-01 09:48;7615.0;7650.41;SPXW  261001P07615000;1.75;1.8;delta=-0.122
2026-10-01 09:48;7620.0;7650.41;SPXW  261001P07620000;2.3;2.4;delta=-0.156
2026-10-01 09:48;7625.0;7650.41;SPXW  261001P07625000;3.0;3.2;delta=-0.197
2026-10-01 09:48;7630.0;7650.41;SPXW  261001P07630000;4.0;4.1;delta=-0.246
2026-10-01 09:48;7635.0;7650.41;SPXW  261001P07635000;5.2;5.3;delta=-0.302
2026-10-01 09:48;7640.0;7650.41;SPXW  261001P07640000;6.7;6.9;delta=-0.367
2026-10-01 09:48;7645.0;7650.41;SPXW  261001P07645000;8.6;8.7;delta=-0.436
2026-10-01 09:48;7650.0;7650.41;SPXW  261001P07650000;10.8;10.9;delta=-0.509
2026-10-01 09:48;7655.0;7650.41;SPXW  261001P07655000;13.4;13.5;delta=-0.58
2026-10-01 09:48;7660.0;7650.41;SPXW  261001P07660000;16.4;16.5;delta=-0.646
2026-10-01 09:48;7665.0;7650.41;SPXW  261001P07665000;19.7;19.9;delta=-0.713
2026-10-01 09:48;7670.0;7650.41;SPXW  261001P07670000;23.4;23.6;delta=-0.772
2026-10-01 09:48;7675.0;7650.41;SPXW  261001P07675000;27.5;27.7;delta=-0.822
2026-10-01 09:48;7680.0;7650.41;SPXW  261001P07680000;31.7;31.9;delta=-0.863
2026-10-01 09:48;7685.0;7650.41;SPXW  261001P07685000;36.1;36.4;delta=-0.897
2026-10-01 09:48;7690.0;7650.41;SPXW  261001P07690000;40.8;41.0;delta=-0.923
2026-10-01 09:48;7695.0;7650.41;SPXW  261001P07695000;45.5;45.8;delta=-0.941
2026-10-01 09:48;7700.0;7650.41;SPXW  261001P07700000;50.3;50.6;delta=-0.956
2026-10-01 09:48;7705.0;7650.41;SPXW  261001P07705000;55.2;55.5;delta=-0.968
2026-10-01 09:48;7710.0;7650.41;SPXW  261001P07710000;60.1;60.4;delta=-0.973
2026-10-01 09:48;7715.0;7650.41;SPXW  261001P07715000;65.0;65.4;delta=-0.979
2026-10-01 09:48;7720.0;7650.41;SPXW  261001P07720000;70.0;70.3;delta=-0.981
2026-10-01 09:48;7725.0;7650.41;SPXW  261001P07725000;74.9;75.3;delta=-0.985
2026-10-01 09:48;7730.0;7650.41;SPXW  261001P07730000;79.9;80.3;delta=-0.986
2026-10-01 09:48;7735.0;7650.41;SPXW  261001P07735000;84.7;85.5;delta=-0.99
2026-10-01 09:48;7740.0;7650.41;SPXW  261001P07740000;89.7;90.4;delta=-0.99
2026-10-01 09:48;7745.0;7650.41;SPXW  261001P07745000;94.6;95.4;delta=-0.991
2026-10-01 09:48;7750.0;7650.41;SPXW  261001P07750000;99.5;100.7;delta=-0.991
2026-10-01 09:48;7755.0;7650.41;SPXW  261001P07755000;104.5;105.7;delta=-0.994
2026-10-01 09:48;7760.0;7650.41;SPXW  261001P07760000;109.5;110.7;delta=-0.994
2026-10-01 09:48;7765.0;7650.41;SPXW  261001P07765000;114.5;115.7;delta=-0.995
2026-10-01 09:48;7770.0;7650.41;SPXW  261001P07770000;119.5;120.6;delta=-0.995
2026-10-01 09:48;7775.0;7650.41;SPXW  261001P07775000;124.4;125.6;delta=-0.995
2026-10-01 09:48;7780.0;7650.41;SPXW  261001P07780000;129.4;130.6;delta=-0.995
2026-10-01 09:48;7785.0;7650.41;SPXW  261001P07785000;134.4;135.6;delta=-0.995
2026-10-01 09:48;7790.0;7650.41;SPXW  261001P07790000;139.4;140.6;delta=-0.995
2026-10-01 09:48;7795.0;7650.41;SPXW  261001P07795000;140.9;147.8;delta=-0.995
2026-10-01 09:48;7800.0;7650.41;SPXW  261001P07800000;149.4;150.6;delta=-0.996
2026-10-01 09:48;7805.0;7650.41;SPXW  261001P07805000;151.2;158.0;delta=-0.996
2026-10-01 09:48;7810.0;7650.41;SPXW  261001P07810000;155.9;162.8;delta=-0.996
2026-10-01 09:48;7815.0;7650.41;SPXW  261001P07815000;161.3;168.0;delta=-0.996
2026-10-01 09:48;7820.0;7650.41;SPXW  261001P07820000;166.3;173.0;delta=-0.996
2026-10-01 09:48;7825.0;7650.41;SPXW  261001P07825000;170.9;177.8;delta=-0.996
2026-10-01 09:48;7830.0;7650.41;SPXW  261001P07830000;179.4;180.6;delta=-0.996
2026-10-01 09:48;7835.0;7650.41;SPXW  261001P07835000;181.3;188.0;delta=-0.996
2026-10-01 09:48;7840.0;7650.41;SPXW  261001P07840000;185.9;192.8;delta=-0.996
2026-10-01 09:48;7845.0;7650.41;SPXW  261001P07845000;190.8;198.0;delta=-0.996
2026-10-01 09:48;7850.0;7650.41;SPXW  261001P07850000;199.4;200.6;delta=-0.996
2026-10-01 09:48;7855.0;7650.41;SPXW  261001P07855000;197.2;210.9;delta=-0.997
2026-10-01 09:48;7860.0;7650.41;SPXW  261001P07860000;203.2;215.5;delta=-0.999
2026-10-01 09:48;7865.0;7650.41;SPXW  261001P07865000;207.7;221.4;delta=-0.999
2026-10-01 09:48;7870.0;7650.41;SPXW  261001P07870000;211.4;229.0;delta=-0.999
2026-10-01 09:48;7875.0;7650.41;SPXW  261001P07875000;216.4;234.1;delta=-0.999
2026-10-01 09:48;7880.0;7650.41;SPXW  261001P07880000;219.3;239.0;delta=-0.999
2026-10-01 09:48;7885.0;7650.41;SPXW  261001P07885000;225.1;244.0;delta=-0.999
2026-10-01 09:48;7890.0;7650.41;SPXW  261001P07890000;229.3;249.0;delta=-0.999
2026-10-01 09:48;7895.0;7650.41;SPXW  261001P07895000;235.2;254.0;delta=-0.999
2026-10-01 09:48;7900.0;7650.41;SPXW  261001P07900000;242.0;259.1;delta=-0.999
2026-10-01 09:52;7395.0;7641.86;SPXW  261001C07395000;240.8;256.4;delta=0.999
2026-10-01 09:52;7400.0;7641.86;SPXW  261001C07400000;234.2;251.4;delta=0.997
2026-10-01 09:52;7405.0;7641.86;SPXW  261001C07405000;226.2;246.7;delta=0.998
2026-10-01 09:52;7410.0;7641.86;SPXW  261001C07410000;222.4;242.9;delta=0.998
2026-10-01 09:52;7415.0;7641.86;SPXW  261001C07415000;217.4;237.9;delta=0.997
2026-10-01 09:52;7420.0;7641.86;SPXW  261001C07420000;216.0;231.9;delta=0.997
2026-10-01 09:52;7425.0;7641.86;SPXW  261001C07425000;210.9;223.5;delta=0.997
2026-10-01 09:52;7430.0;7641.86;SPXW  261001C07430000;206.0;218.8;delta=0.997
2026-10-01 09:52;7435.0;7641.86;SPXW  261001C07435000;200.3;213.5;delta=0.997
2026-10-01 09:52;7440.0;7641.86;SPXW  261001C07440000;196.0;208.5;delta=0.997
2026-10-01 09:52;7445.0;7641.86;SPXW  261001C07445000;193.1;200.1;delta=0.997
2026-10-01 09:52;7450.0;7641.86;SPXW  261001C07450000;188.1;195.1;delta=0.997
2026-10-01 09:52;7455.0;7641.86;SPXW  261001C07455000;183.1;190.5;delta=0.996
2026-10-01 09:52;7460.0;7641.86;SPXW  261001C07460000;178.1;185.1;delta=0.996
2026-10-01 09:52;7465.0;7641.86;SPXW  261001C07465000;173.1;180.1;delta=0.996
2026-10-01 09:52;7470.0;7641.86;SPXW  261001C07470000;168.1;175.5;delta=0.996
2026-10-01 09:52;7475.0;7641.86;SPXW  261001C07475000;163.1;170.1;delta=0.996
2026-10-01 09:52;7480.0;7641.86;SPXW  261001C07480000;158.1;165.1;delta=0.996
2026-10-01 09:52;7485.0;7641.86;SPXW  261001C07485000;153.1;160.5;delta=0.996
2026-10-01 09:52;7490.0;7641.86;SPXW  261001C07490000;148.4;155.1;delta=0.996
2026-10-01 09:52;7495.0;7641.86;SPXW  261001C07495000;143.4;150.1;delta=0.996
2026-10-01 09:52;7500.0;7641.86;SPXW  261001C07500000;141.6;142.8;delta=0.996
2026-10-01 09:52;7505.0;7641.86;SPXW  261001C07505000;133.4;140.1;delta=0.995
2026-10-01 09:52;7510.0;7641.86;SPXW  261001C07510000;128.4;135.1;delta=0.995
2026-10-01 09:52;7515.0;7641.86;SPXW  261001C07515000;123.2;130.5;delta=0.993
2026-10-01 09:52;7520.0;7641.86;SPXW  261001C07520000;118.2;125.1;delta=0.992
2026-10-01 09:52;7525.0;7641.86;SPXW  261001C07525000;116.6;117.8;delta=0.992
2026-10-01 09:52;7530.0;7641.86;SPXW  261001C07530000;108.2;115.5;delta=0.992
2026-10-01 09:52;7535.0;7641.86;SPXW  261001C07535000;106.6;107.8;delta=0.992
2026-10-01 09:52;7540.0;7641.86;SPXW  261001C07540000;98.2;105.2;delta=0.991
2026-10-01 09:52;7545.0;7641.86;SPXW  261001C07545000;97.0;97.4;delta=0.991
2026-10-01 09:52;7550.0;7641.86;SPXW  261001C07550000;92.1;92.4;delta=0.989
2026-10-01 09:52;7555.0;7641.86;SPXW  261001C07555000;87.1;87.4;delta=0.987
2026-10-01 09:52;7560.0;7641.86;SPXW  261001C07560000;82.1;82.5;delta=0.987
2026-10-01 09:52;7565.0;7641.86;SPXW  261001C07565000;77.1;77.5;delta=0.983
2026-10-01 09:52;7570.0;7641.86;SPXW  261001C07570000;72.2;72.5;delta=0.979
2026-10-01 09:52;7575.0;7641.86;SPXW  261001C07575000;67.2;67.6;delta=0.975
2026-10-01 09:52;7580.0;7641.86;SPXW  261001C07580000;62.3;62.7;delta=0.968
2026-10-01 09:52;7585.0;7641.86;SPXW  261001C07585000;57.4;57.8;delta=0.957
2026-10-01 09:52;7590.0;7641.86;SPXW  261001C07590000;52.6;53.0;delta=0.946
2026-10-01 09:52;7595.0;7641.86;SPXW  261001C07595000;47.8;48.2;delta=0.93
2026-10-01 09:52;7600.0;7641.86;SPXW  261001C07600000;43.2;43.4;delta=0.911
2026-10-01 09:52;7605.0;7641.86;SPXW  261001C07605000;38.6;38.8;delta=0.884
2026-10-01 09:52;7610.0;7641.86;SPXW  261001C07610000;34.1;34.4;delta=0.853
2026-10-01 09:52;7615.0;7641.86;SPXW  261001C07615000;29.8;30.1;delta=0.813
2026-10-01 09:52;7620.0;7641.86;SPXW  261001C07620000;25.8;26.0;delta=0.769
2026-10-01 09:52;7625.0;7641.86;SPXW  261001C07625000;21.9;22.1;delta=0.715
2026-10-01 09:52;7630.0;7641.86;SPXW  261001C07630000;18.3;18.5;delta=0.656
2026-10-01 09:52;7635.0;7641.86;SPXW  261001C07635000;15.1;15.2;delta=0.59
2026-10-01 09:52;7640.0;7641.86;SPXW  261001C07640000;12.2;12.3;delta=0.521
2026-10-01 09:52;7645.0;7641.86;SPXW  261001C07645000;9.6;9.8;delta=0.449
2026-10-01 09:52;7650.0;7641.86;SPXW  261001C07650000;7.5;7.6;delta=0.379
2026-10-01 09:52;7655.0;7641.86;SPXW  261001C07655000;5.6;5.8;delta=0.312
2026-10-01 09:52;7660.0;7641.86;SPXW  261001C07660000;4.2;4.3;delta=0.251
2026-10-01 09:52;7665.0;7641.86;SPXW  261001C07665000;3.0;3.2;delta=0.198
2026-10-01 09:52;7670.0;7641.86;SPXW  261001C07670000;2.2;2.25;delta=0.151
2026-10-01 09:52;7675.0;7641.86;SPXW  261001C07675000;1.55;1.6;delta=0.113
2026-10-01 09:52;7680.0;7641.86;SPXW  261001C07680000;1.1;1.15;delta=0.084
2026-10-01 09:52;7685.0;7641.86;SPXW  261001C07685000;0.75;0.85;delta=0.063
2026-10-01 09:52;7690.0;7641.86;SPXW  261001C07690000;0.55;0.6;delta=0.048
2026-10-01 09:52;7695.0;7641.86;SPXW  261001C07695000;0.4;0.45;delta=0.036
2026-10-01 09:52;7700.0;7641.86;SPXW  261001C07700000;0.3;0.35;delta=0.028
2026-10-01 09:52;7705.0;7641.86;SPXW  261001C07705000;0.2;0.3;delta=0.02
2026-10-01 09:52;7710.0;7641.86;SPXW  261001C07710000;0.2;0.25;delta=0.017
2026-10-01 09:52;7715.0;7641.86;SPXW  261001C07715000;0.15;0.2;delta=0.015
2026-10-01 09:52;7720.0;7641.86;SPXW  261001C07720000;0.15;0.2;delta=0.011
2026-10-01 09:52;7725.0;7641.86;SPXW  261001C07725000;0.1;0.15;delta=0.01
2026-10-01 09:52;7730.0;7641.86;SPXW  261001C07730000;0.1;0.15;delta=0.01
2026-10-01 09:52;7735.0;7641.86;SPXW  261001C07735000;0.1;0.15;delta=0.009
2026-10-01 09:52;7740.0;7641.86;SPXW  261001C07740000;0.1;0.15;delta=0.008
2026-10-01 09:52;7745.0;7641.86;SPXW  261001C07745000;0.1;0.15;delta=0.009
2026-10-01 09:52;7750.0;7641.86;SPXW  261001C07750000;0.05;0.1;delta=0.006
2026-10-01 09:52;7755.0;7641.86;SPXW  261001C07755000;0.05;0.1;delta=0.005
2026-10-01 09:52;7760.0;7641.86;SPXW  261001C07760000;0.05;0.1;delta=0.005
2026-10-01 09:52;7765.0;7641.86;SPXW  261001C07765000;0.05;0.1;delta=0.005
2026-10-01 09:52;7770.0;7641.86;SPXW  261001C07770000;0.05;0.1;delta=0.005
2026-10-01 09:52;7775.0;7641.86;SPXW  261001C07775000;0.05;0.1;delta=0.005
2026-10-01 09:52;7780.0;7641.86;SPXW  261001C07780000;0.05;0.1;delta=0.005
2026-10-01 09:52;7785.0;7641.86;SPXW  261001C07785000;0.05;0.1;delta=0.004
2026-10-01 09:52;7790.0;7641.86;SPXW  261001C07790000;0.05;0.1;delta=0.004
2026-10-01 09:52;7795.0;7641.86;SPXW  261001C07795000;0.05;0.1;delta=0.004
2026-10-01 09:52;7800.0;7641.86;SPXW  261001C07800000;0.05;0.1;delta=0.004
2026-10-01 09:52;7805.0;7641.86;SPXW  261001C07805000;0.05;0.1;delta=0.004
2026-10-01 09:52;7810.0;7641.86;SPXW  261001C07810000;0.05;0.1;delta=0.004
2026-10-01 09:52;7815.0;7641.86;SPXW  261001C07815000;0.05;0.1;delta=0.004
2026-10-01 09:52;7820.0;7641.86;SPXW  261001C07820000;0.05;0.1;delta=0.004
2026-10-01 09:52;7825.0;7641.86;SPXW  261001C07825000;0.05;0.1;delta=0.004
2026-10-01 09:52;7830.0;7641.86;SPXW  261001C07830000;0.05;0.1;delta=0.004
2026-10-01 09:52;7835.0;7641.86;SPXW  261001C07835000;0.05;0.1;delta=0.003
2026-10-01 09:52;7840.0;7641.86;SPXW  261001C07840000;0.05;0.1;delta=0.003
2026-10-01 09:52;7845.0;7641.86;SPXW  261001C07845000;0.05;0.1;delta=0.003
2026-10-01 09:52;7850.0;7641.86;SPXW  261001C07850000;0.0;0.05;delta=0.001
2026-10-01 09:52;7855.0;7641.86;SPXW  261001C07855000;0.0;0.05;delta=0.001
2026-10-01 09:52;7860.0;7641.86;SPXW  261001C07860000;0.0;0.05;delta=0.001
2026-10-01 09:52;7865.0;7641.86;SPXW  261001C07865000;0.0;0.05;delta=0.001
2026-10-01 09:52;7870.0;7641.86;SPXW  261001C07870000;0.0;0.05;delta=0.001
2026-10-01 09:52;7875.0;7641.86;SPXW  261001C07875000;0.0;0.05;delta=0.001
2026-10-01 09:52;7880.0;7641.86;SPXW  261001C07880000;0.0;0.05;delta=0.001
2026-10-01 09:52;7885.0;7641.86;SPXW  261001C07885000;0.0;0.05;delta=0.001
2026-10-01 09:52;7890.0;7641.86;SPXW  261001C07890000;0.0;0.05;delta=0.001
2026-10-01 09:52;7395.0;7641.86;SPXW  261001P07395000;0.0;0.05;delta=-0.001
2026-10-01 09:52;7400.0;7641.86;SPXW  261001P07400000;0.05;0.1;delta=-0.003
2026-10-01 09:52;7405.0;7641.86;SPXW  261001P07405000;0.0;0.1;delta=-0.002
2026-10-01 09:52;7410.0;7641.86;SPXW  261001P07410000;0.0;0.1;delta=-0.002
2026-10-01 09:52;7415.0;7641.86;SPXW  261001P07415000;0.05;0.1;delta=-0.003
2026-10-01 09:52;7420.0;7641.86;SPXW  261001P07420000;0.05;0.1;delta=-0.003
2026-10-01 09:52;7425.0;7641.86;SPXW  261001P07425000;0.05;0.1;delta=-0.003
2026-10-01 09:52;7430.0;7641.86;SPXW  261001P07430000;0.05;0.1;delta=-0.003
2026-10-01 09:52;7435.0;7641.86;SPXW  261001P07435000;0.05;0.1;delta=-0.003
2026-10-01 09:52;7440.0;7641.86;SPXW  261001P07440000;0.05;0.1;delta=-0.003
2026-10-01 09:52;7445.0;7641.86;SPXW  261001P07445000;0.05;0.1;delta=-0.003
2026-10-01 09:52;7450.0;7641.86;SPXW  261001P07450000;0.05;0.1;delta=-0.003
2026-10-01 09:52;7455.0;7641.86;SPXW  261001P07455000;0.05;0.1;delta=-0.003
2026-10-01 09:52;7460.0;7641.86;SPXW  261001P07460000;0.05;0.1;delta=-0.004
2026-10-01 09:52;7465.0;7641.86;SPXW  261001P07465000;0.05;0.1;delta=-0.004
2026-10-01 09:52;7470.0;7641.86;SPXW  261001P07470000;0.05;0.1;delta=-0.004
2026-10-01 09:52;7475.0;7641.86;SPXW  261001P07475000;0.05;0.1;delta=-0.004
2026-10-01 09:52;7480.0;7641.86;SPXW  261001P07480000;0.05;0.1;delta=-0.004
2026-10-01 09:52;7485.0;7641.86;SPXW  261001P07485000;0.05;0.1;delta=-0.004
2026-10-01 09:52;7490.0;7641.86;SPXW  261001P07490000;0.05;0.1;delta=-0.004
2026-10-01 09:52;7495.0;7641.86;SPXW  261001P07495000;0.05;0.1;delta=-0.004
2026-10-01 09:52;7500.0;7641.86;SPXW  261001P07500000;0.05;0.1;delta=-0.004
2026-10-01 09:52;7505.0;7641.86;SPXW  261001P07505000;0.05;0.1;delta=-0.005
2026-10-01 09:52;7510.0;7641.86;SPXW  261001P07510000;0.05;0.1;delta=-0.005
2026-10-01 09:52;7515.0;7641.86;SPXW  261001P07515000;0.1;0.15;delta=-0.007
2026-10-01 09:52;7520.0;7641.86;SPXW  261001P07520000;0.1;0.15;delta=-0.008
2026-10-01 09:52;7525.0;7641.86;SPXW  261001P07525000;0.1;0.15;delta=-0.008
2026-10-01 09:52;7530.0;7641.86;SPXW  261001P07530000;0.1;0.15;delta=-0.008
2026-10-01 09:52;7535.0;7641.86;SPXW  261001P07535000;0.1;0.15;delta=-0.008
2026-10-01 09:52;7540.0;7641.86;SPXW  261001P07540000;0.1;0.15;delta=-0.009
2026-10-01 09:52;7545.0;7641.86;SPXW  261001P07545000;0.1;0.15;delta=-0.009
2026-10-01 09:52;7550.0;7641.86;SPXW  261001P07550000;0.1;0.2;delta=-0.011
2026-10-01 09:52;7555.0;7641.86;SPXW  261001P07555000;0.15;0.2;delta=-0.013
2026-10-01 09:52;7560.0;7641.86;SPXW  261001P07560000;0.15;0.2;delta=-0.013
2026-10-01 09:52;7565.0;7641.86;SPXW  261001P07565000;0.2;0.25;delta=-0.017
2026-10-01 09:52;7570.0;7641.86;SPXW  261001P07570000;0.25;0.3;delta=-0.021
2026-10-01 09:52;7575.0;7641.86;SPXW  261001P07575000;0.3;0.35;delta=-0.025
2026-10-01 09:52;7580.0;7641.86;SPXW  261001P07580000;0.4;0.45;delta=-0.032
2026-10-01 09:52;7585.0;7641.86;SPXW  261001P07585000;0.5;0.55;delta=-0.043
2026-10-01 09:52;7590.0;7641.86;SPXW  261001P07590000;0.65;0.7;delta=-0.053
2026-10-01 09:52;7595.0;7641.86;SPXW  261001P07595000;0.9;0.95;delta=-0.07
2026-10-01 09:52;7600.0;7641.86;SPXW  261001P07600000;1.15;1.2;delta=-0.089
2026-10-01 09:52;7605.0;7641.86;SPXW  261001P07605000;1.6;1.65;delta=-0.116
2026-10-01 09:52;7610.0;7641.86;SPXW  261001P07610000;2.1;2.15;delta=-0.147
2026-10-01 09:52;7615.0;7641.86;SPXW  261001P07615000;2.8;2.85;delta=-0.187
2026-10-01 09:52;7620.0;7641.86;SPXW  261001P07620000;3.7;3.8;delta=-0.231
2026-10-01 09:52;7625.0;7641.86;SPXW  261001P07625000;4.8;4.9;delta=-0.285
2026-10-01 09:52;7630.0;7641.86;SPXW  261001P07630000;6.2;6.3;delta=-0.344
2026-10-01 09:52;7635.0;7641.86;SPXW  261001P07635000;7.9;8.0;delta=-0.41
2026-10-01 09:52;7640.0;7641.86;SPXW  261001P07640000;9.9;10.0;delta=-0.479
2026-10-01 09:52;7645.0;7641.86;SPXW  261001P07645000;12.4;12.5;delta=-0.551
2026-10-01 09:52;7650.0;7641.86;SPXW  261001P07650000;15.1;15.2;delta=-0.621
2026-10-01 09:52;7655.0;7641.86;SPXW  261001P07655000;18.3;18.4;delta=-0.688
2026-10-01 09:52;7660.0;7641.86;SPXW  261001P07660000;21.8;22.1;delta=-0.749
2026-10-01 09:52;7665.0;7641.86;SPXW  261001P07665000;25.7;25.9;delta=-0.802
2026-10-01 09:52;7670.0;7641.86;SPXW  261001P07670000;29.8;30.1;delta=-0.849
2026-10-01 09:52;7675.0;7641.86;SPXW  261001P07675000;34.1;34.4;delta=-0.887
2026-10-01 09:52;7680.0;7641.86;SPXW  261001P07680000;38.6;38.9;delta=-0.916
2026-10-01 09:52;7685.0;7641.86;SPXW  261001P07685000;43.3;43.6;delta=-0.937
2026-10-01 09:52;7690.0;7641.86;SPXW  261001P07690000;48.1;48.4;delta=-0.952
2026-10-01 09:52;7695.0;7641.86;SPXW  261001P07695000;52.9;53.3;delta=-0.964
2026-10-01 09:52;7700.0;7641.86;SPXW  261001P07700000;57.8;58.2;delta=-0.972
2026-10-01 09:52;7705.0;7641.86;SPXW  261001P07705000;62.7;63.1;delta=-0.98
2026-10-01 09:52;7710.0;7641.86;SPXW  261001P07710000;67.7;68.0;delta=-0.983
2026-10-01 09:52;7715.0;7641.86;SPXW  261001P07715000;72.6;73.0;delta=-0.985
2026-10-01 09:52;7720.0;7641.86;SPXW  261001P07720000;77.6;78.3;delta=-0.989
2026-10-01 09:52;7725.0;7641.86;SPXW  261001P07725000;82.5;83.3;delta=-0.99
2026-10-01 09:52;7730.0;7641.86;SPXW  261001P07730000;87.5;88.3;delta=-0.99
2026-10-01 09:52;7735.0;7641.86;SPXW  261001P07735000;92.5;93.3;delta=-0.991
2026-10-01 09:52;7740.0;7641.86;SPXW  261001P07740000;97.5;98.3;delta=-0.992
2026-10-01 09:52;7745.0;7641.86;SPXW  261001P07745000;102.3;103.4;delta=-0.991
2026-10-01 09:52;7750.0;7641.86;SPXW  261001P07750000;107.3;108.4;delta=-0.994
2026-10-01 09:52;7755.0;7641.86;SPXW  261001P07755000;112.3;113.4;delta=-0.995
2026-10-01 09:52;7760.0;7641.86;SPXW  261001P07760000;117.3;118.4;delta=-0.995
2026-10-01 09:52;7765.0;7641.86;SPXW  261001P07765000;122.3;123.4;delta=-0.995
2026-10-01 09:52;7770.0;7641.86;SPXW  261001P07770000;124.7;128.8;delta=-0.995
2026-10-01 09:52;7775.0;7641.86;SPXW  261001P07775000;129.7;133.8;delta=-0.995
2026-10-01 09:52;7780.0;7641.86;SPXW  261001P07780000;137.2;138.8;delta=-0.995
2026-10-01 09:52;7785.0;7641.86;SPXW  261001P07785000;142.2;143.7;delta=-0.996
2026-10-01 09:52;7790.0;7641.86;SPXW  261001P07790000;147.2;148.8;delta=-0.996
2026-10-01 09:52;7795.0;7641.86;SPXW  261001P07795000;149.7;157.0;delta=-0.996
2026-10-01 09:52;7800.0;7641.86;SPXW  261001P07800000;157.2;158.5;delta=-0.996
2026-10-01 09:52;7805.0;7641.86;SPXW  261001P07805000;160.0;167.0;delta=-0.996
2026-10-01 09:52;7810.0;7641.86;SPXW  261001P07810000;164.7;172.0;delta=-0.996
2026-10-01 09:52;7815.0;7641.86;SPXW  261001P07815000;170.0;177.0;delta=-0.996
2026-10-01 09:52;7820.0;7641.86;SPXW  261001P07820000;175.0;182.0;delta=-0.996
2026-10-01 09:52;7825.0;7641.86;SPXW  261001P07825000;179.7;186.8;delta=-0.996
2026-10-01 09:52;7830.0;7641.86;SPXW  261001P07830000;187.2;188.5;delta=-0.996
2026-10-01 09:52;7835.0;7641.86;SPXW  261001P07835000;190.0;197.0;delta=-0.996
2026-10-01 09:52;7840.0;7641.86;SPXW  261001P07840000;194.7;201.8;delta=-0.997
2026-10-01 09:52;7845.0;7641.86;SPXW  261001P07845000;196.3;210.0;delta=-0.997
2026-10-01 09:52;7850.0;7641.86;SPXW  261001P07850000;201.6;208.9;delta=-0.999
2026-10-01 09:52;7855.0;7641.86;SPXW  261001P07855000;206.6;219.3;delta=-0.999
2026-10-01 09:52;7860.0;7641.86;SPXW  261001P07860000;207.7;228.2;delta=-0.999
2026-10-01 09:52;7865.0;7641.86;SPXW  261001P07865000;213.2;229.2;delta=-0.999
2026-10-01 09:52;7870.0;7641.86;SPXW  261001P07870000;218.7;235.4;delta=-0.999
2026-10-01 09:52;7875.0;7641.86;SPXW  261001P07875000;223.5;240.4;delta=-0.999
2026-10-01 09:52;7880.0;7641.86;SPXW  261001P07880000;228.6;249.1;delta=-0.999
2026-10-01 09:52;7885.0;7641.86;SPXW  261001P07885000;232.8;249.1;delta=-0.999
2026-10-01 09:52;7890.0;7641.86;SPXW  261001P07890000;237.8;259.2;delta=-0.999
2026-10-01 09:57;7385.0;7633.58;SPXW  261001C07385000;239.7;258.3;delta=0.999
2026-10-01 09:57;7390.0;7633.58;SPXW  261001C07390000;234.7;252.8;delta=0.999
2026-10-01 09:57;7395.0;7633.58;SPXW  261001C07395000;229.7;247.4;delta=0.999
2026-10-01 09:57;7400.0;7633.58;SPXW  261001C07400000;226.6;242.4;delta=0.997
2026-10-01 09:57;7405.0;7633.58;SPXW  261001C07405000;219.7;238.2;delta=0.998
2026-10-01 09:57;7410.0;7633.58;SPXW  261001C07410000;214.7;232.2;delta=0.998
2026-10-01 09:57;7415.0;7633.58;SPXW  261001C07415000;209.7;227.4;delta=0.997
2026-10-01 09:57;7420.0;7633.58;SPXW  261001C07420000;206.1;219.8;delta=0.997
2026-10-01 09:57;7425.0;7633.58;SPXW  261001C07425000;202.3;214.8;delta=0.997
2026-10-01 09:57;7430.0;7633.58;SPXW  261001C07430000;196.6;210.3;delta=0.998
2026-10-01 09:57;7435.0;7633.58;SPXW  261001C07435000;194.6;202.0;delta=0.997
2026-10-01 09:57;7440.0;7633.58;SPXW  261001C07440000;189.8;197.1;delta=0.997
2026-10-01 09:57;7445.0;7633.58;SPXW  261001C07445000;184.6;192.1;delta=0.997
2026-10-01 09:57;7450.0;7633.58;SPXW  261001C07450000;179.6;187.1;delta=0.996
2026-10-01 09:57;7455.0;7633.58;SPXW  261001C07455000;174.8;182.1;delta=0.996
2026-10-01 09:57;7460.0;7633.58;SPXW  261001C07460000;169.6;177.0;delta=0.996
2026-10-01 09:57;7465.0;7633.58;SPXW  261001C07465000;164.6;172.0;delta=0.996
2026-10-01 09:57;7470.0;7633.58;SPXW  261001C07470000;159.8;167.1;delta=0.996
2026-10-01 09:57;7475.0;7633.58;SPXW  261001C07475000;154.6;162.0;delta=0.996
2026-10-01 09:57;7480.0;7633.58;SPXW  261001C07480000;149.6;157.1;delta=0.996
2026-10-01 09:57;7485.0;7633.58;SPXW  261001C07485000;144.8;152.1;delta=0.996
2026-10-01 09:57;7490.0;7633.58;SPXW  261001C07490000;139.8;147.1;delta=0.996
2026-10-01 09:57;7495.0;7633.58;SPXW  261001C07495000;134.6;142.1;delta=0.995
2026-10-01 09:57;7500.0;7633.58;SPXW  261001C07500000;132.5;134.0;delta=0.995
2026-10-01 09:57;7505.0;7633.58;SPXW  261001C07505000;124.6;132.1;delta=0.995
2026-10-01 09:57;7510.0;7633.58;SPXW  261001C07510000;119.6;127.1;delta=0.993
2026-10-01 09:57;7515.0;7633.58;SPXW  261001C07515000;114.8;122.1;delta=0.992
2026-10-01 09:57;7520.0;7633.58;SPXW  261001C07520000;109.6;117.1;delta=0.992
2026-10-01 09:57;7525.0;7633.58;SPXW  261001C07525000;107.5;109.1;delta=0.992
2026-10-01 09:57;7530.0;7633.58;SPXW  261001C07530000;99.9;107.1;delta=0.991
2026-10-01 09:57;7535.0;7633.58;SPXW  261001C07535000;98.0;98.8;delta=0.991
2026-10-01 09:57;7540.0;7633.58;SPXW  261001C07540000;93.0;93.4;delta=0.991
2026-10-01 09:57;7545.0;7633.58;SPXW  261001C07545000;88.1;88.4;delta=0.987
2026-10-01 09:57;7550.0;7633.58;SPXW  261001C07550000;83.1;83.4;delta=0.987
2026-10-01 09:57;7555.0;7633.58;SPXW  261001C07555000;78.1;78.5;delta=0.983
2026-10-01 09:57;7560.0;7633.58;SPXW  261001C07560000;73.2;73.5;delta=0.981
2026-10-01 09:57;7565.0;7633.58;SPXW  261001C07565000;68.3;68.6;delta=0.975
2026-10-01 09:57;7570.0;7633.58;SPXW  261001C07570000;63.3;63.7;delta=0.97
2026-10-01 09:57;7575.0;7633.58;SPXW  261001C07575000;58.5;58.8;delta=0.961
2026-10-01 09:57;7580.0;7633.58;SPXW  261001C07580000;53.6;54.0;delta=0.95
2026-10-01 09:57;7585.0;7633.58;SPXW  261001C07585000;48.9;49.1;delta=0.934
2026-10-01 09:57;7590.0;7633.58;SPXW  261001C07590000;44.2;44.4;delta=0.916
2026-10-01 09:57;7595.0;7633.58;SPXW  261001C07595000;39.6;39.8;delta=0.892
2026-10-01 09:57;7600.0;7633.58;SPXW  261001C07600000;35.2;35.4;delta=0.86
2026-10-01 09:57;7605.0;7633.58;SPXW  261001C07605000;30.9;31.1;delta=0.823
2026-10-01 09:57;7610.0;7633.58;SPXW  261001C07610000;26.8;27.0;delta=0.782
2026-10-01 09:57;7615.0;7633.58;SPXW  261001C07615000;23.0;23.2;delta=0.731
2026-10-01 09:57;7620.0;7633.58;SPXW  261001C07620000;19.4;19.6;delta=0.674
2026-10-01 09:57;7625.0;7633.58;SPXW  261001C07625000;16.1;16.3;delta=0.612
2026-10-01 09:57;7630.0;7633.58;SPXW  261001C07630000;13.1;13.3;delta=0.546
2026-10-01 09:57;7635.0;7633.58;SPXW  261001C07635000;10.5;10.7;delta=0.478
2026-10-01 09:57;7640.0;7633.58;SPXW  261001C07640000;8.2;8.4;delta=0.408
2026-10-01 09:57;7645.0;7633.58;SPXW  261001C07645000;6.3;6.4;delta=0.341
2026-10-01 09:57;7650.0;7633.58;SPXW  261001C07650000;4.7;4.8;delta=0.278
2026-10-01 09:57;7655.0;7633.58;SPXW  261001C07655000;3.5;3.6;delta=0.221
2026-10-01 09:57;7660.0;7633.58;SPXW  261001C07660000;2.5;2.6;delta=0.172
2026-10-01 09:57;7665.0;7633.58;SPXW  261001C07665000;1.75;1.85;delta=0.13
2026-10-01 09:57;7670.0;7633.58;SPXW  261001C07670000;1.25;1.3;delta=0.097
2026-10-01 09:57;7675.0;7633.58;SPXW  261001C07675000;0.85;0.9;delta=0.073
2026-10-01 09:57;7680.0;7633.58;SPXW  261001C07680000;0.6;0.65;delta=0.052
2026-10-01 09:57;7685.0;7633.58;SPXW  261001C07685000;0.45;0.5;delta=0.04
2026-10-01 09:57;7690.0;7633.58;SPXW  261001C07690000;0.3;0.35;delta=0.029
2026-10-01 09:57;7695.0;7633.58;SPXW  261001C07695000;0.25;0.3;delta=0.024
2026-10-01 09:57;7700.0;7633.58;SPXW  261001C07700000;0.2;0.25;delta=0.019
2026-10-01 09:57;7705.0;7633.58;SPXW  261001C07705000;0.15;0.2;delta=0.015
2026-10-01 09:57;7710.0;7633.58;SPXW  261001C07710000;0.15;0.2;delta=0.014
2026-10-01 09:57;7715.0;7633.58;SPXW  261001C07715000;0.1;0.15;delta=0.01
2026-10-01 09:57;7720.0;7633.58;SPXW  261001C07720000;0.1;0.15;delta=0.01
2026-10-01 09:57;7725.0;7633.58;SPXW  261001C07725000;0.1;0.15;delta=0.01
2026-10-01 09:57;7730.0;7633.58;SPXW  261001C07730000;0.1;0.15;delta=0.009
2026-10-01 09:57;7735.0;7633.58;SPXW  261001C07735000;0.05;0.1;delta=0.006
2026-10-01 09:57;7740.0;7633.58;SPXW  261001C07740000;0.05;0.1;delta=0.006
2026-10-01 09:57;7745.0;7633.58;SPXW  261001C07745000;0.05;0.1;delta=0.005
2026-10-01 09:57;7750.0;7633.58;SPXW  261001C07750000;0.05;0.1;delta=0.005
2026-10-01 09:57;7755.0;7633.58;SPXW  261001C07755000;0.05;0.1;delta=0.005
2026-10-01 09:57;7760.0;7633.58;SPXW  261001C07760000;0.05;0.1;delta=0.005
2026-10-01 09:57;7765.0;7633.58;SPXW  261001C07765000;0.05;0.1;delta=0.005
2026-10-01 09:57;7770.0;7633.58;SPXW  261001C07770000;0.05;0.1;delta=0.005
2026-10-01 09:57;7775.0;7633.58;SPXW  261001C07775000;0.05;0.1;delta=0.004
2026-10-01 09:57;7780.0;7633.58;SPXW  261001C07780000;0.05;0.1;delta=0.004
2026-10-01 09:57;7785.0;7633.58;SPXW  261001C07785000;0.05;0.1;delta=0.004
2026-10-01 09:57;7790.0;7633.58;SPXW  261001C07790000;0.05;0.1;delta=0.004
2026-10-01 09:57;7795.0;7633.58;SPXW  261001C07795000;0.05;0.1;delta=0.004
2026-10-01 09:57;7800.0;7633.58;SPXW  261001C07800000;0.05;0.1;delta=0.004
2026-10-01 09:57;7805.0;7633.58;SPXW  261001C07805000;0.05;0.1;delta=0.004
2026-10-01 09:57;7810.0;7633.58;SPXW  261001C07810000;0.05;0.1;delta=0.004
2026-10-01 09:57;7815.0;7633.58;SPXW  261001C07815000;0.05;0.1;delta=0.004
2026-10-01 09:57;7820.0;7633.58;SPXW  261001C07820000;0.05;0.1;delta=0.004
2026-10-01 09:57;7825.0;7633.58;SPXW  261001C07825000;0.05;0.1;delta=0.004
2026-10-01 09:57;7830.0;7633.58;SPXW  261001C07830000;0.05;0.1;delta=0.003
2026-10-01 09:57;7835.0;7633.58;SPXW  261001C07835000;0.05;0.1;delta=0.003
2026-10-01 09:57;7840.0;7633.58;SPXW  261001C07840000;0.0;0.05;delta=0.001
2026-10-01 09:57;7845.0;7633.58;SPXW  261001C07845000;0.0;0.05;delta=0.001
2026-10-01 09:57;7850.0;7633.58;SPXW  261001C07850000;0.0;0.05;delta=0.001
2026-10-01 09:57;7855.0;7633.58;SPXW  261001C07855000;0.0;0.05;delta=0.001
2026-10-01 09:57;7860.0;7633.58;SPXW  261001C07860000;0.0;0.05;delta=0.001
2026-10-01 09:57;7865.0;7633.58;SPXW  261001C07865000;0.0;0.05;delta=0.001
2026-10-01 09:57;7870.0;7633.58;SPXW  261001C07870000;0.0;0.05;delta=0.001
2026-10-01 09:57;7875.0;7633.58;SPXW  261001C07875000;0.0;0.05;delta=0.001
2026-10-01 09:57;7880.0;7633.58;SPXW  261001C07880000;0.0;0.05;delta=0.001
2026-10-01 09:57;7385.0;7633.58;SPXW  261001P07385000;0.0;0.05;delta=-0.001
2026-10-01 09:57;7390.0;7633.58;SPXW  261001P07390000;0.0;0.05;delta=-0.001
2026-10-01 09:57;7395.0;7633.58;SPXW  261001P07395000;0.0;0.05;delta=-0.001
2026-10-01 09:57;7400.0;7633.58;SPXW  261001P07400000;0.05;0.1;delta=-0.003
2026-10-01 09:57;7405.0;7633.58;SPXW  261001P07405000;0.0;0.1;delta=-0.002
2026-10-01 09:57;7410.0;7633.58;SPXW  261001P07410000;0.0;0.1;delta=-0.002
2026-10-01 09:57;7415.0;7633.58;SPXW  261001P07415000;0.05;0.1;delta=-0.003
2026-10-01 09:57;7420.0;7633.58;SPXW  261001P07420000;0.05;0.1;delta=-0.003
2026-10-01 09:57;7425.0;7633.58;SPXW  261001P07425000;0.05;0.1;delta=-0.003
2026-10-01 09:57;7430.0;7633.58;SPXW  261001P07430000;0.05;0.1;delta=-0.002
2026-10-01 09:57;7435.0;7633.58;SPXW  261001P07435000;0.05;0.1;delta=-0.003
2026-10-01 09:57;7440.0;7633.58;SPXW  261001P07440000;0.05;0.1;delta=-0.003
2026-10-01 09:57;7445.0;7633.58;SPXW  261001P07445000;0.05;0.1;delta=-0.003
2026-10-01 09:57;7450.0;7633.58;SPXW  261001P07450000;0.05;0.1;delta=-0.004
2026-10-01 09:57;7455.0;7633.58;SPXW  261001P07455000;0.05;0.1;delta=-0.004
2026-10-01 09:57;7460.0;7633.58;SPXW  261001P07460000;0.05;0.1;delta=-0.004
2026-10-01 09:57;7465.0;7633.58;SPXW  261001P07465000;0.05;0.1;delta=-0.004
2026-10-01 09:57;7470.0;7633.58;SPXW  261001P07470000;0.05;0.1;delta=-0.004
2026-10-01 09:57;7475.0;7633.58;SPXW  261001P07475000;0.05;0.1;delta=-0.004
2026-10-01 09:57;7480.0;7633.58;SPXW  261001P07480000;0.05;0.1;delta=-0.004
2026-10-01 09:57;7485.0;7633.58;SPXW  261001P07485000;0.05;0.1;delta=-0.004
2026-10-01 09:57;7490.0;7633.58;SPXW  261001P07490000;0.05;0.1;delta=-0.004
2026-10-01 09:57;7495.0;7633.58;SPXW  261001P07495000;0.05;0.1;delta=-0.004
2026-10-01 09:57;7500.0;7633.58;SPXW  261001P07500000;0.05;0.1;delta=-0.005
2026-10-01 09:57;7505.0;7633.58;SPXW  261001P07505000;0.05;0.1;delta=-0.005
2026-10-01 09:57;7510.0;7633.58;SPXW  261001P07510000;0.1;0.15;delta=-0.007
2026-10-01 09:57;7515.0;7633.58;SPXW  261001P07515000;0.1;0.15;delta=-0.008
2026-10-01 09:57;7520.0;7633.58;SPXW  261001P07520000;0.1;0.15;delta=-0.008
2026-10-01 09:57;7525.0;7633.58;SPXW  261001P07525000;0.1;0.15;delta=-0.008
2026-10-01 09:57;7530.0;7633.58;SPXW  261001P07530000;0.1;0.15;delta=-0.009
2026-10-01 09:57;7535.0;7633.58;SPXW  261001P07535000;0.1;0.15;delta=-0.009
2026-10-01 09:57;7540.0;7633.58;SPXW  261001P07540000;0.1;0.15;delta=-0.009
2026-10-01 09:57;7545.0;7633.58;SPXW  261001P07545000;0.15;0.2;delta=-0.013
2026-10-01 09:57;7550.0;7633.58;SPXW  261001P07550000;0.15;0.2;delta=-0.013
2026-10-01 09:57;7555.0;7633.58;SPXW  261001P07555000;0.2;0.25;delta=-0.017
2026-10-01 09:57;7560.0;7633.58;SPXW  261001P07560000;0.25;0.3;delta=-0.019
2026-10-01 09:57;7565.0;7633.58;SPXW  261001P07565000;0.3;0.35;delta=-0.025
2026-10-01 09:57;7570.0;7633.58;SPXW  261001P07570000;0.35;0.45;delta=-0.03
2026-10-01 09:57;7575.0;7633.58;SPXW  261001P07575000;0.5;0.55;delta=-0.039
2026-10-01 09:57;7580.0;7633.58;SPXW  261001P07580000;0.65;0.7;delta=-0.05
2026-10-01 09:57;7585.0;7633.58;SPXW  261001P07585000;0.9;0.95;delta=-0.066
2026-10-01 09:57;7590.0;7633.58;SPXW  261001P07590000;1.2;1.25;delta=-0.084
2026-10-01 09:57;7595.0;7633.58;SPXW  261001P07595000;1.65;1.7;delta=-0.11
2026-10-01 09:57;7600.0;7633.58;SPXW  261001P07600000;2.2;2.25;delta=-0.14
2026-10-01 09:57;7605.0;7633.58;SPXW  261001P07605000;2.9;2.95;delta=-0.177
2026-10-01 09:57;7610.0;7633.58;SPXW  261001P07610000;3.8;3.9;delta=-0.22
2026-10-01 09:57;7615.0;7633.58;SPXW  261001P07615000;4.9;5.0;delta=-0.268
2026-10-01 09:57;7620.0;7633.58;SPXW  261001P07620000;6.3;6.4;delta=-0.326
2026-10-01 09:57;7625.0;7633.58;SPXW  261001P07625000;8.0;8.1;delta=-0.388
2026-10-01 09:57;7630.0;7633.58;SPXW  261001P07630000;10.0;10.1;delta=-0.454
2026-10-01 09:57;7635.0;7633.58;SPXW  261001P07635000;12.3;12.5;delta=-0.522
2026-10-01 09:57;7640.0;7633.58;SPXW  261001P07640000;15.0;15.2;delta=-0.591
2026-10-01 09:57;7645.0;7633.58;SPXW  261001P07645000;18.1;18.2;delta=-0.659
2026-10-01 09:57;7650.0;7633.58;SPXW  261001P07650000;21.5;21.7;delta=-0.722
2026-10-01 09:57;7655.0;7633.58;SPXW  261001P07655000;25.2;25.4;delta=-0.779
2026-10-01 09:57;7660.0;7633.58;SPXW  261001P07660000;29.2;29.5;delta=-0.827
2026-10-01 09:57;7665.0;7633.58;SPXW  261001P07665000;33.5;33.7;delta=-0.869
2026-10-01 09:57;7670.0;7633.58;SPXW  261001P07670000;38.0;38.2;delta=-0.903
2026-10-01 09:57;7675.0;7633.58;SPXW  261001P07675000;42.5;42.8;delta=-0.928
2026-10-01 09:57;7680.0;7633.58;SPXW  261001P07680000;47.2;47.6;delta=-0.948
2026-10-01 09:57;7685.0;7633.58;SPXW  261001P07685000;52.1;52.4;delta=-0.96
2026-10-01 09:57;7690.0;7633.58;SPXW  261001P07690000;56.9;57.3;delta=-0.971
2026-10-01 09:57;7695.0;7633.58;SPXW  261001P07695000;61.9;62.2;delta=-0.976
2026-10-01 09:57;7700.0;7633.58;SPXW  261001P07700000;66.8;67.1;delta=-0.981
2026-10-01 09:57;7705.0;7633.58;SPXW  261001P07705000;71.8;72.1;delta=-0.985
2026-10-01 09:57;7710.0;7633.58;SPXW  261001P07710000;76.8;77.1;delta=-0.986
2026-10-01 09:57;7715.0;7633.58;SPXW  261001P07715000;81.6;82.5;delta=-0.99
2026-10-01 09:57;7720.0;7633.58;SPXW  261001P07720000;86.6;87.5;delta=-0.99
2026-10-01 09:57;7725.0;7633.58;SPXW  261001P07725000;91.6;92.4;delta=-0.99
2026-10-01 09:57;7730.0;7633.58;SPXW  261001P07730000;96.6;97.4;delta=-0.991
2026-10-01 09:57;7735.0;7633.58;SPXW  261001P07735000;101.3;102.5;delta=-0.994
2026-10-01 09:57;7740.0;7633.58;SPXW  261001P07740000;106.3;107.5;delta=-0.994
2026-10-01 09:57;7745.0;7633.58;SPXW  261001P07745000;111.4;112.5;delta=-0.995
2026-10-01 09:57;7750.0;7633.58;SPXW  261001P07750000;116.4;117.5;delta=-0.995
2026-10-01 09:57;7755.0;7633.58;SPXW  261001P07755000;121.4;122.5;delta=-0.995
2026-10-01 09:57;7760.0;7633.58;SPXW  261001P07760000;126.4;127.5;delta=-0.995
2026-10-01 09:57;7765.0;7633.58;SPXW  261001P07765000;131.4;132.5;delta=-0.995
2026-10-01 09:57;7770.0;7633.58;SPXW  261001P07770000;136.4;137.5;delta=-0.995
2026-10-01 09:57;7775.0;7633.58;SPXW  261001P07775000;141.4;142.5;delta=-0.995
2026-10-01 09:57;7780.0;7633.58;SPXW  261001P07780000;146.4;147.5;delta=-0.996
2026-10-01 09:57;7785.0;7633.58;SPXW  261001P07785000;151.4;152.5;delta=-0.996
2026-10-01 09:57;7790.0;7633.58;SPXW  261001P07790000;156.4;157.5;delta=-0.996
2026-10-01 09:57;7795.0;7633.58;SPXW  261001P07795000;158.3;165.4;delta=-0.996
2026-10-01 09:57;7800.0;7633.58;SPXW  261001P07800000;166.4;167.4;delta=-0.996
2026-10-01 09:57;7805.0;7633.58;SPXW  261001P07805000;168.1;175.6;delta=-0.996
2026-10-01 09:57;7810.0;7633.58;SPXW  261001P07810000;173.3;180.4;delta=-0.996
2026-10-01 09:57;7815.0;7633.58;SPXW  261001P07815000;178.1;185.6;delta=-0.996
2026-10-01 09:57;7820.0;7633.58;SPXW  261001P07820000;183.1;190.6;delta=-0.996
2026-10-01 09:57;7825.0;7633.58;SPXW  261001P07825000;188.0;195.4;delta=-0.996
2026-10-01 09:57;7830.0;7633.58;SPXW  261001P07830000;196.4;197.4;delta=-0.997
2026-10-01 09:57;7835.0;7633.58;SPXW  261001P07835000;195.1;208.8;delta=-0.997
2026-10-01 09:57;7840.0;7633.58;SPXW  261001P07840000;199.2;212.8;delta=-0.999
2026-10-01 09:57;7845.0;7633.58;SPXW  261001P07845000;204.8;218.5;delta=-0.999
2026-10-01 09:57;7850.0;7633.58;SPXW  261001P07850000;216.3;217.4;delta=-0.999
2026-10-01 09:57;7855.0;7633.58;SPXW  261001P07855000;212.6;230.4;delta=-0.999
2026-10-01 09:57;7860.0;7633.58;SPXW  261001P07860000;217.3;235.4;delta=-0.999
2026-10-01 09:57;7865.0;7633.58;SPXW  261001P07865000;221.4;240.4;delta=-0.999
2026-10-01 09:57;7870.0;7633.58;SPXW  261001P07870000;226.7;245.4;delta=-0.999
2026-10-01 09:57;7875.0;7633.58;SPXW  261001P07875000;232.3;250.4;delta=-0.999
2026-10-01 09:57;7880.0;7633.58;SPXW  261001P07880000;236.2;255.4;delta=-0.999
2026-10-01 10:04;7395.0;7643.99;SPXW  261001C07395000;240.5;257.5;delta=0.999
2026-10-01 10:04;7400.0;7643.99;SPXW  261001C07400000;234.0;254.5;delta=0.999
2026-10-01 10:04;7405.0;7643.99;SPXW  261001C07405000;229.1;249.5;delta=0.999
2026-10-01 10:04;7410.0;7643.99;SPXW  261001C07410000;223.8;244.2;delta=0.999
2026-10-01 10:04;7415.0;7643.99;SPXW  261001C07415000;219.1;239.5;delta=0.999
2026-10-01 10:04;7420.0;7643.99;SPXW  261001C07420000;215.5;232.7;delta=0.998
2026-10-01 10:04;7425.0;7643.99;SPXW  261001C07425000;210.7;227.3;delta=0.997
2026-10-01 10:04;7430.0;7643.99;SPXW  261001C07430000;206.4;220.1;delta=0.998
2026-10-01 10:04;7435.0;7643.99;SPXW  261001C07435000;202.5;215.1;delta=0.998
2026-10-01 10:04;7440.0;7643.99;SPXW  261001C07440000;197.2;210.9;delta=0.997
2026-10-01 10:04;7445.0;7643.99;SPXW  261001C07445000;195.3;202.6;delta=0.998
2026-10-01 10:04;7450.0;7643.99;SPXW  261001C07450000;189.9;197.6;delta=0.997
2026-10-01 10:04;7455.0;7643.99;SPXW  261001C07455000;184.6;192.5;delta=0.996
2026-10-01 10:04;7460.0;7643.99;SPXW  261001C07460000;179.9;187.6;delta=0.996
2026-10-01 10:04;7465.0;7643.99;SPXW  261001C07465000;174.9;182.6;delta=0.996
2026-10-01 10:04;7470.0;7643.99;SPXW  261001C07470000;169.6;177.5;delta=0.996
2026-10-01 10:04;7475.0;7643.99;SPXW  261001C07475000;164.9;172.6;delta=0.996
2026-10-01 10:04;7480.0;7643.99;SPXW  261001C07480000;159.9;167.6;delta=0.996
2026-10-01 10:04;7485.0;7643.99;SPXW  261001C07485000;154.6;161.7;delta=0.996
2026-10-01 10:04;7490.0;7643.99;SPXW  261001C07490000;150.0;157.1;delta=0.996
2026-10-01 10:04;7495.0;7643.99;SPXW  261001C07495000;145.0;152.1;delta=0.996
2026-10-01 10:04;7500.0;7643.99;SPXW  261001C07500000;143.6;144.9;delta=0.996
2026-10-01 10:04;7505.0;7643.99;SPXW  261001C07505000;135.0;142.1;delta=0.995
2026-10-01 10:04;7510.0;7643.99;SPXW  261001C07510000;130.0;137.1;delta=0.995
2026-10-01 10:04;7515.0;7643.99;SPXW  261001C07515000;125.0;131.7;delta=0.995
2026-10-01 10:04;7520.0;7643.99;SPXW  261001C07520000;120.0;127.1;delta=0.995
2026-10-01 10:04;7525.0;7643.99;SPXW  261001C07525000;118.5;119.8;delta=0.995
2026-10-01 10:04;7530.0;7643.99;SPXW  261001C07530000;109.6;116.7;delta=0.995
2026-10-01 10:04;7535.0;7643.99;SPXW  261001C07535000;108.5;109.8;delta=0.994
2026-10-01 10:04;7540.0;7643.99;SPXW  261001C07540000;103.5;104.8;delta=0.994
2026-10-01 10:04;7545.0;7643.99;SPXW  261001C07545000;98.8;99.8;delta=0.994
2026-10-01 10:04;7550.0;7643.99;SPXW  261001C07550000;94.0;94.3;delta=0.991
2026-10-01 10:04;7555.0;7643.99;SPXW  261001C07555000;89.0;89.3;delta=0.99
2026-10-01 10:04;7560.0;7643.99;SPXW  261001C07560000;84.0;84.4;delta=0.99
2026-10-01 10:04;7565.0;7643.99;SPXW  261001C07565000;79.0;79.4;delta=0.986
2026-10-01 10:04;7570.0;7643.99;SPXW  261001C07570000;74.1;74.4;delta=0.984
2026-10-01 10:04;7575.0;7643.99;SPXW  261001C07575000;69.2;69.5;delta=0.98
2026-10-01 10:04;7580.0;7643.99;SPXW  261001C07580000;64.2;64.5;delta=0.974
2026-10-01 10:04;7585.0;7643.99;SPXW  261001C07585000;59.3;59.6;delta=0.966
2026-10-01 10:04;7590.0;7643.99;SPXW  261001C07590000;54.4;54.7;delta=0.958
2026-10-01 10:04;7595.0;7643.99;SPXW  261001C07595000;49.6;49.9;delta=0.944
2026-10-01 10:04;7600.0;7643.99;SPXW  261001C07600000;44.8;45.0;delta=0.927
2026-10-01 10:04;7605.0;7643.99;SPXW  261001C07605000;40.2;40.3;delta=0.904
2026-10-01 10:04;7610.0;7643.99;SPXW  261001C07610000;35.6;35.8;delta=0.874
2026-10-01 10:04;7615.0;7643.99;SPXW  261001C07615000;31.2;31.5;delta=0.838
2026-10-01 10:04;7620.0;7643.99;SPXW  261001C07620000;27.0;27.2;delta=0.795
2026-10-01 10:04;7625.0;7643.99;SPXW  261001C07625000;23.0;23.2;delta=0.743
2026-10-01 10:04;7630.0;7643.99;SPXW  261001C07630000;19.3;19.4;delta=0.683
2026-10-01 10:04;7635.0;7643.99;SPXW  261001C07635000;15.8;16.0;delta=0.618
2026-10-01 10:04;7640.0;7643.99;SPXW  261001C07640000;12.7;12.9;delta=0.546
2026-10-01 10:04;7645.0;7643.99;SPXW  261001C07645000;10.0;10.2;delta=0.472
2026-10-01 10:04;7650.0;7643.99;SPXW  261001C07650000;7.7;7.9;delta=0.398
2026-10-01 10:04;7655.0;7643.99;SPXW  261001C07655000;5.9;6.0;delta=0.327
2026-10-01 10:04;7660.0;7643.99;SPXW  261001C07660000;4.3;4.4;delta=0.261
2026-10-01 10:04;7665.0;7643.99;SPXW  261001C07665000;3.1;3.2;delta=0.205
2026-10-01 10:04;7670.0;7643.99;SPXW  261001C07670000;2.25;2.3;delta=0.156
2026-10-01 10:04;7675.0;7643.99;SPXW  261001C07675000;1.6;1.65;delta=0.117
2026-10-01 10:04;7680.0;7643.99;SPXW  261001C07680000;1.1;1.15;delta=0.087
2026-10-01 10:04;7685.0;7643.99;SPXW  261001C07685000;0.8;0.85;delta=0.065
2026-10-01 10:04;7690.0;7643.99;SPXW  261001C07690000;0.55;0.6;delta=0.047
2026-10-01 10:04;7695.0;7643.99;SPXW  261001C07695000;0.4;0.45;delta=0.037
2026-10-01 10:04;7700.0;7643.99;SPXW  261001C07700000;0.3;0.35;delta=0.028
2026-10-01 10:04;7705.0;7643.99;SPXW  261001C07705000;0.2;0.3;delta=0.02
2026-10-01 10:04;7710.0;7643.99;SPXW  261001C07710000;0.15;0.25;delta=0.016
2026-10-01 10:04;7715.0;7643.99;SPXW  261001C07715000;0.15;0.2;delta=0.015
2026-10-01 10:04;7720.0;7643.99;SPXW  261001C07720000;0.1;0.15;delta=0.011
2026-10-01 10:04;7725.0;7643.99;SPXW  261001C07725000;0.1;0.15;delta=0.01
2026-10-01 10:04;7730.0;7643.99;SPXW  261001C07730000;0.1;0.15;delta=0.01
2026-10-01 10:04;7735.0;7643.99;SPXW  261001C07735000;0.1;0.15;delta=0.01
2026-10-01 10:04;7740.0;7643.99;SPXW  261001C07740000;0.1;0.15;delta=0.009
2026-10-01 10:04;7745.0;7643.99;SPXW  261001C07745000;0.05;0.15;delta=0.007
2026-10-01 10:04;7750.0;7643.99;SPXW  261001C07750000;0.05;0.1;delta=0.006
2026-10-01 10:04;7755.0;7643.99;SPXW  261001C07755000;0.05;0.1;delta=0.005
2026-10-01 10:04;7760.0;7643.99;SPXW  261001C07760000;0.05;0.1;delta=0.005
2026-10-01 10:04;7765.0;7643.99;SPXW  261001C07765000;0.05;0.1;delta=0.005
2026-10-01 10:04;7770.0;7643.99;SPXW  261001C07770000;0.05;0.1;delta=0.005
2026-10-01 10:04;7775.0;7643.99;SPXW  261001C07775000;0.05;0.1;delta=0.005
2026-10-01 10:04;7780.0;7643.99;SPXW  261001C07780000;0.05;0.1;delta=0.005
2026-10-01 10:04;7785.0;7643.99;SPXW  261001C07785000;0.05;0.1;delta=0.004
2026-10-01 10:04;7790.0;7643.99;SPXW  261001C07790000;0.05;0.1;delta=0.004
2026-10-01 10:04;7795.0;7643.99;SPXW  261001C07795000;0.05;0.1;delta=0.004
2026-10-01 10:04;7800.0;7643.99;SPXW  261001C07800000;0.05;0.1;delta=0.004
2026-10-01 10:04;7805.0;7643.99;SPXW  261001C07805000;0.05;0.1;delta=0.004
2026-10-01 10:04;7810.0;7643.99;SPXW  261001C07810000;0.05;0.1;delta=0.004
2026-10-01 10:04;7815.0;7643.99;SPXW  261001C07815000;0.05;0.1;delta=0.004
2026-10-01 10:04;7820.0;7643.99;SPXW  261001C07820000;0.05;0.1;delta=0.004
2026-10-01 10:04;7825.0;7643.99;SPXW  261001C07825000;0.05;0.1;delta=0.004
2026-10-01 10:04;7830.0;7643.99;SPXW  261001C07830000;0.0;0.05;delta=0.001
2026-10-01 10:04;7835.0;7643.99;SPXW  261001C07835000;0.0;0.05;delta=0.001
2026-10-01 10:04;7840.0;7643.99;SPXW  261001C07840000;0.0;0.05;delta=0.001
2026-10-01 10:04;7845.0;7643.99;SPXW  261001C07845000;0.0;0.05;delta=0.001
2026-10-01 10:04;7850.0;7643.99;SPXW  261001C07850000;0.0;0.05;delta=0.001
2026-10-01 10:04;7855.0;7643.99;SPXW  261001C07855000;0.0;0.05;delta=0.001
2026-10-01 10:04;7860.0;7643.99;SPXW  261001C07860000;0.0;0.05;delta=0.001
2026-10-01 10:04;7865.0;7643.99;SPXW  261001C07865000;0.0;0.05;delta=0.001
2026-10-01 10:04;7870.0;7643.99;SPXW  261001C07870000;0.0;0.05;delta=0.001
2026-10-01 10:04;7875.0;7643.99;SPXW  261001C07875000;0.0;0.05;delta=0.001
2026-10-01 10:04;7880.0;7643.99;SPXW  261001C07880000;0.0;0.05;delta=0.001
2026-10-01 10:04;7885.0;7643.99;SPXW  261001C07885000;0.0;0.05;delta=0.001
2026-10-01 10:04;7890.0;7643.99;SPXW  261001C07890000;0.0;0.05;delta=0.001
2026-10-01 10:04;7395.0;7643.99;SPXW  261001P07395000;0.0;0.05;delta=-0.001
2026-10-01 10:04;7400.0;7643.99;SPXW  261001P07400000;0.0;0.05;delta=-0.001
2026-10-01 10:04;7405.0;7643.99;SPXW  261001P07405000;0.0;0.05;delta=-0.001
2026-10-01 10:04;7410.0;7643.99;SPXW  261001P07410000;0.0;0.05;delta=-0.001
2026-10-01 10:04;7415.0;7643.99;SPXW  261001P07415000;0.0;0.05;delta=-0.001
2026-10-01 10:04;7420.0;7643.99;SPXW  261001P07420000;0.0;0.05;delta=-0.002
2026-10-01 10:04;7425.0;7643.99;SPXW  261001P07425000;0.05;0.1;delta=-0.003
2026-10-01 10:04;7430.0;7643.99;SPXW  261001P07430000;0.0;0.1;delta=-0.002
2026-10-01 10:04;7435.0;7643.99;SPXW  261001P07435000;0.0;0.1;delta=-0.002
2026-10-01 10:04;7440.0;7643.99;SPXW  261001P07440000;0.05;0.1;delta=-0.003
2026-10-01 10:04;7445.0;7643.99;SPXW  261001P07445000;0.0;0.1;delta=-0.002
2026-10-01 10:04;7450.0;7643.99;SPXW  261001P07450000;0.05;0.1;delta=-0.003
2026-10-01 10:04;7455.0;7643.99;SPXW  261001P07455000;0.05;0.1;delta=-0.003
2026-10-01 10:04;7460.0;7643.99;SPXW  261001P07460000;0.05;0.1;delta=-0.004
2026-10-01 10:04;7465.0;7643.99;SPXW  261001P07465000;0.05;0.1;delta=-0.004
2026-10-01 10:04;7470.0;7643.99;SPXW  261001P07470000;0.05;0.1;delta=-0.004
2026-10-01 10:04;7475.0;7643.99;SPXW  261001P07475000;0.05;0.1;delta=-0.004
2026-10-01 10:04;7480.0;7643.99;SPXW  261001P07480000;0.05;0.1;delta=-0.004
2026-10-01 10:04;7485.0;7643.99;SPXW  261001P07485000;0.05;0.1;delta=-0.004
2026-10-01 10:04;7490.0;7643.99;SPXW  261001P07490000;0.05;0.1;delta=-0.004
2026-10-01 10:04;7495.0;7643.99;SPXW  261001P07495000;0.05;0.1;delta=-0.004
2026-10-01 10:04;7500.0;7643.99;SPXW  261001P07500000;0.05;0.1;delta=-0.004
2026-10-01 10:04;7505.0;7643.99;SPXW  261001P07505000;0.05;0.1;delta=-0.004
2026-10-01 10:04;7510.0;7643.99;SPXW  261001P07510000;0.05;0.1;delta=-0.005
2026-10-01 10:04;7515.0;7643.99;SPXW  261001P07515000;0.05;0.1;delta=-0.005
2026-10-01 10:04;7520.0;7643.99;SPXW  261001P07520000;0.05;0.1;delta=-0.005
2026-10-01 10:04;7525.0;7643.99;SPXW  261001P07525000;0.05;0.1;delta=-0.005
2026-10-01 10:04;7530.0;7643.99;SPXW  261001P07530000;0.05;0.1;delta=-0.005
2026-10-01 10:04;7535.0;7643.99;SPXW  261001P07535000;0.05;0.1;delta=-0.005
2026-10-01 10:04;7540.0;7643.99;SPXW  261001P07540000;0.05;0.1;delta=-0.006
2026-10-01 10:04;7545.0;7643.99;SPXW  261001P07545000;0.05;0.1;delta=-0.006
2026-10-01 10:04;7550.0;7643.99;SPXW  261001P07550000;0.1;0.15;delta=-0.009
2026-10-01 10:04;7555.0;7643.99;SPXW  261001P07555000;0.1;0.15;delta=-0.01
2026-10-01 10:04;7560.0;7643.99;SPXW  261001P07560000;0.1;0.15;delta=-0.01
2026-10-01 10:04;7565.0;7643.99;SPXW  261001P07565000;0.15;0.2;delta=-0.014
2026-10-01 10:04;7570.0;7643.99;SPXW  261001P07570000;0.15;0.2;delta=-0.016
2026-10-01 10:04;7575.0;7643.99;SPXW  261001P07575000;0.2;0.25;delta=-0.02
2026-10-01 10:04;7580.0;7643.99;SPXW  261001P07580000;0.3;0.35;delta=-0.026
2026-10-01 10:04;7585.0;7643.99;SPXW  261001P07585000;0.35;0.4;delta=-0.034
2026-10-01 10:04;7590.0;7643.99;SPXW  261001P07590000;0.5;0.55;delta=-0.042
2026-10-01 10:04;7595.0;7643.99;SPXW  261001P07595000;0.7;0.75;delta=-0.056
2026-10-01 10:04;7600.0;7643.99;SPXW  261001P07600000;0.95;1.0;delta=-0.073
2026-10-01 10:04;7605.0;7643.99;SPXW  261001P07605000;1.3;1.35;delta=-0.097
2026-10-01 10:04;7610.0;7643.99;SPXW  261001P07610000;1.75;1.8;delta=-0.126
2026-10-01 10:04;7615.0;7643.99;SPXW  261001P07615000;2.35;2.45;delta=-0.162
2026-10-01 10:04;7620.0;7643.99;SPXW  261001P07620000;3.2;3.3;delta=-0.205
2026-10-01 10:04;7625.0;7643.99;SPXW  261001P07625000;4.2;4.3;delta=-0.257
2026-10-01 10:04;7630.0;7643.99;SPXW  261001P07630000;5.5;5.6;delta=-0.316
2026-10-01 10:04;7635.0;7643.99;SPXW  261001P07635000;7.1;7.2;delta=-0.382
2026-10-01 10:04;7640.0;7643.99;SPXW  261001P07640000;9.1;9.2;delta=-0.454
2026-10-01 10:04;7645.0;7643.99;SPXW  261001P07645000;11.4;11.5;delta=-0.528
2026-10-01 10:04;7650.0;7643.99;SPXW  261001P07650000;14.2;14.3;delta=-0.602
2026-10-01 10:04;7655.0;7643.99;SPXW  261001P07655000;17.3;17.4;delta=-0.673
2026-10-01 10:04;7660.0;7643.99;SPXW  261001P07660000;20.8;21.0;delta=-0.739
2026-10-01 10:04;7665.0;7643.99;SPXW  261001P07665000;24.6;24.9;delta=-0.795
2026-10-01 10:04;7670.0;7643.99;SPXW  261001P07670000;28.8;29.0;delta=-0.844
2026-10-01 10:04;7675.0;7643.99;SPXW  261001P07675000;33.1;33.4;delta=-0.883
2026-10-01 10:04;7680.0;7643.99;SPXW  261001P07680000;37.7;37.9;delta=-0.913
2026-10-01 10:04;7685.0;7643.99;SPXW  261001P07685000;42.3;42.7;delta=-0.935
2026-10-01 10:04;7690.0;7643.99;SPXW  261001P07690000;47.1;47.4;delta=-0.952
2026-10-01 10:04;7695.0;7643.99;SPXW  261001P07695000;51.9;52.3;delta=-0.963
2026-10-01 10:04;7700.0;7643.99;SPXW  261001P07700000;56.8;57.2;delta=-0.971
2026-10-01 10:04;7705.0;7643.99;SPXW  261001P07705000;61.7;62.1;delta=-0.98
2026-10-01 10:04;7710.0;7643.99;SPXW  261001P07710000;66.7;67.1;delta=-0.984
2026-10-01 10:04;7715.0;7643.99;SPXW  261001P07715000;71.7;72.1;delta=-0.985
2026-10-01 10:04;7720.0;7643.99;SPXW  261001P07720000;76.7;77.0;delta=-0.989
2026-10-01 10:04;7725.0;7643.99;SPXW  261001P07725000;81.4;82.2;delta=-0.99
2026-10-01 10:04;7730.0;7643.99;SPXW  261001P07730000;86.4;87.2;delta=-0.99
2026-10-01 10:04;7735.0;7643.99;SPXW  261001P07735000;91.4;92.2;delta=-0.99
2026-10-01 10:04;7740.0;7643.99;SPXW  261001P07740000;96.4;97.2;delta=-0.991
2026-10-01 10:04;7745.0;7643.99;SPXW  261001P07745000;101.1;102.3;delta=-0.993
2026-10-01 10:04;7750.0;7643.99;SPXW  261001P07750000;106.1;107.3;delta=-0.994
2026-10-01 10:04;7755.0;7643.99;SPXW  261001P07755000;111.1;112.3;delta=-0.995
2026-10-01 10:04;7760.0;7643.99;SPXW  261001P07760000;116.2;117.3;delta=-0.995
2026-10-01 10:04;7765.0;7643.99;SPXW  261001P07765000;121.1;122.3;delta=-0.995
2026-10-01 10:04;7770.0;7643.99;SPXW  261001P07770000;126.1;127.3;delta=-0.995
2026-10-01 10:04;7775.0;7643.99;SPXW  261001P07775000;131.2;132.3;delta=-0.995
2026-10-01 10:04;7780.0;7643.99;SPXW  261001P07780000;136.1;137.3;delta=-0.995
2026-10-01 10:04;7785.0;7643.99;SPXW  261001P07785000;141.1;142.3;delta=-0.995
2026-10-01 10:04;7790.0;7643.99;SPXW  261001P07790000;146.1;147.3;delta=-0.996
2026-10-01 10:04;7795.0;7643.99;SPXW  261001P07795000;148.4;155.3;delta=-0.996
2026-10-01 10:04;7800.0;7643.99;SPXW  261001P07800000;156.1;157.4;delta=-0.996
2026-10-01 10:04;7805.0;7643.99;SPXW  261001P07805000;157.5;165.2;delta=-0.996
2026-10-01 10:04;7810.0;7643.99;SPXW  261001P07810000;162.9;170.3;delta=-0.996
2026-10-01 10:04;7815.0;7643.99;SPXW  261001P07815000;167.5;175.2;delta=-0.996
2026-10-01 10:04;7820.0;7643.99;SPXW  261001P07820000;172.5;180.2;delta=-0.996
2026-10-01 10:04;7825.0;7643.99;SPXW  261001P07825000;177.9;185.0;delta=-0.996
2026-10-01 10:04;7830.0;7643.99;SPXW  261001P07830000;186.1;187.3;delta=-0.999
2026-10-01 10:04;7835.0;7643.99;SPXW  261001P07835000;187.5;195.2;delta=-0.999
2026-10-01 10:04;7840.0;7643.99;SPXW  261001P07840000;192.9;200.0;delta=-0.999
2026-10-01 10:04;7845.0;7643.99;SPXW  261001P07845000;194.9;207.4;delta=-0.999
2026-10-01 10:04;7850.0;7643.99;SPXW  261001P07850000;206.1;207.3;delta=-0.999
2026-10-01 10:04;7855.0;7643.99;SPXW  261001P07855000;204.8;218.6;delta=-0.999
2026-10-01 10:04;7860.0;7643.99;SPXW  261001P07860000;209.3;222.6;delta=-0.999
2026-10-01 10:04;7865.0;7643.99;SPXW  261001P07865000;212.6;231.9;delta=-0.999
2026-10-01 10:04;7870.0;7643.99;SPXW  261001P07870000;218.4;234.5;delta=-0.999
2026-10-01 10:04;7875.0;7643.99;SPXW  261001P07875000;223.5;239.3;delta=-0.999
2026-10-01 10:04;7880.0;7643.99;SPXW  261001P07880000;226.6;245.3;delta=-0.999
2026-10-01 10:04;7885.0;7643.99;SPXW  261001P07885000;232.1;249.5;delta=-0.999
2026-10-01 10:04;7890.0;7643.99;SPXW  261001P07890000;236.6;254.5;delta=-0.999
2026-10-01 10:08;7400.0;7646.78;SPXW  261001C07400000;235.7;256.7;delta=0.999
2026-10-01 10:08;7405.0;7646.78;SPXW  261001C07405000;230.7;249.5;delta=0.999
2026-10-01 10:08;7410.0;7646.78;SPXW  261001C07410000;225.7;244.2;delta=0.999
2026-10-01 10:08;7415.0;7646.78;SPXW  261001C07415000;220.7;239.5;delta=0.999
2026-10-01 10:08;7420.0;7646.78;SPXW  261001C07420000;216.3;236.8;delta=0.999
2026-10-01 10:08;7425.0;7646.78;SPXW  261001C07425000;210.7;231.7;delta=0.997
2026-10-01 10:08;7430.0;7646.78;SPXW  261001C07430000;209.6;223.3;delta=0.998
2026-10-01 10:08;7435.0;7646.78;SPXW  261001C07435000;205.2;217.7;delta=0.998
2026-10-01 10:08;7440.0;7646.78;SPXW  261001C07440000;199.9;213.6;delta=0.998
2026-10-01 10:08;7445.0;7646.78;SPXW  261001C07445000;194.9;208.6;delta=0.999
2026-10-01 10:08;7450.0;7646.78;SPXW  261001C07450000;192.5;199.9;delta=0.998
2026-10-01 10:08;7455.0;7646.78;SPXW  261001C07455000;187.5;194.6;delta=0.997
2026-10-01 10:08;7460.0;7646.78;SPXW  261001C07460000;182.5;189.9;delta=0.996
2026-10-01 10:08;7465.0;7646.78;SPXW  261001C07465000;177.5;184.9;delta=0.996
2026-10-01 10:08;7470.0;7646.78;SPXW  261001C07470000;172.5;179.6;delta=0.996
2026-10-01 10:08;7475.0;7646.78;SPXW  261001C07475000;167.5;174.9;delta=0.996
2026-10-01 10:08;7480.0;7646.78;SPXW  261001C07480000;162.5;169.9;delta=0.996
2026-10-01 10:08;7485.0;7646.78;SPXW  261001C07485000;157.5;164.6;delta=0.996
2026-10-01 10:08;7490.0;7646.78;SPXW  261001C07490000;152.5;159.9;delta=0.996
2026-10-01 10:08;7495.0;7646.78;SPXW  261001C07495000;147.5;154.9;delta=0.996
2026-10-01 10:08;7500.0;7646.78;SPXW  261001C07500000;146.0;147.1;delta=0.996
2026-10-01 10:08;7505.0;7646.78;SPXW  261001C07505000;137.5;144.9;delta=0.996
2026-10-01 10:08;7510.0;7646.78;SPXW  261001C07510000;132.5;139.9;delta=0.995
2026-10-01 10:08;7515.0;7646.78;SPXW  261001C07515000;127.5;134.6;delta=0.995
2026-10-01 10:08;7520.0;7646.78;SPXW  261001C07520000;122.8;129.9;delta=0.995
2026-10-01 10:08;7525.0;7646.78;SPXW  261001C07525000;121.0;122.2;delta=0.995
2026-10-01 10:08;7530.0;7646.78;SPXW  261001C07530000;112.5;119.6;delta=0.995
2026-10-01 10:08;7535.0;7646.78;SPXW  261001C07535000;111.1;112.1;delta=0.995
2026-10-01 10:08;7540.0;7646.78;SPXW  261001C07540000;106.1;107.1;delta=0.994
2026-10-01 10:08;7545.0;7646.78;SPXW  261001C07545000;97.5;105.1;delta=0.994
2026-10-01 10:08;7550.0;7646.78;SPXW  261001C07550000;96.3;97.2;delta=0.994
2026-10-01 10:08;7555.0;7646.78;SPXW  261001C07555000;91.3;92.3;delta=0.99
2026-10-01 10:08;7560.0;7646.78;SPXW  261001C07560000;86.4;86.8;delta=0.99
2026-10-01 10:08;7565.0;7646.78;SPXW  261001C07565000;81.4;81.8;delta=0.99
2026-10-01 10:08;7570.0;7646.78;SPXW  261001C07570000;76.5;76.8;delta=0.986
2026-10-01 10:08;7575.0;7646.78;SPXW  261001C07575000;71.5;71.8;delta=0.982
2026-10-01 10:08;7580.0;7646.78;SPXW  261001C07580000;66.5;66.9;delta=0.978
2026-10-01 10:08;7585.0;7646.78;SPXW  261001C07585000;61.6;62.0;delta=0.973
2026-10-01 10:08;7590.0;7646.78;SPXW  261001C07590000;56.7;57.1;delta=0.965
2026-10-01 10:08;7595.0;7646.78;SPXW  261001C07595000;51.8;52.2;delta=0.954
2026-10-01 10:08;7600.0;7646.78;SPXW  261001C07600000;47.0;47.4;delta=0.939
2026-10-01 10:08;7605.0;7646.78;SPXW  261001C07605000;42.4;42.6;delta=0.92
2026-10-01 10:08;7610.0;7646.78;SPXW  261001C07610000;37.7;37.9;delta=0.896
2026-10-01 10:08;7615.0;7646.78;SPXW  261001C07615000;33.2;33.4;delta=0.865
2026-10-01 10:08;7620.0;7646.78;SPXW  261001C07620000;28.9;29.1;delta=0.825
2026-10-01 10:08;7625.0;7646.78;SPXW  261001C07625000;24.7;24.9;delta=0.779
2026-10-01 10:08;7630.0;7646.78;SPXW  261001C07630000;20.8;21.0;delta=0.722
2026-10-01 10:08;7635.0;7646.78;SPXW  261001C07635000;17.2;17.4;delta=0.659
2026-10-01 10:08;7640.0;7646.78;SPXW  261001C07640000;14.0;14.1;delta=0.587
2026-10-01 10:08;7645.0;7646.78;SPXW  261001C07645000;11.1;11.2;delta=0.513
2026-10-01 10:08;7650.0;7646.78;SPXW  261001C07650000;8.6;8.7;delta=0.436
2026-10-01 10:08;7655.0;7646.78;SPXW  261001C07655000;6.5;6.7;delta=0.361
2026-10-01 10:08;7660.0;7646.78;SPXW  261001C07660000;4.9;5.0;delta=0.292
2026-10-01 10:08;7665.0;7646.78;SPXW  261001C07665000;3.5;3.6;delta=0.23
2026-10-01 10:08;7670.0;7646.78;SPXW  261001C07670000;2.55;2.6;delta=0.177
2026-10-01 10:08;7675.0;7646.78;SPXW  261001C07675000;1.8;1.85;delta=0.132
2026-10-01 10:08;7680.0;7646.78;SPXW  261001C07680000;1.25;1.3;delta=0.098
2026-10-01 10:08;7685.0;7646.78;SPXW  261001C07685000;0.85;0.95;delta=0.073
2026-10-01 10:08;7690.0;7646.78;SPXW  261001C07690000;0.6;0.65;delta=0.054
2026-10-01 10:08;7695.0;7646.78;SPXW  261001C07695000;0.45;0.5;delta=0.038
2026-10-01 10:08;7700.0;7646.78;SPXW  261001C07700000;0.3;0.35;delta=0.029
2026-10-01 10:08;7705.0;7646.78;SPXW  261001C07705000;0.25;0.3;delta=0.024
2026-10-01 10:08;7710.0;7646.78;SPXW  261001C07710000;0.2;0.25;delta=0.02
2026-10-01 10:08;7715.0;7646.78;SPXW  261001C07715000;0.15;0.2;delta=0.015
2026-10-01 10:08;7720.0;7646.78;SPXW  261001C07720000;0.1;0.2;delta=0.015
2026-10-01 10:08;7725.0;7646.78;SPXW  261001C07725000;0.1;0.15;delta=0.011
2026-10-01 10:08;7730.0;7646.78;SPXW  261001C07730000;0.1;0.15;delta=0.01
2026-10-01 10:08;7735.0;7646.78;SPXW  261001C07735000;0.1;0.15;delta=0.01
2026-10-01 10:08;7740.0;7646.78;SPXW  261001C07740000;0.1;0.15;delta=0.009
2026-10-01 10:08;7745.0;7646.78;SPXW  261001C07745000;0.05;0.15;delta=0.008
2026-10-01 10:08;7750.0;7646.78;SPXW  261001C07750000;0.05;0.1;delta=0.006
2026-10-01 10:08;7755.0;7646.78;SPXW  261001C07755000;0.05;0.1;delta=0.006
2026-10-01 10:08;7760.0;7646.78;SPXW  261001C07760000;0.05;0.1;delta=0.005
2026-10-01 10:08;7765.0;7646.78;SPXW  261001C07765000;0.05;0.1;delta=0.005
2026-10-01 10:08;7770.0;7646.78;SPXW  261001C07770000;0.05;0.1;delta=0.005
2026-10-01 10:08;7775.0;7646.78;SPXW  261001C07775000;0.05;0.1;delta=0.005
2026-10-01 10:08;7780.0;7646.78;SPXW  261001C07780000;0.05;0.1;delta=0.005
2026-10-01 10:08;7785.0;7646.78;SPXW  261001C07785000;0.05;0.1;delta=0.005
2026-10-01 10:08;7790.0;7646.78;SPXW  261001C07790000;0.05;0.1;delta=0.004
2026-10-01 10:08;7795.0;7646.78;SPXW  261001C07795000;0.05;0.1;delta=0.004
2026-10-01 10:08;7800.0;7646.78;SPXW  261001C07800000;0.05;0.1;delta=0.004
2026-10-01 10:08;7805.0;7646.78;SPXW  261001C07805000;0.05;0.1;delta=0.004
2026-10-01 10:08;7810.0;7646.78;SPXW  261001C07810000;0.05;0.1;delta=0.004
2026-10-01 10:08;7815.0;7646.78;SPXW  261001C07815000;0.05;0.1;delta=0.004
2026-10-01 10:08;7820.0;7646.78;SPXW  261001C07820000;0.05;0.1;delta=0.004
2026-10-01 10:08;7825.0;7646.78;SPXW  261001C07825000;0.05;0.1;delta=0.004
2026-10-01 10:08;7830.0;7646.78;SPXW  261001C07830000;0.0;0.05;delta=0.001
2026-10-01 10:08;7835.0;7646.78;SPXW  261001C07835000;0.0;0.05;delta=0.001
2026-10-01 10:08;7840.0;7646.78;SPXW  261001C07840000;0.0;0.05;delta=0.001
2026-10-01 10:08;7845.0;7646.78;SPXW  261001C07845000;0.0;0.05;delta=0.001
2026-10-01 10:08;7850.0;7646.78;SPXW  261001C07850000;0.0;0.05;delta=0.001
2026-10-01 10:08;7855.0;7646.78;SPXW  261001C07855000;0.0;0.05;delta=0.001
2026-10-01 10:08;7860.0;7646.78;SPXW  261001C07860000;0.0;0.05;delta=0.001
2026-10-01 10:08;7865.0;7646.78;SPXW  261001C07865000;0.0;0.05;delta=0.001
2026-10-01 10:08;7870.0;7646.78;SPXW  261001C07870000;0.0;0.05;delta=0.001
2026-10-01 10:08;7875.0;7646.78;SPXW  261001C07875000;0.0;0.05;delta=0.001
2026-10-01 10:08;7880.0;7646.78;SPXW  261001C07880000;0.0;0.05;delta=0.001
2026-10-01 10:08;7885.0;7646.78;SPXW  261001C07885000;0.0;0.05;delta=0.001
2026-10-01 10:08;7890.0;7646.78;SPXW  261001C07890000;0.0;0.05;delta=0.001
2026-10-01 10:08;7895.0;7646.78;SPXW  261001C07895000;0.0;0.05;delta=0.001
2026-10-01 10:08;7400.0;7646.78;SPXW  261001P07400000;0.0;0.05;delta=-0.001
2026-10-01 10:08;7405.0;7646.78;SPXW  261001P07405000;0.0;0.05;delta=-0.001
2026-10-01 10:08;7410.0;7646.78;SPXW  261001P07410000;0.0;0.05;delta=-0.001
2026-10-01 10:08;7415.0;7646.78;SPXW  261001P07415000;0.0;0.05;delta=-0.001
2026-10-01 10:08;7420.0;7646.78;SPXW  261001P07420000;0.0;0.05;delta=-0.001
2026-10-01 10:08;7425.0;7646.78;SPXW  261001P07425000;0.05;0.1;delta=-0.003
2026-10-01 10:08;7430.0;7646.78;SPXW  261001P07430000;0.0;0.1;delta=-0.002
2026-10-01 10:08;7435.0;7646.78;SPXW  261001P07435000;0.0;0.1;delta=-0.002
2026-10-01 10:08;7440.0;7646.78;SPXW  261001P07440000;0.0;0.1;delta=-0.002
2026-10-01 10:08;7445.0;7646.78;SPXW  261001P07445000;0.0;0.05;delta=-0.001
2026-10-01 10:08;7450.0;7646.78;SPXW  261001P07450000;0.0;0.1;delta=-0.002
2026-10-01 10:08;7455.0;7646.78;SPXW  261001P07455000;0.05;0.1;delta=-0.003
2026-10-01 10:08;7460.0;7646.78;SPXW  261001P07460000;0.05;0.1;delta=-0.003
2026-10-01 10:08;7465.0;7646.78;SPXW  261001P07465000;0.05;0.1;delta=-0.004
2026-10-01 10:08;7470.0;7646.78;SPXW  261001P07470000;0.05;0.1;delta=-0.004
2026-10-01 10:08;7475.0;7646.78;SPXW  261001P07475000;0.05;0.1;delta=-0.004
2026-10-01 10:08;7480.0;7646.78;SPXW  261001P07480000;0.05;0.1;delta=-0.004
2026-10-01 10:08;7485.0;7646.78;SPXW  261001P07485000;0.05;0.1;delta=-0.004
2026-10-01 10:08;7490.0;7646.78;SPXW  261001P07490000;0.05;0.1;delta=-0.004
2026-10-01 10:08;7495.0;7646.78;SPXW  261001P07495000;0.05;0.1;delta=-0.004
2026-10-01 10:08;7500.0;7646.78;SPXW  261001P07500000;0.05;0.1;delta=-0.004
2026-10-01 10:08;7505.0;7646.78;SPXW  261001P07505000;0.05;0.1;delta=-0.004
2026-10-01 10:08;7510.0;7646.78;SPXW  261001P07510000;0.05;0.1;delta=-0.005
2026-10-01 10:08;7515.0;7646.78;SPXW  261001P07515000;0.05;0.1;delta=-0.005
2026-10-01 10:08;7520.0;7646.78;SPXW  261001P07520000;0.05;0.1;delta=-0.005
2026-10-01 10:08;7525.0;7646.78;SPXW  261001P07525000;0.05;0.1;delta=-0.005
2026-10-01 10:08;7530.0;7646.78;SPXW  261001P07530000;0.05;0.1;delta=-0.005
2026-10-01 10:08;7535.0;7646.78;SPXW  261001P07535000;0.05;0.1;delta=-0.005
2026-10-01 10:08;7540.0;7646.78;SPXW  261001P07540000;0.05;0.1;delta=-0.006
2026-10-01 10:08;7545.0;7646.78;SPXW  261001P07545000;0.05;0.1;delta=-0.006
2026-10-01 10:08;7550.0;7646.78;SPXW  261001P07550000;0.05;0.1;delta=-0.006
2026-10-01 10:08;7555.0;7646.78;SPXW  261001P07555000;0.1;0.15;delta=-0.009
2026-10-01 10:08;7560.0;7646.78;SPXW  261001P07560000;0.1;0.15;delta=-0.01
2026-10-01 10:08;7565.0;7646.78;SPXW  261001P07565000;0.1;0.15;delta=-0.01
2026-10-01 10:08;7570.0;7646.78;SPXW  261001P07570000;0.15;0.2;delta=-0.014
2026-10-01 10:08;7575.0;7646.78;SPXW  261001P07575000;0.15;0.25;delta=-0.018
2026-10-01 10:08;7580.0;7646.78;SPXW  261001P07580000;0.2;0.3;delta=-0.021
2026-10-01 10:08;7585.0;7646.78;SPXW  261001P07585000;0.3;0.35;delta=-0.027
2026-10-01 10:08;7590.0;7646.78;SPXW  261001P07590000;0.35;0.45;delta=-0.034
2026-10-01 10:08;7595.0;7646.78;SPXW  261001P07595000;0.5;0.55;delta=-0.043
2026-10-01 10:08;7600.0;7646.78;SPXW  261001P07600000;0.7;0.75;delta=-0.057
2026-10-01 10:08;7605.0;7646.78;SPXW  261001P07605000;0.95;1.0;delta=-0.075
2026-10-01 10:08;7610.0;7646.78;SPXW  261001P07610000;1.3;1.35;delta=-0.098
2026-10-01 10:08;7615.0;7646.78;SPXW  261001P07615000;1.75;1.8;delta=-0.128
2026-10-01 10:08;7620.0;7646.78;SPXW  261001P07620000;2.4;2.45;delta=-0.166
2026-10-01 10:08;7625.0;7646.78;SPXW  261001P07625000;3.2;3.3;delta=-0.211
2026-10-01 10:08;7630.0;7646.78;SPXW  261001P07630000;4.3;4.4;delta=-0.266
2026-10-01 10:08;7635.0;7646.78;SPXW  261001P07635000;5.6;5.8;delta=-0.329
2026-10-01 10:08;7640.0;7646.78;SPXW  261001P07640000;7.3;7.5;delta=-0.399
2026-10-01 10:08;7645.0;7646.78;SPXW  261001P07645000;9.4;9.5;delta=-0.474
2026-10-01 10:08;7650.0;7646.78;SPXW  261001P07650000;11.9;12.0;delta=-0.55
2026-10-01 10:08;7655.0;7646.78;SPXW  261001P07655000;14.7;14.9;delta=-0.625
2026-10-01 10:08;7660.0;7646.78;SPXW  261001P07660000;18.0;18.2;delta=-0.697
2026-10-01 10:08;7665.0;7646.78;SPXW  261001P07665000;21.7;21.9;delta=-0.76
2026-10-01 10:08;7670.0;7646.78;SPXW  261001P07670000;25.6;25.8;delta=-0.815
2026-10-01 10:08;7675.0;7646.78;SPXW  261001P07675000;29.9;30.1;delta=-0.861
2026-10-01 10:08;7680.0;7646.78;SPXW  261001P07680000;34.3;34.5;delta=-0.895
2026-10-01 10:08;7685.0;7646.78;SPXW  261001P07685000;38.7;39.2;delta=-0.923
2026-10-01 10:08;7690.0;7646.78;SPXW  261001P07690000;43.4;44.2;delta=-0.942
2026-10-01 10:08;7695.0;7646.78;SPXW  261001P07695000;48.2;49.0;delta=-0.958
2026-10-01 10:08;7700.0;7646.78;SPXW  261001P07700000;53.1;53.9;delta=-0.97
2026-10-01 10:08;7705.0;7646.78;SPXW  261001P07705000;58.0;58.8;delta=-0.975
2026-10-01 10:08;7710.0;7646.78;SPXW  261001P07710000;63.0;63.8;delta=-0.98
2026-10-01 10:08;7715.0;7646.78;SPXW  261001P07715000;67.9;68.7;delta=-0.984
2026-10-01 10:08;7720.0;7646.78;SPXW  261001P07720000;72.9;73.7;delta=-0.987
2026-10-01 10:08;7725.0;7646.78;SPXW  261001P07725000;77.9;78.7;delta=-0.989
2026-10-01 10:08;7730.0;7646.78;SPXW  261001P07730000;82.9;83.7;delta=-0.99
2026-10-01 10:08;7735.0;7646.78;SPXW  261001P07735000;87.9;88.6;delta=-0.99
2026-10-01 10:08;7740.0;7646.78;SPXW  261001P07740000;92.9;93.6;delta=-0.991
2026-10-01 10:08;7745.0;7646.78;SPXW  261001P07745000;97.9;98.6;delta=-0.992
2026-10-01 10:08;7750.0;7646.78;SPXW  261001P07750000;99.9;104.3;delta=-0.994
2026-10-01 10:08;7755.0;7646.78;SPXW  261001P07755000;104.9;109.3;delta=-0.994
2026-10-01 10:08;7760.0;7646.78;SPXW  261001P07760000;109.9;114.3;delta=-0.995
2026-10-01 10:08;7765.0;7646.78;SPXW  261001P07765000;114.9;119.3;delta=-0.995
2026-10-01 10:08;7770.0;7646.78;SPXW  261001P07770000;119.8;124.4;delta=-0.995
2026-10-01 10:08;7775.0;7646.78;SPXW  261001P07775000;125.2;129.4;delta=-0.995
2026-10-01 10:08;7780.0;7646.78;SPXW  261001P07780000;129.9;134.4;delta=-0.995
2026-10-01 10:08;7785.0;7646.78;SPXW  261001P07785000;135.2;139.4;delta=-0.995
2026-10-01 10:08;7790.0;7646.78;SPXW  261001P07790000;140.2;144.4;delta=-0.996
2026-10-01 10:08;7795.0;7646.78;SPXW  261001P07795000;145.1;152.1;delta=-0.996
2026-10-01 10:08;7800.0;7646.78;SPXW  261001P07800000;150.2;154.4;delta=-0.996
2026-10-01 10:08;7805.0;7646.78;SPXW  261001P07805000;155.5;162.6;delta=-0.996
2026-10-01 10:08;7810.0;7646.78;SPXW  261001P07810000;160.1;167.1;delta=-0.996
2026-10-01 10:08;7815.0;7646.78;SPXW  261001P07815000;165.5;172.6;delta=-0.996
2026-10-01 10:08;7820.0;7646.78;SPXW  261001P07820000;170.5;177.6;delta=-0.996
2026-10-01 10:08;7825.0;7646.78;SPXW  261001P07825000;175.1;182.1;delta=-0.996
2026-10-01 10:08;7830.0;7646.78;SPXW  261001P07830000;182.4;184.4;delta=-0.999
2026-10-01 10:08;7835.0;7646.78;SPXW  261001P07835000;185.2;192.6;delta=-0.999
2026-10-01 10:08;7840.0;7646.78;SPXW  261001P07840000;190.5;197.1;delta=-0.999
2026-10-01 10:08;7845.0;7646.78;SPXW  261001P07845000;195.2;202.3;delta=-0.999
2026-10-01 10:08;7850.0;7646.78;SPXW  261001P07850000;202.4;204.4;delta=-0.999
2026-10-01 10:08;7855.0;7646.78;SPXW  261001P07855000;202.4;214.9;delta=-0.999
2026-10-01 10:08;7860.0;7646.78;SPXW  261001P07860000;207.4;219.9;delta=-0.999
2026-10-01 10:08;7865.0;7646.78;SPXW  261001P07865000;209.1;229.2;delta=-0.999
2026-10-01 10:08;7870.0;7646.78;SPXW  261001P07870000;214.7;233.5;delta=-0.999
2026-10-01 10:08;7875.0;7646.78;SPXW  261001P07875000;219.7;238.5;delta=-0.999
2026-10-01 10:08;7880.0;7646.78;SPXW  261001P07880000;223.9;243.3;delta=-0.999
2026-10-01 10:08;7885.0;7646.78;SPXW  261001P07885000;229.1;248.9;delta=-0.999
2026-10-01 10:08;7890.0;7646.78;SPXW  261001P07890000;233.3;253.3;delta=-0.999
2026-10-01 10:08;7895.0;7646.78;SPXW  261001P07895000;238.9;259.2;delta=-0.999
2026-10-01 10:12;7400.0;7647.52;SPXW  261001C07400000;239.3;257.2;delta=0.999
2026-10-01 10:12;7405.0;7647.52;SPXW  261001C07405000;234.3;249.5;delta=0.999
2026-10-01 10:12;7410.0;7647.52;SPXW  261001C07410000;227.5;247.2;delta=0.999
2026-10-01 10:12;7415.0;7647.52;SPXW  261001C07415000;222.5;239.5;delta=0.999
2026-10-01 10:12;7420.0;7647.52;SPXW  261001C07420000;217.9;237.2;delta=0.999
2026-10-01 10:12;7425.0;7647.52;SPXW  261001C07425000;212.5;232.2;delta=0.999
2026-10-01 10:12;7430.0;7647.52;SPXW  261001C07430000;208.8;227.2;delta=0.998
2026-10-01 10:12;7435.0;7647.52;SPXW  261001C07435000;206.2;219.5;delta=0.998
2026-10-01 10:12;7440.0;7647.52;SPXW  261001C07440000;201.2;214.9;delta=0.998
2026-10-01 10:12;7445.0;7647.52;SPXW  261001C07445000;196.2;209.7;delta=0.998
2026-10-01 10:12;7450.0;7647.52;SPXW  261001C07450000;193.6;201.1;delta=0.998
2026-10-01 10:12;7455.0;7647.52;SPXW  261001C07455000;189.0;196.1;delta=0.997
2026-10-01 10:12;7460.0;7647.52;SPXW  261001C07460000;183.7;191.1;delta=0.996
2026-10-01 10:12;7465.0;7647.52;SPXW  261001C07465000;178.7;186.1;delta=0.996
2026-10-01 10:12;7470.0;7647.52;SPXW  261001C07470000;174.0;181.1;delta=0.996
2026-10-01 10:12;7475.0;7647.52;SPXW  261001C07475000;168.7;176.1;delta=0.996
2026-10-01 10:12;7480.0;7647.52;SPXW  261001C07480000;163.7;171.1;delta=0.996
2026-10-01 10:12;7485.0;7647.52;SPXW  261001C07485000;159.0;166.1;delta=0.996
2026-10-01 10:12;7490.0;7647.52;SPXW  261001C07490000;154.1;161.1;delta=0.996
2026-10-01 10:12;7495.0;7647.52;SPXW  261001C07495000;149.1;156.1;delta=0.996
2026-10-01 10:12;7500.0;7647.52;SPXW  261001C07500000;146.6;147.9;delta=0.996
2026-10-01 10:12;7505.0;7647.52;SPXW  261001C07505000;138.7;146.3;delta=0.996
2026-10-01 10:12;7510.0;7647.52;SPXW  261001C07510000;133.7;141.1;delta=0.995
2026-10-01 10:12;7515.0;7647.52;SPXW  261001C07515000;129.0;136.1;delta=0.995
2026-10-01 10:12;7520.0;7647.52;SPXW  261001C07520000;123.8;131.1;delta=0.995
2026-10-01 10:12;7525.0;7647.52;SPXW  261001C07525000;121.7;122.9;delta=0.995
2026-10-01 10:12;7530.0;7647.52;SPXW  261001C07530000;114.1;121.1;delta=0.995
2026-10-01 10:12;7535.0;7647.52;SPXW  261001C07535000;111.7;112.8;delta=0.995
2026-10-01 10:12;7540.0;7647.52;SPXW  261001C07540000;106.7;107.8;delta=0.994
2026-10-01 10:12;7545.0;7647.52;SPXW  261001C07545000;99.1;106.1;delta=0.994
2026-10-01 10:12;7550.0;7647.52;SPXW  261001C07550000;96.8;97.7;delta=0.994
2026-10-01 10:12;7555.0;7647.52;SPXW  261001C07555000;91.8;92.7;delta=0.991
2026-10-01 10:12;7560.0;7647.52;SPXW  261001C07560000;87.2;87.7;delta=0.99
2026-10-01 10:12;7565.0;7647.52;SPXW  261001C07565000;82.2;82.7;delta=0.99
2026-10-01 10:12;7570.0;7647.52;SPXW  261001C07570000;77.2;77.7;delta=0.986
2026-10-01 10:12;7575.0;7647.52;SPXW  261001C07575000;72.2;72.8;delta=0.985
2026-10-01 10:12;7580.0;7647.52;SPXW  261001C07580000;67.3;67.8;delta=0.981
2026-10-01 10:12;7585.0;7647.52;SPXW  261001C07585000;62.4;62.9;delta=0.977
2026-10-01 10:12;7590.0;7647.52;SPXW  261001C07590000;57.4;57.9;delta=0.969
2026-10-01 10:12;7595.0;7647.52;SPXW  261001C07595000;52.6;53.0;delta=0.96
2026-10-01 10:12;7600.0;7647.52;SPXW  261001C07600000;47.7;48.2;delta=0.949
2026-10-01 10:12;7605.0;7647.52;SPXW  261001C07605000;43.0;43.2;delta=0.931
2026-10-01 10:12;7610.0;7647.52;SPXW  261001C07610000;38.3;38.5;delta=0.907
2026-10-01 10:12;7615.0;7647.52;SPXW  261001C07615000;33.8;34.0;delta=0.878
2026-10-01 10:12;7620.0;7647.52;SPXW  261001C07620000;29.4;29.6;delta=0.84
2026-10-01 10:12;7625.0;7647.52;SPXW  261001C07625000;25.2;25.4;delta=0.797
2026-10-01 10:12;7630.0;7647.52;SPXW  261001C07630000;21.3;21.5;delta=0.741
2026-10-01 10:12;7635.0;7647.52;SPXW  261001C07635000;17.6;17.8;delta=0.678
2026-10-01 10:12;7640.0;7647.52;SPXW  261001C07640000;14.3;14.5;delta=0.608
2026-10-01 10:12;7645.0;7647.52;SPXW  261001C07645000;11.3;11.5;delta=0.533
2026-10-01 10:12;7650.0;7647.52;SPXW  261001C07650000;8.8;8.9;delta=0.455
2026-10-01 10:12;7655.0;7647.52;SPXW  261001C07655000;6.7;6.8;delta=0.378
2026-10-01 10:12;7660.0;7647.52;SPXW  261001C07660000;4.9;5.0;delta=0.306
2026-10-01 10:12;7665.0;7647.52;SPXW  261001C07665000;3.6;3.7;delta=0.241
2026-10-01 10:12;7670.0;7647.52;SPXW  261001C07670000;2.55;2.6;delta=0.185
2026-10-01 10:12;7675.0;7647.52;SPXW  261001C07675000;1.8;1.85;delta=0.14
2026-10-01 10:12;7680.0;7647.52;SPXW  261001C07680000;1.25;1.3;delta=0.102
2026-10-01 10:12;7685.0;7647.52;SPXW  261001C07685000;0.85;0.9;delta=0.075
2026-10-01 10:12;7690.0;7647.52;SPXW  261001C07690000;0.6;0.65;delta=0.055
2026-10-01 10:12;7695.0;7647.52;SPXW  261001C07695000;0.4;0.45;delta=0.039
2026-10-01 10:12;7700.0;7647.52;SPXW  261001C07700000;0.3;0.35;delta=0.03
2026-10-01 10:12;7705.0;7647.52;SPXW  261001C07705000;0.2;0.3;delta=0.023
2026-10-01 10:12;7710.0;7647.52;SPXW  261001C07710000;0.15;0.25;delta=0.018
2026-10-01 10:12;7715.0;7647.52;SPXW  261001C07715000;0.15;0.2;delta=0.016
2026-10-01 10:12;7720.0;7647.52;SPXW  261001C07720000;0.1;0.2;delta=0.011
2026-10-01 10:12;7725.0;7647.52;SPXW  261001C07725000;0.1;0.15;delta=0.011
2026-10-01 10:12;7730.0;7647.52;SPXW  261001C07730000;0.1;0.15;delta=0.01
2026-10-01 10:12;7735.0;7647.52;SPXW  261001C07735000;0.1;0.15;delta=0.01
2026-10-01 10:12;7740.0;7647.52;SPXW  261001C07740000;0.05;0.15;delta=0.008
2026-10-01 10:12;7745.0;7647.52;SPXW  261001C07745000;0.05;0.15;delta=0.008
2026-10-01 10:12;7750.0;7647.52;SPXW  261001C07750000;0.05;0.1;delta=0.006
2026-10-01 10:12;7755.0;7647.52;SPXW  261001C07755000;0.05;0.1;delta=0.006
2026-10-01 10:12;7760.0;7647.52;SPXW  261001C07760000;0.05;0.1;delta=0.005
2026-10-01 10:12;7765.0;7647.52;SPXW  261001C07765000;0.05;0.1;delta=0.005
2026-10-01 10:12;7770.0;7647.52;SPXW  261001C07770000;0.05;0.1;delta=0.005
2026-10-01 10:12;7775.0;7647.52;SPXW  261001C07775000;0.05;0.1;delta=0.005
2026-10-01 10:12;7780.0;7647.52;SPXW  261001C07780000;0.05;0.1;delta=0.005
2026-10-01 10:12;7785.0;7647.52;SPXW  261001C07785000;0.05;0.1;delta=0.005
2026-10-01 10:12;7790.0;7647.52;SPXW  261001C07790000;0.05;0.1;delta=0.004
2026-10-01 10:12;7795.0;7647.52;SPXW  261001C07795000;0.05;0.1;delta=0.004
2026-10-01 10:12;7800.0;7647.52;SPXW  261001C07800000;0.05;0.1;delta=0.004
2026-10-01 10:12;7805.0;7647.52;SPXW  261001C07805000;0.05;0.1;delta=0.004
2026-10-01 10:12;7810.0;7647.52;SPXW  261001C07810000;0.05;0.1;delta=0.004
2026-10-01 10:12;7815.0;7647.52;SPXW  261001C07815000;0.0;0.1;delta=0.003
2026-10-01 10:12;7820.0;7647.52;SPXW  261001C07820000;0.0;0.1;delta=0.003
2026-10-01 10:12;7825.0;7647.52;SPXW  261001C07825000;0.0;0.05;delta=0.001
2026-10-01 10:12;7830.0;7647.52;SPXW  261001C07830000;0.0;0.05;delta=0.001
2026-10-01 10:12;7835.0;7647.52;SPXW  261001C07835000;0.0;0.05;delta=0.001
2026-10-01 10:12;7840.0;7647.52;SPXW  261001C07840000;0.0;0.05;delta=0.001
2026-10-01 10:12;7845.0;7647.52;SPXW  261001C07845000;0.0;0.05;delta=0.001
2026-10-01 10:12;7850.0;7647.52;SPXW  261001C07850000;0.0;0.05;delta=0.001
2026-10-01 10:12;7855.0;7647.52;SPXW  261001C07855000;0.0;0.05;delta=0.001
2026-10-01 10:12;7860.0;7647.52;SPXW  261001C07860000;0.0;0.05;delta=0.001
2026-10-01 10:12;7865.0;7647.52;SPXW  261001C07865000;0.0;0.05;delta=0.001
2026-10-01 10:12;7870.0;7647.52;SPXW  261001C07870000;0.0;0.05;delta=0.001
2026-10-01 10:12;7875.0;7647.52;SPXW  261001C07875000;0.0;0.05;delta=0.001
2026-10-01 10:12;7880.0;7647.52;SPXW  261001C07880000;0.0;0.05;delta=0.001
2026-10-01 10:12;7885.0;7647.52;SPXW  261001C07885000;0.0;0.05;delta=0.001
2026-10-01 10:12;7890.0;7647.52;SPXW  261001C07890000;0.0;0.05;delta=0.001
2026-10-01 10:12;7895.0;7647.52;SPXW  261001C07895000;0.0;0.05;delta=0.001
2026-10-01 10:12;7400.0;7647.52;SPXW  261001P07400000;0.0;0.05;delta=-0.001
2026-10-01 10:12;7405.0;7647.52;SPXW  261001P07405000;0.0;0.05;delta=-0.001
2026-10-01 10:12;7410.0;7647.52;SPXW  261001P07410000;0.0;0.05;delta=-0.001
2026-10-01 10:12;7415.0;7647.52;SPXW  261001P07415000;0.0;0.05;delta=-0.001
2026-10-01 10:12;7420.0;7647.52;SPXW  261001P07420000;0.0;0.05;delta=-0.001
2026-10-01 10:12;7425.0;7647.52;SPXW  261001P07425000;0.0;0.05;delta=-0.001
2026-10-01 10:12;7430.0;7647.52;SPXW  261001P07430000;0.05;0.1;delta=-0.002
2026-10-01 10:12;7435.0;7647.52;SPXW  261001P07435000;0.05;0.1;delta=-0.002
2026-10-01 10:12;7440.0;7647.52;SPXW  261001P07440000;0.05;0.1;delta=-0.002
2026-10-01 10:12;7445.0;7647.52;SPXW  261001P07445000;0.05;0.1;delta=-0.002
2026-10-01 10:12;7450.0;7647.52;SPXW  261001P07450000;0.05;0.1;delta=-0.002
2026-10-01 10:12;7455.0;7647.52;SPXW  261001P07455000;0.05;0.1;delta=-0.003
2026-10-01 10:12;7460.0;7647.52;SPXW  261001P07460000;0.05;0.1;delta=-0.003
2026-10-01 10:12;7465.0;7647.52;SPXW  261001P07465000;0.05;0.1;delta=-0.004
2026-10-01 10:12;7470.0;7647.52;SPXW  261001P07470000;0.05;0.1;delta=-0.004
2026-10-01 10:12;7475.0;7647.52;SPXW  261001P07475000;0.05;0.1;delta=-0.004
2026-10-01 10:12;7480.0;7647.52;SPXW  261001P07480000;0.05;0.1;delta=-0.004
2026-10-01 10:12;7485.0;7647.52;SPXW  261001P07485000;0.05;0.1;delta=-0.004
2026-10-01 10:12;7490.0;7647.52;SPXW  261001P07490000;0.05;0.1;delta=-0.004
2026-10-01 10:12;7495.0;7647.52;SPXW  261001P07495000;0.05;0.1;delta=-0.004
2026-10-01 10:12;7500.0;7647.52;SPXW  261001P07500000;0.05;0.1;delta=-0.004
2026-10-01 10:12;7505.0;7647.52;SPXW  261001P07505000;0.05;0.1;delta=-0.004
2026-10-01 10:12;7510.0;7647.52;SPXW  261001P07510000;0.05;0.1;delta=-0.005
2026-10-01 10:12;7515.0;7647.52;SPXW  261001P07515000;0.05;0.1;delta=-0.005
2026-10-01 10:12;7520.0;7647.52;SPXW  261001P07520000;0.05;0.1;delta=-0.005
2026-10-01 10:12;7525.0;7647.52;SPXW  261001P07525000;0.05;0.1;delta=-0.005
2026-10-01 10:12;7530.0;7647.52;SPXW  261001P07530000;0.05;0.1;delta=-0.005
2026-10-01 10:12;7535.0;7647.52;SPXW  261001P07535000;0.05;0.1;delta=-0.005
2026-10-01 10:12;7540.0;7647.52;SPXW  261001P07540000;0.05;0.1;delta=-0.006
2026-10-01 10:12;7545.0;7647.52;SPXW  261001P07545000;0.05;0.1;delta=-0.006
2026-10-01 10:12;7550.0;7647.52;SPXW  261001P07550000;0.05;0.1;delta=-0.006
2026-10-01 10:12;7555.0;7647.52;SPXW  261001P07555000;0.1;0.15;delta=-0.009
2026-10-01 10:12;7560.0;7647.52;SPXW  261001P07560000;0.1;0.15;delta=-0.01
2026-10-01 10:12;7565.0;7647.52;SPXW  261001P07565000;0.1;0.15;delta=-0.01
2026-10-01 10:12;7570.0;7647.52;SPXW  261001P07570000;0.15;0.2;delta=-0.014
2026-10-01 10:12;7575.0;7647.52;SPXW  261001P07575000;0.15;0.2;delta=-0.015
2026-10-01 10:12;7580.0;7647.52;SPXW  261001P07580000;0.2;0.25;delta=-0.019
2026-10-01 10:12;7585.0;7647.52;SPXW  261001P07585000;0.25;0.3;delta=-0.023
2026-10-01 10:12;7590.0;7647.52;SPXW  261001P07590000;0.35;0.4;delta=-0.031
2026-10-01 10:12;7595.0;7647.52;SPXW  261001P07595000;0.45;0.5;delta=-0.04
2026-10-01 10:12;7600.0;7647.52;SPXW  261001P07600000;0.6;0.65;delta=-0.051
2026-10-01 10:12;7605.0;7647.52;SPXW  261001P07605000;0.85;0.9;delta=-0.069
2026-10-01 10:12;7610.0;7647.52;SPXW  261001P07610000;1.2;1.25;delta=-0.093
2026-10-01 10:12;7615.0;7647.52;SPXW  261001P07615000;1.65;1.7;delta=-0.122
2026-10-01 10:12;7620.0;7647.52;SPXW  261001P07620000;2.25;2.3;delta=-0.16
2026-10-01 10:12;7625.0;7647.52;SPXW  261001P07625000;3.0;3.1;delta=-0.205
2026-10-01 10:12;7630.0;7647.52;SPXW  261001P07630000;4.1;4.2;delta=-0.259
2026-10-01 10:12;7635.0;7647.52;SPXW  261001P07635000;5.4;5.5;delta=-0.322
2026-10-01 10:12;7640.0;7647.52;SPXW  261001P07640000;7.1;7.2;delta=-0.392
2026-10-01 10:12;7645.0;7647.52;SPXW  261001P07645000;9.1;9.3;delta=-0.467
2026-10-01 10:12;7650.0;7647.52;SPXW  261001P07650000;11.6;11.7;delta=-0.545
2026-10-01 10:12;7655.0;7647.52;SPXW  261001P07655000;14.4;14.6;delta=-0.622
2026-10-01 10:12;7660.0;7647.52;SPXW  261001P07660000;17.7;17.9;delta=-0.694
2026-10-01 10:12;7665.0;7647.52;SPXW  261001P07665000;21.3;21.5;delta=-0.758
2026-10-01 10:12;7670.0;7647.52;SPXW  261001P07670000;25.3;25.5;delta=-0.815
2026-10-01 10:12;7675.0;7647.52;SPXW  261001P07675000;29.5;29.7;delta=-0.86
2026-10-01 10:12;7680.0;7647.52;SPXW  261001P07680000;33.9;34.2;delta=-0.898
2026-10-01 10:12;7685.0;7647.52;SPXW  261001P07685000;38.5;38.8;delta=-0.925
2026-10-01 10:12;7690.0;7647.52;SPXW  261001P07690000;43.2;43.6;delta=-0.945
2026-10-01 10:12;7695.0;7647.52;SPXW  261001P07695000;48.1;48.4;delta=-0.961
2026-10-01 10:12;7700.0;7647.52;SPXW  261001P07700000;52.9;53.3;delta=-0.97
2026-10-01 10:12;7705.0;7647.52;SPXW  261001P07705000;57.9;58.2;delta=-0.975
2026-10-01 10:12;7710.0;7647.52;SPXW  261001P07710000;62.8;63.2;delta=-0.982
2026-10-01 10:12;7715.0;7647.52;SPXW  261001P07715000;67.8;68.1;delta=-0.984
2026-10-01 10:12;7720.0;7647.52;SPXW  261001P07720000;72.8;73.1;delta=-0.988
2026-10-01 10:12;7725.0;7647.52;SPXW  261001P07725000;77.7;78.1;delta=-0.989
2026-10-01 10:12;7730.0;7647.52;SPXW  261001P07730000;82.5;83.3;delta=-0.99
2026-10-01 10:12;7735.0;7647.52;SPXW  261001P07735000;87.5;88.3;delta=-0.99
2026-10-01 10:12;7740.0;7647.52;SPXW  261001P07740000;92.5;93.3;delta=-0.992
2026-10-01 10:12;7745.0;7647.52;SPXW  261001P07745000;97.5;98.3;delta=-0.992
2026-10-01 10:12;7750.0;7647.52;SPXW  261001P07750000;102.4;103.5;delta=-0.994
2026-10-01 10:12;7755.0;7647.52;SPXW  261001P07755000;107.3;108.5;delta=-0.994
2026-10-01 10:12;7760.0;7647.52;SPXW  261001P07760000;112.3;113.4;delta=-0.995
2026-10-01 10:12;7765.0;7647.52;SPXW  261001P07765000;117.3;118.4;delta=-0.995
2026-10-01 10:12;7770.0;7647.52;SPXW  261001P07770000;122.3;123.4;delta=-0.995
2026-10-01 10:12;7775.0;7647.52;SPXW  261001P07775000;127.3;128.4;delta=-0.995
2026-10-01 10:12;7780.0;7647.52;SPXW  261001P07780000;132.3;133.4;delta=-0.995
2026-10-01 10:12;7785.0;7647.52;SPXW  261001P07785000;137.3;138.4;delta=-0.995
2026-10-01 10:12;7790.0;7647.52;SPXW  261001P07790000;142.3;143.4;delta=-0.995
2026-10-01 10:12;7795.0;7647.52;SPXW  261001P07795000;143.8;151.1;delta=-0.996
2026-10-01 10:12;7800.0;7647.52;SPXW  261001P07800000;152.2;153.4;delta=-0.996
2026-10-01 10:12;7805.0;7647.52;SPXW  261001P07805000;153.8;161.5;delta=-0.996
2026-10-01 10:12;7810.0;7647.52;SPXW  261001P07810000;158.8;166.1;delta=-0.996
2026-10-01 10:12;7815.0;7647.52;SPXW  261001P07815000;164.0;171.5;delta=-0.997
2026-10-01 10:12;7820.0;7647.52;SPXW  261001P07820000;168.8;176.5;delta=-0.997
2026-10-01 10:12;7825.0;7647.52;SPXW  261001P07825000;174.0;181.1;delta=-0.998
2026-10-01 10:12;7830.0;7647.52;SPXW  261001P07830000;182.2;183.4;delta=-0.998
2026-10-01 10:12;7835.0;7647.52;SPXW  261001P07835000;184.0;191.0;delta=-0.998
2026-10-01 10:12;7840.0;7647.52;SPXW  261001P07840000;189.0;196.1;delta=-0.999
2026-10-01 10:12;7845.0;7647.52;SPXW  261001P07845000;194.0;201.4;delta=-0.999
2026-10-01 10:12;7850.0;7647.52;SPXW  261001P07850000;202.2;203.4;delta=-0.999
2026-10-01 10:12;7855.0;7647.52;SPXW  261001P07855000;200.1;213.8;delta=-0.999
2026-10-01 10:12;7860.0;7647.52;SPXW  261001P07860000;205.8;219.5;delta=-0.999
2026-10-01 10:12;7865.0;7647.52;SPXW  261001P07865000;207.9;227.5;delta=-0.999
2026-10-01 10:12;7870.0;7647.52;SPXW  261001P07870000;212.9;231.7;delta=-0.999
2026-10-01 10:12;7875.0;7647.52;SPXW  261001P07875000;217.9;236.7;delta=-0.999
2026-10-01 10:12;7880.0;7647.52;SPXW  261001P07880000;222.9;241.7;delta=-0.999
2026-10-01 10:12;7885.0;7647.52;SPXW  261001P07885000;227.9;247.5;delta=-0.999
2026-10-01 10:12;7890.0;7647.52;SPXW  261001P07890000;232.9;252.5;delta=-0.999
2026-10-01 10:12;7895.0;7647.52;SPXW  261001P07895000;237.9;257.5;delta=-0.999
2026-10-01 10:16;7400.0;7649.79;SPXW  261001C07400000;239.3;257.8;delta=0.999
2026-10-01 10:16;7405.0;7649.79;SPXW  261001C07405000;234.3;255.1;delta=0.999
2026-10-01 10:16;7410.0;7649.79;SPXW  261001C07410000;229.3;250.1;delta=0.999
2026-10-01 10:16;7415.0;7649.79;SPXW  261001C07415000;224.3;245.1;delta=0.998
2026-10-01 10:16;7420.0;7649.79;SPXW  261001C07420000;219.7;239.9;delta=0.998
2026-10-01 10:16;7425.0;7649.79;SPXW  261001C07425000;214.3;234.6;delta=0.998
2026-10-01 10:16;7430.0;7649.79;SPXW  261001C07430000;209.3;229.6;delta=0.998
2026-10-01 10:16;7435.0;7649.79;SPXW  261001C07435000;207.7;221.4;delta=0.998
2026-10-01 10:16;7440.0;7649.79;SPXW  261001C07440000;203.1;216.1;delta=0.998
2026-10-01 10:16;7445.0;7649.79;SPXW  261001C07445000;198.1;211.1;delta=0.998
2026-10-01 10:16;7450.0;7649.79;SPXW  261001C07450000;195.7;203.0;delta=0.998
2026-10-01 10:16;7455.0;7649.79;SPXW  261001C07455000;190.5;197.6;delta=0.998
2026-10-01 10:16;7460.0;7649.79;SPXW  261001C07460000;185.1;193.0;delta=0.997
2026-10-01 10:16;7465.0;7649.79;SPXW  261001C07465000;180.1;188.0;delta=0.997
2026-10-01 10:16;7470.0;7649.79;SPXW  261001C07470000;175.5;182.6;delta=0.997
2026-10-01 10:16;7475.0;7649.79;SPXW  261001C07475000;170.2;177.8;delta=0.996
2026-10-01 10:16;7480.0;7649.79;SPXW  261001C07480000;165.2;172.8;delta=0.996
2026-10-01 10:16;7485.0;7649.79;SPXW  261001C07485000;160.5;167.7;delta=0.996
2026-10-01 10:16;7490.0;7649.79;SPXW  261001C07490000;155.3;162.8;delta=0.996
2026-10-01 10:16;7495.0;7649.79;SPXW  261001C07495000;150.3;157.8;delta=0.996
2026-10-01 10:16;7500.0;7649.79;SPXW  261001C07500000;149.0;150.1;delta=0.996
2026-10-01 10:16;7505.0;7649.79;SPXW  261001C07505000;140.3;147.8;delta=0.996
2026-10-01 10:16;7510.0;7649.79;SPXW  261001C07510000;135.6;142.8;delta=0.995
2026-10-01 10:16;7515.0;7649.79;SPXW  261001C07515000;130.5;137.6;delta=0.995
2026-10-01 10:16;7520.0;7649.79;SPXW  261001C07520000;125.3;132.8;delta=0.995
2026-10-01 10:16;7525.0;7649.79;SPXW  261001C07525000;124.0;125.1;delta=0.995
2026-10-01 10:16;7530.0;7649.79;SPXW  261001C07530000;115.5;122.7;delta=0.995
2026-10-01 10:16;7535.0;7649.79;SPXW  261001C07535000;114.0;115.1;delta=0.995
2026-10-01 10:16;7540.0;7649.79;SPXW  261001C07540000;109.0;110.1;delta=0.994
2026-10-01 10:16;7545.0;7649.79;SPXW  261001C07545000;100.6;107.6;delta=0.994
2026-10-01 10:16;7550.0;7649.79;SPXW  261001C07550000;99.1;100.0;delta=0.994
2026-10-01 10:16;7555.0;7649.79;SPXW  261001C07555000;94.2;95.0;delta=0.994
2026-10-01 10:16;7560.0;7649.79;SPXW  261001C07560000;89.4;89.8;delta=0.99
2026-10-01 10:16;7565.0;7649.79;SPXW  261001C07565000;84.5;84.8;delta=0.99
2026-10-01 10:16;7570.0;7649.79;SPXW  261001C07570000;79.5;79.8;delta=0.989
2026-10-01 10:16;7575.0;7649.79;SPXW  261001C07575000;74.5;74.8;delta=0.985
2026-10-01 10:16;7580.0;7649.79;SPXW  261001C07580000;69.5;69.9;delta=0.983
2026-10-01 10:16;7585.0;7649.79;SPXW  261001C07585000;64.6;64.9;delta=0.979
2026-10-01 10:16;7590.0;7649.79;SPXW  261001C07590000;59.6;60.0;delta=0.972
2026-10-01 10:16;7595.0;7649.79;SPXW  261001C07595000;54.7;55.1;delta=0.964
2026-10-01 10:16;7600.0;7649.79;SPXW  261001C07600000;49.9;50.2;delta=0.953
2026-10-01 10:16;7605.0;7649.79;SPXW  261001C07605000;45.1;45.4;delta=0.938
2026-10-01 10:16;7610.0;7649.79;SPXW  261001C07610000;40.4;40.6;delta=0.919
2026-10-01 10:16;7615.0;7649.79;SPXW  261001C07615000;35.8;36.0;delta=0.892
2026-10-01 10:16;7620.0;7649.79;SPXW  261001C07620000;31.3;31.5;delta=0.857
2026-10-01 10:16;7625.0;7649.79;SPXW  261001C07625000;27.0;27.2;delta=0.815
2026-10-01 10:16;7630.0;7649.79;SPXW  261001C07630000;22.9;23.1;delta=0.764
2026-10-01 10:16;7635.0;7649.79;SPXW  261001C07635000;19.1;19.3;delta=0.704
2026-10-01 10:16;7640.0;7649.79;SPXW  261001C07640000;15.6;15.8;delta=0.635
2026-10-01 10:16;7645.0;7649.79;SPXW  261001C07645000;12.5;12.6;delta=0.56
2026-10-01 10:16;7650.0;7649.79;SPXW  261001C07650000;9.8;9.9;delta=0.482
2026-10-01 10:16;7655.0;7649.79;SPXW  261001C07655000;7.5;7.6;delta=0.404
2026-10-01 10:16;7660.0;7649.79;SPXW  261001C07660000;5.6;5.7;delta=0.33
2026-10-01 10:16;7665.0;7649.79;SPXW  261001C07665000;4.1;4.2;delta=0.262
2026-10-01 10:16;7670.0;7649.79;SPXW  261001C07670000;2.95;3.0;delta=0.202
2026-10-01 10:16;7675.0;7649.79;SPXW  261001C07675000;2.1;2.15;delta=0.153
2026-10-01 10:16;7680.0;7649.79;SPXW  261001C07680000;1.45;1.5;delta=0.114
2026-10-01 10:16;7685.0;7649.79;SPXW  261001C07685000;1.0;1.05;delta=0.082
2026-10-01 10:16;7690.0;7649.79;SPXW  261001C07690000;0.7;0.75;delta=0.06
2026-10-01 10:16;7695.0;7649.79;SPXW  261001C07695000;0.5;0.55;delta=0.043
2026-10-01 10:16;7700.0;7649.79;SPXW  261001C07700000;0.35;0.4;delta=0.034
2026-10-01 10:16;7705.0;7649.79;SPXW  261001C07705000;0.25;0.3;delta=0.025
2026-10-01 10:16;7710.0;7649.79;SPXW  261001C07710000;0.2;0.25;delta=0.021
2026-10-01 10:16;7715.0;7649.79;SPXW  261001C07715000;0.15;0.2;delta=0.016
2026-10-01 10:16;7720.0;7649.79;SPXW  261001C07720000;0.1;0.2;delta=0.012
2026-10-01 10:16;7725.0;7649.79;SPXW  261001C07725000;0.1;0.15;delta=0.011
2026-10-01 10:16;7730.0;7649.79;SPXW  261001C07730000;0.1;0.15;delta=0.011
2026-10-01 10:16;7735.0;7649.79;SPXW  261001C07735000;0.05;0.15;delta=0.008
2026-10-01 10:16;7740.0;7649.79;SPXW  261001C07740000;0.05;0.1;delta=0.008
2026-10-01 10:16;7745.0;7649.79;SPXW  261001C07745000;0.05;0.1;delta=0.006
2026-10-01 10:16;7750.0;7649.79;SPXW  261001C07750000;0.05;0.1;delta=0.006
2026-10-01 10:16;7755.0;7649.79;SPXW  261001C07755000;0.05;0.1;delta=0.006
2026-10-01 10:16;7760.0;7649.79;SPXW  261001C07760000;0.05;0.1;delta=0.005
2026-10-01 10:16;7765.0;7649.79;SPXW  261001C07765000;0.05;0.1;delta=0.005
2026-10-01 10:16;7770.0;7649.79;SPXW  261001C07770000;0.05;0.1;delta=0.005
2026-10-01 10:16;7775.0;7649.79;SPXW  261001C07775000;0.05;0.1;delta=0.005
2026-10-01 10:16;7780.0;7649.79;SPXW  261001C07780000;0.05;0.1;delta=0.005
2026-10-01 10:16;7785.0;7649.79;SPXW  261001C07785000;0.05;0.1;delta=0.005
2026-10-01 10:16;7790.0;7649.79;SPXW  261001C07790000;0.05;0.1;delta=0.004
2026-10-01 10:16;7795.0;7649.79;SPXW  261001C07795000;0.05;0.1;delta=0.004
2026-10-01 10:16;7800.0;7649.79;SPXW  261001C07800000;0.05;0.1;delta=0.004
2026-10-01 10:16;7805.0;7649.79;SPXW  261001C07805000;0.05;0.1;delta=0.004
2026-10-01 10:16;7810.0;7649.79;SPXW  261001C07810000;0.05;0.1;delta=0.004
2026-10-01 10:16;7815.0;7649.79;SPXW  261001C07815000;0.0;0.1;delta=0.003
2026-10-01 10:16;7820.0;7649.79;SPXW  261001C07820000;0.0;0.1;delta=0.002
2026-10-01 10:16;7825.0;7649.79;SPXW  261001C07825000;0.0;0.05;delta=0.001
2026-10-01 10:16;7830.0;7649.79;SPXW  261001C07830000;0.0;0.05;delta=0.001
2026-10-01 10:16;7835.0;7649.79;SPXW  261001C07835000;0.0;0.05;delta=0.001
2026-10-01 10:16;7840.0;7649.79;SPXW  261001C07840000;0.0;0.05;delta=0.001
2026-10-01 10:16;7845.0;7649.79;SPXW  261001C07845000;0.0;0.05;delta=0.001
2026-10-01 10:16;7850.0;7649.79;SPXW  261001C07850000;0.0;0.05;delta=0.001
2026-10-01 10:16;7855.0;7649.79;SPXW  261001C07855000;0.0;0.05;delta=0.001
2026-10-01 10:16;7860.0;7649.79;SPXW  261001C07860000;0.0;0.05;delta=0.001
2026-10-01 10:16;7865.0;7649.79;SPXW  261001C07865000;0.0;0.05;delta=0.001
2026-10-01 10:16;7870.0;7649.79;SPXW  261001C07870000;0.0;0.05;delta=0.001
2026-10-01 10:16;7875.0;7649.79;SPXW  261001C07875000;0.0;0.05;delta=0.001
2026-10-01 10:16;7880.0;7649.79;SPXW  261001C07880000;0.0;0.05;delta=0.001
2026-10-01 10:16;7885.0;7649.79;SPXW  261001C07885000;0.0;0.05;delta=0.001
2026-10-01 10:16;7890.0;7649.79;SPXW  261001C07890000;0.0;0.05;delta=0.001
2026-10-01 10:16;7895.0;7649.79;SPXW  261001C07895000;0.0;0.05;delta=0.001
2026-10-01 10:16;7405.0;7649.79;SPXW  261001P07405000;0.0;0.05;delta=-0.001
2026-10-01 10:16;7410.0;7649.79;SPXW  261001P07410000;0.0;0.05;delta=-0.001
2026-10-01 10:16;7415.0;7649.79;SPXW  261001P07415000;0.0;0.1;delta=-0.002
2026-10-01 10:16;7420.0;7649.79;SPXW  261001P07420000;0.0;0.1;delta=-0.002
2026-10-01 10:16;7425.0;7649.79;SPXW  261001P07425000;0.0;0.1;delta=-0.002
2026-10-01 10:16;7430.0;7649.79;SPXW  261001P07430000;0.0;0.1;delta=-0.002
2026-10-01 10:16;7435.0;7649.79;SPXW  261001P07435000;0.0;0.1;delta=-0.002
2026-10-01 10:16;7440.0;7649.79;SPXW  261001P07440000;0.0;0.1;delta=-0.002
2026-10-01 10:16;7445.0;7649.79;SPXW  261001P07445000;0.0;0.1;delta=-0.002
2026-10-01 10:16;7450.0;7649.79;SPXW  261001P07450000;0.0;0.1;delta=-0.002
2026-10-01 10:16;7455.0;7649.79;SPXW  261001P07455000;0.0;0.05;delta=-0.001
2026-10-01 10:16;7460.0;7649.79;SPXW  261001P07460000;0.0;0.1;delta=-0.002
2026-10-01 10:16;7465.0;7649.79;SPXW  261001P07465000;0.0;0.1;delta=-0.003
2026-10-01 10:16;7470.0;7649.79;SPXW  261001P07470000;0.0;0.1;delta=-0.003
2026-10-01 10:16;7475.0;7649.79;SPXW  261001P07475000;0.05;0.1;delta=-0.004
2026-10-01 10:16;7480.0;7649.79;SPXW  261001P07480000;0.05;0.1;delta=-0.004
2026-10-01 10:16;7485.0;7649.79;SPXW  261001P07485000;0.05;0.1;delta=-0.004
2026-10-01 10:16;7490.0;7649.79;SPXW  261001P07490000;0.05;0.1;delta=-0.004
2026-10-01 10:16;7495.0;7649.79;SPXW  261001P07495000;0.05;0.1;delta=-0.004
2026-10-01 10:16;7500.0;7649.79;SPXW  261001P07500000;0.05;0.1;delta=-0.004
2026-10-01 10:16;7505.0;7649.79;SPXW  261001P07505000;0.05;0.1;delta=-0.004
2026-10-01 10:16;7510.0;7649.79;SPXW  261001P07510000;0.05;0.1;delta=-0.004
2026-10-01 10:16;7515.0;7649.79;SPXW  261001P07515000;0.05;0.1;delta=-0.005
2026-10-01 10:16;7520.0;7649.79;SPXW  261001P07520000;0.05;0.1;delta=-0.005
2026-10-01 10:16;7525.0;7649.79;SPXW  261001P07525000;0.05;0.1;delta=-0.005
2026-10-01 10:16;7530.0;7649.79;SPXW  261001P07530000;0.05;0.1;delta=-0.005
2026-10-01 10:16;7535.0;7649.79;SPXW  261001P07535000;0.05;0.1;delta=-0.005
2026-10-01 10:16;7540.0;7649.79;SPXW  261001P07540000;0.05;0.1;delta=-0.005
2026-10-01 10:16;7545.0;7649.79;SPXW  261001P07545000;0.05;0.1;delta=-0.006
2026-10-01 10:16;7550.0;7649.79;SPXW  261001P07550000;0.05;0.1;delta=-0.006
2026-10-01 10:16;7555.0;7649.79;SPXW  261001P07555000;0.05;0.1;delta=-0.006
2026-10-01 10:16;7560.0;7649.79;SPXW  261001P07560000;0.1;0.15;delta=-0.01
2026-10-01 10:16;7565.0;7649.79;SPXW  261001P07565000;0.1;0.15;delta=-0.01
2026-10-01 10:16;7570.0;7649.79;SPXW  261001P07570000;0.1;0.15;delta=-0.011
2026-10-01 10:16;7575.0;7649.79;SPXW  261001P07575000;0.15;0.2;delta=-0.014
2026-10-01 10:16;7580.0;7649.79;SPXW  261001P07580000;0.15;0.2;delta=-0.015
2026-10-01 10:16;7585.0;7649.79;SPXW  261001P07585000;0.2;0.3;delta=-0.021
2026-10-01 10:16;7590.0;7649.79;SPXW  261001P07590000;0.3;0.35;delta=-0.027
2026-10-01 10:16;7595.0;7649.79;SPXW  261001P07595000;0.35;0.45;delta=-0.034
2026-10-01 10:16;7600.0;7649.79;SPXW  261001P07600000;0.5;0.55;delta=-0.044
2026-10-01 10:16;7605.0;7649.79;SPXW  261001P07605000;0.7;0.75;delta=-0.059
2026-10-01 10:16;7610.0;7649.79;SPXW  261001P07610000;0.95;1.05;delta=-0.079
2026-10-01 10:16;7615.0;7649.79;SPXW  261001P07615000;1.35;1.4;delta=-0.105
2026-10-01 10:16;7620.0;7649.79;SPXW  261001P07620000;1.85;1.95;delta=-0.137
2026-10-01 10:16;7625.0;7649.79;SPXW  261001P07625000;2.55;2.6;delta=-0.18
2026-10-01 10:16;7630.0;7649.79;SPXW  261001P07630000;3.4;3.6;delta=-0.231
2026-10-01 10:16;7635.0;7649.79;SPXW  261001P07635000;4.6;4.8;delta=-0.288
2026-10-01 10:16;7640.0;7649.79;SPXW  261001P07640000;6.2;6.3;delta=-0.357
2026-10-01 10:16;7645.0;7649.79;SPXW  261001P07645000;8.0;8.2;delta=-0.431
2026-10-01 10:16;7650.0;7649.79;SPXW  261001P07650000;10.3;10.5;delta=-0.509
2026-10-01 10:16;7655.0;7649.79;SPXW  261001P07655000;13.0;13.2;delta=-0.587
2026-10-01 10:16;7660.0;7649.79;SPXW  261001P07660000;16.1;16.3;delta=-0.662
2026-10-01 10:16;7665.0;7649.79;SPXW  261001P07665000;19.6;19.8;delta=-0.731
2026-10-01 10:16;7670.0;7649.79;SPXW  261001P07670000;23.4;23.6;delta=-0.792
2026-10-01 10:16;7675.0;7649.79;SPXW  261001P07675000;27.5;27.7;delta=-0.843
2026-10-01 10:16;7680.0;7649.79;SPXW  261001P07680000;31.9;32.1;delta=-0.883
2026-10-01 10:16;7685.0;7649.79;SPXW  261001P07685000;36.4;36.7;delta=-0.914
2026-10-01 10:16;7690.0;7649.79;SPXW  261001P07690000;41.1;41.4;delta=-0.937
2026-10-01 10:16;7695.0;7649.79;SPXW  261001P07695000;45.9;46.2;delta=-0.953
2026-10-01 10:16;7700.0;7649.79;SPXW  261001P07700000;50.7;51.1;delta=-0.966
2026-10-01 10:16;7705.0;7649.79;SPXW  261001P07705000;55.6;56.0;delta=-0.974
2026-10-01 10:16;7710.0;7649.79;SPXW  261001P07710000;60.6;60.9;delta=-0.979
2026-10-01 10:16;7715.0;7649.79;SPXW  261001P07715000;65.5;65.9;delta=-0.984
2026-10-01 10:16;7720.0;7649.79;SPXW  261001P07720000;70.5;70.9;delta=-0.986
2026-10-01 10:16;7725.0;7649.79;SPXW  261001P07725000;75.5;75.8;delta=-0.989
2026-10-01 10:16;7730.0;7649.79;SPXW  261001P07730000;80.2;81.1;delta=-0.989
2026-10-01 10:16;7735.0;7649.79;SPXW  261001P07735000;85.2;86.1;delta=-0.991
2026-10-01 10:16;7740.0;7649.79;SPXW  261001P07740000;90.2;91.1;delta=-0.994
2026-10-01 10:16;7745.0;7649.79;SPXW  261001P07745000;95.2;96.0;delta=-0.994
2026-10-01 10:16;7750.0;7649.79;SPXW  261001P07750000;100.0;101.2;delta=-0.994
2026-10-01 10:16;7755.0;7649.79;SPXW  261001P07755000;105.0;106.2;delta=-0.994
2026-10-01 10:16;7760.0;7649.79;SPXW  261001P07760000;110.0;111.2;delta=-0.994
2026-10-01 10:16;7765.0;7649.79;SPXW  261001P07765000;115.0;116.2;delta=-0.995
2026-10-01 10:16;7770.0;7649.79;SPXW  261001P07770000;120.0;121.2;delta=-0.995
2026-10-01 10:16;7775.0;7649.79;SPXW  261001P07775000;125.0;126.2;delta=-0.995
2026-10-01 10:16;7780.0;7649.79;SPXW  261001P07780000;130.0;131.2;delta=-0.995
2026-10-01 10:16;7785.0;7649.79;SPXW  261001P07785000;135.0;136.2;delta=-0.995
2026-10-01 10:16;7790.0;7649.79;SPXW  261001P07790000;140.0;141.1;delta=-0.995
2026-10-01 10:16;7795.0;7649.79;SPXW  261001P07795000;142.1;149.6;delta=-0.996
2026-10-01 10:16;7800.0;7649.79;SPXW  261001P07800000;150.0;151.1;delta=-0.996
2026-10-01 10:16;7805.0;7649.79;SPXW  261001P07805000;152.1;160.0;delta=-0.996
2026-10-01 10:16;7810.0;7649.79;SPXW  261001P07810000;157.5;164.6;delta=-0.996
2026-10-01 10:16;7815.0;7649.79;SPXW  261001P07815000;162.1;170.0;delta=-0.997
2026-10-01 10:16;7820.0;7649.79;SPXW  261001P07820000;167.3;174.9;delta=-0.997
2026-10-01 10:16;7825.0;7649.79;SPXW  261001P07825000;172.5;179.6;delta=-0.998
2026-10-01 10:16;7830.0;7649.79;SPXW  261001P07830000;180.0;181.1;delta=-0.998
2026-10-01 10:16;7835.0;7649.79;SPXW  261001P07835000;182.3;190.0;delta=-0.998
2026-10-01 10:16;7840.0;7649.79;SPXW  261001P07840000;187.0;194.6;delta=-0.999
2026-10-01 10:16;7845.0;7649.79;SPXW  261001P07845000;192.0;199.8;delta=-0.999
2026-10-01 10:16;7850.0;7649.79;SPXW  261001P07850000;199.9;201.1;delta=-0.999
2026-10-01 10:16;7855.0;7649.79;SPXW  261001P07855000;198.7;212.7;delta=-0.999
2026-10-01 10:16;7860.0;7649.79;SPXW  261001P07860000;203.7;217.7;delta=-0.999
2026-10-01 10:16;7865.0;7649.79;SPXW  261001P07865000;208.8;222.0;delta=-0.999
2026-10-01 10:16;7870.0;7649.79;SPXW  261001P07870000;211.0;230.9;delta=-0.999
2026-10-01 10:16;7875.0;7649.79;SPXW  261001P07875000;216.3;235.9;delta=-0.999
2026-10-01 10:16;7880.0;7649.79;SPXW  261001P07880000;219.9;240.9;delta=-0.999
2026-10-01 10:16;7885.0;7649.79;SPXW  261001P07885000;224.9;245.4;delta=-0.999
2026-10-01 10:16;7890.0;7649.79;SPXW  261001P07890000;229.9;250.4;delta=-0.999
2026-10-01 10:16;7895.0;7649.79;SPXW  261001P07895000;235.2;255.4;delta=-0.999
2026-10-01 10:16;7900.0;7649.79;SPXW  261001P07900000;242.0;260.4;delta=-0.999
2026-10-01 10:21;7410.0;7657.59;SPXW  261001C07410000;236.8;257.3;delta=0.999
2026-10-01 10:21;7415.0;7657.59;SPXW  261001C07415000;233.8;252.4;delta=0.999
2026-10-01 10:21;7420.0;7657.59;SPXW  261001C07420000;227.1;247.6;delta=0.999
2026-10-01 10:21;7425.0;7657.59;SPXW  261001C07425000;222.1;242.6;delta=0.998
2026-10-01 10:21;7430.0;7657.59;SPXW  261001C07430000;217.1;237.6;delta=0.998
2026-10-01 10:21;7435.0;7657.59;SPXW  261001C07435000;213.5;232.2;delta=0.998
2026-10-01 10:21;7440.0;7657.59;SPXW  261001C07440000;207.3;227.4;delta=0.997
2026-10-01 10:21;7445.0;7657.59;SPXW  261001C07445000;206.2;219.9;delta=0.998
2026-10-01 10:21;7450.0;7657.59;SPXW  261001C07450000;200.3;214.0;delta=0.998
2026-10-01 10:21;7455.0;7657.59;SPXW  261001C07455000;196.0;209.7;delta=0.998
2026-10-01 10:21;7460.0;7657.59;SPXW  261001C07460000;193.1;201.2;delta=0.998
2026-10-01 10:21;7465.0;7657.59;SPXW  261001C07465000;186.0;196.8;delta=0.997
2026-10-01 10:21;7470.0;7657.59;SPXW  261001C07470000;183.9;190.9;delta=0.997
2026-10-01 10:21;7475.0;7657.59;SPXW  261001C07475000;178.9;186.1;delta=0.996
2026-10-01 10:21;7480.0;7657.59;SPXW  261001C07480000;173.9;180.9;delta=0.996
2026-10-01 10:21;7485.0;7657.59;SPXW  261001C07485000;168.7;176.1;delta=0.996
2026-10-01 10:21;7490.0;7657.59;SPXW  261001C07490000;163.9;170.9;delta=0.996
2026-10-01 10:21;7495.0;7657.59;SPXW  261001C07495000;159.4;165.9;delta=0.996
2026-10-01 10:21;7500.0;7657.59;SPXW  261001C07500000;156.5;157.7;delta=0.996
2026-10-01 10:21;7505.0;7657.59;SPXW  261001C07505000;149.4;155.9;delta=0.996
2026-10-01 10:21;7510.0;7657.59;SPXW  261001C07510000;144.4;150.9;delta=0.996
2026-10-01 10:21;7515.0;7657.59;SPXW  261001C07515000;139.2;146.2;delta=0.996
2026-10-01 10:21;7520.0;7657.59;SPXW  261001C07520000;134.4;140.9;delta=0.995
2026-10-01 10:21;7525.0;7657.59;SPXW  261001C07525000;129.4;136.3;delta=0.995
2026-10-01 10:21;7530.0;7657.59;SPXW  261001C07530000;123.7;131.1;delta=0.995
2026-10-01 10:21;7535.0;7657.59;SPXW  261001C07535000;118.9;126.3;delta=0.995
2026-10-01 10:21;7540.0;7657.59;SPXW  261001C07540000;113.9;121.3;delta=0.995
2026-10-01 10:21;7545.0;7657.59;SPXW  261001C07545000;108.7;116.2;delta=0.995
2026-10-01 10:21;7550.0;7657.59;SPXW  261001C07550000;106.6;107.7;delta=0.994
2026-10-01 10:21;7555.0;7657.59;SPXW  261001C07555000;99.0;106.2;delta=0.994
2026-10-01 10:21;7560.0;7657.59;SPXW  261001C07560000;96.8;97.6;delta=0.994
2026-10-01 10:21;7565.0;7657.59;SPXW  261001C07565000;91.8;92.6;delta=0.994
2026-10-01 10:21;7570.0;7657.59;SPXW  261001C07570000;86.8;87.6;delta=0.993
2026-10-01 10:21;7575.0;7657.59;SPXW  261001C07575000;81.8;82.7;delta=0.99
2026-10-01 10:21;7580.0;7657.59;SPXW  261001C07580000;77.0;77.3;delta=0.989
2026-10-01 10:21;7585.0;7657.59;SPXW  261001C07585000;72.0;72.3;delta=0.985
2026-10-01 10:21;7590.0;7657.59;SPXW  261001C07590000;67.0;67.4;delta=0.984
2026-10-01 10:21;7595.0;7657.59;SPXW  261001C07595000;62.1;62.4;delta=0.98
2026-10-01 10:21;7600.0;7657.59;SPXW  261001C07600000;57.2;57.5;delta=0.972
2026-10-01 10:21;7605.0;7657.59;SPXW  261001C07605000;52.3;52.7;delta=0.964
2026-10-01 10:21;7610.0;7657.59;SPXW  261001C07610000;47.5;47.8;delta=0.949
2026-10-01 10:21;7615.0;7657.59;SPXW  261001C07615000;42.7;43.1;delta=0.933
2026-10-01 10:21;7620.0;7657.59;SPXW  261001C07620000;38.1;38.4;delta=0.91
2026-10-01 10:21;7625.0;7657.59;SPXW  261001C07625000;33.6;33.8;delta=0.881
2026-10-01 10:21;7630.0;7657.59;SPXW  261001C07630000;29.2;29.5;delta=0.843
2026-10-01 10:21;7635.0;7657.59;SPXW  261001C07635000;25.0;25.3;delta=0.8
2026-10-01 10:21;7640.0;7657.59;SPXW  261001C07640000;21.1;21.4;delta=0.747
2026-10-01 10:21;7645.0;7657.59;SPXW  261001C07645000;17.5;17.7;delta=0.685
2026-10-01 10:21;7650.0;7657.59;SPXW  261001C07650000;14.2;14.4;delta=0.618
2026-10-01 10:21;7655.0;7657.59;SPXW  261001C07655000;11.3;11.5;delta=0.544
2026-10-01 10:21;7660.0;7657.59;SPXW  261001C07660000;8.8;9.0;delta=0.468
2026-10-01 10:21;7665.0;7657.59;SPXW  261001C07665000;6.7;6.9;delta=0.393
2026-10-01 10:21;7670.0;7657.59;SPXW  261001C07670000;5.0;5.1;delta=0.321
2026-10-01 10:21;7675.0;7657.59;SPXW  261001C07675000;3.6;3.8;delta=0.257
2026-10-01 10:21;7680.0;7657.59;SPXW  261001C07680000;2.6;2.7;delta=0.198
2026-10-01 10:21;7685.0;7657.59;SPXW  261001C07685000;1.85;1.9;delta=0.152
2026-10-01 10:21;7690.0;7657.59;SPXW  261001C07690000;1.25;1.3;delta=0.113
2026-10-01 10:21;7695.0;7657.59;SPXW  261001C07695000;0.85;0.95;delta=0.084
2026-10-01 10:21;7700.0;7657.59;SPXW  261001C07700000;0.6;0.65;delta=0.06
2026-10-01 10:21;7705.0;7657.59;SPXW  261001C07705000;0.4;0.45;delta=0.043
2026-10-01 10:21;7710.0;7657.59;SPXW  261001C07710000;0.3;0.35;delta=0.032
2026-10-01 10:21;7715.0;7657.59;SPXW  261001C07715000;0.2;0.25;delta=0.025
2026-10-01 10:21;7720.0;7657.59;SPXW  261001C07720000;0.15;0.2;delta=0.02
2026-10-01 10:21;7725.0;7657.59;SPXW  261001C07725000;0.15;0.2;delta=0.016
2026-10-01 10:21;7730.0;7657.59;SPXW  261001C07730000;0.1;0.15;delta=0.012
2026-10-01 10:21;7735.0;7657.59;SPXW  261001C07735000;0.1;0.15;delta=0.011
2026-10-01 10:21;7740.0;7657.59;SPXW  261001C07740000;0.05;0.15;delta=0.009
2026-10-01 10:21;7745.0;7657.59;SPXW  261001C07745000;0.05;0.1;delta=0.007
2026-10-01 10:21;7750.0;7657.59;SPXW  261001C07750000;0.05;0.1;delta=0.006
2026-10-01 10:21;7755.0;7657.59;SPXW  261001C07755000;0.05;0.1;delta=0.006
2026-10-01 10:21;7760.0;7657.59;SPXW  261001C07760000;0.05;0.1;delta=0.006
2026-10-01 10:21;7765.0;7657.59;SPXW  261001C07765000;0.05;0.1;delta=0.006
2026-10-01 10:21;7770.0;7657.59;SPXW  261001C07770000;0.05;0.1;delta=0.005
2026-10-01 10:21;7775.0;7657.59;SPXW  261001C07775000;0.05;0.1;delta=0.005
2026-10-01 10:21;7780.0;7657.59;SPXW  261001C07780000;0.05;0.1;delta=0.005
2026-10-01 10:21;7785.0;7657.59;SPXW  261001C07785000;0.05;0.1;delta=0.005
2026-10-01 10:21;7790.0;7657.59;SPXW  261001C07790000;0.05;0.1;delta=0.005
2026-10-01 10:21;7795.0;7657.59;SPXW  261001C07795000;0.05;0.1;delta=0.005
2026-10-01 10:21;7800.0;7657.59;SPXW  261001C07800000;0.05;0.1;delta=0.004
2026-10-01 10:21;7805.0;7657.59;SPXW  261001C07805000;0.0;0.05;delta=0.002
2026-10-01 10:21;7810.0;7657.59;SPXW  261001C07810000;0.05;0.1;delta=0.004
2026-10-01 10:21;7815.0;7657.59;SPXW  261001C07815000;0.05;0.1;delta=0.004
2026-10-01 10:21;7820.0;7657.59;SPXW  261001C07820000;0.05;0.1;delta=0.004
2026-10-01 10:21;7825.0;7657.59;SPXW  261001C07825000;0.0;0.05;delta=0.002
2026-10-01 10:21;7830.0;7657.59;SPXW  261001C07830000;0.0;0.05;delta=0.002
2026-10-01 10:21;7835.0;7657.59;SPXW  261001C07835000;0.0;0.05;delta=0.001
2026-10-01 10:21;7840.0;7657.59;SPXW  261001C07840000;0.0;0.05;delta=0.001
2026-10-01 10:21;7845.0;7657.59;SPXW  261001C07845000;0.0;0.05;delta=0.001
2026-10-01 10:21;7850.0;7657.59;SPXW  261001C07850000;0.0;0.05;delta=0.001
2026-10-01 10:21;7855.0;7657.59;SPXW  261001C07855000;0.0;0.05;delta=0.001
2026-10-01 10:21;7860.0;7657.59;SPXW  261001C07860000;0.0;0.05;delta=0.001
2026-10-01 10:21;7865.0;7657.59;SPXW  261001C07865000;0.0;0.05;delta=0.001
2026-10-01 10:21;7870.0;7657.59;SPXW  261001C07870000;0.0;0.05;delta=0.001
2026-10-01 10:21;7875.0;7657.59;SPXW  261001C07875000;0.0;0.05;delta=0.001
2026-10-01 10:21;7880.0;7657.59;SPXW  261001C07880000;0.0;0.05;delta=0.001
2026-10-01 10:21;7885.0;7657.59;SPXW  261001C07885000;0.0;0.05;delta=0.001
2026-10-01 10:21;7890.0;7657.59;SPXW  261001C07890000;0.0;0.05;delta=0.001
2026-10-01 10:21;7895.0;7657.59;SPXW  261001C07895000;0.0;0.05;delta=0.001
2026-10-01 10:21;7900.0;7657.59;SPXW  261001C07900000;0.0;0.05;delta=0.001
2026-10-01 10:21;7905.0;7657.59;SPXW  261001C07905000;0.0;0.05;delta=0.001
2026-10-01 10:21;7410.0;7657.59;SPXW  261001P07410000;0.0;0.05;delta=-0.001
2026-10-01 10:21;7415.0;7657.59;SPXW  261001P07415000;0.0;0.05;delta=-0.001
2026-10-01 10:21;7420.0;7657.59;SPXW  261001P07420000;0.0;0.05;delta=-0.001
2026-10-01 10:21;7425.0;7657.59;SPXW  261001P07425000;0.0;0.05;delta=-0.002
2026-10-01 10:21;7430.0;7657.59;SPXW  261001P07430000;0.0;0.1;delta=-0.002
2026-10-01 10:21;7435.0;7657.59;SPXW  261001P07435000;0.0;0.1;delta=-0.002
2026-10-01 10:21;7440.0;7657.59;SPXW  261001P07440000;0.05;0.1;delta=-0.003
2026-10-01 10:21;7445.0;7657.59;SPXW  261001P07445000;0.0;0.1;delta=-0.002
2026-10-01 10:21;7450.0;7657.59;SPXW  261001P07450000;0.0;0.1;delta=-0.002
2026-10-01 10:21;7455.0;7657.59;SPXW  261001P07455000;0.0;0.1;delta=-0.002
2026-10-01 10:21;7460.0;7657.59;SPXW  261001P07460000;0.0;0.1;delta=-0.002
2026-10-01 10:21;7465.0;7657.59;SPXW  261001P07465000;0.05;0.1;delta=-0.003
2026-10-01 10:21;7470.0;7657.59;SPXW  261001P07470000;0.0;0.1;delta=-0.002
2026-10-01 10:21;7475.0;7657.59;SPXW  261001P07475000;0.05;0.1;delta=-0.004
2026-10-01 10:21;7480.0;7657.59;SPXW  261001P07480000;0.05;0.1;delta=-0.004
2026-10-01 10:21;7485.0;7657.59;SPXW  261001P07485000;0.05;0.1;delta=-0.004
2026-10-01 10:21;7490.0;7657.59;SPXW  261001P07490000;0.05;0.1;delta=-0.004
2026-10-01 10:21;7495.0;7657.59;SPXW  261001P07495000;0.05;0.1;delta=-0.004
2026-10-01 10:21;7500.0;7657.59;SPXW  261001P07500000;0.05;0.1;delta=-0.004
2026-10-01 10:21;7505.0;7657.59;SPXW  261001P07505000;0.05;0.1;delta=-0.004
2026-10-01 10:21;7510.0;7657.59;SPXW  261001P07510000;0.05;0.1;delta=-0.004
2026-10-01 10:21;7515.0;7657.59;SPXW  261001P07515000;0.05;0.1;delta=-0.004
2026-10-01 10:21;7520.0;7657.59;SPXW  261001P07520000;0.05;0.1;delta=-0.004
2026-10-01 10:21;7525.0;7657.59;SPXW  261001P07525000;0.05;0.1;delta=-0.005
2026-10-01 10:21;7530.0;7657.59;SPXW  261001P07530000;0.05;0.1;delta=-0.005
2026-10-01 10:21;7535.0;7657.59;SPXW  261001P07535000;0.05;0.1;delta=-0.005
2026-10-01 10:21;7540.0;7657.59;SPXW  261001P07540000;0.05;0.1;delta=-0.005
2026-10-01 10:21;7545.0;7657.59;SPXW  261001P07545000;0.05;0.1;delta=-0.005
2026-10-01 10:21;7550.0;7657.59;SPXW  261001P07550000;0.05;0.1;delta=-0.005
2026-10-01 10:21;7555.0;7657.59;SPXW  261001P07555000;0.05;0.1;delta=-0.006
2026-10-01 10:21;7560.0;7657.59;SPXW  261001P07560000;0.05;0.1;delta=-0.006
2026-10-01 10:21;7565.0;7657.59;SPXW  261001P07565000;0.05;0.1;delta=-0.006
2026-10-01 10:21;7570.0;7657.59;SPXW  261001P07570000;0.05;0.1;delta=-0.006
2026-10-01 10:21;7575.0;7657.59;SPXW  261001P07575000;0.1;0.15;delta=-0.01
2026-10-01 10:21;7580.0;7657.59;SPXW  261001P07580000;0.1;0.15;delta=-0.011
2026-10-01 10:21;7585.0;7657.59;SPXW  261001P07585000;0.15;0.2;delta=-0.015
2026-10-01 10:21;7590.0;7657.59;SPXW  261001P07590000;0.2;0.25;delta=-0.016
2026-10-01 10:21;7595.0;7657.59;SPXW  261001P07595000;0.25;0.3;delta=-0.02
2026-10-01 10:21;7600.0;7657.59;SPXW  261001P07600000;0.3;0.35;delta=-0.028
2026-10-01 10:21;7605.0;7657.59;SPXW  261001P07605000;0.45;0.5;delta=-0.036
2026-10-01 10:21;7610.0;7657.59;SPXW  261001P07610000;0.6;0.7;delta=-0.051
2026-10-01 10:21;7615.0;7657.59;SPXW  261001P07615000;0.85;0.95;delta=-0.067
2026-10-01 10:21;7620.0;7657.59;SPXW  261001P07620000;1.25;1.3;delta=-0.09
2026-10-01 10:21;7625.0;7657.59;SPXW  261001P07625000;1.7;1.75;delta=-0.119
2026-10-01 10:21;7630.0;7657.59;SPXW  261001P07630000;2.35;2.4;delta=-0.157
2026-10-01 10:21;7635.0;7657.59;SPXW  261001P07635000;3.2;3.3;delta=-0.2
2026-10-01 10:21;7640.0;7657.59;SPXW  261001P07640000;4.3;4.4;delta=-0.252
2026-10-01 10:21;7645.0;7657.59;SPXW  261001P07645000;5.7;5.8;delta=-0.315
2026-10-01 10:21;7650.0;7657.59;SPXW  261001P07650000;7.4;7.5;delta=-0.382
2026-10-01 10:21;7655.0;7657.59;SPXW  261001P07655000;9.5;9.6;delta=-0.456
2026-10-01 10:21;7660.0;7657.59;SPXW  261001P07660000;12.0;12.2;delta=-0.532
2026-10-01 10:21;7665.0;7657.59;SPXW  261001P07665000;14.9;15.1;delta=-0.607
2026-10-01 10:21;7670.0;7657.59;SPXW  261001P07670000;18.2;18.4;delta=-0.678
2026-10-01 10:21;7675.0;7657.59;SPXW  261001P07675000;21.8;22.0;delta=-0.743
2026-10-01 10:21;7680.0;7657.59;SPXW  261001P07680000;25.9;26.0;delta=-0.802
2026-10-01 10:21;7685.0;7657.59;SPXW  261001P07685000;30.0;30.3;delta=-0.848
2026-10-01 10:21;7690.0;7657.59;SPXW  261001P07690000;34.4;34.7;delta=-0.888
2026-10-01 10:21;7695.0;7657.59;SPXW  261001P07695000;39.0;39.3;delta=-0.916
2026-10-01 10:21;7700.0;7657.59;SPXW  261001P07700000;43.7;44.1;delta=-0.941
2026-10-01 10:21;7705.0;7657.59;SPXW  261001P07705000;48.5;48.9;delta=-0.957
2026-10-01 10:21;7710.0;7657.59;SPXW  261001P07710000;53.4;53.8;delta=-0.968
2026-10-01 10:21;7715.0;7657.59;SPXW  261001P07715000;58.3;58.7;delta=-0.975
2026-10-01 10:21;7720.0;7657.59;SPXW  261001P07720000;63.3;63.6;delta=-0.98
2026-10-01 10:21;7725.0;7657.59;SPXW  261001P07725000;68.3;68.6;delta=-0.984
2026-10-01 10:21;7730.0;7657.59;SPXW  261001P07730000;73.2;73.6;delta=-0.988
2026-10-01 10:21;7735.0;7657.59;SPXW  261001P07735000;78.2;78.6;delta=-0.989
2026-10-01 10:21;7740.0;7657.59;SPXW  261001P07740000;83.2;83.6;delta=-0.991
2026-10-01 10:21;7745.0;7657.59;SPXW  261001P07745000;88.0;88.8;delta=-0.993
2026-10-01 10:21;7750.0;7657.59;SPXW  261001P07750000;93.0;93.8;delta=-0.994
2026-10-01 10:21;7755.0;7657.59;SPXW  261001P07755000;98.0;98.8;delta=-0.994
2026-10-01 10:21;7760.0;7657.59;SPXW  261001P07760000;102.7;104.0;delta=-0.994
2026-10-01 10:21;7765.0;7657.59;SPXW  261001P07765000;107.7;109.0;delta=-0.994
2026-10-01 10:21;7770.0;7657.59;SPXW  261001P07770000;112.7;114.0;delta=-0.995
2026-10-01 10:21;7775.0;7657.59;SPXW  261001P07775000;117.7;119.0;delta=-0.995
2026-10-01 10:21;7780.0;7657.59;SPXW  261001P07780000;122.7;124.0;delta=-0.995
2026-10-01 10:21;7785.0;7657.59;SPXW  261001P07785000;127.7;129.0;delta=-0.995
2026-10-01 10:21;7790.0;7657.59;SPXW  261001P07790000;132.7;134.0;delta=-0.995
2026-10-01 10:21;7795.0;7657.59;SPXW  261001P07795000;134.5;140.9;delta=-0.995
2026-10-01 10:21;7800.0;7657.59;SPXW  261001P07800000;142.7;144.0;delta=-0.995
2026-10-01 10:21;7805.0;7657.59;SPXW  261001P07805000;144.5;151.2;delta=-0.998
2026-10-01 10:21;7810.0;7657.59;SPXW  261001P07810000;149.5;156.4;delta=-0.996
2026-10-01 10:21;7815.0;7657.59;SPXW  261001P07815000;154.5;161.2;delta=-0.996
2026-10-01 10:21;7820.0;7657.59;SPXW  261001P07820000;159.5;166.2;delta=-0.996
2026-10-01 10:21;7825.0;7657.59;SPXW  261001P07825000;164.5;171.4;delta=-0.998
2026-10-01 10:21;7830.0;7657.59;SPXW  261001P07830000;172.7;174.0;delta=-0.998
2026-10-01 10:21;7835.0;7657.59;SPXW  261001P07835000;174.2;181.2;delta=-0.998
2026-10-01 10:21;7840.0;7657.59;SPXW  261001P07840000;179.4;186.4;delta=-0.998
2026-10-01 10:21;7845.0;7657.59;SPXW  261001P07845000;184.2;191.2;delta=-0.999
2026-10-01 10:21;7850.0;7657.59;SPXW  261001P07850000;192.7;194.0;delta=-0.999
2026-10-01 10:21;7855.0;7657.59;SPXW  261001P07855000;194.2;201.4;delta=-0.999
2026-10-01 10:21;7860.0;7657.59;SPXW  261001P07860000;196.3;205.0;delta=-0.999
2026-10-01 10:21;7865.0;7657.59;SPXW  261001P07865000;200.7;214.3;delta=-0.999
2026-10-01 10:21;7870.0;7657.59;SPXW  261001P07870000;206.4;220.1;delta=-0.999
2026-10-01 10:21;7875.0;7657.59;SPXW  261001P07875000;210.4;227.6;delta=-0.999
2026-10-01 10:21;7880.0;7657.59;SPXW  261001P07880000;212.4;232.9;delta=-0.999
2026-10-01 10:21;7885.0;7657.59;SPXW  261001P07885000;217.4;237.9;delta=-0.999
2026-10-01 10:21;7890.0;7657.59;SPXW  261001P07890000;222.0;242.2;delta=-0.999
2026-10-01 10:21;7895.0;7657.59;SPXW  261001P07895000;227.4;247.9;delta=-0.999
2026-10-01 10:21;7900.0;7657.59;SPXW  261001P07900000;242.7;244.0;delta=-0.999
2026-10-01 10:21;7905.0;7657.59;SPXW  261001P07905000;237.4;257.9;delta=-0.999
2026-10-01 10:25;7420.0;7666.89;SPXW  261001C07420000;237.2;255.3;delta=0.997
2026-10-01 10:25;7425.0;7666.89;SPXW  261001C07425000;232.5;250.2;delta=0.998
2026-10-01 10:25;7430.0;7666.89;SPXW  261001C07430000;226.8;245.3;delta=0.998
2026-10-01 10:25;7435.0;7666.89;SPXW  261001C07435000;221.7;241.8;delta=0.998
2026-10-01 10:25;7440.0;7666.89;SPXW  261001C07440000;217.2;234.9;delta=0.998
2026-10-01 10:25;7445.0;7666.89;SPXW  261001C07445000;211.8;232.2;delta=0.998
2026-10-01 10:25;7450.0;7666.89;SPXW  261001C07450000;209.7;223.2;delta=0.998
2026-10-01 10:25;7455.0;7666.89;SPXW  261001C07455000;204.4;218.1;delta=0.998
2026-10-01 10:25;7460.0;7666.89;SPXW  261001C07460000;199.6;213.3;delta=0.998
2026-10-01 10:25;7465.0;7666.89;SPXW  261001C07465000;194.4;208.1;delta=0.997
2026-10-01 10:25;7470.0;7666.89;SPXW  261001C07470000;190.4;204.0;delta=0.998
2026-10-01 10:25;7475.0;7666.89;SPXW  261001C07475000;187.9;195.4;delta=0.997
2026-10-01 10:25;7480.0;7666.89;SPXW  261001C07480000;182.9;190.4;delta=0.996
2026-10-01 10:25;7485.0;7666.89;SPXW  261001C07485000;177.8;185.7;delta=0.996
2026-10-01 10:25;7490.0;7666.89;SPXW  261001C07490000;172.9;180.4;delta=0.996
2026-10-01 10:25;7495.0;7666.89;SPXW  261001C07495000;168.1;175.4;delta=0.996
2026-10-01 10:25;7500.0;7666.89;SPXW  261001C07500000;166.1;167.4;delta=0.996
2026-10-01 10:25;7505.0;7666.89;SPXW  261001C07505000;157.9;165.4;delta=0.996
2026-10-01 10:25;7510.0;7666.89;SPXW  261001C07510000;152.9;160.4;delta=0.996
2026-10-01 10:25;7515.0;7666.89;SPXW  261001C07515000;147.9;155.5;delta=0.996
2026-10-01 10:25;7520.0;7666.89;SPXW  261001C07520000;142.9;150.4;delta=0.996
2026-10-01 10:25;7525.0;7666.89;SPXW  261001C07525000;137.9;145.3;delta=0.996
2026-10-01 10:25;7530.0;7666.89;SPXW  261001C07530000;132.9;140.7;delta=0.995
2026-10-01 10:25;7535.0;7666.89;SPXW  261001C07535000;127.9;135.4;delta=0.995
2026-10-01 10:25;7540.0;7666.89;SPXW  261001C07540000;122.9;130.4;delta=0.995
2026-10-01 10:25;7545.0;7666.89;SPXW  261001C07545000;117.7;125.7;delta=0.995
2026-10-01 10:25;7550.0;7666.89;SPXW  261001C07550000;116.0;117.4;delta=0.995
2026-10-01 10:25;7555.0;7666.89;SPXW  261001C07555000;108.1;115.4;delta=0.995
2026-10-01 10:25;7560.0;7666.89;SPXW  261001C07560000;106.0;107.4;delta=0.994
2026-10-01 10:25;7565.0;7666.89;SPXW  261001C07565000;98.1;105.4;delta=0.994
2026-10-01 10:25;7570.0;7666.89;SPXW  261001C07570000;96.3;97.2;delta=0.991
2026-10-01 10:25;7575.0;7666.89;SPXW  261001C07575000;91.3;92.2;delta=0.991
2026-10-01 10:25;7580.0;7666.89;SPXW  261001C07580000;86.6;86.9;delta=0.99
2026-10-01 10:25;7585.0;7666.89;SPXW  261001C07585000;81.6;82.0;delta=0.99
2026-10-01 10:25;7590.0;7666.89;SPXW  261001C07590000;76.6;77.0;delta=0.986
2026-10-01 10:25;7595.0;7666.89;SPXW  261001C07595000;71.7;72.0;delta=0.985
2026-10-01 10:25;7600.0;7666.89;SPXW  261001C07600000;66.7;67.1;delta=0.981
2026-10-01 10:25;7605.0;7666.89;SPXW  261001C07605000;61.8;62.1;delta=0.973
2026-10-01 10:25;7610.0;7666.89;SPXW  261001C07610000;56.9;57.2;delta=0.966
2026-10-01 10:25;7615.0;7666.89;SPXW  261001C07615000;52.0;52.4;delta=0.957
2026-10-01 10:25;7620.0;7666.89;SPXW  261001C07620000;47.3;47.6;delta=0.943
2026-10-01 10:25;7625.0;7666.89;SPXW  261001C07625000;42.6;42.9;delta=0.923
2026-10-01 10:25;7630.0;7666.89;SPXW  261001C07630000;38.0;38.2;delta=0.899
2026-10-01 10:25;7635.0;7666.89;SPXW  261001C07635000;33.5;33.7;delta=0.867
2026-10-01 10:25;7640.0;7666.89;SPXW  261001C07640000;29.2;29.4;delta=0.829
2026-10-01 10:25;7645.0;7666.89;SPXW  261001C07645000;25.1;25.3;delta=0.783
2026-10-01 10:25;7650.0;7666.89;SPXW  261001C07650000;21.3;21.5;delta=0.729
2026-10-01 10:25;7655.0;7666.89;SPXW  261001C07655000;17.8;17.9;delta=0.667
2026-10-01 10:25;7660.0;7666.89;SPXW  261001C07660000;14.5;14.7;delta=0.601
2026-10-01 10:25;7665.0;7666.89;SPXW  261001C07665000;11.6;11.8;delta=0.529
2026-10-01 10:25;7670.0;7666.89;SPXW  261001C07670000;9.2;9.3;delta=0.456
2026-10-01 10:25;7675.0;7666.89;SPXW  261001C07675000;7.1;7.2;delta=0.384
2026-10-01 10:25;7680.0;7666.89;SPXW  261001C07680000;5.4;5.5;delta=0.315
2026-10-01 10:25;7685.0;7666.89;SPXW  261001C07685000;4.0;4.1;delta=0.253
2026-10-01 10:25;7690.0;7666.89;SPXW  261001C07690000;2.9;2.95;delta=0.201
2026-10-01 10:25;7695.0;7666.89;SPXW  261001C07695000;2.05;2.1;delta=0.152
2026-10-01 10:25;7700.0;7666.89;SPXW  261001C07700000;1.45;1.5;delta=0.115
2026-10-01 10:25;7705.0;7666.89;SPXW  261001C07705000;1.0;1.05;delta=0.085
2026-10-01 10:25;7710.0;7666.89;SPXW  261001C07710000;0.7;0.75;delta=0.062
2026-10-01 10:25;7715.0;7666.89;SPXW  261001C07715000;0.5;0.55;delta=0.045
2026-10-01 10:25;7720.0;7666.89;SPXW  261001C07720000;0.35;0.4;delta=0.033
2026-10-01 10:25;7725.0;7666.89;SPXW  261001C07725000;0.25;0.3;delta=0.025
2026-10-01 10:25;7730.0;7666.89;SPXW  261001C07730000;0.15;0.2;delta=0.02
2026-10-01 10:25;7735.0;7666.89;SPXW  261001C07735000;0.15;0.2;delta=0.016
2026-10-01 10:25;7740.0;7666.89;SPXW  261001C07740000;0.1;0.15;delta=0.011
2026-10-01 10:25;7745.0;7666.89;SPXW  261001C07745000;0.1;0.15;delta=0.011
2026-10-01 10:25;7750.0;7666.89;SPXW  261001C07750000;0.05;0.1;delta=0.009
2026-10-01 10:25;7755.0;7666.89;SPXW  261001C07755000;0.05;0.1;delta=0.007
2026-10-01 10:25;7760.0;7666.89;SPXW  261001C07760000;0.05;0.1;delta=0.006
2026-10-01 10:25;7765.0;7666.89;SPXW  261001C07765000;0.05;0.1;delta=0.006
2026-10-01 10:25;7770.0;7666.89;SPXW  261001C07770000;0.05;0.1;delta=0.006
2026-10-01 10:25;7775.0;7666.89;SPXW  261001C07775000;0.05;0.1;delta=0.006
2026-10-01 10:25;7780.0;7666.89;SPXW  261001C07780000;0.05;0.1;delta=0.005
2026-10-01 10:25;7785.0;7666.89;SPXW  261001C07785000;0.0;0.05;delta=0.005
2026-10-01 10:25;7790.0;7666.89;SPXW  261001C07790000;0.05;0.1;delta=0.005
2026-10-01 10:25;7795.0;7666.89;SPXW  261001C07795000;0.05;0.1;delta=0.005
2026-10-01 10:25;7800.0;7666.89;SPXW  261001C07800000;0.05;0.1;delta=0.005
2026-10-01 10:25;7805.0;7666.89;SPXW  261001C07805000;0.0;0.05;delta=0.002
2026-10-01 10:25;7810.0;7666.89;SPXW  261001C07810000;0.0;0.05;delta=0.002
2026-10-01 10:25;7815.0;7666.89;SPXW  261001C07815000;0.0;0.05;delta=0.002
2026-10-01 10:25;7820.0;7666.89;SPXW  261001C07820000;0.0;0.05;delta=0.002
2026-10-01 10:25;7825.0;7666.89;SPXW  261001C07825000;0.0;0.05;delta=0.002
2026-10-01 10:25;7830.0;7666.89;SPXW  261001C07830000;0.0;0.05;delta=0.002
2026-10-01 10:25;7835.0;7666.89;SPXW  261001C07835000;0.0;0.05;delta=0.002
2026-10-01 10:25;7840.0;7666.89;SPXW  261001C07840000;0.0;0.05;delta=0.002
2026-10-01 10:25;7845.0;7666.89;SPXW  261001C07845000;0.0;0.05;delta=0.001
2026-10-01 10:25;7850.0;7666.89;SPXW  261001C07850000;0.0;0.05;delta=0.001
2026-10-01 10:25;7855.0;7666.89;SPXW  261001C07855000;0.0;0.05;delta=0.001
2026-10-01 10:25;7860.0;7666.89;SPXW  261001C07860000;0.0;0.05;delta=0.001
2026-10-01 10:25;7865.0;7666.89;SPXW  261001C07865000;0.0;0.05;delta=0.001
2026-10-01 10:25;7870.0;7666.89;SPXW  261001C07870000;0.0;0.05;delta=0.001
2026-10-01 10:25;7875.0;7666.89;SPXW  261001C07875000;0.0;0.05;delta=0.001
2026-10-01 10:25;7880.0;7666.89;SPXW  261001C07880000;0.0;0.05;delta=0.001
2026-10-01 10:25;7885.0;7666.89;SPXW  261001C07885000;0.0;0.05;delta=0.001
2026-10-01 10:25;7890.0;7666.89;SPXW  261001C07890000;0.0;0.05;delta=0.001
2026-10-01 10:25;7895.0;7666.89;SPXW  261001C07895000;0.0;0.05;delta=0.001
2026-10-01 10:25;7900.0;7666.89;SPXW  261001C07900000;0.0;0.05;delta=0.001
2026-10-01 10:25;7905.0;7666.89;SPXW  261001C07905000;0.0;0.05;delta=0.001
2026-10-01 10:25;7910.0;7666.89;SPXW  261001C07910000;0.0;0.05;delta=0.001
2026-10-01 10:25;7915.0;7666.89;SPXW  261001C07915000;0.0;0.05;delta=0.001
2026-10-01 10:25;7420.0;7666.89;SPXW  261001P07420000;0.05;0.1;delta=-0.003
2026-10-01 10:25;7425.0;7666.89;SPXW  261001P07425000;0.0;0.1;delta=-0.002
2026-10-01 10:25;7430.0;7666.89;SPXW  261001P07430000;0.0;0.1;delta=-0.002
2026-10-01 10:25;7435.0;7666.89;SPXW  261001P07435000;0.0;0.1;delta=-0.002
2026-10-01 10:25;7440.0;7666.89;SPXW  261001P07440000;0.0;0.1;delta=-0.002
2026-10-01 10:25;7445.0;7666.89;SPXW  261001P07445000;0.0;0.1;delta=-0.002
2026-10-01 10:25;7450.0;7666.89;SPXW  261001P07450000;0.0;0.1;delta=-0.002
2026-10-01 10:25;7455.0;7666.89;SPXW  261001P07455000;0.0;0.1;delta=-0.002
2026-10-01 10:25;7460.0;7666.89;SPXW  261001P07460000;0.0;0.1;delta=-0.002
2026-10-01 10:25;7465.0;7666.89;SPXW  261001P07465000;0.05;0.1;delta=-0.003
2026-10-01 10:25;7470.0;7666.89;SPXW  261001P07470000;0.0;0.1;delta=-0.002
2026-10-01 10:25;7475.0;7666.89;SPXW  261001P07475000;0.05;0.1;delta=-0.003
2026-10-01 10:25;7480.0;7666.89;SPXW  261001P07480000;0.05;0.1;delta=-0.003
2026-10-01 10:25;7485.0;7666.89;SPXW  261001P07485000;0.05;0.1;delta=-0.004
2026-10-01 10:25;7490.0;7666.89;SPXW  261001P07490000;0.05;0.1;delta=-0.004
2026-10-01 10:25;7495.0;7666.89;SPXW  261001P07495000;0.05;0.1;delta=-0.004
2026-10-01 10:25;7500.0;7666.89;SPXW  261001P07500000;0.05;0.1;delta=-0.004
2026-10-01 10:25;7505.0;7666.89;SPXW  261001P07505000;0.05;0.1;delta=-0.004
2026-10-01 10:25;7510.0;7666.89;SPXW  261001P07510000;0.05;0.1;delta=-0.004
2026-10-01 10:25;7515.0;7666.89;SPXW  261001P07515000;0.05;0.1;delta=-0.004
2026-10-01 10:25;7520.0;7666.89;SPXW  261001P07520000;0.05;0.1;delta=-0.004
2026-10-01 10:25;7525.0;7666.89;SPXW  261001P07525000;0.05;0.1;delta=-0.004
2026-10-01 10:25;7530.0;7666.89;SPXW  261001P07530000;0.05;0.1;delta=-0.005
2026-10-01 10:25;7535.0;7666.89;SPXW  261001P07535000;0.05;0.1;delta=-0.005
2026-10-01 10:25;7540.0;7666.89;SPXW  261001P07540000;0.05;0.1;delta=-0.005
2026-10-01 10:25;7545.0;7666.89;SPXW  261001P07545000;0.05;0.1;delta=-0.005
2026-10-01 10:25;7550.0;7666.89;SPXW  261001P07550000;0.05;0.1;delta=-0.005
2026-10-01 10:25;7555.0;7666.89;SPXW  261001P07555000;0.05;0.1;delta=-0.005
2026-10-01 10:25;7560.0;7666.89;SPXW  261001P07560000;0.05;0.1;delta=-0.006
2026-10-01 10:25;7565.0;7666.89;SPXW  261001P07565000;0.05;0.1;delta=-0.006
2026-10-01 10:25;7570.0;7666.89;SPXW  261001P07570000;0.1;0.15;delta=-0.009
2026-10-01 10:25;7575.0;7666.89;SPXW  261001P07575000;0.1;0.15;delta=-0.009
2026-10-01 10:25;7580.0;7666.89;SPXW  261001P07580000;0.1;0.15;delta=-0.01
2026-10-01 10:25;7585.0;7666.89;SPXW  261001P07585000;0.1;0.15;delta=-0.01
2026-10-01 10:25;7590.0;7666.89;SPXW  261001P07590000;0.15;0.2;delta=-0.014
2026-10-01 10:25;7595.0;7666.89;SPXW  261001P07595000;0.15;0.2;delta=-0.015
2026-10-01 10:25;7600.0;7666.89;SPXW  261001P07600000;0.2;0.25;delta=-0.019
2026-10-01 10:25;7605.0;7666.89;SPXW  261001P07605000;0.3;0.35;delta=-0.026
2026-10-01 10:25;7610.0;7666.89;SPXW  261001P07610000;0.4;0.45;delta=-0.034
2026-10-01 10:25;7615.0;7666.89;SPXW  261001P07615000;0.55;0.6;delta=-0.042
2026-10-01 10:25;7620.0;7666.89;SPXW  261001P07620000;0.75;0.8;delta=-0.057
2026-10-01 10:25;7625.0;7666.89;SPXW  261001P07625000;1.05;1.1;delta=-0.077
2026-10-01 10:25;7630.0;7666.89;SPXW  261001P07630000;1.4;1.5;delta=-0.101
2026-10-01 10:25;7635.0;7666.89;SPXW  261001P07635000;1.95;2.0;delta=-0.133
2026-10-01 10:25;7640.0;7666.89;SPXW  261001P07640000;2.65;2.7;delta=-0.171
2026-10-01 10:25;7645.0;7666.89;SPXW  261001P07645000;3.5;3.6;delta=-0.217
2026-10-01 10:25;7650.0;7666.89;SPXW  261001P07650000;4.7;4.8;delta=-0.271
2026-10-01 10:25;7655.0;7666.89;SPXW  261001P07655000;6.1;6.3;delta=-0.332
2026-10-01 10:25;7660.0;7666.89;SPXW  261001P07660000;7.9;8.0;delta=-0.399
2026-10-01 10:25;7665.0;7666.89;SPXW  261001P07665000;10.0;10.2;delta=-0.471
2026-10-01 10:25;7670.0;7666.89;SPXW  261001P07670000;12.5;12.7;delta=-0.544
2026-10-01 10:25;7675.0;7666.89;SPXW  261001P07675000;15.4;15.6;delta=-0.616
2026-10-01 10:25;7680.0;7666.89;SPXW  261001P07680000;18.7;18.8;delta=-0.685
2026-10-01 10:25;7685.0;7666.89;SPXW  261001P07685000;22.3;22.5;delta=-0.747
2026-10-01 10:25;7690.0;7666.89;SPXW  261001P07690000;26.2;26.4;delta=-0.801
2026-10-01 10:25;7695.0;7666.89;SPXW  261001P07695000;30.3;30.6;delta=-0.848
2026-10-01 10:25;7700.0;7666.89;SPXW  261001P07700000;34.7;35.0;delta=-0.885
2026-10-01 10:25;7705.0;7666.89;SPXW  261001P07705000;39.3;39.5;delta=-0.915
2026-10-01 10:25;7710.0;7666.89;SPXW  261001P07710000;43.9;44.2;delta=-0.938
2026-10-01 10:25;7715.0;7666.89;SPXW  261001P07715000;48.6;49.0;delta=-0.955
2026-10-01 10:25;7720.0;7666.89;SPXW  261001P07720000;53.5;53.9;delta=-0.967
2026-10-01 10:25;7725.0;7666.89;SPXW  261001P07725000;58.4;58.8;delta=-0.975
2026-10-01 10:25;7730.0;7666.89;SPXW  261001P07730000;63.3;63.7;delta=-0.98
2026-10-01 10:25;7735.0;7666.89;SPXW  261001P07735000;68.3;68.7;delta=-0.984
2026-10-01 10:25;7740.0;7666.89;SPXW  261001P07740000;73.3;73.7;delta=-0.989
2026-10-01 10:25;7745.0;7666.89;SPXW  261001P07745000;78.2;78.6;delta=-0.989
2026-10-01 10:25;7750.0;7666.89;SPXW  261001P07750000;83.0;83.9;delta=-0.991
2026-10-01 10:25;7755.0;7666.89;SPXW  261001P07755000;87.9;88.9;delta=-0.993
2026-10-01 10:25;7760.0;7666.89;SPXW  261001P07760000;92.9;93.9;delta=-0.994
2026-10-01 10:25;7765.0;7666.89;SPXW  261001P07765000;97.9;98.9;delta=-0.994
2026-10-01 10:25;7770.0;7666.89;SPXW  261001P07770000;102.1;107.1;delta=-0.994
2026-10-01 10:25;7775.0;7666.89;SPXW  261001P07775000;107.8;109.1;delta=-0.994
2026-10-01 10:25;7780.0;7666.89;SPXW  261001P07780000;112.8;114.1;delta=-0.995
2026-10-01 10:25;7785.0;7666.89;SPXW  261001P07785000;117.8;119.1;delta=-0.995
2026-10-01 10:25;7790.0;7666.89;SPXW  261001P07790000;119.7;127.1;delta=-0.995
2026-10-01 10:25;7795.0;7666.89;SPXW  261001P07795000;124.6;132.3;delta=-0.995
2026-10-01 10:25;7800.0;7666.89;SPXW  261001P07800000;132.8;134.1;delta=-0.995
2026-10-01 10:25;7805.0;7666.89;SPXW  261001P07805000;134.7;142.0;delta=-0.998
2026-10-01 10:25;7810.0;7666.89;SPXW  261001P07810000;139.4;147.3;delta=-0.998
2026-10-01 10:25;7815.0;7666.89;SPXW  261001P07815000;144.7;152.2;delta=-0.998
2026-10-01 10:25;7820.0;7666.89;SPXW  261001P07820000;149.8;157.2;delta=-0.998
2026-10-01 10:25;7825.0;7666.89;SPXW  261001P07825000;154.6;162.2;delta=-0.998
2026-10-01 10:25;7830.0;7666.89;SPXW  261001P07830000;162.8;164.2;delta=-0.998
2026-10-01 10:25;7835.0;7666.89;SPXW  261001P07835000;164.7;172.2;delta=-0.998
2026-10-01 10:25;7840.0;7666.89;SPXW  261001P07840000;169.7;176.8;delta=-0.998
2026-10-01 10:25;7845.0;7666.89;SPXW  261001P07845000;174.7;182.0;delta=-0.998
2026-10-01 10:25;7850.0;7666.89;SPXW  261001P07850000;179.7;187.0;delta=-0.999
2026-10-01 10:25;7855.0;7666.89;SPXW  261001P07855000;184.5;191.8;delta=-0.999
2026-10-01 10:25;7860.0;7666.89;SPXW  261001P07860000;192.8;194.1;delta=-0.999
2026-10-01 10:25;7865.0;7666.89;SPXW  261001P07865000;194.5;202.0;delta=-0.999
2026-10-01 10:25;7870.0;7666.89;SPXW  261001P07870000;196.7;210.4;delta=-0.999
2026-10-01 10:25;7875.0;7666.89;SPXW  261001P07875000;201.9;215.5;delta=-0.999
2026-10-01 10:25;7880.0;7666.89;SPXW  261001P07880000;207.0;220.2;delta=-0.999
2026-10-01 10:25;7885.0;7666.89;SPXW  261001P07885000;209.7;227.5;delta=-0.999
2026-10-01 10:25;7890.0;7666.89;SPXW  261001P07890000;214.8;233.6;delta=-0.999
2026-10-01 10:25;7895.0;7666.89;SPXW  261001P07895000;219.7;238.5;delta=-0.999
2026-10-01 10:25;7900.0;7666.89;SPXW  261001P07900000;227.6;240.9;delta=-0.999
2026-10-01 10:25;7905.0;7666.89;SPXW  261001P07905000;229.7;247.8;delta=-0.999
2026-10-01 10:25;7910.0;7666.89;SPXW  261001P07910000;234.7;252.8;delta=-0.999
2026-10-01 10:25;7915.0;7666.89;SPXW  261001P07915000;240.7;258.6;delta=-0.999
2026-10-01 10:29;7415.0;7665.07;SPXW  261001C07415000;240.1;260.6;delta=0.999
2026-10-01 10:29;7420.0;7665.07;SPXW  261001C07420000;235.1;255.3;delta=0.998
2026-10-01 10:29;7425.0;7665.07;SPXW  261001C07425000;229.8;249.7;delta=0.999
2026-10-01 10:29;7430.0;7665.07;SPXW  261001C07430000;225.0;245.3;delta=0.998
2026-10-01 10:29;7435.0;7665.07;SPXW  261001C07435000;219.8;240.2;delta=0.998
2026-10-01 10:29;7440.0;7665.07;SPXW  261001C07440000;215.1;234.9;delta=0.998
2026-10-01 10:29;7445.0;7665.07;SPXW  261001C07445000;210.0;230.4;delta=0.999
2026-10-01 10:29;7450.0;7665.07;SPXW  261001C07450000;207.4;221.1;delta=0.999
2026-10-01 10:29;7455.0;7665.07;SPXW  261001C07455000;202.6;216.6;delta=0.999
2026-10-01 10:29;7460.0;7665.07;SPXW  261001C07460000;197.9;211.6;delta=0.998
2026-10-01 10:29;7465.0;7665.07;SPXW  261001C07465000;195.7;203.3;delta=0.999
2026-10-01 10:29;7470.0;7665.07;SPXW  261001C07470000;190.6;198.1;delta=0.997
2026-10-01 10:29;7475.0;7665.07;SPXW  261001C07475000;185.4;193.1;delta=0.996
2026-10-01 10:29;7480.0;7665.07;SPXW  261001C07480000;180.4;188.1;delta=0.996
2026-10-01 10:29;7485.0;7665.07;SPXW  261001C07485000;175.4;183.1;delta=0.996
2026-10-01 10:29;7490.0;7665.07;SPXW  261001C07490000;170.4;178.1;delta=0.996
2026-10-01 10:29;7495.0;7665.07;SPXW  261001C07495000;165.4;173.1;delta=0.996
2026-10-01 10:29;7500.0;7665.07;SPXW  261001C07500000;163.5;164.8;delta=0.996
2026-10-01 10:29;7505.0;7665.07;SPXW  261001C07505000;155.4;163.1;delta=0.996
2026-10-01 10:29;7510.0;7665.07;SPXW  261001C07510000;150.4;158.1;delta=0.996
2026-10-01 10:29;7515.0;7665.07;SPXW  261001C07515000;145.6;153.1;delta=0.996
2026-10-01 10:29;7520.0;7665.07;SPXW  261001C07520000;140.4;148.1;delta=0.996
2026-10-01 10:29;7525.0;7665.07;SPXW  261001C07525000;135.4;143.1;delta=0.995
2026-10-01 10:29;7530.0;7665.07;SPXW  261001C07530000;130.4;138.1;delta=0.995
2026-10-01 10:29;7535.0;7665.07;SPXW  261001C07535000;125.4;133.1;delta=0.995
2026-10-01 10:29;7540.0;7665.07;SPXW  261001C07540000;120.4;128.1;delta=0.995
2026-10-01 10:29;7545.0;7665.07;SPXW  261001C07545000;115.4;123.1;delta=0.995
2026-10-01 10:29;7550.0;7665.07;SPXW  261001C07550000;113.6;114.9;delta=0.995
2026-10-01 10:29;7555.0;7665.07;SPXW  261001C07555000;105.4;113.1;delta=0.994
2026-10-01 10:29;7560.0;7665.07;SPXW  261001C07560000;103.6;104.9;delta=0.994
2026-10-01 10:29;7565.0;7665.07;SPXW  261001C07565000;98.6;99.8;delta=0.994
2026-10-01 10:29;7570.0;7665.07;SPXW  261001C07570000;93.7;94.8;delta=0.991
2026-10-01 10:29;7575.0;7665.07;SPXW  261001C07575000;88.7;89.8;delta=0.99
2026-10-01 10:29;7580.0;7665.07;SPXW  261001C07580000;84.0;84.3;delta=0.99
2026-10-01 10:29;7585.0;7665.07;SPXW  261001C07585000;79.0;79.4;delta=0.989
2026-10-01 10:29;7590.0;7665.07;SPXW  261001C07590000;74.0;74.4;delta=0.985
2026-10-01 10:29;7595.0;7665.07;SPXW  261001C07595000;69.0;69.4;delta=0.981
2026-10-01 10:29;7600.0;7665.07;SPXW  261001C07600000;64.1;64.5;delta=0.977
2026-10-01 10:29;7605.0;7665.07;SPXW  261001C07605000;59.2;59.5;delta=0.972
2026-10-01 10:29;7610.0;7665.07;SPXW  261001C07610000;54.3;54.7;delta=0.964
2026-10-01 10:29;7615.0;7665.07;SPXW  261001C07615000;49.4;49.8;delta=0.951
2026-10-01 10:29;7620.0;7665.07;SPXW  261001C07620000;44.7;45.0;delta=0.935
2026-10-01 10:29;7625.0;7665.07;SPXW  261001C07625000;40.0;40.3;delta=0.914
2026-10-01 10:29;7630.0;7665.07;SPXW  261001C07630000;35.4;35.7;delta=0.887
2026-10-01 10:29;7635.0;7665.07;SPXW  261001C07635000;31.0;31.2;delta=0.854
2026-10-01 10:29;7640.0;7665.07;SPXW  261001C07640000;26.7;26.9;delta=0.812
2026-10-01 10:29;7645.0;7665.07;SPXW  261001C07645000;22.6;22.8;delta=0.76
2026-10-01 10:29;7650.0;7665.07;SPXW  261001C07650000;18.9;19.1;delta=0.7
2026-10-01 10:29;7655.0;7665.07;SPXW  261001C07655000;15.4;15.5;delta=0.631
2026-10-01 10:29;7660.0;7665.07;SPXW  261001C07660000;12.4;12.6;delta=0.556
2026-10-01 10:29;7665.0;7665.07;SPXW  261001C07665000;9.7;9.9;delta=0.479
2026-10-01 10:29;7670.0;7665.07;SPXW  261001C07670000;7.5;7.6;delta=0.403
2026-10-01 10:29;7675.0;7665.07;SPXW  261001C07675000;5.6;5.8;delta=0.331
2026-10-01 10:29;7680.0;7665.07;SPXW  261001C07680000;4.2;4.3;delta=0.265
2026-10-01 10:29;7685.0;7665.07;SPXW  261001C07685000;3.0;3.1;delta=0.207
2026-10-01 10:29;7690.0;7665.07;SPXW  261001C07690000;2.15;2.2;delta=0.158
2026-10-01 10:29;7695.0;7665.07;SPXW  261001C07695000;1.5;1.55;delta=0.118
2026-10-01 10:29;7700.0;7665.07;SPXW  261001C07700000;1.05;1.1;delta=0.086
2026-10-01 10:29;7705.0;7665.07;SPXW  261001C07705000;0.7;0.75;delta=0.062
2026-10-01 10:29;7710.0;7665.07;SPXW  261001C07710000;0.5;0.55;delta=0.046
2026-10-01 10:29;7715.0;7665.07;SPXW  261001C07715000;0.35;0.4;delta=0.034
2026-10-01 10:29;7720.0;7665.07;SPXW  261001C07720000;0.25;0.3;delta=0.025
2026-10-01 10:29;7725.0;7665.07;SPXW  261001C07725000;0.15;0.2;delta=0.017
2026-10-01 10:29;7730.0;7665.07;SPXW  261001C07730000;0.15;0.2;delta=0.016
2026-10-01 10:29;7735.0;7665.07;SPXW  261001C07735000;0.1;0.15;delta=0.012
2026-10-01 10:29;7740.0;7665.07;SPXW  261001C07740000;0.05;0.15;delta=0.011
2026-10-01 10:29;7745.0;7665.07;SPXW  261001C07745000;0.05;0.1;delta=0.007
2026-10-01 10:29;7750.0;7665.07;SPXW  261001C07750000;0.05;0.1;delta=0.007
2026-10-01 10:29;7755.0;7665.07;SPXW  261001C07755000;0.05;0.1;delta=0.006
2026-10-01 10:29;7760.0;7665.07;SPXW  261001C07760000;0.05;0.1;delta=0.006
2026-10-01 10:29;7765.0;7665.07;SPXW  261001C07765000;0.05;0.1;delta=0.006
2026-10-01 10:29;7770.0;7665.07;SPXW  261001C07770000;0.0;0.1;delta=0.006
2026-10-01 10:29;7775.0;7665.07;SPXW  261001C07775000;0.05;0.1;delta=0.005
2026-10-01 10:29;7780.0;7665.07;SPXW  261001C07780000;0.05;0.1;delta=0.005
2026-10-01 10:29;7785.0;7665.07;SPXW  261001C07785000;0.05;0.1;delta=0.005
2026-10-01 10:29;7790.0;7665.07;SPXW  261001C07790000;0.0;0.05;delta=0.002
2026-10-01 10:29;7795.0;7665.07;SPXW  261001C07795000;0.0;0.05;delta=0.002
2026-10-01 10:29;7800.0;7665.07;SPXW  261001C07800000;0.0;0.05;delta=0.002
2026-10-01 10:29;7805.0;7665.07;SPXW  261001C07805000;0.0;0.05;delta=0.002
2026-10-01 10:29;7810.0;7665.07;SPXW  261001C07810000;0.0;0.05;delta=0.002
2026-10-01 10:29;7815.0;7665.07;SPXW  261001C07815000;0.0;0.05;delta=0.002
2026-10-01 10:29;7820.0;7665.07;SPXW  261001C07820000;0.0;0.05;delta=0.002
2026-10-01 10:29;7825.0;7665.07;SPXW  261001C07825000;0.0;0.05;delta=0.002
2026-10-01 10:29;7830.0;7665.07;SPXW  261001C07830000;0.0;0.05;delta=0.002
2026-10-01 10:29;7835.0;7665.07;SPXW  261001C07835000;0.0;0.05;delta=0.002
2026-10-01 10:29;7840.0;7665.07;SPXW  261001C07840000;0.0;0.05;delta=0.001
2026-10-01 10:29;7845.0;7665.07;SPXW  261001C07845000;0.0;0.05;delta=0.001
2026-10-01 10:29;7850.0;7665.07;SPXW  261001C07850000;0.0;0.05;delta=0.001
2026-10-01 10:29;7855.0;7665.07;SPXW  261001C07855000;0.0;0.05;delta=0.001
2026-10-01 10:29;7860.0;7665.07;SPXW  261001C07860000;0.0;0.05;delta=0.001
2026-10-01 10:29;7865.0;7665.07;SPXW  261001C07865000;0.0;0.05;delta=0.001
2026-10-01 10:29;7870.0;7665.07;SPXW  261001C07870000;0.0;0.05;delta=0.001
2026-10-01 10:29;7875.0;7665.07;SPXW  261001C07875000;0.0;0.05;delta=0.001
2026-10-01 10:29;7880.0;7665.07;SPXW  261001C07880000;0.0;0.05;delta=0.001
2026-10-01 10:29;7885.0;7665.07;SPXW  261001C07885000;0.0;0.05;delta=0.001
2026-10-01 10:29;7890.0;7665.07;SPXW  261001C07890000;0.0;0.05;delta=0.001
2026-10-01 10:29;7895.0;7665.07;SPXW  261001C07895000;0.0;0.05;delta=0.001
2026-10-01 10:29;7900.0;7665.07;SPXW  261001C07900000;0.0;0.05;delta=0.001
2026-10-01 10:29;7905.0;7665.07;SPXW  261001C07905000;0.0;0.05;delta=0.001
2026-10-01 10:29;7910.0;7665.07;SPXW  261001C07910000;0.0;0.05;delta=0.001
2026-10-01 10:29;7420.0;7665.07;SPXW  261001P07420000;0.0;0.1;delta=-0.002
2026-10-01 10:29;7425.0;7665.07;SPXW  261001P07425000;0.0;0.05;delta=-0.001
2026-10-01 10:29;7430.0;7665.07;SPXW  261001P07430000;0.0;0.1;delta=-0.002
2026-10-01 10:29;7435.0;7665.07;SPXW  261001P07435000;0.0;0.1;delta=-0.002
2026-10-01 10:29;7440.0;7665.07;SPXW  261001P07440000;0.0;0.1;delta=-0.002
2026-10-01 10:29;7445.0;7665.07;SPXW  261001P07445000;0.0;0.05;delta=-0.001
2026-10-01 10:29;7450.0;7665.07;SPXW  261001P07450000;0.0;0.05;delta=-0.001
2026-10-01 10:29;7455.0;7665.07;SPXW  261001P07455000;0.0;0.05;delta=-0.001
2026-10-01 10:29;7460.0;7665.07;SPXW  261001P07460000;0.0;0.1;delta=-0.002
2026-10-01 10:29;7465.0;7665.07;SPXW  261001P07465000;0.0;0.05;delta=-0.001
2026-10-01 10:29;7470.0;7665.07;SPXW  261001P07470000;0.0;0.05;delta=-0.001
2026-10-01 10:29;7475.0;7665.07;SPXW  261001P07475000;0.05;0.1;delta=-0.003
2026-10-01 10:29;7480.0;7665.07;SPXW  261001P07480000;0.05;0.1;delta=-0.004
2026-10-01 10:29;7485.0;7665.07;SPXW  261001P07485000;0.05;0.1;delta=-0.004
2026-10-01 10:29;7490.0;7665.07;SPXW  261001P07490000;0.05;0.1;delta=-0.004
2026-10-01 10:29;7495.0;7665.07;SPXW  261001P07495000;0.05;0.1;delta=-0.004
2026-10-01 10:29;7500.0;7665.07;SPXW  261001P07500000;0.05;0.1;delta=-0.004
2026-10-01 10:29;7505.0;7665.07;SPXW  261001P07505000;0.05;0.1;delta=-0.004
2026-10-01 10:29;7510.0;7665.07;SPXW  261001P07510000;0.05;0.1;delta=-0.004
2026-10-01 10:29;7515.0;7665.07;SPXW  261001P07515000;0.05;0.1;delta=-0.004
2026-10-01 10:29;7520.0;7665.07;SPXW  261001P07520000;0.05;0.1;delta=-0.004
2026-10-01 10:29;7525.0;7665.07;SPXW  261001P07525000;0.05;0.1;delta=-0.004
2026-10-01 10:29;7530.0;7665.07;SPXW  261001P07530000;0.05;0.1;delta=-0.005
2026-10-01 10:29;7535.0;7665.07;SPXW  261001P07535000;0.05;0.1;delta=-0.005
2026-10-01 10:29;7540.0;7665.07;SPXW  261001P07540000;0.05;0.1;delta=-0.005
2026-10-01 10:29;7545.0;7665.07;SPXW  261001P07545000;0.05;0.1;delta=-0.005
2026-10-01 10:29;7550.0;7665.07;SPXW  261001P07550000;0.05;0.1;delta=-0.005
2026-10-01 10:29;7555.0;7665.07;SPXW  261001P07555000;0.05;0.1;delta=-0.005
2026-10-01 10:29;7560.0;7665.07;SPXW  261001P07560000;0.05;0.1;delta=-0.006
2026-10-01 10:29;7565.0;7665.07;SPXW  261001P07565000;0.05;0.1;delta=-0.006
2026-10-01 10:29;7570.0;7665.07;SPXW  261001P07570000;0.1;0.15;delta=-0.009
2026-10-01 10:29;7575.0;7665.07;SPXW  261001P07575000;0.1;0.15;delta=-0.01
2026-10-01 10:29;7580.0;7665.07;SPXW  261001P07580000;0.1;0.15;delta=-0.01
2026-10-01 10:29;7585.0;7665.07;SPXW  261001P07585000;0.1;0.15;delta=-0.011
2026-10-01 10:29;7590.0;7665.07;SPXW  261001P07590000;0.15;0.2;delta=-0.015
2026-10-01 10:29;7595.0;7665.07;SPXW  261001P07595000;0.2;0.25;delta=-0.019
2026-10-01 10:29;7600.0;7665.07;SPXW  261001P07600000;0.25;0.3;delta=-0.023
2026-10-01 10:29;7605.0;7665.07;SPXW  261001P07605000;0.3;0.35;delta=-0.027
2026-10-01 10:29;7610.0;7665.07;SPXW  261001P07610000;0.4;0.45;delta=-0.036
2026-10-01 10:29;7615.0;7665.07;SPXW  261001P07615000;0.55;0.6;delta=-0.047
2026-10-01 10:29;7620.0;7665.07;SPXW  261001P07620000;0.75;0.8;delta=-0.064
2026-10-01 10:29;7625.0;7665.07;SPXW  261001P07625000;1.05;1.1;delta=-0.083
2026-10-01 10:29;7630.0;7665.07;SPXW  261001P07630000;1.45;1.5;delta=-0.11
2026-10-01 10:29;7635.0;7665.07;SPXW  261001P07635000;1.95;2.05;delta=-0.144
2026-10-01 10:29;7640.0;7665.07;SPXW  261001P07640000;2.7;2.75;delta=-0.185
2026-10-01 10:29;7645.0;7665.07;SPXW  261001P07645000;3.6;3.7;delta=-0.236
2026-10-01 10:29;7650.0;7665.07;SPXW  261001P07650000;4.8;4.9;delta=-0.295
2026-10-01 10:29;7655.0;7665.07;SPXW  261001P07655000;6.3;6.5;delta=-0.364
2026-10-01 10:29;7660.0;7665.07;SPXW  261001P07660000;8.2;8.4;delta=-0.438
2026-10-01 10:29;7665.0;7665.07;SPXW  261001P07665000;10.5;10.7;delta=-0.515
2026-10-01 10:29;7670.0;7665.07;SPXW  261001P07670000;13.2;13.4;delta=-0.591
2026-10-01 10:29;7675.0;7665.07;SPXW  261001P07675000;16.3;16.5;delta=-0.664
2026-10-01 10:29;7680.0;7665.07;SPXW  261001P07680000;19.8;20.0;delta=-0.731
2026-10-01 10:29;7685.0;7665.07;SPXW  261001P07685000;23.6;23.8;delta=-0.791
2026-10-01 10:29;7690.0;7665.07;SPXW  261001P07690000;27.7;27.9;delta=-0.84
2026-10-01 10:29;7695.0;7665.07;SPXW  261001P07695000;32.0;32.3;delta=-0.88
2026-10-01 10:29;7700.0;7665.07;SPXW  261001P07700000;36.6;36.8;delta=-0.912
2026-10-01 10:29;7705.0;7665.07;SPXW  261001P07705000;41.2;41.4;delta=-0.937
2026-10-01 10:29;7710.0;7665.07;SPXW  261001P07710000;45.9;46.3;delta=-0.953
2026-10-01 10:29;7715.0;7665.07;SPXW  261001P07715000;50.7;51.1;delta=-0.966
2026-10-01 10:29;7720.0;7665.07;SPXW  261001P07720000;55.6;56.0;delta=-0.974
2026-10-01 10:29;7725.0;7665.07;SPXW  261001P07725000;60.6;60.9;delta=-0.983
2026-10-01 10:29;7730.0;7665.07;SPXW  261001P07730000;65.5;65.9;delta=-0.984
2026-10-01 10:29;7735.0;7665.07;SPXW  261001P07735000;70.5;70.9;delta=-0.988
2026-10-01 10:29;7740.0;7665.07;SPXW  261001P07740000;75.5;75.8;delta=-0.991
2026-10-01 10:29;7745.0;7665.07;SPXW  261001P07745000;80.5;80.8;delta=-0.993
2026-10-01 10:29;7750.0;7665.07;SPXW  261001P07750000;85.2;86.1;delta=-0.993
2026-10-01 10:29;7755.0;7665.07;SPXW  261001P07755000;90.2;91.0;delta=-0.993
2026-10-01 10:29;7760.0;7665.07;SPXW  261001P07760000;95.2;96.0;delta=-0.994
2026-10-01 10:29;7765.0;7665.07;SPXW  261001P07765000;100.0;101.3;delta=-0.994
2026-10-01 10:29;7770.0;7665.07;SPXW  261001P07770000;105.0;106.3;delta=-0.996
2026-10-01 10:29;7775.0;7665.07;SPXW  261001P07775000;110.0;111.3;delta=-0.996
2026-10-01 10:29;7780.0;7665.07;SPXW  261001P07780000;114.9;116.3;delta=-0.995
2026-10-01 10:29;7785.0;7665.07;SPXW  261001P07785000;120.0;121.3;delta=-0.995
2026-10-01 10:29;7790.0;7665.07;SPXW  261001P07790000;125.0;126.3;delta=-0.998
2026-10-01 10:29;7795.0;7665.07;SPXW  261001P07795000;127.0;134.5;delta=-0.998
2026-10-01 10:29;7800.0;7665.07;SPXW  261001P07800000;134.9;136.3;delta=-0.998
2026-10-01 10:29;7805.0;7665.07;SPXW  261001P07805000;137.0;144.7;delta=-0.998
2026-10-01 10:29;7810.0;7665.07;SPXW  261001P07810000;142.0;149.5;delta=-0.998
2026-10-01 10:29;7815.0;7665.07;SPXW  261001P07815000;147.0;154.7;delta=-0.998
2026-10-01 10:29;7820.0;7665.07;SPXW  261001P07820000;152.0;159.7;delta=-0.998
2026-10-01 10:29;7825.0;7665.07;SPXW  261001P07825000;157.0;164.7;delta=-0.998
2026-10-01 10:29;7830.0;7665.07;SPXW  261001P07830000;164.9;166.3;delta=-0.998
2026-10-01 10:29;7835.0;7665.07;SPXW  261001P07835000;166.9;174.7;delta=-0.998
2026-10-01 10:29;7840.0;7665.07;SPXW  261001P07840000;172.0;179.7;delta=-0.998
2026-10-01 10:29;7845.0;7665.07;SPXW  261001P07845000;176.9;184.7;delta=-0.998
2026-10-01 10:29;7850.0;7665.07;SPXW  261001P07850000;181.9;189.7;delta=-0.998
2026-10-01 10:29;7855.0;7665.07;SPXW  261001P07855000;187.0;194.7;delta=-0.998
2026-10-01 10:29;7860.0;7665.07;SPXW  261001P07860000;194.9;196.3;delta=-0.998
2026-10-01 10:29;7865.0;7665.07;SPXW  261001P07865000;194.0;207.8;delta=-0.999
2026-10-01 10:29;7870.0;7665.07;SPXW  261001P07870000;199.0;212.7;delta=-0.999
2026-10-01 10:29;7875.0;7665.07;SPXW  261001P07875000;203.5;217.2;delta=-0.999
2026-10-01 10:29;7880.0;7665.07;SPXW  261001P07880000;208.5;222.2;delta=-0.999
2026-10-01 10:29;7885.0;7665.07;SPXW  261001P07885000;209.7;230.1;delta=-0.999
2026-10-01 10:29;7890.0;7665.07;SPXW  261001P07890000;215.3;235.3;delta=-0.999
2026-10-01 10:29;7895.0;7665.07;SPXW  261001P07895000;220.3;240.3;delta=-0.999
2026-10-01 10:29;7900.0;7665.07;SPXW  261001P07900000;224.3;244.4;delta=-0.999
2026-10-01 10:29;7905.0;7665.07;SPXW  261001P07905000;229.7;250.0;delta=-0.999
2026-10-01 10:29;7910.0;7665.07;SPXW  261001P07910000;234.7;255.0;delta=-0.999
2026-10-01 10:29;7915.0;7665.07;SPXW  261001P07915000;240.7;260.3;delta=-0.999
2026-10-01 10:33;7425.0;7674.11;SPXW  261001C07425000;239.7;259.5;delta=0.999
2026-10-01 10:33;7430.0;7674.11;SPXW  261001C07430000;234.3;253.5;delta=0.999
2026-10-01 10:33;7435.0;7674.11;SPXW  261001C07435000;229.0;249.5;delta=0.998
2026-10-01 10:33;7440.0;7674.11;SPXW  261001C07440000;224.7;244.5;delta=0.999
2026-10-01 10:33;7445.0;7674.11;SPXW  261001C07445000;219.1;238.5;delta=0.998
2026-10-01 10:33;7450.0;7674.11;SPXW  261001C07450000;214.0;234.5;delta=0.999
2026-10-01 10:33;7455.0;7674.11;SPXW  261001C07455000;209.8;229.8;delta=0.998
2026-10-01 10:33;7460.0;7674.11;SPXW  261001C07460000;206.2;219.9;delta=0.998
2026-10-01 10:33;7465.0;7674.11;SPXW  261001C07465000;202.4;216.1;delta=0.998
2026-10-01 10:33;7470.0;7674.11;SPXW  261001C07470000;196.4;210.7;delta=0.998
2026-10-01 10:33;7475.0;7674.11;SPXW  261001C07475000;194.6;202.4;delta=0.998
2026-10-01 10:33;7480.0;7674.11;SPXW  261001C07480000;189.6;197.4;delta=0.997
2026-10-01 10:33;7485.0;7674.11;SPXW  261001C07485000;184.7;192.4;delta=0.996
2026-10-01 10:33;7490.0;7674.11;SPXW  261001C07490000;179.6;187.4;delta=0.996
2026-10-01 10:33;7495.0;7674.11;SPXW  261001C07495000;174.6;182.4;delta=0.996
2026-10-01 10:33;7500.0;7674.11;SPXW  261001C07500000;172.6;174.4;delta=0.996
2026-10-01 10:33;7505.0;7674.11;SPXW  261001C07505000;164.6;172.4;delta=0.996
2026-10-01 10:33;7510.0;7674.11;SPXW  261001C07510000;159.6;167.4;delta=0.996
2026-10-01 10:33;7515.0;7674.11;SPXW  261001C07515000;154.7;162.4;delta=0.996
2026-10-01 10:33;7520.0;7674.11;SPXW  261001C07520000;149.6;157.4;delta=0.996
2026-10-01 10:33;7525.0;7674.11;SPXW  261001C07525000;147.4;149.4;delta=0.996
2026-10-01 10:33;7530.0;7674.11;SPXW  261001C07530000;142.4;144.4;delta=0.996
2026-10-01 10:33;7535.0;7674.11;SPXW  261001C07535000;137.4;139.4;delta=0.995
2026-10-01 10:33;7540.0;7674.11;SPXW  261001C07540000;132.4;134.5;delta=0.995
2026-10-01 10:33;7545.0;7674.11;SPXW  261001C07545000;127.4;129.5;delta=0.995
2026-10-01 10:33;7550.0;7674.11;SPXW  261001C07550000;122.4;124.5;delta=0.995
2026-10-01 10:33;7555.0;7674.11;SPXW  261001C07555000;117.4;119.5;delta=0.995
2026-10-01 10:33;7560.0;7674.11;SPXW  261001C07560000;112.6;114.5;delta=0.995
2026-10-01 10:33;7565.0;7674.11;SPXW  261001C07565000;107.6;109.5;delta=0.994
2026-10-01 10:33;7570.0;7674.11;SPXW  261001C07570000;102.5;104.5;delta=0.994
2026-10-01 10:33;7575.0;7674.11;SPXW  261001C07575000;98.1;99.0;delta=0.994
2026-10-01 10:33;7580.0;7674.11;SPXW  261001C07580000;93.1;94.0;delta=0.991
2026-10-01 10:33;7585.0;7674.11;SPXW  261001C07585000;88.1;89.0;delta=0.99
2026-10-01 10:33;7590.0;7674.11;SPXW  261001C07590000;83.2;83.7;delta=0.99
2026-10-01 10:33;7595.0;7674.11;SPXW  261001C07595000;78.3;78.7;delta=0.989
2026-10-01 10:33;7600.0;7674.11;SPXW  261001C07600000;73.3;73.8;delta=0.985
2026-10-01 10:33;7605.0;7674.11;SPXW  261001C07605000;68.3;68.8;delta=0.981
2026-10-01 10:33;7610.0;7674.11;SPXW  261001C07610000;63.4;63.8;delta=0.977
2026-10-01 10:33;7615.0;7674.11;SPXW  261001C07615000;58.4;58.9;delta=0.972
2026-10-01 10:33;7620.0;7674.11;SPXW  261001C07620000;53.5;54.0;delta=0.964
2026-10-01 10:33;7625.0;7674.11;SPXW  261001C07625000;48.7;49.2;delta=0.952
2026-10-01 10:33;7630.0;7674.11;SPXW  261001C07630000;43.9;44.3;delta=0.937
2026-10-01 10:33;7635.0;7674.11;SPXW  261001C07635000;39.2;39.6;delta=0.916
2026-10-01 10:33;7640.0;7674.11;SPXW  261001C07640000;34.7;34.9;delta=0.889
2026-10-01 10:33;7645.0;7674.11;SPXW  261001C07645000;30.2;30.5;delta=0.854
2026-10-01 10:33;7650.0;7674.11;SPXW  261001C07650000;26.0;26.2;delta=0.811
2026-10-01 10:33;7655.0;7674.11;SPXW  261001C07655000;22.0;22.2;delta=0.758
2026-10-01 10:33;7660.0;7674.11;SPXW  261001C07660000;18.3;18.5;delta=0.696
2026-10-01 10:33;7665.0;7674.11;SPXW  261001C07665000;14.9;15.1;delta=0.627
2026-10-01 10:33;7670.0;7674.11;SPXW  261001C07670000;11.9;12.1;delta=0.552
2026-10-01 10:33;7675.0;7674.11;SPXW  261001C07675000;9.3;9.5;delta=0.474
2026-10-01 10:33;7680.0;7674.11;SPXW  261001C07680000;7.2;7.3;delta=0.397
2026-10-01 10:33;7685.0;7674.11;SPXW  261001C07685000;5.4;5.5;delta=0.323
2026-10-01 10:33;7690.0;7674.11;SPXW  261001C07690000;3.9;4.0;delta=0.257
2026-10-01 10:33;7695.0;7674.11;SPXW  261001C07695000;2.85;2.9;delta=0.199
2026-10-01 10:33;7700.0;7674.11;SPXW  261001C07700000;2.0;2.05;delta=0.15
2026-10-01 10:33;7705.0;7674.11;SPXW  261001C07705000;1.4;1.45;delta=0.11
2026-10-01 10:33;7710.0;7674.11;SPXW  261001C07710000;0.95;1.0;delta=0.082
2026-10-01 10:33;7715.0;7674.11;SPXW  261001C07715000;0.65;0.7;delta=0.059
2026-10-01 10:33;7720.0;7674.11;SPXW  261001C07720000;0.45;0.5;delta=0.043
2026-10-01 10:33;7725.0;7674.11;SPXW  261001C07725000;0.3;0.35;delta=0.032
2026-10-01 10:33;7730.0;7674.11;SPXW  261001C07730000;0.25;0.3;delta=0.025
2026-10-01 10:33;7735.0;7674.11;SPXW  261001C07735000;0.15;0.2;delta=0.017
2026-10-01 10:33;7740.0;7674.11;SPXW  261001C07740000;0.15;0.2;delta=0.016
2026-10-01 10:33;7745.0;7674.11;SPXW  261001C07745000;0.1;0.15;delta=0.012
2026-10-01 10:33;7750.0;7674.11;SPXW  261001C07750000;0.1;0.15;delta=0.011
2026-10-01 10:33;7755.0;7674.11;SPXW  261001C07755000;0.05;0.1;delta=0.007
2026-10-01 10:33;7760.0;7674.11;SPXW  261001C07760000;0.05;0.1;delta=0.007
2026-10-01 10:33;7765.0;7674.11;SPXW  261001C07765000;0.05;0.1;delta=0.006
2026-10-01 10:33;7770.0;7674.11;SPXW  261001C07770000;0.05;0.1;delta=0.006
2026-10-01 10:33;7775.0;7674.11;SPXW  261001C07775000;0.05;0.1;delta=0.006
2026-10-01 10:33;7780.0;7674.11;SPXW  261001C07780000;0.05;0.1;delta=0.006
2026-10-01 10:33;7785.0;7674.11;SPXW  261001C07785000;0.05;0.1;delta=0.005
2026-10-01 10:33;7790.0;7674.11;SPXW  261001C07790000;0.0;0.05;delta=0.002
2026-10-01 10:33;7795.0;7674.11;SPXW  261001C07795000;0.0;0.05;delta=0.002
2026-10-01 10:33;7800.0;7674.11;SPXW  261001C07800000;0.0;0.05;delta=0.002
2026-10-01 10:33;7805.0;7674.11;SPXW  261001C07805000;0.0;0.05;delta=0.002
2026-10-01 10:33;7810.0;7674.11;SPXW  261001C07810000;0.0;0.05;delta=0.002
2026-10-01 10:33;7815.0;7674.11;SPXW  261001C07815000;0.0;0.05;delta=0.002
2026-10-01 10:33;7820.0;7674.11;SPXW  261001C07820000;0.0;0.05;delta=0.002
2026-10-01 10:33;7825.0;7674.11;SPXW  261001C07825000;0.0;0.05;delta=0.002
2026-10-01 10:33;7830.0;7674.11;SPXW  261001C07830000;0.0;0.05;delta=0.002
2026-10-01 10:33;7835.0;7674.11;SPXW  261001C07835000;0.0;0.05;delta=0.002
2026-10-01 10:33;7840.0;7674.11;SPXW  261001C07840000;0.0;0.05;delta=0.002
2026-10-01 10:33;7845.0;7674.11;SPXW  261001C07845000;0.0;0.05;delta=0.002
2026-10-01 10:33;7850.0;7674.11;SPXW  261001C07850000;0.0;0.05;delta=0.001
2026-10-01 10:33;7855.0;7674.11;SPXW  261001C07855000;0.0;0.05;delta=0.001
2026-10-01 10:33;7860.0;7674.11;SPXW  261001C07860000;0.0;0.05;delta=0.001
2026-10-01 10:33;7865.0;7674.11;SPXW  261001C07865000;0.0;0.05;delta=0.001
2026-10-01 10:33;7870.0;7674.11;SPXW  261001C07870000;0.0;0.05;delta=0.001
2026-10-01 10:33;7875.0;7674.11;SPXW  261001C07875000;0.0;0.05;delta=0.001
2026-10-01 10:33;7880.0;7674.11;SPXW  261001C07880000;0.0;0.05;delta=0.001
2026-10-01 10:33;7885.0;7674.11;SPXW  261001C07885000;0.0;0.05;delta=0.001
2026-10-01 10:33;7890.0;7674.11;SPXW  261001C07890000;0.0;0.05;delta=0.001
2026-10-01 10:33;7895.0;7674.11;SPXW  261001C07895000;0.0;0.05;delta=0.001
2026-10-01 10:33;7900.0;7674.11;SPXW  261001C07900000;0.0;0.05;delta=0.001
2026-10-01 10:33;7905.0;7674.11;SPXW  261001C07905000;0.0;0.05;delta=0.001
2026-10-01 10:33;7910.0;7674.11;SPXW  261001C07910000;0.0;0.05;delta=0.001
2026-10-01 10:33;7915.0;7674.11;SPXW  261001C07915000;0.0;0.05;delta=0.001
2026-10-01 10:33;7920.0;7674.11;SPXW  261001C07920000;0.0;0.05;delta=0.001
2026-10-01 10:33;7425.0;7674.11;SPXW  261001P07425000;0.0;0.05;delta=-0.001
2026-10-01 10:33;7430.0;7674.11;SPXW  261001P07430000;0.0;0.05;delta=-0.001
2026-10-01 10:33;7435.0;7674.11;SPXW  261001P07435000;0.0;0.1;delta=-0.002
2026-10-01 10:33;7440.0;7674.11;SPXW  261001P07440000;0.0;0.05;delta=-0.001
2026-10-01 10:33;7445.0;7674.11;SPXW  261001P07445000;0.0;0.1;delta=-0.002
2026-10-01 10:33;7450.0;7674.11;SPXW  261001P07450000;0.0;0.05;delta=-0.001
2026-10-01 10:33;7455.0;7674.11;SPXW  261001P07455000;0.0;0.1;delta=-0.002
2026-10-01 10:33;7460.0;7674.11;SPXW  261001P07460000;0.0;0.05;delta=-0.002
2026-10-01 10:33;7465.0;7674.11;SPXW  261001P07465000;0.0;0.1;delta=-0.002
2026-10-01 10:33;7470.0;7674.11;SPXW  261001P07470000;0.0;0.1;delta=-0.002
2026-10-01 10:33;7475.0;7674.11;SPXW  261001P07475000;0.0;0.1;delta=-0.002
2026-10-01 10:33;7480.0;7674.11;SPXW  261001P07480000;0.05;0.1;delta=-0.003
2026-10-01 10:33;7485.0;7674.11;SPXW  261001P07485000;0.05;0.1;delta=-0.003
2026-10-01 10:33;7490.0;7674.11;SPXW  261001P07490000;0.05;0.1;delta=-0.004
2026-10-01 10:33;7495.0;7674.11;SPXW  261001P07495000;0.05;0.1;delta=-0.004
2026-10-01 10:33;7500.0;7674.11;SPXW  261001P07500000;0.05;0.1;delta=-0.004
2026-10-01 10:33;7505.0;7674.11;SPXW  261001P07505000;0.05;0.1;delta=-0.004
2026-10-01 10:33;7510.0;7674.11;SPXW  261001P07510000;0.05;0.1;delta=-0.004
2026-10-01 10:33;7515.0;7674.11;SPXW  261001P07515000;0.05;0.1;delta=-0.004
2026-10-01 10:33;7520.0;7674.11;SPXW  261001P07520000;0.05;0.1;delta=-0.004
2026-10-01 10:33;7525.0;7674.11;SPXW  261001P07525000;0.05;0.1;delta=-0.004
2026-10-01 10:33;7530.0;7674.11;SPXW  261001P07530000;0.05;0.1;delta=-0.004
2026-10-01 10:33;7535.0;7674.11;SPXW  261001P07535000;0.05;0.1;delta=-0.004
2026-10-01 10:33;7540.0;7674.11;SPXW  261001P07540000;0.05;0.1;delta=-0.005
2026-10-01 10:33;7545.0;7674.11;SPXW  261001P07545000;0.05;0.1;delta=-0.005
2026-10-01 10:33;7550.0;7674.11;SPXW  261001P07550000;0.05;0.1;delta=-0.005
2026-10-01 10:33;7555.0;7674.11;SPXW  261001P07555000;0.05;0.1;delta=-0.005
2026-10-01 10:33;7560.0;7674.11;SPXW  261001P07560000;0.05;0.1;delta=-0.005
2026-10-01 10:33;7565.0;7674.11;SPXW  261001P07565000;0.05;0.1;delta=-0.005
2026-10-01 10:33;7570.0;7674.11;SPXW  261001P07570000;0.05;0.1;delta=-0.006
2026-10-01 10:33;7575.0;7674.11;SPXW  261001P07575000;0.05;0.1;delta=-0.006
2026-10-01 10:33;7580.0;7674.11;SPXW  261001P07580000;0.1;0.15;delta=-0.009
2026-10-01 10:33;7585.0;7674.11;SPXW  261001P07585000;0.1;0.15;delta=-0.01
2026-10-01 10:33;7590.0;7674.11;SPXW  261001P07590000;0.1;0.15;delta=-0.01
2026-10-01 10:33;7595.0;7674.11;SPXW  261001P07595000;0.1;0.15;delta=-0.011
2026-10-01 10:33;7600.0;7674.11;SPXW  261001P07600000;0.15;0.2;delta=-0.015
2026-10-01 10:33;7605.0;7674.11;SPXW  261001P07605000;0.2;0.25;delta=-0.019
2026-10-01 10:33;7610.0;7674.11;SPXW  261001P07610000;0.25;0.3;delta=-0.023
2026-10-01 10:33;7615.0;7674.11;SPXW  261001P07615000;0.3;0.35;delta=-0.028
2026-10-01 10:33;7620.0;7674.11;SPXW  261001P07620000;0.4;0.45;delta=-0.036
2026-10-01 10:33;7625.0;7674.11;SPXW  261001P07625000;0.55;0.6;delta=-0.048
2026-10-01 10:33;7630.0;7674.11;SPXW  261001P07630000;0.75;0.8;delta=-0.063
2026-10-01 10:33;7635.0;7674.11;SPXW  261001P07635000;1.05;1.1;delta=-0.084
2026-10-01 10:33;7640.0;7674.11;SPXW  261001P07640000;1.45;1.5;delta=-0.111
2026-10-01 10:33;7645.0;7674.11;SPXW  261001P07645000;2.0;2.05;delta=-0.146
2026-10-01 10:33;7650.0;7674.11;SPXW  261001P07650000;2.75;2.8;delta=-0.189
2026-10-01 10:33;7655.0;7674.11;SPXW  261001P07655000;3.7;3.8;delta=-0.243
2026-10-01 10:33;7660.0;7674.11;SPXW  261001P07660000;5.0;5.1;delta=-0.304
2026-10-01 10:33;7665.0;7674.11;SPXW  261001P07665000;6.7;6.8;delta=-0.373
2026-10-01 10:33;7670.0;7674.11;SPXW  261001P07670000;8.7;8.8;delta=-0.448
2026-10-01 10:33;7675.0;7674.11;SPXW  261001P07675000;11.1;11.2;delta=-0.526
2026-10-01 10:33;7680.0;7674.11;SPXW  261001P07680000;13.9;14.1;delta=-0.603
2026-10-01 10:33;7685.0;7674.11;SPXW  261001P07685000;17.1;17.3;delta=-0.676
2026-10-01 10:33;7690.0;7674.11;SPXW  261001P07690000;20.6;20.9;delta=-0.743
2026-10-01 10:33;7695.0;7674.11;SPXW  261001P07695000;24.5;24.8;delta=-0.801
2026-10-01 10:33;7700.0;7674.11;SPXW  261001P07700000;28.7;29.0;delta=-0.849
2026-10-01 10:33;7705.0;7674.11;SPXW  261001P07705000;33.1;33.4;delta=-0.888
2026-10-01 10:33;7710.0;7674.11;SPXW  261001P07710000;37.7;38.0;delta=-0.918
2026-10-01 10:33;7715.0;7674.11;SPXW  261001P07715000;42.4;42.7;delta=-0.941
2026-10-01 10:33;7720.0;7674.11;SPXW  261001P07720000;47.1;47.6;delta=-0.957
2026-10-01 10:33;7725.0;7674.11;SPXW  261001P07725000;52.0;52.4;delta=-0.968
2026-10-01 10:33;7730.0;7674.11;SPXW  261001P07730000;56.9;57.3;delta=-0.975
2026-10-01 10:33;7735.0;7674.11;SPXW  261001P07735000;61.8;62.3;delta=-0.983
2026-10-01 10:33;7740.0;7674.11;SPXW  261001P07740000;66.8;67.2;delta=-0.984
2026-10-01 10:33;7745.0;7674.11;SPXW  261001P07745000;71.8;72.2;delta=-0.988
2026-10-01 10:33;7750.0;7674.11;SPXW  261001P07750000;76.7;77.2;delta=-0.989
2026-10-01 10:33;7755.0;7674.11;SPXW  261001P07755000;81.7;82.2;delta=-0.993
2026-10-01 10:33;7760.0;7674.11;SPXW  261001P07760000;86.7;87.2;delta=-0.993
2026-10-01 10:33;7765.0;7674.11;SPXW  261001P07765000;91.4;92.3;delta=-0.994
2026-10-01 10:33;7770.0;7674.11;SPXW  261001P07770000;96.4;97.3;delta=-0.994
2026-10-01 10:33;7775.0;7674.11;SPXW  261001P07775000;100.9;102.7;delta=-0.994
2026-10-01 10:33;7780.0;7674.11;SPXW  261001P07780000;106.0;107.8;delta=-0.994
2026-10-01 10:33;7785.0;7674.11;SPXW  261001P07785000;111.0;112.8;delta=-0.995
2026-10-01 10:33;7790.0;7674.11;SPXW  261001P07790000;116.0;117.7;delta=-0.998
2026-10-01 10:33;7795.0;7674.11;SPXW  261001P07795000;117.7;125.4;delta=-0.998
2026-10-01 10:33;7800.0;7674.11;SPXW  261001P07800000;126.0;127.6;delta=-0.998
2026-10-01 10:33;7805.0;7674.11;SPXW  261001P07805000;127.7;135.5;delta=-0.998
2026-10-01 10:33;7810.0;7674.11;SPXW  261001P07810000;132.7;140.4;delta=-0.998
2026-10-01 10:33;7815.0;7674.11;SPXW  261001P07815000;137.8;145.4;delta=-0.998
2026-10-01 10:33;7820.0;7674.11;SPXW  261001P07820000;142.8;150.4;delta=-0.998
2026-10-01 10:33;7825.0;7674.11;SPXW  261001P07825000;147.8;155.4;delta=-0.998
2026-10-01 10:33;7830.0;7674.11;SPXW  261001P07830000;155.8;157.6;delta=-0.998
2026-10-01 10:33;7835.0;7674.11;SPXW  261001P07835000;158.1;165.4;delta=-0.998
2026-10-01 10:33;7840.0;7674.11;SPXW  261001P07840000;163.1;170.4;delta=-0.998
2026-10-01 10:33;7845.0;7674.11;SPXW  261001P07845000;168.1;175.4;delta=-0.998
2026-10-01 10:33;7850.0;7674.11;SPXW  261001P07850000;175.8;177.6;delta=-0.998
2026-10-01 10:33;7855.0;7674.11;SPXW  261001P07855000;178.1;185.4;delta=-0.998
2026-10-01 10:33;7860.0;7674.11;SPXW  261001P07860000;185.8;187.6;delta=-0.999
2026-10-01 10:33;7865.0;7674.11;SPXW  261001P07865000;188.1;195.4;delta=-0.999
2026-10-01 10:33;7870.0;7674.11;SPXW  261001P07870000;193.1;200.4;delta=-0.999
2026-10-01 10:33;7875.0;7674.11;SPXW  261001P07875000;195.1;207.7;delta=-0.999
2026-10-01 10:33;7880.0;7674.11;SPXW  261001P07880000;200.2;213.9;delta=-0.999
2026-10-01 10:33;7885.0;7674.11;SPXW  261001P07885000;205.1;217.7;delta=-0.999
2026-10-01 10:33;7890.0;7674.11;SPXW  261001P07890000;209.9;223.6;delta=-0.999
2026-10-01 10:33;7895.0;7674.11;SPXW  261001P07895000;210.4;229.3;delta=-0.999
2026-10-01 10:33;7900.0;7674.11;SPXW  261001P07900000;215.5;235.0;delta=-0.999
2026-10-01 10:33;7905.0;7674.11;SPXW  261001P07905000;220.5;239.4;delta=-0.999
2026-10-01 10:33;7910.0;7674.11;SPXW  261001P07910000;225.5;244.3;delta=-0.999
2026-10-01 10:33;7915.0;7674.11;SPXW  261001P07915000;230.5;249.3;delta=-0.999
2026-10-01 10:33;7920.0;7674.11;SPXW  261001P07920000;235.5;254.4;delta=-0.999
2026-10-01 10:37;7425.0;7672.51;SPXW  261001C07425000;239.7;257.4;delta=0.999
2026-10-01 10:37;7430.0;7672.51;SPXW  261001C07430000;232.2;252.7;delta=0.999
2026-10-01 10:37;7435.0;7672.51;SPXW  261001C07435000;228.2;247.4;delta=0.999
2026-10-01 10:37;7440.0;7672.51;SPXW  261001C07440000;224.7;242.4;delta=0.999
2026-10-01 10:37;7445.0;7672.51;SPXW  261001C07445000;216.9;237.4;delta=0.999
2026-10-01 10:37;7450.0;7672.51;SPXW  261001C07450000;213.4;232.4;delta=0.999
2026-10-01 10:37;7455.0;7672.51;SPXW  261001C07455000;210.0;223.6;delta=0.999
2026-10-01 10:37;7460.0;7672.51;SPXW  261001C07460000;205.8;219.5;delta=0.999
2026-10-01 10:37;7465.0;7672.51;SPXW  261001C07465000;200.8;214.5;delta=0.998
2026-10-01 10:37;7470.0;7672.51;SPXW  261001C07470000;195.8;209.5;delta=0.998
2026-10-01 10:37;7475.0;7672.51;SPXW  261001C07475000;193.9;201.1;delta=0.998
2026-10-01 10:37;7480.0;7672.51;SPXW  261001C07480000;189.0;196.1;delta=0.997
2026-10-01 10:37;7485.0;7672.51;SPXW  261001C07485000;184.0;191.1;delta=0.996
2026-10-01 10:37;7490.0;7672.51;SPXW  261001C07490000;179.0;186.2;delta=0.996
2026-10-01 10:37;7495.0;7672.51;SPXW  261001C07495000;174.0;181.2;delta=0.996
2026-10-01 10:37;7500.0;7672.51;SPXW  261001C07500000;171.5;172.8;delta=0.996
2026-10-01 10:37;7505.0;7672.51;SPXW  261001C07505000;164.0;171.1;delta=0.996
2026-10-01 10:37;7510.0;7672.51;SPXW  261001C07510000;159.0;166.1;delta=0.996
2026-10-01 10:37;7515.0;7672.51;SPXW  261001C07515000;154.0;161.1;delta=0.996
2026-10-01 10:37;7520.0;7672.51;SPXW  261001C07520000;149.0;156.1;delta=0.996
2026-10-01 10:37;7525.0;7672.51;SPXW  261001C07525000;146.5;147.8;delta=0.996
2026-10-01 10:37;7530.0;7672.51;SPXW  261001C07530000;141.5;142.8;delta=0.996
2026-10-01 10:37;7535.0;7672.51;SPXW  261001C07535000;136.5;137.8;delta=0.995
2026-10-01 10:37;7540.0;7672.51;SPXW  261001C07540000;131.5;132.8;delta=0.995
2026-10-01 10:37;7545.0;7672.51;SPXW  261001C07545000;126.5;127.8;delta=0.995
2026-10-01 10:37;7550.0;7672.51;SPXW  261001C07550000;121.5;122.8;delta=0.995
2026-10-01 10:37;7555.0;7672.51;SPXW  261001C07555000;116.5;117.8;delta=0.995
2026-10-01 10:37;7560.0;7672.51;SPXW  261001C07560000;111.5;112.8;delta=0.995
2026-10-01 10:37;7565.0;7672.51;SPXW  261001C07565000;106.5;107.8;delta=0.994
2026-10-01 10:37;7570.0;7672.51;SPXW  261001C07570000;101.6;102.8;delta=0.994
2026-10-01 10:37;7575.0;7672.51;SPXW  261001C07575000;96.7;97.5;delta=0.994
2026-10-01 10:37;7580.0;7672.51;SPXW  261001C07580000;91.8;92.5;delta=0.991
2026-10-01 10:37;7585.0;7672.51;SPXW  261001C07585000;86.8;87.5;delta=0.99
2026-10-01 10:37;7590.0;7672.51;SPXW  261001C07590000;82.1;82.4;delta=0.99
2026-10-01 10:37;7595.0;7672.51;SPXW  261001C07595000;77.1;77.5;delta=0.986
2026-10-01 10:37;7600.0;7672.51;SPXW  261001C07600000;72.1;72.5;delta=0.985
2026-10-01 10:37;7605.0;7672.51;SPXW  261001C07605000;67.1;67.5;delta=0.981
2026-10-01 10:37;7610.0;7672.51;SPXW  261001C07610000;62.2;62.5;delta=0.977
2026-10-01 10:37;7615.0;7672.51;SPXW  261001C07615000;57.3;57.6;delta=0.97
2026-10-01 10:37;7620.0;7672.51;SPXW  261001C07620000;52.4;52.7;delta=0.96
2026-10-01 10:37;7625.0;7672.51;SPXW  261001C07625000;47.5;47.8;delta=0.951
2026-10-01 10:37;7630.0;7672.51;SPXW  261001C07630000;42.7;43.0;delta=0.936
2026-10-01 10:37;7635.0;7672.51;SPXW  261001C07635000;38.0;38.3;delta=0.915
2026-10-01 10:37;7640.0;7672.51;SPXW  261001C07640000;33.4;33.6;delta=0.888
2026-10-01 10:37;7645.0;7672.51;SPXW  261001C07645000;28.9;29.1;delta=0.853
2026-10-01 10:37;7650.0;7672.51;SPXW  261001C07650000;24.6;24.8;delta=0.808
2026-10-01 10:37;7655.0;7672.51;SPXW  261001C07655000;20.6;20.8;delta=0.753
2026-10-01 10:37;7660.0;7672.51;SPXW  261001C07660000;16.9;17.1;delta=0.687
2026-10-01 10:37;7665.0;7672.51;SPXW  261001C07665000;13.6;13.7;delta=0.613
2026-10-01 10:37;7670.0;7672.51;SPXW  261001C07670000;10.7;10.8;delta=0.532
2026-10-01 10:37;7675.0;7672.51;SPXW  261001C07675000;8.1;8.2;delta=0.45
2026-10-01 10:37;7680.0;7672.51;SPXW  261001C07680000;6.1;6.2;delta=0.368
2026-10-01 10:37;7685.0;7672.51;SPXW  261001C07685000;4.4;4.5;delta=0.294
2026-10-01 10:37;7690.0;7672.51;SPXW  261001C07690000;3.1;3.2;delta=0.227
2026-10-01 10:37;7695.0;7672.51;SPXW  261001C07695000;2.15;2.25;delta=0.169
2026-10-01 10:37;7700.0;7672.51;SPXW  261001C07700000;1.5;1.55;delta=0.125
2026-10-01 10:37;7705.0;7672.51;SPXW  261001C07705000;1.0;1.05;delta=0.09
2026-10-01 10:37;7710.0;7672.51;SPXW  261001C07710000;0.7;0.75;delta=0.066
2026-10-01 10:37;7715.0;7672.51;SPXW  261001C07715000;0.45;0.5;delta=0.046
2026-10-01 10:37;7720.0;7672.51;SPXW  261001C07720000;0.3;0.4;delta=0.034
2026-10-01 10:37;7725.0;7672.51;SPXW  261001C07725000;0.25;0.3;delta=0.026
2026-10-01 10:37;7730.0;7672.51;SPXW  261001C07730000;0.15;0.25;delta=0.02
2026-10-01 10:37;7735.0;7672.51;SPXW  261001C07735000;0.15;0.2;delta=0.017
2026-10-01 10:37;7740.0;7672.51;SPXW  261001C07740000;0.1;0.15;delta=0.012
2026-10-01 10:37;7745.0;7672.51;SPXW  261001C07745000;0.1;0.15;delta=0.011
2026-10-01 10:37;7750.0;7672.51;SPXW  261001C07750000;0.1;0.15;delta=0.011
2026-10-01 10:37;7755.0;7672.51;SPXW  261001C07755000;0.05;0.1;delta=0.007
2026-10-01 10:37;7760.0;7672.51;SPXW  261001C07760000;0.05;0.1;delta=0.007
2026-10-01 10:37;7765.0;7672.51;SPXW  261001C07765000;0.05;0.1;delta=0.006
2026-10-01 10:37;7770.0;7672.51;SPXW  261001C07770000;0.05;0.1;delta=0.006
2026-10-01 10:37;7775.0;7672.51;SPXW  261001C07775000;0.05;0.1;delta=0.006
2026-10-01 10:37;7780.0;7672.51;SPXW  261001C07780000;0.0;0.1;delta=0.004
2026-10-01 10:37;7785.0;7672.51;SPXW  261001C07785000;0.0;0.05;delta=0.002
2026-10-01 10:37;7790.0;7672.51;SPXW  261001C07790000;0.0;0.05;delta=0.002
2026-10-01 10:37;7795.0;7672.51;SPXW  261001C07795000;0.0;0.05;delta=0.002
2026-10-01 10:37;7800.0;7672.51;SPXW  261001C07800000;0.0;0.05;delta=0.002
2026-10-01 10:37;7805.0;7672.51;SPXW  261001C07805000;0.0;0.05;delta=0.002
2026-10-01 10:37;7810.0;7672.51;SPXW  261001C07810000;0.0;0.05;delta=0.002
2026-10-01 10:37;7815.0;7672.51;SPXW  261001C07815000;0.0;0.05;delta=0.002
2026-10-01 10:37;7820.0;7672.51;SPXW  261001C07820000;0.0;0.05;delta=0.002
2026-10-01 10:37;7825.0;7672.51;SPXW  261001C07825000;0.0;0.05;delta=0.002
2026-10-01 10:37;7830.0;7672.51;SPXW  261001C07830000;0.0;0.05;delta=0.002
2026-10-01 10:37;7835.0;7672.51;SPXW  261001C07835000;0.0;0.05;delta=0.002
2026-10-01 10:37;7840.0;7672.51;SPXW  261001C07840000;0.0;0.05;delta=0.002
2026-10-01 10:37;7845.0;7672.51;SPXW  261001C07845000;0.0;0.05;delta=0.002
2026-10-01 10:37;7850.0;7672.51;SPXW  261001C07850000;0.0;0.05;delta=0.001
2026-10-01 10:37;7855.0;7672.51;SPXW  261001C07855000;0.0;0.05;delta=0.001
2026-10-01 10:37;7860.0;7672.51;SPXW  261001C07860000;0.0;0.05;delta=0.001
2026-10-01 10:37;7865.0;7672.51;SPXW  261001C07865000;0.0;0.05;delta=0.001
2026-10-01 10:37;7870.0;7672.51;SPXW  261001C07870000;0.0;0.05;delta=0.001
2026-10-01 10:37;7875.0;7672.51;SPXW  261001C07875000;0.0;0.05;delta=0.001
2026-10-01 10:37;7880.0;7672.51;SPXW  261001C07880000;0.0;0.05;delta=0.001
2026-10-01 10:37;7885.0;7672.51;SPXW  261001C07885000;0.0;0.05;delta=0.001
2026-10-01 10:37;7890.0;7672.51;SPXW  261001C07890000;0.0;0.05;delta=0.001
2026-10-01 10:37;7895.0;7672.51;SPXW  261001C07895000;0.0;0.05;delta=0.001
2026-10-01 10:37;7900.0;7672.51;SPXW  261001C07900000;0.0;0.05;delta=0.001
2026-10-01 10:37;7905.0;7672.51;SPXW  261001C07905000;0.0;0.05;delta=0.001
2026-10-01 10:37;7910.0;7672.51;SPXW  261001C07910000;0.0;0.05;delta=0.001
2026-10-01 10:37;7915.0;7672.51;SPXW  261001C07915000;0.0;0.05;delta=0.001
2026-10-01 10:37;7920.0;7672.51;SPXW  261001C07920000;0.0;0.05;delta=0.001
2026-10-01 10:37;7425.0;7672.51;SPXW  261001P07425000;0.0;0.05;delta=-0.001
2026-10-01 10:37;7430.0;7672.51;SPXW  261001P07430000;0.0;0.05;delta=-0.001
2026-10-01 10:37;7435.0;7672.51;SPXW  261001P07435000;0.0;0.05;delta=-0.001
2026-10-01 10:37;7440.0;7672.51;SPXW  261001P07440000;0.0;0.05;delta=-0.001
2026-10-01 10:37;7445.0;7672.51;SPXW  261001P07445000;0.0;0.05;delta=-0.001
2026-10-01 10:37;7450.0;7672.51;SPXW  261001P07450000;0.0;0.05;delta=-0.001
2026-10-01 10:37;7455.0;7672.51;SPXW  261001P07455000;0.0;0.05;delta=-0.001
2026-10-01 10:37;7460.0;7672.51;SPXW  261001P07460000;0.0;0.05;delta=-0.001
2026-10-01 10:37;7465.0;7672.51;SPXW  261001P07465000;0.0;0.1;delta=-0.002
2026-10-01 10:37;7470.0;7672.51;SPXW  261001P07470000;0.0;0.1;delta=-0.002
2026-10-01 10:37;7475.0;7672.51;SPXW  261001P07475000;0.0;0.1;delta=-0.002
2026-10-01 10:37;7480.0;7672.51;SPXW  261001P07480000;0.05;0.1;delta=-0.003
2026-10-01 10:37;7485.0;7672.51;SPXW  261001P07485000;0.05;0.1;delta=-0.003
2026-10-01 10:37;7490.0;7672.51;SPXW  261001P07490000;0.05;0.1;delta=-0.004
2026-10-01 10:37;7495.0;7672.51;SPXW  261001P07495000;0.05;0.1;delta=-0.004
2026-10-01 10:37;7500.0;7672.51;SPXW  261001P07500000;0.05;0.1;delta=-0.004
2026-10-01 10:37;7505.0;7672.51;SPXW  261001P07505000;0.05;0.1;delta=-0.004
2026-10-01 10:37;7510.0;7672.51;SPXW  261001P07510000;0.05;0.1;delta=-0.004
2026-10-01 10:37;7515.0;7672.51;SPXW  261001P07515000;0.05;0.1;delta=-0.004
2026-10-01 10:37;7520.0;7672.51;SPXW  261001P07520000;0.05;0.1;delta=-0.004
2026-10-01 10:37;7525.0;7672.51;SPXW  261001P07525000;0.05;0.1;delta=-0.004
2026-10-01 10:37;7530.0;7672.51;SPXW  261001P07530000;0.05;0.1;delta=-0.004
2026-10-01 10:37;7535.0;7672.51;SPXW  261001P07535000;0.05;0.1;delta=-0.005
2026-10-01 10:37;7540.0;7672.51;SPXW  261001P07540000;0.05;0.1;delta=-0.005
2026-10-01 10:37;7545.0;7672.51;SPXW  261001P07545000;0.05;0.1;delta=-0.005
2026-10-01 10:37;7550.0;7672.51;SPXW  261001P07550000;0.05;0.1;delta=-0.005
2026-10-01 10:37;7555.0;7672.51;SPXW  261001P07555000;0.05;0.1;delta=-0.005
2026-10-01 10:37;7560.0;7672.51;SPXW  261001P07560000;0.05;0.1;delta=-0.005
2026-10-01 10:37;7565.0;7672.51;SPXW  261001P07565000;0.05;0.1;delta=-0.006
2026-10-01 10:37;7570.0;7672.51;SPXW  261001P07570000;0.05;0.1;delta=-0.006
2026-10-01 10:37;7575.0;7672.51;SPXW  261001P07575000;0.05;0.1;delta=-0.006
2026-10-01 10:37;7580.0;7672.51;SPXW  261001P07580000;0.1;0.15;delta=-0.009
2026-10-01 10:37;7585.0;7672.51;SPXW  261001P07585000;0.1;0.15;delta=-0.01
2026-10-01 10:37;7590.0;7672.51;SPXW  261001P07590000;0.1;0.15;delta=-0.01
2026-10-01 10:37;7595.0;7672.51;SPXW  261001P07595000;0.15;0.2;delta=-0.014
2026-10-01 10:37;7600.0;7672.51;SPXW  261001P07600000;0.15;0.2;delta=-0.015
2026-10-01 10:37;7605.0;7672.51;SPXW  261001P07605000;0.2;0.25;delta=-0.019
2026-10-01 10:37;7610.0;7672.51;SPXW  261001P07610000;0.25;0.3;delta=-0.023
2026-10-01 10:37;7615.0;7672.51;SPXW  261001P07615000;0.3;0.4;delta=-0.03
2026-10-01 10:37;7620.0;7672.51;SPXW  261001P07620000;0.45;0.5;delta=-0.04
2026-10-01 10:37;7625.0;7672.51;SPXW  261001P07625000;0.55;0.6;delta=-0.049
2026-10-01 10:37;7630.0;7672.51;SPXW  261001P07630000;0.75;0.8;delta=-0.064
2026-10-01 10:37;7635.0;7672.51;SPXW  261001P07635000;1.0;1.1;delta=-0.084
2026-10-01 10:37;7640.0;7672.51;SPXW  261001P07640000;1.4;1.45;delta=-0.112
2026-10-01 10:37;7645.0;7672.51;SPXW  261001P07645000;1.9;2.0;delta=-0.147
2026-10-01 10:37;7650.0;7672.51;SPXW  261001P07650000;2.65;2.7;delta=-0.192
2026-10-01 10:37;7655.0;7672.51;SPXW  261001P07655000;3.6;3.7;delta=-0.247
2026-10-01 10:37;7660.0;7672.51;SPXW  261001P07660000;4.9;5.0;delta=-0.313
2026-10-01 10:37;7665.0;7672.51;SPXW  261001P07665000;6.5;6.7;delta=-0.387
2026-10-01 10:37;7670.0;7672.51;SPXW  261001P07670000;8.6;8.7;delta=-0.468
2026-10-01 10:37;7675.0;7672.51;SPXW  261001P07675000;11.1;11.2;delta=-0.55
2026-10-01 10:37;7680.0;7672.51;SPXW  261001P07680000;14.0;14.2;delta=-0.632
2026-10-01 10:37;7685.0;7672.51;SPXW  261001P07685000;17.4;17.6;delta=-0.706
2026-10-01 10:37;7690.0;7672.51;SPXW  261001P07690000;21.1;21.3;delta=-0.773
2026-10-01 10:37;7695.0;7672.51;SPXW  261001P07695000;25.1;25.4;delta=-0.83
2026-10-01 10:37;7700.0;7672.51;SPXW  261001P07700000;29.4;29.7;delta=-0.875
2026-10-01 10:37;7705.0;7672.51;SPXW  261001P07705000;34.0;34.2;delta=-0.91
2026-10-01 10:37;7710.0;7672.51;SPXW  261001P07710000;38.7;38.9;delta=-0.934
2026-10-01 10:37;7715.0;7672.51;SPXW  261001P07715000;43.4;43.7;delta=-0.954
2026-10-01 10:37;7720.0;7672.51;SPXW  261001P07720000;48.2;48.6;delta=-0.966
2026-10-01 10:37;7725.0;7672.51;SPXW  261001P07725000;53.2;53.5;delta=-0.973
2026-10-01 10:37;7730.0;7672.51;SPXW  261001P07730000;58.1;58.4;delta=-0.98
2026-10-01 10:37;7735.0;7672.51;SPXW  261001P07735000;63.1;63.4;delta=-0.983
2026-10-01 10:37;7740.0;7672.51;SPXW  261001P07740000;68.0;68.4;delta=-0.988
2026-10-01 10:37;7745.0;7672.51;SPXW  261001P07745000;73.0;73.3;delta=-0.989
2026-10-01 10:37;7750.0;7672.51;SPXW  261001P07750000;78.0;78.3;delta=-0.989
2026-10-01 10:37;7755.0;7672.51;SPXW  261001P07755000;82.7;83.5;delta=-0.993
2026-10-01 10:37;7760.0;7672.51;SPXW  261001P07760000;87.7;88.5;delta=-0.993
2026-10-01 10:37;7765.0;7672.51;SPXW  261001P07765000;92.6;93.5;delta=-0.994
2026-10-01 10:37;7770.0;7672.51;SPXW  261001P07770000;97.6;98.5;delta=-0.994
2026-10-01 10:37;7775.0;7672.51;SPXW  261001P07775000;102.5;103.7;delta=-0.994
2026-10-01 10:37;7780.0;7672.51;SPXW  261001P07780000;107.5;108.7;delta=-0.996
2026-10-01 10:37;7785.0;7672.51;SPXW  261001P07785000;112.5;113.7;delta=-0.998
2026-10-01 10:37;7790.0;7672.51;SPXW  261001P07790000;117.5;118.7;delta=-0.998
2026-10-01 10:37;7795.0;7672.51;SPXW  261001P07795000;119.0;126.1;delta=-0.998
2026-10-01 10:37;7800.0;7672.51;SPXW  261001P07800000;127.5;128.7;delta=-0.998
2026-10-01 10:37;7805.0;7672.51;SPXW  261001P07805000;129.1;136.1;delta=-0.998
2026-10-01 10:37;7810.0;7672.51;SPXW  261001P07810000;134.0;141.1;delta=-0.998
2026-10-01 10:37;7815.0;7672.51;SPXW  261001P07815000;138.9;146.1;delta=-0.998
2026-10-01 10:37;7820.0;7672.51;SPXW  261001P07820000;143.9;151.1;delta=-0.998
2026-10-01 10:37;7825.0;7672.51;SPXW  261001P07825000;149.0;156.1;delta=-0.998
2026-10-01 10:37;7830.0;7672.51;SPXW  261001P07830000;157.5;158.6;delta=-0.998
2026-10-01 10:37;7835.0;7672.51;SPXW  261001P07835000;158.9;166.1;delta=-0.998
2026-10-01 10:37;7840.0;7672.51;SPXW  261001P07840000;164.0;171.1;delta=-0.998
2026-10-01 10:37;7845.0;7672.51;SPXW  261001P07845000;168.9;176.1;delta=-0.998
2026-10-01 10:37;7850.0;7672.51;SPXW  261001P07850000;177.5;178.6;delta=-0.998
2026-10-01 10:37;7855.0;7672.51;SPXW  261001P07855000;179.0;186.1;delta=-0.998
2026-10-01 10:37;7860.0;7672.51;SPXW  261001P07860000;187.5;188.6;delta=-0.999
2026-10-01 10:37;7865.0;7672.51;SPXW  261001P07865000;188.9;196.1;delta=-0.999
2026-10-01 10:37;7870.0;7672.51;SPXW  261001P07870000;194.0;201.1;delta=-0.999
2026-10-01 10:37;7875.0;7672.51;SPXW  261001P07875000;195.6;209.2;delta=-0.999
2026-10-01 10:37;7880.0;7672.51;SPXW  261001P07880000;200.5;214.2;delta=-0.999
2026-10-01 10:37;7885.0;7672.51;SPXW  261001P07885000;205.7;219.4;delta=-0.999
2026-10-01 10:37;7890.0;7672.51;SPXW  261001P07890000;207.2;227.8;delta=-0.999
2026-10-01 10:37;7895.0;7672.51;SPXW  261001P07895000;212.6;232.9;delta=-0.999
2026-10-01 10:37;7900.0;7672.51;SPXW  261001P07900000;218.2;238.1;delta=-0.999
2026-10-01 10:37;7905.0;7672.51;SPXW  261001P07905000;222.6;243.1;delta=-0.999
2026-10-01 10:37;7910.0;7672.51;SPXW  261001P07910000;227.6;248.1;delta=-0.999
2026-10-01 10:37;7915.0;7672.51;SPXW  261001P07915000;232.6;253.1;delta=-0.999
2026-10-01 10:37;7920.0;7672.51;SPXW  261001P07920000;237.6;258.1;delta=-0.999
2026-10-01 10:42;7425.0;7673.52;SPXW  261001C07425000;239.7;257.8;delta=0.999
2026-10-01 10:42;7430.0;7673.52;SPXW  261001C07430000;232.2;252.7;delta=0.999
2026-10-01 10:42;7435.0;7673.52;SPXW  261001C07435000;228.2;247.8;delta=0.999
2026-10-01 10:42;7440.0;7673.52;SPXW  261001C07440000;224.7;242.8;delta=0.999
2026-10-01 10:42;7445.0;7673.52;SPXW  261001C07445000;217.2;237.7;delta=0.999
2026-10-01 10:42;7450.0;7673.52;SPXW  261001C07450000;213.4;232.8;delta=0.999
2026-10-01 10:42;7455.0;7673.52;SPXW  261001C07455000;209.8;227.2;delta=0.998
2026-10-01 10:42;7460.0;7673.52;SPXW  261001C07460000;206.9;220.6;delta=0.999
2026-10-01 10:42;7465.0;7673.52;SPXW  261001C07465000;202.0;215.7;delta=0.999
2026-10-01 10:42;7470.0;7673.52;SPXW  261001C07470000;197.0;209.6;delta=0.998
2026-10-01 10:42;7475.0;7673.52;SPXW  261001C07475000;194.5;202.0;delta=0.998
2026-10-01 10:42;7480.0;7673.52;SPXW  261001C07480000;189.6;197.0;delta=0.999
2026-10-01 10:42;7485.0;7673.52;SPXW  261001C07485000;184.9;192.1;delta=0.996
2026-10-01 10:42;7490.0;7673.52;SPXW  261001C07490000;179.6;187.0;delta=0.996
2026-10-01 10:42;7495.0;7673.52;SPXW  261001C07495000;174.6;182.0;delta=0.996
2026-10-01 10:42;7500.0;7673.52;SPXW  261001C07500000;172.9;174.1;delta=0.996
2026-10-01 10:42;7505.0;7673.52;SPXW  261001C07505000;164.6;172.0;delta=0.996
2026-10-01 10:42;7510.0;7673.52;SPXW  261001C07510000;159.6;167.0;delta=0.996
2026-10-01 10:42;7515.0;7673.52;SPXW  261001C07515000;154.6;162.8;delta=0.996
2026-10-01 10:42;7520.0;7673.52;SPXW  261001C07520000;149.6;156.5;delta=0.996
2026-10-01 10:42;7525.0;7673.52;SPXW  261001C07525000;148.0;149.4;delta=0.996
2026-10-01 10:42;7530.0;7673.52;SPXW  261001C07530000;143.0;144.4;delta=0.996
2026-10-01 10:42;7535.0;7673.52;SPXW  261001C07535000;138.0;139.4;delta=0.995
2026-10-01 10:42;7540.0;7673.52;SPXW  261001C07540000;133.0;134.2;delta=0.995
2026-10-01 10:42;7545.0;7673.52;SPXW  261001C07545000;128.0;129.4;delta=0.995
2026-10-01 10:42;7550.0;7673.52;SPXW  261001C07550000;123.0;124.2;delta=0.995
2026-10-01 10:42;7555.0;7673.52;SPXW  261001C07555000;118.0;119.2;delta=0.995
2026-10-01 10:42;7560.0;7673.52;SPXW  261001C07560000;113.0;114.2;delta=0.995
2026-10-01 10:42;7565.0;7673.52;SPXW  261001C07565000;108.0;109.2;delta=0.994
2026-10-01 10:42;7570.0;7673.52;SPXW  261001C07570000;103.0;104.2;delta=0.991
2026-10-01 10:42;7575.0;7673.52;SPXW  261001C07575000;98.2;99.0;delta=0.991
2026-10-01 10:42;7580.0;7673.52;SPXW  261001C07580000;93.2;94.0;delta=0.991
2026-10-01 10:42;7585.0;7673.52;SPXW  261001C07585000;88.2;89.0;delta=0.99
2026-10-01 10:42;7590.0;7673.52;SPXW  261001C07590000;83.2;83.9;delta=0.987
2026-10-01 10:42;7595.0;7673.52;SPXW  261001C07595000;78.3;78.9;delta=0.986
2026-10-01 10:42;7600.0;7673.52;SPXW  261001C07600000;73.3;73.9;delta=0.982
2026-10-01 10:42;7605.0;7673.52;SPXW  261001C07605000;68.3;68.9;delta=0.981
2026-10-01 10:42;7610.0;7673.52;SPXW  261001C07610000;63.7;64.0;delta=0.977
2026-10-01 10:42;7615.0;7673.52;SPXW  261001C07615000;58.8;59.0;delta=0.969
2026-10-01 10:42;7620.0;7673.52;SPXW  261001C07620000;53.9;54.1;delta=0.961
2026-10-01 10:42;7625.0;7673.52;SPXW  261001C07625000;49.0;49.3;delta=0.952
2026-10-01 10:42;7630.0;7673.52;SPXW  261001C07630000;44.2;44.4;delta=0.936
2026-10-01 10:42;7635.0;7673.52;SPXW  261001C07635000;39.4;39.7;delta=0.917
2026-10-01 10:42;7640.0;7673.52;SPXW  261001C07640000;34.7;34.9;delta=0.892
2026-10-01 10:42;7645.0;7673.52;SPXW  261001C07645000;30.2;30.4;delta=0.86
2026-10-01 10:42;7650.0;7673.52;SPXW  261001C07650000;25.8;26.0;delta=0.816
2026-10-01 10:42;7655.0;7673.52;SPXW  261001C07655000;21.7;21.9;delta=0.761
2026-10-01 10:42;7660.0;7673.52;SPXW  261001C07660000;17.9;18.0;delta=0.695
2026-10-01 10:42;7665.0;7673.52;SPXW  261001C07665000;14.4;14.6;delta=0.621
2026-10-01 10:42;7670.0;7673.52;SPXW  261001C07670000;11.4;11.5;delta=0.541
2026-10-01 10:42;7675.0;7673.52;SPXW  261001C07675000;8.8;8.9;delta=0.458
2026-10-01 10:42;7680.0;7673.52;SPXW  261001C07680000;6.6;6.7;delta=0.376
2026-10-01 10:42;7685.0;7673.52;SPXW  261001C07685000;4.8;4.9;delta=0.3
2026-10-01 10:42;7690.0;7673.52;SPXW  261001C07690000;3.4;3.6;delta=0.233
2026-10-01 10:42;7695.0;7673.52;SPXW  261001C07695000;2.45;2.5;delta=0.175
2026-10-01 10:42;7700.0;7673.52;SPXW  261001C07700000;1.7;1.75;delta=0.129
2026-10-01 10:42;7705.0;7673.52;SPXW  261001C07705000;1.15;1.2;delta=0.094
2026-10-01 10:42;7710.0;7673.52;SPXW  261001C07710000;0.8;0.85;delta=0.066
2026-10-01 10:42;7715.0;7673.52;SPXW  261001C07715000;0.55;0.6;delta=0.049
2026-10-01 10:42;7720.0;7673.52;SPXW  261001C07720000;0.4;0.45;delta=0.036
2026-10-01 10:42;7725.0;7673.52;SPXW  261001C07725000;0.25;0.35;delta=0.027
2026-10-01 10:42;7730.0;7673.52;SPXW  261001C07730000;0.2;0.25;delta=0.021
2026-10-01 10:42;7735.0;7673.52;SPXW  261001C07735000;0.15;0.2;delta=0.017
2026-10-01 10:42;7740.0;7673.52;SPXW  261001C07740000;0.15;0.2;delta=0.012
2026-10-01 10:42;7745.0;7673.52;SPXW  261001C07745000;0.1;0.15;delta=0.011
2026-10-01 10:42;7750.0;7673.52;SPXW  261001C07750000;0.1;0.15;delta=0.011
2026-10-01 10:42;7755.0;7673.52;SPXW  261001C07755000;0.05;0.1;delta=0.007
2026-10-01 10:42;7760.0;7673.52;SPXW  261001C07760000;0.05;0.1;delta=0.007
2026-10-01 10:42;7765.0;7673.52;SPXW  261001C07765000;0.05;0.1;delta=0.006
2026-10-01 10:42;7770.0;7673.52;SPXW  261001C07770000;0.05;0.1;delta=0.006
2026-10-01 10:42;7775.0;7673.52;SPXW  261001C07775000;0.05;0.1;delta=0.006
2026-10-01 10:42;7780.0;7673.52;SPXW  261001C07780000;0.05;0.1;delta=0.006
2026-10-01 10:42;7785.0;7673.52;SPXW  261001C07785000;0.0;0.1;delta=0.004
2026-10-01 10:42;7790.0;7673.52;SPXW  261001C07790000;0.0;0.1;delta=0.002
2026-10-01 10:42;7795.0;7673.52;SPXW  261001C07795000;0.0;0.1;delta=0.004
2026-10-01 10:42;7800.0;7673.52;SPXW  261001C07800000;0.0;0.05;delta=0.003
2026-10-01 10:42;7805.0;7673.52;SPXW  261001C07805000;0.0;0.1;delta=0.003
2026-10-01 10:42;7810.0;7673.52;SPXW  261001C07810000;0.0;0.05;delta=0.002
2026-10-01 10:42;7815.0;7673.52;SPXW  261001C07815000;0.0;0.05;delta=0.002
2026-10-01 10:42;7820.0;7673.52;SPXW  261001C07820000;0.0;0.05;delta=0.002
2026-10-01 10:42;7825.0;7673.52;SPXW  261001C07825000;0.0;0.05;delta=0.002
2026-10-01 10:42;7830.0;7673.52;SPXW  261001C07830000;0.0;0.05;delta=0.002
2026-10-01 10:42;7835.0;7673.52;SPXW  261001C07835000;0.0;0.05;delta=0.002
2026-10-01 10:42;7840.0;7673.52;SPXW  261001C07840000;0.0;0.05;delta=0.002
2026-10-01 10:42;7845.0;7673.52;SPXW  261001C07845000;0.0;0.05;delta=0.002
2026-10-01 10:42;7850.0;7673.52;SPXW  261001C07850000;0.0;0.05;delta=0.001
2026-10-01 10:42;7855.0;7673.52;SPXW  261001C07855000;0.0;0.05;delta=0.001
2026-10-01 10:42;7860.0;7673.52;SPXW  261001C07860000;0.0;0.05;delta=0.001
2026-10-01 10:42;7865.0;7673.52;SPXW  261001C07865000;0.0;0.05;delta=0.001
2026-10-01 10:42;7870.0;7673.52;SPXW  261001C07870000;0.0;0.05;delta=0.001
2026-10-01 10:42;7875.0;7673.52;SPXW  261001C07875000;0.0;0.05;delta=0.001
2026-10-01 10:42;7880.0;7673.52;SPXW  261001C07880000;0.0;0.05;delta=0.001
2026-10-01 10:42;7885.0;7673.52;SPXW  261001C07885000;0.0;0.05;delta=0.001
2026-10-01 10:42;7890.0;7673.52;SPXW  261001C07890000;0.0;0.05;delta=0.001
2026-10-01 10:42;7895.0;7673.52;SPXW  261001C07895000;0.0;0.05;delta=0.001
2026-10-01 10:42;7900.0;7673.52;SPXW  261001C07900000;0.0;0.05;delta=0.001
2026-10-01 10:42;7905.0;7673.52;SPXW  261001C07905000;0.0;0.05;delta=0.001
2026-10-01 10:42;7910.0;7673.52;SPXW  261001C07910000;0.0;0.05;delta=0.001
2026-10-01 10:42;7915.0;7673.52;SPXW  261001C07915000;0.0;0.05;delta=0.001
2026-10-01 10:42;7920.0;7673.52;SPXW  261001C07920000;0.0;0.05;delta=0.001
2026-10-01 10:42;7425.0;7673.52;SPXW  261001P07425000;0.0;0.05;delta=-0.001
2026-10-01 10:42;7430.0;7673.52;SPXW  261001P07430000;0.0;0.05;delta=-0.001
2026-10-01 10:42;7435.0;7673.52;SPXW  261001P07435000;0.0;0.05;delta=-0.001
2026-10-01 10:42;7440.0;7673.52;SPXW  261001P07440000;0.0;0.05;delta=-0.001
2026-10-01 10:42;7445.0;7673.52;SPXW  261001P07445000;0.0;0.05;delta=-0.001
2026-10-01 10:42;7450.0;7673.52;SPXW  261001P07450000;0.0;0.05;delta=-0.001
2026-10-01 10:42;7455.0;7673.52;SPXW  261001P07455000;0.0;0.1;delta=-0.001
2026-10-01 10:42;7460.0;7673.52;SPXW  261001P07460000;0.0;0.05;delta=-0.001
2026-10-01 10:42;7465.0;7673.52;SPXW  261001P07465000;0.0;0.05;delta=-0.001
2026-10-01 10:42;7470.0;7673.52;SPXW  261001P07470000;0.0;0.1;delta=-0.001
2026-10-01 10:42;7475.0;7673.52;SPXW  261001P07475000;0.0;0.1;delta=-0.002
2026-10-01 10:42;7480.0;7673.52;SPXW  261001P07480000;0.0;0.05;delta=-0.001
2026-10-01 10:42;7485.0;7673.52;SPXW  261001P07485000;0.05;0.1;delta=-0.003
2026-10-01 10:42;7490.0;7673.52;SPXW  261001P07490000;0.05;0.1;delta=-0.004
2026-10-01 10:42;7495.0;7673.52;SPXW  261001P07495000;0.05;0.1;delta=-0.004
2026-10-01 10:42;7500.0;7673.52;SPXW  261001P07500000;0.05;0.1;delta=-0.004
2026-10-01 10:42;7505.0;7673.52;SPXW  261001P07505000;0.05;0.1;delta=-0.004
2026-10-01 10:42;7510.0;7673.52;SPXW  261001P07510000;0.05;0.1;delta=-0.004
2026-10-01 10:42;7515.0;7673.52;SPXW  261001P07515000;0.05;0.1;delta=-0.004
2026-10-01 10:42;7520.0;7673.52;SPXW  261001P07520000;0.05;0.1;delta=-0.004
2026-10-01 10:42;7525.0;7673.52;SPXW  261001P07525000;0.05;0.1;delta=-0.004
2026-10-01 10:42;7530.0;7673.52;SPXW  261001P07530000;0.05;0.1;delta=-0.004
2026-10-01 10:42;7535.0;7673.52;SPXW  261001P07535000;0.05;0.1;delta=-0.004
2026-10-01 10:42;7540.0;7673.52;SPXW  261001P07540000;0.05;0.1;delta=-0.005
2026-10-01 10:42;7545.0;7673.52;SPXW  261001P07545000;0.05;0.1;delta=-0.005
2026-10-01 10:42;7550.0;7673.52;SPXW  261001P07550000;0.05;0.1;delta=-0.005
2026-10-01 10:42;7555.0;7673.52;SPXW  261001P07555000;0.05;0.1;delta=-0.005
2026-10-01 10:42;7560.0;7673.52;SPXW  261001P07560000;0.05;0.1;delta=-0.005
2026-10-01 10:42;7565.0;7673.52;SPXW  261001P07565000;0.05;0.1;delta=-0.005
2026-10-01 10:42;7570.0;7673.52;SPXW  261001P07570000;0.1;0.15;delta=-0.009
2026-10-01 10:42;7575.0;7673.52;SPXW  261001P07575000;0.1;0.15;delta=-0.009
2026-10-01 10:42;7580.0;7673.52;SPXW  261001P07580000;0.1;0.15;delta=-0.009
2026-10-01 10:42;7585.0;7673.52;SPXW  261001P07585000;0.1;0.15;delta=-0.01
2026-10-01 10:42;7590.0;7673.52;SPXW  261001P07590000;0.1;0.15;delta=-0.01
2026-10-01 10:42;7595.0;7673.52;SPXW  261001P07595000;0.15;0.2;delta=-0.014
2026-10-01 10:42;7600.0;7673.52;SPXW  261001P07600000;0.15;0.2;delta=-0.015
2026-10-01 10:42;7605.0;7673.52;SPXW  261001P07605000;0.2;0.25;delta=-0.019
2026-10-01 10:42;7610.0;7673.52;SPXW  261001P07610000;0.25;0.3;delta=-0.023
2026-10-01 10:42;7615.0;7673.52;SPXW  261001P07615000;0.3;0.4;delta=-0.028
2026-10-01 10:42;7620.0;7673.52;SPXW  261001P07620000;0.4;0.45;delta=-0.036
2026-10-01 10:42;7625.0;7673.52;SPXW  261001P07625000;0.55;0.6;delta=-0.044
2026-10-01 10:42;7630.0;7673.52;SPXW  261001P07630000;0.7;0.75;delta=-0.06
2026-10-01 10:42;7635.0;7673.52;SPXW  261001P07635000;0.95;1.0;delta=-0.076
2026-10-01 10:42;7640.0;7673.52;SPXW  261001P07640000;1.25;1.35;delta=-0.101
2026-10-01 10:42;7645.0;7673.52;SPXW  261001P07645000;1.75;1.8;delta=-0.132
2026-10-01 10:42;7650.0;7673.52;SPXW  261001P07650000;2.4;2.45;delta=-0.174
2026-10-01 10:42;7655.0;7673.52;SPXW  261001P07655000;3.3;3.4;delta=-0.225
2026-10-01 10:42;7660.0;7673.52;SPXW  261001P07660000;4.5;4.6;delta=-0.286
2026-10-01 10:42;7665.0;7673.52;SPXW  261001P07665000;6.0;6.1;delta=-0.358
2026-10-01 10:42;7670.0;7673.52;SPXW  261001P07670000;8.0;8.1;delta=-0.437
2026-10-01 10:42;7675.0;7673.52;SPXW  261001P07675000;10.4;10.5;delta=-0.521
2026-10-01 10:42;7680.0;7673.52;SPXW  261001P07680000;13.2;13.4;delta=-0.603
2026-10-01 10:42;7685.0;7673.52;SPXW  261001P07685000;16.4;16.6;delta=-0.681
2026-10-01 10:42;7690.0;7673.52;SPXW  261001P07690000;20.1;20.3;delta=-0.751
2026-10-01 10:42;7695.0;7673.52;SPXW  261001P07695000;24.0;24.3;delta=-0.81
2026-10-01 10:42;7700.0;7673.52;SPXW  261001P07700000;28.3;28.5;delta=-0.858
2026-10-01 10:42;7705.0;7673.52;SPXW  261001P07705000;32.7;33.0;delta=-0.896
2026-10-01 10:42;7710.0;7673.52;SPXW  261001P07710000;37.3;37.7;delta=-0.926
2026-10-01 10:42;7715.0;7673.52;SPXW  261001P07715000;42.0;42.5;delta=-0.947
2026-10-01 10:42;7720.0;7673.52;SPXW  261001P07720000;46.9;47.3;delta=-0.96
2026-10-01 10:42;7725.0;7673.52;SPXW  261001P07725000;51.8;52.2;delta=-0.969
2026-10-01 10:42;7730.0;7673.52;SPXW  261001P07730000;56.6;57.1;delta=-0.978
2026-10-01 10:42;7735.0;7673.52;SPXW  261001P07735000;61.6;62.1;delta=-0.983
2026-10-01 10:42;7740.0;7673.52;SPXW  261001P07740000;66.6;67.1;delta=-0.984
2026-10-01 10:42;7745.0;7673.52;SPXW  261001P07745000;71.5;72.0;delta=-0.988
2026-10-01 10:42;7750.0;7673.52;SPXW  261001P07750000;76.5;77.0;delta=-0.989
2026-10-01 10:42;7755.0;7673.52;SPXW  261001P07755000;81.5;82.4;delta=-0.991
2026-10-01 10:42;7760.0;7673.52;SPXW  261001P07760000;86.5;87.4;delta=-0.993
2026-10-01 10:42;7765.0;7673.52;SPXW  261001P07765000;91.5;92.4;delta=-0.994
2026-10-01 10:42;7770.0;7673.52;SPXW  261001P07770000;96.5;97.4;delta=-0.994
2026-10-01 10:42;7775.0;7673.52;SPXW  261001P07775000;97.9;102.4;delta=-0.994
2026-10-01 10:42;7780.0;7673.52;SPXW  261001P07780000;102.7;107.4;delta=-0.994
2026-10-01 10:42;7785.0;7673.52;SPXW  261001P07785000;107.6;112.4;delta=-0.996
2026-10-01 10:42;7790.0;7673.52;SPXW  261001P07790000;112.6;117.4;delta=-0.996
2026-10-01 10:42;7795.0;7673.52;SPXW  261001P07795000;117.5;124.8;delta=-0.996
2026-10-01 10:42;7800.0;7673.52;SPXW  261001P07800000;122.6;127.4;delta=-0.998
2026-10-01 10:42;7805.0;7673.52;SPXW  261001P07805000;127.4;134.9;delta=-0.997
2026-10-01 10:42;7810.0;7673.52;SPXW  261001P07810000;132.6;140.2;delta=-0.998
2026-10-01 10:42;7815.0;7673.52;SPXW  261001P07815000;137.4;145.0;delta=-0.998
2026-10-01 10:42;7820.0;7673.52;SPXW  261001P07820000;142.4;150.0;delta=-0.998
2026-10-01 10:42;7825.0;7673.52;SPXW  261001P07825000;147.6;154.8;delta=-0.998
2026-10-01 10:42;7830.0;7673.52;SPXW  261001P07830000;152.8;157.4;delta=-0.998
2026-10-01 10:42;7835.0;7673.52;SPXW  261001P07835000;157.4;165.0;delta=-0.998
2026-10-01 10:42;7840.0;7673.52;SPXW  261001P07840000;162.6;169.8;delta=-0.998
2026-10-01 10:42;7845.0;7673.52;SPXW  261001P07845000;167.4;175.0;delta=-0.998
2026-10-01 10:42;7850.0;7673.52;SPXW  261001P07850000;172.8;180.1;delta=-0.998
2026-10-01 10:42;7855.0;7673.52;SPXW  261001P07855000;177.6;184.8;delta=-0.998
2026-10-01 10:42;7860.0;7673.52;SPXW  261001P07860000;182.8;187.4;delta=-0.999
2026-10-01 10:42;7865.0;7673.52;SPXW  261001P07865000;187.4;195.0;delta=-0.999
2026-10-01 10:42;7870.0;7673.52;SPXW  261001P07870000;192.8;199.8;delta=-0.999
2026-10-01 10:42;7875.0;7673.52;SPXW  261001P07875000;194.5;208.2;delta=-0.999
2026-10-01 10:42;7880.0;7673.52;SPXW  261001P07880000;199.3;213.0;delta=-0.999
2026-10-01 10:42;7885.0;7673.52;SPXW  261001P07885000;204.6;218.3;delta=-0.999
2026-10-01 10:42;7890.0;7673.52;SPXW  261001P07890000;209.5;223.2;delta=-0.999
2026-10-01 10:42;7895.0;7673.52;SPXW  261001P07895000;212.6;232.4;delta=-0.999
2026-10-01 10:42;7900.0;7673.52;SPXW  261001P07900000;218.2;237.4;delta=-0.999
2026-10-01 10:42;7905.0;7673.52;SPXW  261001P07905000;222.6;242.4;delta=-0.999
2026-10-01 10:42;7910.0;7673.52;SPXW  261001P07910000;227.6;247.4;delta=-0.999
2026-10-01 10:42;7915.0;7673.52;SPXW  261001P07915000;232.6;252.4;delta=-0.999
2026-10-01 10:42;7920.0;7673.52;SPXW  261001P07920000;237.6;257.4;delta=-0.999
2026-10-01 10:46;7430.0;7678.2;SPXW  261001C07430000;237.9;258.6;delta=0.999
2026-10-01 10:46;7435.0;7678.2;SPXW  261001C07435000;233.1;252.2;delta=0.999
2026-10-01 10:46;7440.0;7678.2;SPXW  261001C07440000;227.9;248.6;delta=0.999
2026-10-01 10:46;7445.0;7678.2;SPXW  261001C07445000;222.8;243.5;delta=0.999
2026-10-01 10:46;7450.0;7678.2;SPXW  261001C07450000;218.1;237.4;delta=0.999
2026-10-01 10:46;7455.0;7678.2;SPXW  261001C07455000;212.3;232.7;delta=0.999
2026-10-01 10:46;7460.0;7678.2;SPXW  261001C07460000;208.3;228.7;delta=0.998
2026-10-01 10:46;7465.0;7678.2;SPXW  261001C07465000;206.4;220.1;delta=0.998
2026-10-01 10:46;7470.0;7678.2;SPXW  261001C07470000;201.2;214.9;delta=0.998
2026-10-01 10:46;7475.0;7678.2;SPXW  261001C07475000;197.0;209.4;delta=0.998
2026-10-01 10:46;7480.0;7678.2;SPXW  261001C07480000;194.9;201.8;delta=0.997
2026-10-01 10:46;7485.0;7678.2;SPXW  261001C07485000;189.4;196.9;delta=0.997
2026-10-01 10:46;7490.0;7678.2;SPXW  261001C07490000;184.9;191.8;delta=0.997
2026-10-01 10:46;7495.0;7678.2;SPXW  261001C07495000;179.5;186.8;delta=0.996
2026-10-01 10:46;7500.0;7678.2;SPXW  261001C07500000;178.1;182.1;delta=0.996
2026-10-01 10:46;7505.0;7678.2;SPXW  261001C07505000;169.5;176.8;delta=0.996
2026-10-01 10:46;7510.0;7678.2;SPXW  261001C07510000;164.5;171.8;delta=0.996
2026-10-01 10:46;7515.0;7678.2;SPXW  261001C07515000;159.7;166.9;delta=0.996
2026-10-01 10:46;7520.0;7678.2;SPXW  261001C07520000;154.5;161.8;delta=0.996
2026-10-01 10:46;7525.0;7678.2;SPXW  261001C07525000;153.1;157.1;delta=0.996
2026-10-01 10:46;7530.0;7678.2;SPXW  261001C07530000;144.7;151.9;delta=0.996
2026-10-01 10:46;7535.0;7678.2;SPXW  261001C07535000;139.5;146.8;delta=0.996
2026-10-01 10:46;7540.0;7678.2;SPXW  261001C07540000;134.9;141.8;delta=0.996
2026-10-01 10:46;7545.0;7678.2;SPXW  261001C07545000;129.7;136.9;delta=0.995
2026-10-01 10:46;7550.0;7678.2;SPXW  261001C07550000;128.1;131.5;delta=0.995
2026-10-01 10:46;7555.0;7678.2;SPXW  261001C07555000;123.1;126.7;delta=0.995
2026-10-01 10:46;7560.0;7678.2;SPXW  261001C07560000;114.5;121.9;delta=0.995
2026-10-01 10:46;7565.0;7678.2;SPXW  261001C07565000;109.9;116.8;delta=0.995
2026-10-01 10:46;7570.0;7678.2;SPXW  261001C07570000;108.2;111.7;delta=0.993
2026-10-01 10:46;7575.0;7678.2;SPXW  261001C07575000;103.2;106.7;delta=0.991
2026-10-01 10:46;7580.0;7678.2;SPXW  261001C07580000;98.4;99.3;delta=0.991
2026-10-01 10:46;7585.0;7678.2;SPXW  261001C07585000;93.5;94.3;delta=0.991
2026-10-01 10:46;7590.0;7678.2;SPXW  261001C07590000;88.7;89.4;delta=0.99
2026-10-01 10:46;7595.0;7678.2;SPXW  261001C07595000;83.7;84.4;delta=0.987
2026-10-01 10:46;7600.0;7678.2;SPXW  261001C07600000;78.8;79.4;delta=0.986
2026-10-01 10:46;7605.0;7678.2;SPXW  261001C07605000;73.8;74.4;delta=0.982
2026-10-01 10:46;7610.0;7678.2;SPXW  261001C07610000;68.8;69.5;delta=0.978
2026-10-01 10:46;7615.0;7678.2;SPXW  261001C07615000;63.9;64.5;delta=0.974
2026-10-01 10:46;7620.0;7678.2;SPXW  261001C07620000;59.0;59.6;delta=0.969
2026-10-01 10:46;7625.0;7678.2;SPXW  261001C07625000;54.0;54.7;delta=0.961
2026-10-01 10:46;7630.0;7678.2;SPXW  261001C07630000;49.2;49.8;delta=0.949
2026-10-01 10:46;7635.0;7678.2;SPXW  261001C07635000;44.3;44.8;delta=0.937
2026-10-01 10:46;7640.0;7678.2;SPXW  261001C07640000;39.6;39.9;delta=0.918
2026-10-01 10:46;7645.0;7678.2;SPXW  261001C07645000;34.9;35.1;delta=0.893
2026-10-01 10:46;7650.0;7678.2;SPXW  261001C07650000;30.4;30.6;delta=0.861
2026-10-01 10:46;7655.0;7678.2;SPXW  261001C07655000;26.0;26.3;delta=0.818
2026-10-01 10:46;7660.0;7678.2;SPXW  261001C07660000;21.9;22.1;delta=0.765
2026-10-01 10:46;7665.0;7678.2;SPXW  261001C07665000;18.1;18.3;delta=0.703
2026-10-01 10:46;7670.0;7678.2;SPXW  261001C07670000;14.6;14.8;delta=0.63
2026-10-01 10:46;7675.0;7678.2;SPXW  261001C07675000;11.6;11.7;delta=0.552
2026-10-01 10:46;7680.0;7678.2;SPXW  261001C07680000;9.0;9.1;delta=0.47
2026-10-01 10:46;7685.0;7678.2;SPXW  261001C07685000;6.7;6.9;delta=0.388
2026-10-01 10:46;7690.0;7678.2;SPXW  261001C07690000;5.0;5.1;delta=0.312
2026-10-01 10:46;7695.0;7678.2;SPXW  261001C07695000;3.6;3.7;delta=0.243
2026-10-01 10:46;7700.0;7678.2;SPXW  261001C07700000;2.55;2.6;delta=0.186
2026-10-01 10:46;7705.0;7678.2;SPXW  261001C07705000;1.8;1.85;delta=0.138
2026-10-01 10:46;7710.0;7678.2;SPXW  261001C07710000;1.25;1.3;delta=0.101
2026-10-01 10:46;7715.0;7678.2;SPXW  261001C07715000;0.85;0.9;delta=0.073
2026-10-01 10:46;7720.0;7678.2;SPXW  261001C07720000;0.6;0.65;delta=0.053
2026-10-01 10:46;7725.0;7678.2;SPXW  261001C07725000;0.4;0.45;delta=0.04
2026-10-01 10:46;7730.0;7678.2;SPXW  261001C07730000;0.3;0.35;delta=0.03
2026-10-01 10:46;7735.0;7678.2;SPXW  261001C07735000;0.25;0.3;delta=0.023
2026-10-01 10:46;7740.0;7678.2;SPXW  261001C07740000;0.2;0.25;delta=0.019
2026-10-01 10:46;7745.0;7678.2;SPXW  261001C07745000;0.15;0.2;delta=0.016
2026-10-01 10:46;7750.0;7678.2;SPXW  261001C07750000;0.1;0.15;delta=0.012
2026-10-01 10:46;7755.0;7678.2;SPXW  261001C07755000;0.1;0.15;delta=0.011
2026-10-01 10:46;7760.0;7678.2;SPXW  261001C07760000;0.1;0.15;delta=0.01
2026-10-01 10:46;7765.0;7678.2;SPXW  261001C07765000;0.05;0.1;delta=0.007
2026-10-01 10:46;7770.0;7678.2;SPXW  261001C07770000;0.05;0.1;delta=0.006
2026-10-01 10:46;7775.0;7678.2;SPXW  261001C07775000;0.05;0.1;delta=0.006
2026-10-01 10:46;7780.0;7678.2;SPXW  261001C07780000;0.05;0.1;delta=0.006
2026-10-01 10:46;7785.0;7678.2;SPXW  261001C07785000;0.05;0.1;delta=0.006
2026-10-01 10:46;7790.0;7678.2;SPXW  261001C07790000;0.05;0.1;delta=0.005
2026-10-01 10:46;7795.0;7678.2;SPXW  261001C07795000;0.0;0.1;delta=0.004
2026-10-01 10:46;7800.0;7678.2;SPXW  261001C07800000;0.05;0.1;delta=0.005
2026-10-01 10:46;7805.0;7678.2;SPXW  261001C07805000;0.0;0.05;delta=0.002
2026-10-01 10:46;7810.0;7678.2;SPXW  261001C07810000;0.0;0.05;delta=0.002
2026-10-01 10:46;7815.0;7678.2;SPXW  261001C07815000;0.0;0.05;delta=0.002
2026-10-01 10:46;7820.0;7678.2;SPXW  261001C07820000;0.0;0.05;delta=0.002
2026-10-01 10:46;7825.0;7678.2;SPXW  261001C07825000;0.0;0.05;delta=0.002
2026-10-01 10:46;7830.0;7678.2;SPXW  261001C07830000;0.0;0.05;delta=0.002
2026-10-01 10:46;7835.0;7678.2;SPXW  261001C07835000;0.0;0.05;delta=0.002
2026-10-01 10:46;7840.0;7678.2;SPXW  261001C07840000;0.0;0.05;delta=0.002
2026-10-01 10:46;7845.0;7678.2;SPXW  261001C07845000;0.0;0.05;delta=0.002
2026-10-01 10:46;7850.0;7678.2;SPXW  261001C07850000;0.0;0.05;delta=0.002
2026-10-01 10:46;7855.0;7678.2;SPXW  261001C07855000;0.0;0.05;delta=0.001
2026-10-01 10:46;7860.0;7678.2;SPXW  261001C07860000;0.0;0.05;delta=0.001
2026-10-01 10:46;7865.0;7678.2;SPXW  261001C07865000;0.0;0.05;delta=0.001
2026-10-01 10:46;7870.0;7678.2;SPXW  261001C07870000;0.0;0.05;delta=0.001
2026-10-01 10:46;7875.0;7678.2;SPXW  261001C07875000;0.0;0.05;delta=0.001
2026-10-01 10:46;7880.0;7678.2;SPXW  261001C07880000;0.0;0.05;delta=0.001
2026-10-01 10:46;7885.0;7678.2;SPXW  261001C07885000;0.0;0.05;delta=0.001
2026-10-01 10:46;7890.0;7678.2;SPXW  261001C07890000;0.0;0.05;delta=0.001
2026-10-01 10:46;7895.0;7678.2;SPXW  261001C07895000;0.0;0.05;delta=0.001
2026-10-01 10:46;7900.0;7678.2;SPXW  261001C07900000;0.0;0.05;delta=0.001
2026-10-01 10:46;7905.0;7678.2;SPXW  261001C07905000;0.0;0.05;delta=0.001
2026-10-01 10:46;7910.0;7678.2;SPXW  261001C07910000;0.0;0.05;delta=0.001
2026-10-01 10:46;7915.0;7678.2;SPXW  261001C07915000;0.0;0.05;delta=0.001
2026-10-01 10:46;7920.0;7678.2;SPXW  261001C07920000;0.0;0.05;delta=0.001
2026-10-01 10:46;7925.0;7678.2;SPXW  261001C07925000;0.0;0.05;delta=0.001
2026-10-01 10:46;7430.0;7678.2;SPXW  261001P07430000;0.0;0.05;delta=-0.001
2026-10-01 10:46;7435.0;7678.2;SPXW  261001P07435000;0.0;0.05;delta=-0.001
2026-10-01 10:46;7440.0;7678.2;SPXW  261001P07440000;0.0;0.05;delta=-0.001
2026-10-01 10:46;7445.0;7678.2;SPXW  261001P07445000;0.0;0.05;delta=-0.001
2026-10-01 10:46;7450.0;7678.2;SPXW  261001P07450000;0.0;0.05;delta=-0.001
2026-10-01 10:46;7455.0;7678.2;SPXW  261001P07455000;0.0;0.05;delta=-0.001
2026-10-01 10:46;7460.0;7678.2;SPXW  261001P07460000;0.0;0.05;delta=-0.002
2026-10-01 10:46;7465.0;7678.2;SPXW  261001P07465000;0.0;0.1;delta=-0.002
2026-10-01 10:46;7470.0;7678.2;SPXW  261001P07470000;0.0;0.1;delta=-0.002
2026-10-01 10:46;7475.0;7678.2;SPXW  261001P07475000;0.0;0.1;delta=-0.002
2026-10-01 10:46;7480.0;7678.2;SPXW  261001P07480000;0.05;0.1;delta=-0.003
2026-10-01 10:46;7485.0;7678.2;SPXW  261001P07485000;0.05;0.1;delta=-0.003
2026-10-01 10:46;7490.0;7678.2;SPXW  261001P07490000;0.05;0.1;delta=-0.003
2026-10-01 10:46;7495.0;7678.2;SPXW  261001P07495000;0.05;0.1;delta=-0.004
2026-10-01 10:46;7500.0;7678.2;SPXW  261001P07500000;0.05;0.1;delta=-0.004
2026-10-01 10:46;7505.0;7678.2;SPXW  261001P07505000;0.05;0.1;delta=-0.004
2026-10-01 10:46;7510.0;7678.2;SPXW  261001P07510000;0.05;0.1;delta=-0.004
2026-10-01 10:46;7515.0;7678.2;SPXW  261001P07515000;0.05;0.1;delta=-0.004
2026-10-01 10:46;7520.0;7678.2;SPXW  261001P07520000;0.05;0.1;delta=-0.004
2026-10-01 10:46;7525.0;7678.2;SPXW  261001P07525000;0.05;0.1;delta=-0.004
2026-10-01 10:46;7530.0;7678.2;SPXW  261001P07530000;0.05;0.1;delta=-0.004
2026-10-01 10:46;7535.0;7678.2;SPXW  261001P07535000;0.05;0.1;delta=-0.004
2026-10-01 10:46;7540.0;7678.2;SPXW  261001P07540000;0.05;0.1;delta=-0.004
2026-10-01 10:46;7545.0;7678.2;SPXW  261001P07545000;0.05;0.1;delta=-0.005
2026-10-01 10:46;7550.0;7678.2;SPXW  261001P07550000;0.05;0.1;delta=-0.005
2026-10-01 10:46;7555.0;7678.2;SPXW  261001P07555000;0.05;0.1;delta=-0.005
2026-10-01 10:46;7560.0;7678.2;SPXW  261001P07560000;0.05;0.1;delta=-0.005
2026-10-01 10:46;7565.0;7678.2;SPXW  261001P07565000;0.05;0.1;delta=-0.005
2026-10-01 10:46;7570.0;7678.2;SPXW  261001P07570000;0.05;0.15;delta=-0.007
2026-10-01 10:46;7575.0;7678.2;SPXW  261001P07575000;0.1;0.15;delta=-0.009
2026-10-01 10:46;7580.0;7678.2;SPXW  261001P07580000;0.1;0.15;delta=-0.009
2026-10-01 10:46;7585.0;7678.2;SPXW  261001P07585000;0.1;0.15;delta=-0.009
2026-10-01 10:46;7590.0;7678.2;SPXW  261001P07590000;0.1;0.15;delta=-0.01
2026-10-01 10:46;7595.0;7678.2;SPXW  261001P07595000;0.15;0.2;delta=-0.013
2026-10-01 10:46;7600.0;7678.2;SPXW  261001P07600000;0.15;0.2;delta=-0.014
2026-10-01 10:46;7605.0;7678.2;SPXW  261001P07605000;0.2;0.25;delta=-0.018
2026-10-01 10:46;7610.0;7678.2;SPXW  261001P07610000;0.25;0.3;delta=-0.022
2026-10-01 10:46;7615.0;7678.2;SPXW  261001P07615000;0.3;0.35;delta=-0.026
2026-10-01 10:46;7620.0;7678.2;SPXW  261001P07620000;0.35;0.4;delta=-0.031
2026-10-01 10:46;7625.0;7678.2;SPXW  261001P07625000;0.45;0.5;delta=-0.039
2026-10-01 10:46;7630.0;7678.2;SPXW  261001P07630000;0.55;0.6;delta=-0.051
2026-10-01 10:46;7635.0;7678.2;SPXW  261001P07635000;0.75;0.8;delta=-0.063
2026-10-01 10:46;7640.0;7678.2;SPXW  261001P07640000;0.95;1.0;delta=-0.082
2026-10-01 10:46;7645.0;7678.2;SPXW  261001P07645000;1.3;1.35;delta=-0.107
2026-10-01 10:46;7650.0;7678.2;SPXW  261001P07650000;1.75;1.8;delta=-0.139
2026-10-01 10:46;7655.0;7678.2;SPXW  261001P07655000;2.4;2.45;delta=-0.182
2026-10-01 10:46;7660.0;7678.2;SPXW  261001P07660000;3.2;3.3;delta=-0.235
2026-10-01 10:46;7665.0;7678.2;SPXW  261001P07665000;4.4;4.5;delta=-0.297
2026-10-01 10:46;7670.0;7678.2;SPXW  261001P07670000;5.9;6.0;delta=-0.37
2026-10-01 10:46;7675.0;7678.2;SPXW  261001P07675000;7.8;7.9;delta=-0.448
2026-10-01 10:46;7680.0;7678.2;SPXW  261001P07680000;10.1;10.3;delta=-0.531
2026-10-01 10:46;7685.0;7678.2;SPXW  261001P07685000;12.9;13.1;delta=-0.612
2026-10-01 10:46;7690.0;7678.2;SPXW  261001P07690000;16.1;16.3;delta=-0.688
2026-10-01 10:46;7695.0;7678.2;SPXW  261001P07695000;19.6;19.8;delta=-0.757
2026-10-01 10:46;7700.0;7678.2;SPXW  261001P07700000;23.5;23.8;delta=-0.815
2026-10-01 10:46;7705.0;7678.2;SPXW  261001P07705000;27.8;28.0;delta=-0.862
2026-10-01 10:46;7710.0;7678.2;SPXW  261001P07710000;32.2;32.5;delta=-0.899
2026-10-01 10:46;7715.0;7678.2;SPXW  261001P07715000;36.7;37.1;delta=-0.927
2026-10-01 10:46;7720.0;7678.2;SPXW  261001P07720000;41.4;41.8;delta=-0.947
2026-10-01 10:46;7725.0;7678.2;SPXW  261001P07725000;46.3;46.6;delta=-0.96
2026-10-01 10:46;7730.0;7678.2;SPXW  261001P07730000;51.1;51.5;delta=-0.97
2026-10-01 10:46;7735.0;7678.2;SPXW  261001P07735000;56.1;56.4;delta=-0.977
2026-10-01 10:46;7740.0;7678.2;SPXW  261001P07740000;61.0;61.4;delta=-0.981
2026-10-01 10:46;7745.0;7678.2;SPXW  261001P07745000;66.0;66.3;delta=-0.984
2026-10-01 10:46;7750.0;7678.2;SPXW  261001P07750000;70.9;71.3;delta=-0.988
2026-10-01 10:46;7755.0;7678.2;SPXW  261001P07755000;75.9;76.3;delta=-0.989
2026-10-01 10:46;7760.0;7678.2;SPXW  261001P07760000;80.9;81.3;delta=-0.99
2026-10-01 10:46;7765.0;7678.2;SPXW  261001P07765000;85.7;86.5;delta=-0.993
2026-10-01 10:46;7770.0;7678.2;SPXW  261001P07770000;90.7;91.6;delta=-0.994
2026-10-01 10:46;7775.0;7678.2;SPXW  261001P07775000;95.7;96.6;delta=-0.994
2026-10-01 10:46;7780.0;7678.2;SPXW  261001P07780000;100.3;101.7;delta=-0.994
2026-10-01 10:46;7785.0;7678.2;SPXW  261001P07785000;105.3;106.7;delta=-0.994
2026-10-01 10:46;7790.0;7678.2;SPXW  261001P07790000;110.3;111.7;delta=-0.995
2026-10-01 10:46;7795.0;7678.2;SPXW  261001P07795000;113.2;120.4;delta=-0.996
2026-10-01 10:46;7800.0;7678.2;SPXW  261001P07800000;120.3;121.7;delta=-0.995
2026-10-01 10:46;7805.0;7678.2;SPXW  261001P07805000;123.3;130.1;delta=-0.998
2026-10-01 10:46;7810.0;7678.2;SPXW  261001P07810000;128.2;135.4;delta=-0.998
2026-10-01 10:46;7815.0;7678.2;SPXW  261001P07815000;133.3;140.1;delta=-0.998
2026-10-01 10:46;7820.0;7678.2;SPXW  261001P07820000;138.3;145.1;delta=-0.998
2026-10-01 10:46;7825.0;7678.2;SPXW  261001P07825000;143.2;150.4;delta=-0.998
2026-10-01 10:46;7830.0;7678.2;SPXW  261001P07830000;150.3;151.7;delta=-0.998
2026-10-01 10:46;7835.0;7678.2;SPXW  261001P07835000;153.3;160.2;delta=-0.998
2026-10-01 10:46;7840.0;7678.2;SPXW  261001P07840000;158.1;165.4;delta=-0.998
2026-10-01 10:46;7845.0;7678.2;SPXW  261001P07845000;163.1;170.2;delta=-0.998
2026-10-01 10:46;7850.0;7678.2;SPXW  261001P07850000;170.3;171.7;delta=-0.999
2026-10-01 10:46;7855.0;7678.2;SPXW  261001P07855000;173.1;180.4;delta=-0.999
2026-10-01 10:46;7860.0;7678.2;SPXW  261001P07860000;180.3;181.7;delta=-0.999
2026-10-01 10:46;7865.0;7678.2;SPXW  261001P07865000;183.1;190.2;delta=-0.999
2026-10-01 10:46;7870.0;7678.2;SPXW  261001P07870000;188.2;195.4;delta=-0.999
2026-10-01 10:46;7875.0;7678.2;SPXW  261001P07875000;193.1;200.2;delta=-0.999
2026-10-01 10:46;7880.0;7678.2;SPXW  261001P07880000;195.1;208.1;delta=-0.999
2026-10-01 10:46;7885.0;7678.2;SPXW  261001P07885000;200.8;213.1;delta=-0.999
2026-10-01 10:46;7890.0;7678.2;SPXW  261001P07890000;205.8;218.1;delta=-0.999
2026-10-01 10:46;7895.0;7678.2;SPXW  261001P07895000;209.8;223.5;delta=-0.999
2026-10-01 10:46;7900.0;7678.2;SPXW  261001P07900000;211.7;232.2;delta=-0.999
2026-10-01 10:46;7905.0;7678.2;SPXW  261001P07905000;216.7;237.2;delta=-0.999
2026-10-01 10:46;7910.0;7678.2;SPXW  261001P07910000;221.7;242.2;delta=-0.999
2026-10-01 10:46;7915.0;7678.2;SPXW  261001P07915000;226.7;247.2;delta=-0.999
2026-10-01 10:46;7920.0;7678.2;SPXW  261001P07920000;231.7;252.2;delta=-0.999
2026-10-01 10:46;7925.0;7678.2;SPXW  261001P07925000;237.4;257.2;delta=-0.999
2026-10-01 10:50;7425.0;7673.7;SPXW  261001C07425000;241.4;259.0;delta=0.999
2026-10-01 10:50;7430.0;7673.7;SPXW  261001C07430000;236.7;253.3;delta=0.999
2026-10-01 10:50;7435.0;7673.7;SPXW  261001C07435000;231.4;249.1;delta=0.999
2026-10-01 10:50;7440.0;7673.7;SPXW  261001C07440000;226.4;244.0;delta=0.999
2026-10-01 10:50;7445.0;7673.7;SPXW  261001C07445000;221.7;238.3;delta=0.999
2026-10-01 10:50;7450.0;7673.7;SPXW  261001C07450000;216.4;234.1;delta=0.998
2026-10-01 10:50;7455.0;7673.7;SPXW  261001C07455000;211.4;228.3;delta=0.998
2026-10-01 10:50;7460.0;7673.7;SPXW  261001C07460000;207.5;220.1;delta=0.999
2026-10-01 10:50;7465.0;7673.7;SPXW  261001C07465000;202.5;215.1;delta=0.998
2026-10-01 10:50;7470.0;7673.7;SPXW  261001C07470000;197.5;210.1;delta=0.998
2026-10-01 10:50;7475.0;7673.7;SPXW  261001C07475000;195.0;202.5;delta=0.998
2026-10-01 10:50;7480.0;7673.7;SPXW  261001C07480000;190.3;197.4;delta=0.997
2026-10-01 10:50;7485.0;7673.7;SPXW  261001C07485000;185.3;192.2;delta=0.997
2026-10-01 10:50;7490.0;7673.7;SPXW  261001C07490000;180.4;187.5;delta=0.996
2026-10-01 10:50;7495.0;7673.7;SPXW  261001C07495000;175.4;182.1;delta=0.996
2026-10-01 10:50;7500.0;7673.7;SPXW  261001C07500000;172.6;174.2;delta=0.996
2026-10-01 10:50;7505.0;7673.7;SPXW  261001C07505000;165.4;172.1;delta=0.996
2026-10-01 10:50;7510.0;7673.7;SPXW  261001C07510000;160.3;167.6;delta=0.996
2026-10-01 10:50;7515.0;7673.7;SPXW  261001C07515000;155.3;162.2;delta=0.996
2026-10-01 10:50;7520.0;7673.7;SPXW  261001C07520000;150.4;157.5;delta=0.996
2026-10-01 10:50;7525.0;7673.7;SPXW  261001C07525000;144.9;152.5;delta=0.996
2026-10-01 10:50;7530.0;7673.7;SPXW  261001C07530000;140.3;147.2;delta=0.996
2026-10-01 10:50;7535.0;7673.7;SPXW  261001C07535000;135.3;142.4;delta=0.996
2026-10-01 10:50;7540.0;7673.7;SPXW  261001C07540000;130.3;137.4;delta=0.995
2026-10-01 10:50;7545.0;7673.7;SPXW  261001C07545000;125.3;132.2;delta=0.995
2026-10-01 10:50;7550.0;7673.7;SPXW  261001C07550000;122.7;124.0;delta=0.995
2026-10-01 10:50;7555.0;7673.7;SPXW  261001C07555000;114.9;122.4;delta=0.995
2026-10-01 10:50;7560.0;7673.7;SPXW  261001C07560000;112.7;114.0;delta=0.995
2026-10-01 10:50;7565.0;7673.7;SPXW  261001C07565000;104.9;112.6;delta=0.992
2026-10-01 10:50;7570.0;7673.7;SPXW  261001C07570000;102.7;104.0;delta=0.991
2026-10-01 10:50;7575.0;7673.7;SPXW  261001C07575000;98.0;98.8;delta=0.991
2026-10-01 10:50;7580.0;7673.7;SPXW  261001C07580000;93.0;93.8;delta=0.991
2026-10-01 10:50;7585.0;7673.7;SPXW  261001C07585000;88.0;88.8;delta=0.99
2026-10-01 10:50;7590.0;7673.7;SPXW  261001C07590000;83.3;83.7;delta=0.987
2026-10-01 10:50;7595.0;7673.7;SPXW  261001C07595000;78.3;78.7;delta=0.986
2026-10-01 10:50;7600.0;7673.7;SPXW  261001C07600000;73.4;73.8;delta=0.982
2026-10-01 10:50;7605.0;7673.7;SPXW  261001C07605000;68.4;68.8;delta=0.982
2026-10-01 10:50;7610.0;7673.7;SPXW  261001C07610000;63.5;63.9;delta=0.976
2026-10-01 10:50;7615.0;7673.7;SPXW  261001C07615000;58.5;58.9;delta=0.97
2026-10-01 10:50;7620.0;7673.7;SPXW  261001C07620000;53.6;54.0;delta=0.963
2026-10-01 10:50;7625.0;7673.7;SPXW  261001C07625000;48.7;49.1;delta=0.955
2026-10-01 10:50;7630.0;7673.7;SPXW  261001C07630000;43.9;44.3;delta=0.942
2026-10-01 10:50;7635.0;7673.7;SPXW  261001C07635000;39.1;39.5;delta=0.925
2026-10-01 10:50;7640.0;7673.7;SPXW  261001C07640000;34.5;34.8;delta=0.902
2026-10-01 10:50;7645.0;7673.7;SPXW  261001C07645000;29.9;30.2;delta=0.874
2026-10-01 10:50;7650.0;7673.7;SPXW  261001C07650000;25.6;25.8;delta=0.834
2026-10-01 10:50;7655.0;7673.7;SPXW  261001C07655000;21.4;21.7;delta=0.784
2026-10-01 10:50;7660.0;7673.7;SPXW  261001C07660000;17.6;17.8;delta=0.725
2026-10-01 10:50;7665.0;7673.7;SPXW  261001C07665000;14.2;14.4;delta=0.653
2026-10-01 10:50;7670.0;7673.7;SPXW  261001C07670000;11.1;11.3;delta=0.574
2026-10-01 10:50;7675.0;7673.7;SPXW  261001C07675000;8.5;8.7;delta=0.49
2026-10-01 10:50;7680.0;7673.7;SPXW  261001C07680000;6.3;6.5;delta=0.406
2026-10-01 10:50;7685.0;7673.7;SPXW  261001C07685000;4.6;4.7;delta=0.325
2026-10-01 10:50;7690.0;7673.7;SPXW  261001C07690000;3.3;3.4;delta=0.253
2026-10-01 10:50;7695.0;7673.7;SPXW  261001C07695000;2.3;2.35;delta=0.191
2026-10-01 10:50;7700.0;7673.7;SPXW  261001C07700000;1.55;1.6;delta=0.142
2026-10-01 10:50;7705.0;7673.7;SPXW  261001C07705000;1.05;1.1;delta=0.103
2026-10-01 10:50;7710.0;7673.7;SPXW  261001C07710000;0.7;0.75;delta=0.073
2026-10-01 10:50;7715.0;7673.7;SPXW  261001C07715000;0.5;0.55;delta=0.054
2026-10-01 10:50;7720.0;7673.7;SPXW  261001C07720000;0.35;0.4;delta=0.037
2026-10-01 10:50;7725.0;7673.7;SPXW  261001C07725000;0.25;0.3;delta=0.027
2026-10-01 10:50;7730.0;7673.7;SPXW  261001C07730000;0.2;0.25;delta=0.022
2026-10-01 10:50;7735.0;7673.7;SPXW  261001C07735000;0.15;0.2;delta=0.017
2026-10-01 10:50;7740.0;7673.7;SPXW  261001C07740000;0.1;0.15;delta=0.012
2026-10-01 10:50;7745.0;7673.7;SPXW  261001C07745000;0.1;0.15;delta=0.012
2026-10-01 10:50;7750.0;7673.7;SPXW  261001C07750000;0.05;0.1;delta=0.007
2026-10-01 10:50;7755.0;7673.7;SPXW  261001C07755000;0.05;0.1;delta=0.007
2026-10-01 10:50;7760.0;7673.7;SPXW  261001C07760000;0.05;0.1;delta=0.007
2026-10-01 10:50;7765.0;7673.7;SPXW  261001C07765000;0.05;0.1;delta=0.006
2026-10-01 10:50;7770.0;7673.7;SPXW  261001C07770000;0.05;0.1;delta=0.006
2026-10-01 10:50;7775.0;7673.7;SPXW  261001C07775000;0.05;0.1;delta=0.006
2026-10-01 10:50;7780.0;7673.7;SPXW  261001C07780000;0.05;0.1;delta=0.006
2026-10-01 10:50;7785.0;7673.7;SPXW  261001C07785000;0.05;0.1;delta=0.005
2026-10-01 10:50;7790.0;7673.7;SPXW  261001C07790000;0.05;0.1;delta=0.005
2026-10-01 10:50;7795.0;7673.7;SPXW  261001C07795000;0.05;0.1;delta=0.005
2026-10-01 10:50;7800.0;7673.7;SPXW  261001C07800000;0.0;0.05;delta=0.002
2026-10-01 10:50;7805.0;7673.7;SPXW  261001C07805000;0.0;0.05;delta=0.002
2026-10-01 10:50;7810.0;7673.7;SPXW  261001C07810000;0.0;0.05;delta=0.002
2026-10-01 10:50;7815.0;7673.7;SPXW  261001C07815000;0.0;0.05;delta=0.002
2026-10-01 10:50;7820.0;7673.7;SPXW  261001C07820000;0.0;0.05;delta=0.002
2026-10-01 10:50;7825.0;7673.7;SPXW  261001C07825000;0.0;0.05;delta=0.002
2026-10-01 10:50;7830.0;7673.7;SPXW  261001C07830000;0.0;0.05;delta=0.002
2026-10-01 10:50;7835.0;7673.7;SPXW  261001C07835000;0.0;0.05;delta=0.002
2026-10-01 10:50;7840.0;7673.7;SPXW  261001C07840000;0.0;0.05;delta=0.002
2026-10-01 10:50;7845.0;7673.7;SPXW  261001C07845000;0.0;0.05;delta=0.002
2026-10-01 10:50;7850.0;7673.7;SPXW  261001C07850000;0.0;0.05;delta=0.002
2026-10-01 10:50;7855.0;7673.7;SPXW  261001C07855000;0.0;0.05;delta=0.001
2026-10-01 10:50;7860.0;7673.7;SPXW  261001C07860000;0.0;0.05;delta=0.001
2026-10-01 10:50;7865.0;7673.7;SPXW  261001C07865000;0.0;0.05;delta=0.001
2026-10-01 10:50;7870.0;7673.7;SPXW  261001C07870000;0.0;0.05;delta=0.001
2026-10-01 10:50;7875.0;7673.7;SPXW  261001C07875000;0.0;0.05;delta=0.001
2026-10-01 10:50;7880.0;7673.7;SPXW  261001C07880000;0.0;0.05;delta=0.001
2026-10-01 10:50;7885.0;7673.7;SPXW  261001C07885000;0.0;0.05;delta=0.001
2026-10-01 10:50;7890.0;7673.7;SPXW  261001C07890000;0.0;0.05;delta=0.001
2026-10-01 10:50;7895.0;7673.7;SPXW  261001C07895000;0.0;0.05;delta=0.001
2026-10-01 10:50;7900.0;7673.7;SPXW  261001C07900000;0.0;0.05;delta=0.001
2026-10-01 10:50;7905.0;7673.7;SPXW  261001C07905000;0.0;0.05;delta=0.001
2026-10-01 10:50;7910.0;7673.7;SPXW  261001C07910000;0.0;0.05;delta=0.001
2026-10-01 10:50;7915.0;7673.7;SPXW  261001C07915000;0.0;0.05;delta=0.001
2026-10-01 10:50;7920.0;7673.7;SPXW  261001C07920000;0.0;0.05;delta=0.001
2026-10-01 10:50;7425.0;7673.7;SPXW  261001P07425000;0.0;0.05;delta=-0.001
2026-10-01 10:50;7430.0;7673.7;SPXW  261001P07430000;0.0;0.05;delta=-0.001
2026-10-01 10:50;7435.0;7673.7;SPXW  261001P07435000;0.0;0.05;delta=-0.001
2026-10-01 10:50;7440.0;7673.7;SPXW  261001P07440000;0.0;0.05;delta=-0.001
2026-10-01 10:50;7445.0;7673.7;SPXW  261001P07445000;0.0;0.05;delta=-0.001
2026-10-01 10:50;7450.0;7673.7;SPXW  261001P07450000;0.0;0.1;delta=-0.002
2026-10-01 10:50;7455.0;7673.7;SPXW  261001P07455000;0.0;0.1;delta=-0.002
2026-10-01 10:50;7460.0;7673.7;SPXW  261001P07460000;0.0;0.05;delta=-0.001
2026-10-01 10:50;7465.0;7673.7;SPXW  261001P07465000;0.0;0.1;delta=-0.002
2026-10-01 10:50;7470.0;7673.7;SPXW  261001P07470000;0.0;0.1;delta=-0.002
2026-10-01 10:50;7475.0;7673.7;SPXW  261001P07475000;0.0;0.1;delta=-0.002
2026-10-01 10:50;7480.0;7673.7;SPXW  261001P07480000;0.05;0.1;delta=-0.003
2026-10-01 10:50;7485.0;7673.7;SPXW  261001P07485000;0.05;0.1;delta=-0.003
2026-10-01 10:50;7490.0;7673.7;SPXW  261001P07490000;0.05;0.1;delta=-0.004
2026-10-01 10:50;7495.0;7673.7;SPXW  261001P07495000;0.05;0.1;delta=-0.004
2026-10-01 10:50;7500.0;7673.7;SPXW  261001P07500000;0.05;0.1;delta=-0.004
2026-10-01 10:50;7505.0;7673.7;SPXW  261001P07505000;0.05;0.1;delta=-0.004
2026-10-01 10:50;7510.0;7673.7;SPXW  261001P07510000;0.05;0.1;delta=-0.004
2026-10-01 10:50;7515.0;7673.7;SPXW  261001P07515000;0.05;0.1;delta=-0.004
2026-10-01 10:50;7520.0;7673.7;SPXW  261001P07520000;0.05;0.1;delta=-0.004
2026-10-01 10:50;7525.0;7673.7;SPXW  261001P07525000;0.05;0.1;delta=-0.004
2026-10-01 10:50;7530.0;7673.7;SPXW  261001P07530000;0.05;0.1;delta=-0.004
2026-10-01 10:50;7535.0;7673.7;SPXW  261001P07535000;0.05;0.1;delta=-0.004
2026-10-01 10:50;7540.0;7673.7;SPXW  261001P07540000;0.05;0.1;delta=-0.005
2026-10-01 10:50;7545.0;7673.7;SPXW  261001P07545000;0.05;0.1;delta=-0.005
2026-10-01 10:50;7550.0;7673.7;SPXW  261001P07550000;0.05;0.1;delta=-0.005
2026-10-01 10:50;7555.0;7673.7;SPXW  261001P07555000;0.05;0.1;delta=-0.005
2026-10-01 10:50;7560.0;7673.7;SPXW  261001P07560000;0.05;0.1;delta=-0.005
2026-10-01 10:50;7565.0;7673.7;SPXW  261001P07565000;0.1;0.15;delta=-0.008
2026-10-01 10:50;7570.0;7673.7;SPXW  261001P07570000;0.1;0.15;delta=-0.009
2026-10-01 10:50;7575.0;7673.7;SPXW  261001P07575000;0.1;0.15;delta=-0.009
2026-10-01 10:50;7580.0;7673.7;SPXW  261001P07580000;0.1;0.15;delta=-0.009
2026-10-01 10:50;7585.0;7673.7;SPXW  261001P07585000;0.1;0.15;delta=-0.01
2026-10-01 10:50;7590.0;7673.7;SPXW  261001P07590000;0.15;0.2;delta=-0.013
2026-10-01 10:50;7595.0;7673.7;SPXW  261001P07595000;0.15;0.2;delta=-0.014
2026-10-01 10:50;7600.0;7673.7;SPXW  261001P07600000;0.2;0.25;delta=-0.018
2026-10-01 10:50;7605.0;7673.7;SPXW  261001P07605000;0.2;0.25;delta=-0.018
2026-10-01 10:50;7610.0;7673.7;SPXW  261001P07610000;0.25;0.35;delta=-0.024
2026-10-01 10:50;7615.0;7673.7;SPXW  261001P07615000;0.35;0.4;delta=-0.03
2026-10-01 10:50;7620.0;7673.7;SPXW  261001P07620000;0.45;0.5;delta=-0.037
2026-10-01 10:50;7625.0;7673.7;SPXW  261001P07625000;0.55;0.6;delta=-0.045
2026-10-01 10:50;7630.0;7673.7;SPXW  261001P07630000;0.7;0.75;delta=-0.058
2026-10-01 10:50;7635.0;7673.7;SPXW  261001P07635000;0.95;1.0;delta=-0.075
2026-10-01 10:50;7640.0;7673.7;SPXW  261001P07640000;1.25;1.35;delta=-0.098
2026-10-01 10:50;7645.0;7673.7;SPXW  261001P07645000;1.7;1.75;delta=-0.126
2026-10-01 10:50;7650.0;7673.7;SPXW  261001P07650000;2.35;2.4;delta=-0.166
2026-10-01 10:50;7655.0;7673.7;SPXW  261001P07655000;3.2;3.3;delta=-0.216
2026-10-01 10:50;7660.0;7673.7;SPXW  261001P07660000;4.4;4.5;delta=-0.274
2026-10-01 10:50;7665.0;7673.7;SPXW  261001P07665000;5.9;6.0;delta=-0.347
2026-10-01 10:50;7670.0;7673.7;SPXW  261001P07670000;7.8;8.0;delta=-0.426
2026-10-01 10:50;7675.0;7673.7;SPXW  261001P07675000;10.2;10.4;delta=-0.51
2026-10-01 10:50;7680.0;7673.7;SPXW  261001P07680000;13.0;13.2;delta=-0.594
2026-10-01 10:50;7685.0;7673.7;SPXW  261001P07685000;16.3;16.4;delta=-0.674
2026-10-01 10:50;7690.0;7673.7;SPXW  261001P07690000;19.9;20.1;delta=-0.747
2026-10-01 10:50;7695.0;7673.7;SPXW  261001P07695000;23.9;24.1;delta=-0.808
2026-10-01 10:50;7700.0;7673.7;SPXW  261001P07700000;28.1;28.4;delta=-0.858
2026-10-01 10:50;7705.0;7673.7;SPXW  261001P07705000;32.6;32.9;delta=-0.897
2026-10-01 10:50;7710.0;7673.7;SPXW  261001P07710000;37.3;37.6;delta=-0.927
2026-10-01 10:50;7715.0;7673.7;SPXW  261001P07715000;42.0;42.6;delta=-0.946
2026-10-01 10:50;7720.0;7673.7;SPXW  261001P07720000;46.8;47.3;delta=-0.963
2026-10-01 10:50;7725.0;7673.7;SPXW  261001P07725000;51.7;52.2;delta=-0.973
2026-10-01 10:50;7730.0;7673.7;SPXW  261001P07730000;56.6;57.3;delta=-0.978
2026-10-01 10:50;7735.0;7673.7;SPXW  261001P07735000;61.6;62.2;delta=-0.983
2026-10-01 10:50;7740.0;7673.7;SPXW  261001P07740000;66.6;67.2;delta=-0.988
2026-10-01 10:50;7745.0;7673.7;SPXW  261001P07745000;71.6;72.2;delta=-0.988
2026-10-01 10:50;7750.0;7673.7;SPXW  261001P07750000;76.5;77.2;delta=-0.993
2026-10-01 10:50;7755.0;7673.7;SPXW  261001P07755000;81.4;82.1;delta=-0.993
2026-10-01 10:50;7760.0;7673.7;SPXW  261001P07760000;86.4;87.1;delta=-0.993
2026-10-01 10:50;7765.0;7673.7;SPXW  261001P07765000;91.4;92.1;delta=-0.994
2026-10-01 10:50;7770.0;7673.7;SPXW  261001P07770000;96.4;97.0;delta=-0.994
2026-10-01 10:50;7775.0;7673.7;SPXW  261001P07775000;100.9;102.4;delta=-0.994
2026-10-01 10:50;7780.0;7673.7;SPXW  261001P07780000;106.0;107.3;delta=-0.994
2026-10-01 10:50;7785.0;7673.7;SPXW  261001P07785000;111.0;112.4;delta=-0.995
2026-10-01 10:50;7790.0;7673.7;SPXW  261001P07790000;112.6;120.2;delta=-0.995
2026-10-01 10:50;7795.0;7673.7;SPXW  261001P07795000;117.9;125.1;delta=-0.995
2026-10-01 10:50;7800.0;7673.7;SPXW  261001P07800000;126.0;127.4;delta=-0.998
2026-10-01 10:50;7805.0;7673.7;SPXW  261001P07805000;127.6;135.2;delta=-0.998
2026-10-01 10:50;7810.0;7673.7;SPXW  261001P07810000;132.9;139.8;delta=-0.998
2026-10-01 10:50;7815.0;7673.7;SPXW  261001P07815000;137.7;145.2;delta=-0.998
2026-10-01 10:50;7820.0;7673.7;SPXW  261001P07820000;142.5;150.2;delta=-0.998
2026-10-01 10:50;7825.0;7673.7;SPXW  261001P07825000;147.5;154.8;delta=-0.998
2026-10-01 10:50;7830.0;7673.7;SPXW  261001P07830000;155.9;157.2;delta=-0.998
2026-10-01 10:50;7835.0;7673.7;SPXW  261001P07835000;157.5;164.8;delta=-0.998
2026-10-01 10:50;7840.0;7673.7;SPXW  261001P07840000;162.5;169.8;delta=-0.998
2026-10-01 10:50;7845.0;7673.7;SPXW  261001P07845000;167.5;174.8;delta=-0.998
2026-10-01 10:50;7850.0;7673.7;SPXW  261001P07850000;172.5;179.8;delta=-0.998
2026-10-01 10:50;7855.0;7673.7;SPXW  261001P07855000;177.8;184.8;delta=-0.999
2026-10-01 10:50;7860.0;7673.7;SPXW  261001P07860000;185.9;187.2;delta=-0.999
2026-10-01 10:50;7865.0;7673.7;SPXW  261001P07865000;187.5;194.8;delta=-0.999
2026-10-01 10:50;7870.0;7673.7;SPXW  261001P07870000;192.8;199.8;delta=-0.999
2026-10-01 10:50;7875.0;7673.7;SPXW  261001P07875000;194.8;208.5;delta=-0.999
2026-10-01 10:50;7880.0;7673.7;SPXW  261001P07880000;199.9;213.5;delta=-0.999
2026-10-01 10:50;7885.0;7673.7;SPXW  261001P07885000;204.8;218.5;delta=-0.999
2026-10-01 10:50;7890.0;7673.7;SPXW  261001P07890000;210.0;222.5;delta=-0.999
2026-10-01 10:50;7895.0;7673.7;SPXW  261001P07895000;211.4;228.7;delta=-0.999
2026-10-01 10:50;7900.0;7673.7;SPXW  261001P07900000;215.9;233.7;delta=-0.999
2026-10-01 10:50;7905.0;7673.7;SPXW  261001P07905000;220.9;238.7;delta=-0.999
2026-10-01 10:50;7910.0;7673.7;SPXW  261001P07910000;225.9;243.7;delta=-0.999
2026-10-01 10:50;7915.0;7673.7;SPXW  261001P07915000;230.9;248.7;delta=-0.999
2026-10-01 10:50;7920.0;7673.7;SPXW  261001P07920000;235.9;253.7;delta=-0.999
2026-10-01 10:54;7425.0;7670.76;SPXW  261001C07425000;234.2;254.7;delta=0.999
2026-10-01 10:54;7430.0;7670.76;SPXW  261001C07430000;229.3;249.8;delta=0.999
2026-10-01 10:54;7435.0;7670.76;SPXW  261001C07435000;224.2;244.7;delta=0.999
2026-10-01 10:54;7440.0;7670.76;SPXW  261001C07440000;219.2;239.7;delta=0.999
2026-10-01 10:54;7445.0;7670.76;SPXW  261001C07445000;214.3;234.8;delta=0.998
2026-10-01 10:54;7450.0;7670.76;SPXW  261001C07450000;211.2;229.7;delta=0.999
2026-10-01 10:54;7455.0;7670.76;SPXW  261001C07455000;209.8;223.0;delta=0.998
2026-10-01 10:54;7460.0;7670.76;SPXW  261001C07460000;203.0;216.7;delta=0.998
2026-10-01 10:54;7465.0;7670.76;SPXW  261001C07465000;199.1;212.4;delta=0.998
2026-10-01 10:54;7470.0;7670.76;SPXW  261001C07470000;194.1;206.4;delta=0.997
2026-10-01 10:54;7475.0;7670.76;SPXW  261001C07475000;192.3;199.7;delta=0.997
2026-10-01 10:54;7480.0;7670.76;SPXW  261001C07480000;187.3;194.7;delta=0.997
2026-10-01 10:54;7485.0;7670.76;SPXW  261001C07485000;182.4;189.7;delta=0.997
2026-10-01 10:54;7490.0;7670.76;SPXW  261001C07490000;177.4;184.7;delta=0.997
2026-10-01 10:54;7495.0;7670.76;SPXW  261001C07495000;172.4;179.7;delta=0.996
2026-10-01 10:54;7500.0;7670.76;SPXW  261001C07500000;167.4;177.2;delta=0.996
2026-10-01 10:54;7505.0;7670.76;SPXW  261001C07505000;161.9;169.7;delta=0.996
2026-10-01 10:54;7510.0;7670.76;SPXW  261001C07510000;157.4;164.7;delta=0.996
2026-10-01 10:54;7515.0;7670.76;SPXW  261001C07515000;151.6;159.8;delta=0.996
2026-10-01 10:54;7520.0;7670.76;SPXW  261001C07520000;146.9;154.7;delta=0.996
2026-10-01 10:54;7525.0;7670.76;SPXW  261001C07525000;142.4;149.7;delta=0.996
2026-10-01 10:54;7530.0;7670.76;SPXW  261001C07530000;137.4;144.7;delta=0.996
2026-10-01 10:54;7535.0;7670.76;SPXW  261001C07535000;131.9;139.7;delta=0.996
2026-10-01 10:54;7540.0;7670.76;SPXW  261001C07540000;127.4;134.7;delta=0.993
2026-10-01 10:54;7545.0;7670.76;SPXW  261001C07545000;122.0;129.8;delta=0.993
2026-10-01 10:54;7550.0;7670.76;SPXW  261001C07550000;117.4;124.8;delta=0.993
2026-10-01 10:54;7555.0;7670.76;SPXW  261001C07555000;112.4;119.7;delta=0.992
2026-10-01 10:54;7560.0;7670.76;SPXW  261001C07560000;106.8;114.8;delta=0.992
2026-10-01 10:54;7565.0;7670.76;SPXW  261001C07565000;101.8;109.8;delta=0.992
2026-10-01 10:54;7570.0;7670.76;SPXW  261001C07570000;96.6;104.8;delta=0.989
2026-10-01 10:54;7575.0;7670.76;SPXW  261001C07575000;96.0;99.8;delta=0.988
2026-10-01 10:54;7580.0;7670.76;SPXW  261001C07580000;91.1;94.8;delta=0.988
2026-10-01 10:54;7585.0;7670.76;SPXW  261001C07585000;85.1;89.8;delta=0.984
2026-10-01 10:54;7590.0;7670.76;SPXW  261001C07590000;81.1;84.9;delta=0.984
2026-10-01 10:54;7595.0;7670.76;SPXW  261001C07595000;76.1;79.9;delta=0.981
2026-10-01 10:54;7600.0;7670.76;SPXW  261001C07600000;71.2;74.8;delta=0.979
2026-10-01 10:54;7605.0;7670.76;SPXW  261001C07605000;66.2;70.0;delta=0.975
2026-10-01 10:54;7610.0;7670.76;SPXW  261001C07610000;61.4;65.0;delta=0.967
2026-10-01 10:54;7615.0;7670.76;SPXW  261001C07615000;56.5;60.0;delta=0.961
2026-10-01 10:54;7620.0;7670.76;SPXW  261001C07620000;51.6;55.6;delta=0.951
2026-10-01 10:54;7625.0;7670.76;SPXW  261001C07625000;46.8;49.7;delta=0.939
2026-10-01 10:54;7630.0;7670.76;SPXW  261001C07630000;42.0;43.4;delta=0.924
2026-10-01 10:54;7635.0;7670.76;SPXW  261001C07635000;37.3;37.8;delta=0.903
2026-10-01 10:54;7640.0;7670.76;SPXW  261001C07640000;32.6;33.4;delta=0.875
2026-10-01 10:54;7645.0;7670.76;SPXW  261001C07645000;28.2;28.9;delta=0.838
2026-10-01 10:54;7650.0;7670.76;SPXW  261001C07650000;23.9;24.4;delta=0.79
2026-10-01 10:54;7655.0;7670.76;SPXW  261001C07655000;19.9;20.3;delta=0.734
2026-10-01 10:54;7660.0;7670.76;SPXW  261001C07660000;16.2;16.9;delta=0.665
2026-10-01 10:54;7665.0;7670.76;SPXW  261001C07665000;13.0;13.3;delta=0.588
2026-10-01 10:54;7670.0;7670.76;SPXW  261001C07670000;10.1;10.4;delta=0.509
2026-10-01 10:54;7675.0;7670.76;SPXW  261001C07675000;7.7;7.9;delta=0.426
2026-10-01 10:54;7680.0;7670.76;SPXW  261001C07680000;5.6;5.9;delta=0.346
2026-10-01 10:54;7685.0;7670.76;SPXW  261001C07685000;4.1;4.2;delta=0.271
2026-10-01 10:54;7690.0;7670.76;SPXW  261001C07690000;2.85;2.95;delta=0.207
2026-10-01 10:54;7695.0;7670.76;SPXW  261001C07695000;1.95;2.05;delta=0.152
2026-10-01 10:54;7700.0;7670.76;SPXW  261001C07700000;1.35;1.4;delta=0.11
2026-10-01 10:54;7705.0;7670.76;SPXW  261001C07705000;0.9;0.95;delta=0.079
2026-10-01 10:54;7710.0;7670.76;SPXW  261001C07710000;0.6;0.65;delta=0.055
2026-10-01 10:54;7715.0;7670.76;SPXW  261001C07715000;0.4;0.45;delta=0.038
2026-10-01 10:54;7720.0;7670.76;SPXW  261001C07720000;0.25;0.3;delta=0.028
2026-10-01 10:54;7725.0;7670.76;SPXW  261001C07725000;0.2;0.25;delta=0.022
2026-10-01 10:54;7730.0;7670.76;SPXW  261001C07730000;0.15;0.2;delta=0.017
2026-10-01 10:54;7735.0;7670.76;SPXW  261001C07735000;0.1;0.15;delta=0.013
2026-10-01 10:54;7740.0;7670.76;SPXW  261001C07740000;0.1;0.15;delta=0.012
2026-10-01 10:54;7745.0;7670.76;SPXW  261001C07745000;0.05;0.1;delta=0.011
2026-10-01 10:54;7750.0;7670.76;SPXW  261001C07750000;0.05;0.1;delta=0.007
2026-10-01 10:54;7755.0;7670.76;SPXW  261001C07755000;0.05;0.1;delta=0.007
2026-10-01 10:54;7760.0;7670.76;SPXW  261001C07760000;0.05;0.1;delta=0.006
2026-10-01 10:54;7765.0;7670.76;SPXW  261001C07765000;0.05;0.1;delta=0.006
2026-10-01 10:54;7770.0;7670.76;SPXW  261001C07770000;0.0;0.1;delta=0.004
2026-10-01 10:54;7775.0;7670.76;SPXW  261001C07775000;0.0;0.1;delta=0.004
2026-10-01 10:54;7780.0;7670.76;SPXW  261001C07780000;0.05;0.1;delta=0.006
2026-10-01 10:54;7785.0;7670.76;SPXW  261001C07785000;0.05;0.1;delta=0.005
2026-10-01 10:54;7790.0;7670.76;SPXW  261001C07790000;0.0;0.1;delta=0.004
2026-10-01 10:54;7795.0;7670.76;SPXW  261001C07795000;0.0;0.1;delta=0.004
2026-10-01 10:54;7800.0;7670.76;SPXW  261001C07800000;0.05;0.1;delta=0.005
2026-10-01 10:54;7805.0;7670.76;SPXW  261001C07805000;0.0;0.05;delta=0.002
2026-10-01 10:54;7810.0;7670.76;SPXW  261001C07810000;0.0;0.05;delta=0.002
2026-10-01 10:54;7815.0;7670.76;SPXW  261001C07815000;0.0;0.05;delta=0.002
2026-10-01 10:54;7820.0;7670.76;SPXW  261001C07820000;0.0;0.05;delta=0.002
2026-10-01 10:54;7825.0;7670.76;SPXW  261001C07825000;0.0;0.05;delta=0.002
2026-10-01 10:54;7830.0;7670.76;SPXW  261001C07830000;0.0;0.05;delta=0.002
2026-10-01 10:54;7835.0;7670.76;SPXW  261001C07835000;0.0;0.05;delta=0.002
2026-10-01 10:54;7840.0;7670.76;SPXW  261001C07840000;0.0;0.05;delta=0.002
2026-10-01 10:54;7845.0;7670.76;SPXW  261001C07845000;0.0;0.05;delta=0.002
2026-10-01 10:54;7850.0;7670.76;SPXW  261001C07850000;0.0;0.05;delta=0.001
2026-10-01 10:54;7855.0;7670.76;SPXW  261001C07855000;0.0;0.05;delta=0.001
2026-10-01 10:54;7860.0;7670.76;SPXW  261001C07860000;0.0;0.05;delta=0.001
2026-10-01 10:54;7865.0;7670.76;SPXW  261001C07865000;0.0;0.05;delta=0.001
2026-10-01 10:54;7870.0;7670.76;SPXW  261001C07870000;0.0;0.05;delta=0.001
2026-10-01 10:54;7875.0;7670.76;SPXW  261001C07875000;0.0;0.05;delta=0.001
2026-10-01 10:54;7880.0;7670.76;SPXW  261001C07880000;0.0;0.05;delta=0.001
2026-10-01 10:54;7885.0;7670.76;SPXW  261001C07885000;0.0;0.05;delta=0.001
2026-10-01 10:54;7890.0;7670.76;SPXW  261001C07890000;0.0;0.05;delta=0.001
2026-10-01 10:54;7895.0;7670.76;SPXW  261001C07895000;0.0;0.05;delta=0.001
2026-10-01 10:54;7900.0;7670.76;SPXW  261001C07900000;0.0;0.05;delta=0.001
2026-10-01 10:54;7905.0;7670.76;SPXW  261001C07905000;0.0;0.05;delta=0.001
2026-10-01 10:54;7910.0;7670.76;SPXW  261001C07910000;0.0;0.05;delta=0.001
2026-10-01 10:54;7915.0;7670.76;SPXW  261001C07915000;0.0;0.05;delta=0.001
2026-10-01 10:54;7920.0;7670.76;SPXW  261001C07920000;0.0;0.05;delta=0.001
2026-10-01 10:54;7420.0;7670.76;SPXW  261001P07420000;0.0;0.05;delta=-0.001
2026-10-01 10:54;7425.0;7670.76;SPXW  261001P07425000;0.0;0.05;delta=-0.001
2026-10-01 10:54;7430.0;7670.76;SPXW  261001P07430000;0.0;0.05;delta=-0.001
2026-10-01 10:54;7435.0;7670.76;SPXW  261001P07435000;0.0;0.05;delta=-0.001
2026-10-01 10:54;7440.0;7670.76;SPXW  261001P07440000;0.0;0.05;delta=-0.001
2026-10-01 10:54;7445.0;7670.76;SPXW  261001P07445000;0.0;0.1;delta=-0.002
2026-10-01 10:54;7450.0;7670.76;SPXW  261001P07450000;0.0;0.05;delta=-0.001
2026-10-01 10:54;7455.0;7670.76;SPXW  261001P07455000;0.0;0.1;delta=-0.002
2026-10-01 10:54;7460.0;7670.76;SPXW  261001P07460000;0.0;0.1;delta=-0.002
2026-10-01 10:54;7465.0;7670.76;SPXW  261001P07465000;0.05;0.1;delta=-0.002
2026-10-01 10:54;7470.0;7670.76;SPXW  261001P07470000;0.05;0.1;delta=-0.003
2026-10-01 10:54;7475.0;7670.76;SPXW  261001P07475000;0.05;0.1;delta=-0.003
2026-10-01 10:54;7480.0;7670.76;SPXW  261001P07480000;0.05;0.1;delta=-0.003
2026-10-01 10:54;7485.0;7670.76;SPXW  261001P07485000;0.05;0.1;delta=-0.004
2026-10-01 10:54;7490.0;7670.76;SPXW  261001P07490000;0.05;0.1;delta=-0.004
2026-10-01 10:54;7495.0;7670.76;SPXW  261001P07495000;0.05;0.1;delta=-0.004
2026-10-01 10:54;7500.0;7670.76;SPXW  261001P07500000;0.05;0.1;delta=-0.004
2026-10-01 10:54;7505.0;7670.76;SPXW  261001P07505000;0.05;0.1;delta=-0.004
2026-10-01 10:54;7510.0;7670.76;SPXW  261001P07510000;0.05;0.1;delta=-0.004
2026-10-01 10:54;7515.0;7670.76;SPXW  261001P07515000;0.05;0.1;delta=-0.004
2026-10-01 10:54;7520.0;7670.76;SPXW  261001P07520000;0.05;0.1;delta=-0.004
2026-10-01 10:54;7525.0;7670.76;SPXW  261001P07525000;0.05;0.1;delta=-0.004
2026-10-01 10:54;7530.0;7670.76;SPXW  261001P07530000;0.05;0.1;delta=-0.004
2026-10-01 10:54;7535.0;7670.76;SPXW  261001P07535000;0.05;0.1;delta=-0.005
2026-10-01 10:54;7540.0;7670.76;SPXW  261001P07540000;0.1;0.15;delta=-0.007
2026-10-01 10:54;7545.0;7670.76;SPXW  261001P07545000;0.1;0.15;delta=-0.007
2026-10-01 10:54;7550.0;7670.76;SPXW  261001P07550000;0.1;0.15;delta=-0.008
2026-10-01 10:54;7555.0;7670.76;SPXW  261001P07555000;0.1;0.15;delta=-0.008
2026-10-01 10:54;7560.0;7670.76;SPXW  261001P07560000;0.1;0.15;delta=-0.008
2026-10-01 10:54;7565.0;7670.76;SPXW  261001P07565000;0.1;0.15;delta=-0.008
2026-10-01 10:54;7570.0;7670.76;SPXW  261001P07570000;0.15;0.2;delta=-0.011
2026-10-01 10:54;7575.0;7670.76;SPXW  261001P07575000;0.15;0.2;delta=-0.012
2026-10-01 10:54;7580.0;7670.76;SPXW  261001P07580000;0.15;0.2;delta=-0.012
2026-10-01 10:54;7585.0;7670.76;SPXW  261001P07585000;0.2;0.25;delta=-0.016
2026-10-01 10:54;7590.0;7670.76;SPXW  261001P07590000;0.2;0.25;delta=-0.016
2026-10-01 10:54;7595.0;7670.76;SPXW  261001P07595000;0.25;0.3;delta=-0.019
2026-10-01 10:54;7600.0;7670.76;SPXW  261001P07600000;0.25;0.35;delta=-0.021
2026-10-01 10:54;7605.0;7670.76;SPXW  261001P07605000;0.3;0.4;delta=-0.025
2026-10-01 10:54;7610.0;7670.76;SPXW  261001P07610000;0.4;0.45;delta=-0.033
2026-10-01 10:54;7615.0;7670.76;SPXW  261001P07615000;0.5;0.55;delta=-0.039
2026-10-01 10:54;7620.0;7670.76;SPXW  261001P07620000;0.6;0.65;delta=-0.049
2026-10-01 10:54;7625.0;7670.76;SPXW  261001P07625000;0.75;0.8;delta=-0.061
2026-10-01 10:54;7630.0;7670.76;SPXW  261001P07630000;0.95;1.0;delta=-0.076
2026-10-01 10:54;7635.0;7670.76;SPXW  261001P07635000;1.3;1.35;delta=-0.098
2026-10-01 10:54;7640.0;7670.76;SPXW  261001P07640000;1.7;1.75;delta=-0.125
2026-10-01 10:54;7645.0;7670.76;SPXW  261001P07645000;2.3;2.35;delta=-0.162
2026-10-01 10:54;7650.0;7670.76;SPXW  261001P07650000;3.0;3.2;delta=-0.208
2026-10-01 10:54;7655.0;7670.76;SPXW  261001P07655000;4.1;4.3;delta=-0.266
2026-10-01 10:54;7660.0;7670.76;SPXW  261001P07660000;5.5;5.7;delta=-0.336
2026-10-01 10:54;7665.0;7670.76;SPXW  261001P07665000;7.3;7.5;delta=-0.412
2026-10-01 10:54;7670.0;7670.76;SPXW  261001P07670000;9.5;9.8;delta=-0.495
2026-10-01 10:54;7675.0;7670.76;SPXW  261001P07675000;12.2;12.4;delta=-0.578
2026-10-01 10:54;7680.0;7670.76;SPXW  261001P07680000;15.2;15.5;delta=-0.654
2026-10-01 10:54;7685.0;7670.76;SPXW  261001P07685000;18.7;19.0;delta=-0.728
2026-10-01 10:54;7690.0;7670.76;SPXW  261001P07690000;22.6;22.9;delta=-0.794
2026-10-01 10:54;7695.0;7670.76;SPXW  261001P07695000;26.6;27.1;delta=-0.847
2026-10-01 10:54;7700.0;7670.76;SPXW  261001P07700000;31.0;31.5;delta=-0.89
2026-10-01 10:54;7705.0;7670.76;SPXW  261001P07705000;35.6;36.0;delta=-0.922
2026-10-01 10:54;7710.0;7670.76;SPXW  261001P07710000;40.3;40.8;delta=-0.945
2026-10-01 10:54;7715.0;7670.76;SPXW  261001P07715000;44.9;45.6;delta=-0.962
2026-10-01 10:54;7720.0;7670.76;SPXW  261001P07720000;49.8;50.4;delta=-0.972
2026-10-01 10:54;7725.0;7670.76;SPXW  261001P07725000;54.7;55.4;delta=-0.978
2026-10-01 10:54;7730.0;7670.76;SPXW  261001P07730000;59.7;60.3;delta=-0.983
2026-10-01 10:54;7735.0;7670.76;SPXW  261001P07735000;64.4;65.3;delta=-0.988
2026-10-01 10:54;7740.0;7670.76;SPXW  261001P07740000;69.4;70.7;delta=-0.988
2026-10-01 10:54;7745.0;7670.76;SPXW  261001P07745000;74.3;75.7;delta=-0.989
2026-10-01 10:54;7750.0;7670.76;SPXW  261001P07750000;79.3;80.7;delta=-0.993
2026-10-01 10:54;7755.0;7670.76;SPXW  261001P07755000;84.3;87.2;delta=-0.993
2026-10-01 10:54;7760.0;7670.76;SPXW  261001P07760000;89.3;90.7;delta=-0.994
2026-10-01 10:54;7765.0;7670.76;SPXW  261001P07765000;94.3;95.7;delta=-0.994
2026-10-01 10:54;7770.0;7670.76;SPXW  261001P07770000;99.2;103.8;delta=-0.996
2026-10-01 10:54;7775.0;7670.76;SPXW  261001P07775000;102.7;107.2;delta=-0.996
2026-10-01 10:54;7780.0;7670.76;SPXW  261001P07780000;107.7;112.2;delta=-0.995
2026-10-01 10:54;7785.0;7670.76;SPXW  261001P07785000;112.7;117.2;delta=-0.995
2026-10-01 10:54;7790.0;7670.76;SPXW  261001P07790000;116.4;123.6;delta=-0.996
2026-10-01 10:54;7795.0;7670.76;SPXW  261001P07795000;121.6;128.7;delta=-0.997
2026-10-01 10:54;7800.0;7670.76;SPXW  261001P07800000;127.7;132.1;delta=-0.995
2026-10-01 10:54;7805.0;7670.76;SPXW  261001P07805000;131.3;138.6;delta=-0.998
2026-10-01 10:54;7810.0;7670.76;SPXW  261001P07810000;136.5;143.7;delta=-0.998
2026-10-01 10:54;7815.0;7670.76;SPXW  261001P07815000;141.3;148.6;delta=-0.998
2026-10-01 10:54;7820.0;7670.76;SPXW  261001P07820000;146.3;153.6;delta=-0.998
2026-10-01 10:54;7825.0;7670.76;SPXW  261001P07825000;151.5;158.7;delta=-0.998
2026-10-01 10:54;7830.0;7670.76;SPXW  261001P07830000;157.4;162.1;delta=-0.999
2026-10-01 10:54;7835.0;7670.76;SPXW  261001P07835000;161.6;168.7;delta=-0.999
2026-10-01 10:54;7840.0;7670.76;SPXW  261001P07840000;166.5;173.7;delta=-0.999
2026-10-01 10:54;7845.0;7670.76;SPXW  261001P07845000;171.3;178.7;delta=-0.999
2026-10-01 10:54;7850.0;7670.76;SPXW  261001P07850000;176.6;183.7;delta=-0.999
2026-10-01 10:54;7855.0;7670.76;SPXW  261001P07855000;181.5;188.7;delta=-0.999
2026-10-01 10:54;7860.0;7670.76;SPXW  261001P07860000;187.4;192.1;delta=-0.999
2026-10-01 10:54;7865.0;7670.76;SPXW  261001P07865000;191.6;198.6;delta=-0.999
2026-10-01 10:54;7870.0;7670.76;SPXW  261001P07870000;195.1;203.7;delta=-0.999
2026-10-01 10:54;7875.0;7670.76;SPXW  261001P07875000;197.1;210.8;delta=-0.999
2026-10-01 10:54;7880.0;7670.76;SPXW  261001P07880000;202.6;216.3;delta=-0.999
2026-10-01 10:54;7885.0;7670.76;SPXW  261001P07885000;207.6;221.3;delta=-0.999
2026-10-01 10:54;7890.0;7670.76;SPXW  261001P07890000;209.2;229.7;delta=-0.999
2026-10-01 10:54;7895.0;7670.76;SPXW  261001P07895000;215.3;236.0;delta=-0.999
2026-10-01 10:54;7900.0;7670.76;SPXW  261001P07900000;219.2;239.7;delta=-0.999
2026-10-01 10:54;7905.0;7670.76;SPXW  261001P07905000;224.2;244.7;delta=-0.999
2026-10-01 10:54;7910.0;7670.76;SPXW  261001P07910000;229.2;249.7;delta=-0.999
2026-10-01 10:54;7915.0;7670.76;SPXW  261001P07915000;234.2;254.7;delta=-0.999
2026-10-01 10:59;7415.0;7662.32;SPXW  261001C07415000;239.3;258.9;delta=0.999
2026-10-01 10:59;7420.0;7662.32;SPXW  261001C07420000;233.5;254.0;delta=0.999
2026-10-01 10:59;7425.0;7662.32;SPXW  261001C07425000;231.7;247.6;delta=0.999
2026-10-01 10:59;7430.0;7662.32;SPXW  261001C07430000;223.4;243.9;delta=0.999
2026-10-01 10:59;7435.0;7662.32;SPXW  261001C07435000;219.3;238.4;delta=0.999
2026-10-01 10:59;7440.0;7662.32;SPXW  261001C07440000;212.9;233.4;delta=0.999
2026-10-01 10:59;7445.0;7662.32;SPXW  261001C07445000;211.7;227.8;delta=0.998
2026-10-01 10:59;7450.0;7662.32;SPXW  261001C07450000;205.8;219.3;delta=0.999
2026-10-01 10:59;7455.0;7662.32;SPXW  261001C07455000;200.7;214.4;delta=0.998
2026-10-01 10:59;7460.0;7662.32;SPXW  261001C07460000;196.8;209.3;delta=0.997
2026-10-01 10:59;7465.0;7662.32;SPXW  261001C07465000;193.7;200.9;delta=0.997
2026-10-01 10:59;7470.0;7662.32;SPXW  261001C07470000;188.8;196.2;delta=0.997
2026-10-01 10:59;7475.0;7662.32;SPXW  261001C07475000;183.7;190.9;delta=0.997
2026-10-01 10:59;7480.0;7662.32;SPXW  261001C07480000;178.7;185.9;delta=0.996
2026-10-01 10:59;7485.0;7662.32;SPXW  261001C07485000;173.8;181.2;delta=0.996
2026-10-01 10:59;7490.0;7662.32;SPXW  261001C07490000;168.7;175.9;delta=0.996
2026-10-01 10:59;7495.0;7662.32;SPXW  261001C07495000;163.7;171.2;delta=0.996
2026-10-01 10:59;7500.0;7662.32;SPXW  261001C07500000;162.1;163.6;delta=0.996
2026-10-01 10:59;7505.0;7662.32;SPXW  261001C07505000;153.7;160.9;delta=0.996
2026-10-01 10:59;7510.0;7662.32;SPXW  261001C07510000;148.7;155.9;delta=0.996
2026-10-01 10:59;7515.0;7662.32;SPXW  261001C07515000;143.8;151.2;delta=0.996
2026-10-01 10:59;7520.0;7662.32;SPXW  261001C07520000;138.8;145.9;delta=0.996
2026-10-01 10:59;7525.0;7662.32;SPXW  261001C07525000;133.5;140.9;delta=0.996
2026-10-01 10:59;7530.0;7662.32;SPXW  261001C07530000;128.6;136.2;delta=0.995
2026-10-01 10:59;7535.0;7662.32;SPXW  261001C07535000;123.9;131.2;delta=0.994
2026-10-01 10:59;7540.0;7662.32;SPXW  261001C07540000;118.9;126.0;delta=0.993
2026-10-01 10:59;7545.0;7662.32;SPXW  261001C07545000;113.5;121.2;delta=0.992
2026-10-01 10:59;7550.0;7662.32;SPXW  261001C07550000;112.0;113.5;delta=0.992
2026-10-01 10:59;7555.0;7662.32;SPXW  261001C07555000;104.0;111.0;delta=0.992
2026-10-01 10:59;7560.0;7662.32;SPXW  261001C07560000;102.8;103.3;delta=0.991
2026-10-01 10:59;7565.0;7662.32;SPXW  261001C07565000;97.8;98.3;delta=0.991
2026-10-01 10:59;7570.0;7662.32;SPXW  261001C07570000;92.8;93.3;delta=0.991
2026-10-01 10:59;7575.0;7662.32;SPXW  261001C07575000;87.9;88.3;delta=0.987
2026-10-01 10:59;7580.0;7662.32;SPXW  261001C07580000;82.9;83.3;delta=0.987
2026-10-01 10:59;7585.0;7662.32;SPXW  261001C07585000;77.9;78.4;delta=0.983
2026-10-01 10:59;7590.0;7662.32;SPXW  261001C07590000;72.9;73.4;delta=0.982
2026-10-01 10:59;7595.0;7662.32;SPXW  261001C07595000;68.0;68.5;delta=0.978
2026-10-01 10:59;7600.0;7662.32;SPXW  261001C07600000;63.0;63.5;delta=0.974
2026-10-01 10:59;7605.0;7662.32;SPXW  261001C07605000;58.1;58.6;delta=0.966
2026-10-01 10:59;7610.0;7662.32;SPXW  261001C07610000;53.2;53.7;delta=0.958
2026-10-01 10:59;7615.0;7662.32;SPXW  261001C07615000;48.4;48.8;delta=0.95
2026-10-01 10:59;7620.0;7662.32;SPXW  261001C07620000;43.6;44.0;delta=0.935
2026-10-01 10:59;7625.0;7662.32;SPXW  261001C07625000;38.9;39.2;delta=0.916
2026-10-01 10:59;7630.0;7662.32;SPXW  261001C07630000;34.3;34.5;delta=0.891
2026-10-01 10:59;7635.0;7662.32;SPXW  261001C07635000;29.8;30.0;delta=0.859
2026-10-01 10:59;7640.0;7662.32;SPXW  261001C07640000;25.5;25.7;delta=0.818
2026-10-01 10:59;7645.0;7662.32;SPXW  261001C07645000;21.4;21.6;delta=0.767
2026-10-01 10:59;7650.0;7662.32;SPXW  261001C07650000;17.6;17.8;delta=0.704
2026-10-01 10:59;7655.0;7662.32;SPXW  261001C07655000;14.2;14.3;delta=0.633
2026-10-01 10:59;7660.0;7662.32;SPXW  261001C07660000;11.1;11.3;delta=0.558
2026-10-01 10:59;7665.0;7662.32;SPXW  261001C07665000;8.5;8.6;delta=0.475
2026-10-01 10:59;7670.0;7662.32;SPXW  261001C07670000;6.3;6.4;delta=0.393
2026-10-01 10:59;7675.0;7662.32;SPXW  261001C07675000;4.5;4.6;delta=0.313
2026-10-01 10:59;7680.0;7662.32;SPXW  261001C07680000;3.1;3.2;delta=0.242
2026-10-01 10:59;7685.0;7662.32;SPXW  261001C07685000;2.1;2.2;delta=0.18
2026-10-01 10:59;7690.0;7662.32;SPXW  261001C07690000;1.4;1.45;delta=0.13
2026-10-01 10:59;7695.0;7662.32;SPXW  261001C07695000;0.9;0.95;delta=0.092
2026-10-01 10:59;7700.0;7662.32;SPXW  261001C07700000;0.55;0.6;delta=0.061
2026-10-01 10:59;7705.0;7662.32;SPXW  261001C07705000;0.35;0.4;delta=0.043
2026-10-01 10:59;7710.0;7662.32;SPXW  261001C07710000;0.25;0.3;delta=0.029
2026-10-01 10:59;7715.0;7662.32;SPXW  261001C07715000;0.15;0.2;delta=0.021
2026-10-01 10:59;7720.0;7662.32;SPXW  261001C07720000;0.1;0.15;delta=0.014
2026-10-01 10:59;7725.0;7662.32;SPXW  261001C07725000;0.1;0.15;delta=0.013
2026-10-01 10:59;7730.0;7662.32;SPXW  261001C07730000;0.05;0.1;delta=0.008
2026-10-01 10:59;7735.0;7662.32;SPXW  261001C07735000;0.05;0.1;delta=0.008
2026-10-01 10:59;7740.0;7662.32;SPXW  261001C07740000;0.05;0.1;delta=0.007
2026-10-01 10:59;7745.0;7662.32;SPXW  261001C07745000;0.05;0.1;delta=0.007
2026-10-01 10:59;7750.0;7662.32;SPXW  261001C07750000;0.05;0.1;delta=0.007
2026-10-01 10:59;7755.0;7662.32;SPXW  261001C07755000;0.05;0.1;delta=0.006
2026-10-01 10:59;7760.0;7662.32;SPXW  261001C07760000;0.0;0.1;delta=0.004
2026-10-01 10:59;7765.0;7662.32;SPXW  261001C07765000;0.0;0.05;delta=0.004
2026-10-01 10:59;7770.0;7662.32;SPXW  261001C07770000;0.0;0.1;delta=0.004
2026-10-01 10:59;7775.0;7662.32;SPXW  261001C07775000;0.05;0.1;delta=0.005
2026-10-01 10:59;7780.0;7662.32;SPXW  261001C07780000;0.0;0.05;delta=0.004
2026-10-01 10:59;7785.0;7662.32;SPXW  261001C07785000;0.0;0.05;delta=0.002
2026-10-01 10:59;7790.0;7662.32;SPXW  261001C07790000;0.0;0.05;delta=0.002
2026-10-01 10:59;7795.0;7662.32;SPXW  261001C07795000;0.0;0.05;delta=0.002
2026-10-01 10:59;7800.0;7662.32;SPXW  261001C07800000;0.0;0.05;delta=0.002
2026-10-01 10:59;7805.0;7662.32;SPXW  261001C07805000;0.0;0.05;delta=0.002
2026-10-01 10:59;7810.0;7662.32;SPXW  261001C07810000;0.0;0.05;delta=0.002
2026-10-01 10:59;7815.0;7662.32;SPXW  261001C07815000;0.0;0.05;delta=0.002
2026-10-01 10:59;7820.0;7662.32;SPXW  261001C07820000;0.0;0.05;delta=0.002
2026-10-01 10:59;7825.0;7662.32;SPXW  261001C07825000;0.0;0.05;delta=0.002
2026-10-01 10:59;7830.0;7662.32;SPXW  261001C07830000;0.0;0.05;delta=0.002
2026-10-01 10:59;7835.0;7662.32;SPXW  261001C07835000;0.0;0.05;delta=0.002
2026-10-01 10:59;7840.0;7662.32;SPXW  261001C07840000;0.0;0.05;delta=0.001
2026-10-01 10:59;7845.0;7662.32;SPXW  261001C07845000;0.0;0.05;delta=0.001
2026-10-01 10:59;7850.0;7662.32;SPXW  261001C07850000;0.0;0.05;delta=0.001
2026-10-01 10:59;7855.0;7662.32;SPXW  261001C07855000;0.0;0.05;delta=0.001
2026-10-01 10:59;7860.0;7662.32;SPXW  261001C07860000;0.0;0.05;delta=0.001
2026-10-01 10:59;7865.0;7662.32;SPXW  261001C07865000;0.0;0.05;delta=0.001
2026-10-01 10:59;7870.0;7662.32;SPXW  261001C07870000;0.0;0.05;delta=0.001
2026-10-01 10:59;7875.0;7662.32;SPXW  261001C07875000;0.0;0.05;delta=0.001
2026-10-01 10:59;7880.0;7662.32;SPXW  261001C07880000;0.0;0.05;delta=0.001
2026-10-01 10:59;7885.0;7662.32;SPXW  261001C07885000;0.0;0.05;delta=0.001
2026-10-01 10:59;7890.0;7662.32;SPXW  261001C07890000;0.0;0.05;delta=0.001
2026-10-01 10:59;7895.0;7662.32;SPXW  261001C07895000;0.0;0.05;delta=0.001
2026-10-01 10:59;7900.0;7662.32;SPXW  261001C07900000;0.0;0.05;delta=0.001
2026-10-01 10:59;7905.0;7662.32;SPXW  261001C07905000;0.0;0.05;delta=0.001
2026-10-01 10:59;7910.0;7662.32;SPXW  261001C07910000;0.0;0.05;delta=0.001
2026-10-01 10:59;7415.0;7662.32;SPXW  261001P07415000;0.0;0.05;delta=-0.001
2026-10-01 10:59;7420.0;7662.32;SPXW  261001P07420000;0.0;0.05;delta=-0.001
2026-10-01 10:59;7425.0;7662.32;SPXW  261001P07425000;0.0;0.05;delta=-0.001
2026-10-01 10:59;7430.0;7662.32;SPXW  261001P07430000;0.0;0.05;delta=-0.001
2026-10-01 10:59;7435.0;7662.32;SPXW  261001P07435000;0.0;0.05;delta=-0.001
2026-10-01 10:59;7440.0;7662.32;SPXW  261001P07440000;0.0;0.05;delta=-0.001
2026-10-01 10:59;7445.0;7662.32;SPXW  261001P07445000;0.0;0.1;delta=-0.002
2026-10-01 10:59;7450.0;7662.32;SPXW  261001P07450000;0.0;0.05;delta=-0.001
2026-10-01 10:59;7455.0;7662.32;SPXW  261001P07455000;0.0;0.1;delta=-0.002
2026-10-01 10:59;7460.0;7662.32;SPXW  261001P07460000;0.05;0.1;delta=-0.003
2026-10-01 10:59;7465.0;7662.32;SPXW  261001P07465000;0.05;0.1;delta=-0.003
2026-10-01 10:59;7470.0;7662.32;SPXW  261001P07470000;0.05;0.1;delta=-0.003
2026-10-01 10:59;7475.0;7662.32;SPXW  261001P07475000;0.05;0.1;delta=-0.003
2026-10-01 10:59;7480.0;7662.32;SPXW  261001P07480000;0.05;0.1;delta=-0.004
2026-10-01 10:59;7485.0;7662.32;SPXW  261001P07485000;0.05;0.1;delta=-0.004
2026-10-01 10:59;7490.0;7662.32;SPXW  261001P07490000;0.05;0.1;delta=-0.004
2026-10-01 10:59;7495.0;7662.32;SPXW  261001P07495000;0.05;0.1;delta=-0.004
2026-10-01 10:59;7500.0;7662.32;SPXW  261001P07500000;0.05;0.1;delta=-0.004
2026-10-01 10:59;7505.0;7662.32;SPXW  261001P07505000;0.05;0.1;delta=-0.004
2026-10-01 10:59;7510.0;7662.32;SPXW  261001P07510000;0.05;0.1;delta=-0.004
2026-10-01 10:59;7515.0;7662.32;SPXW  261001P07515000;0.05;0.1;delta=-0.004
2026-10-01 10:59;7520.0;7662.32;SPXW  261001P07520000;0.05;0.1;delta=-0.004
2026-10-01 10:59;7525.0;7662.32;SPXW  261001P07525000;0.05;0.1;delta=-0.004
2026-10-01 10:59;7530.0;7662.32;SPXW  261001P07530000;0.05;0.1;delta=-0.005
2026-10-01 10:59;7535.0;7662.32;SPXW  261001P07535000;0.05;0.1;delta=-0.006
2026-10-01 10:59;7540.0;7662.32;SPXW  261001P07540000;0.1;0.15;delta=-0.007
2026-10-01 10:59;7545.0;7662.32;SPXW  261001P07545000;0.1;0.15;delta=-0.008
2026-10-01 10:59;7550.0;7662.32;SPXW  261001P07550000;0.1;0.15;delta=-0.008
2026-10-01 10:59;7555.0;7662.32;SPXW  261001P07555000;0.1;0.15;delta=-0.008
2026-10-01 10:59;7560.0;7662.32;SPXW  261001P07560000;0.1;0.15;delta=-0.009
2026-10-01 10:59;7565.0;7662.32;SPXW  261001P07565000;0.1;0.15;delta=-0.009
2026-10-01 10:59;7570.0;7662.32;SPXW  261001P07570000;0.1;0.15;delta=-0.009
2026-10-01 10:59;7575.0;7662.32;SPXW  261001P07575000;0.15;0.2;delta=-0.013
2026-10-01 10:59;7580.0;7662.32;SPXW  261001P07580000;0.15;0.2;delta=-0.013
2026-10-01 10:59;7585.0;7662.32;SPXW  261001P07585000;0.2;0.25;delta=-0.017
2026-10-01 10:59;7590.0;7662.32;SPXW  261001P07590000;0.25;0.3;delta=-0.018
2026-10-01 10:59;7595.0;7662.32;SPXW  261001P07595000;0.25;0.3;delta=-0.022
2026-10-01 10:59;7600.0;7662.32;SPXW  261001P07600000;0.35;0.4;delta=-0.026
2026-10-01 10:59;7605.0;7662.32;SPXW  261001P07605000;0.4;0.45;delta=-0.034
2026-10-01 10:59;7610.0;7662.32;SPXW  261001P07610000;0.5;0.55;delta=-0.042
2026-10-01 10:59;7615.0;7662.32;SPXW  261001P07615000;0.65;0.75;delta=-0.05
2026-10-01 10:59;7620.0;7662.32;SPXW  261001P07620000;0.85;0.9;delta=-0.065
2026-10-01 10:59;7625.0;7662.32;SPXW  261001P07625000;1.15;1.2;delta=-0.084
2026-10-01 10:59;7630.0;7662.32;SPXW  261001P07630000;1.5;1.55;delta=-0.109
2026-10-01 10:59;7635.0;7662.32;SPXW  261001P07635000;2.0;2.1;delta=-0.14
2026-10-01 10:59;7640.0;7662.32;SPXW  261001P07640000;2.75;2.8;delta=-0.182
2026-10-01 10:59;7645.0;7662.32;SPXW  261001P07645000;3.6;3.7;delta=-0.233
2026-10-01 10:59;7650.0;7662.32;SPXW  261001P07650000;4.9;5.0;delta=-0.296
2026-10-01 10:59;7655.0;7662.32;SPXW  261001P07655000;6.4;6.5;delta=-0.367
2026-10-01 10:59;7660.0;7662.32;SPXW  261001P07660000;8.4;8.5;delta=-0.442
2026-10-01 10:59;7665.0;7662.32;SPXW  261001P07665000;10.7;10.9;delta=-0.525
2026-10-01 10:59;7670.0;7662.32;SPXW  261001P07670000;13.5;13.7;delta=-0.607
2026-10-01 10:59;7675.0;7662.32;SPXW  261001P07675000;16.8;17.0;delta=-0.687
2026-10-01 10:59;7680.0;7662.32;SPXW  261001P07680000;20.4;20.6;delta=-0.758
2026-10-01 10:59;7685.0;7662.32;SPXW  261001P07685000;24.4;24.7;delta=-0.819
2026-10-01 10:59;7690.0;7662.32;SPXW  261001P07690000;28.7;29.0;delta=-0.87
2026-10-01 10:59;7695.0;7662.32;SPXW  261001P07695000;33.2;33.5;delta=-0.907
2026-10-01 10:59;7700.0;7662.32;SPXW  261001P07700000;37.7;38.2;delta=-0.939
2026-10-01 10:59;7705.0;7662.32;SPXW  261001P07705000;42.5;43.0;delta=-0.957
2026-10-01 10:59;7710.0;7662.32;SPXW  261001P07710000;47.4;47.9;delta=-0.971
2026-10-01 10:59;7715.0;7662.32;SPXW  261001P07715000;52.3;52.8;delta=-0.979
2026-10-01 10:59;7720.0;7662.32;SPXW  261001P07720000;57.3;57.7;delta=-0.986
2026-10-01 10:59;7725.0;7662.32;SPXW  261001P07725000;62.3;62.7;delta=-0.987
2026-10-01 10:59;7730.0;7662.32;SPXW  261001P07730000;67.2;68.0;delta=-0.992
2026-10-01 10:59;7735.0;7662.32;SPXW  261001P07735000;72.1;73.0;delta=-0.992
2026-10-01 10:59;7740.0;7662.32;SPXW  261001P07740000;77.1;78.0;delta=-0.993
2026-10-01 10:59;7745.0;7662.32;SPXW  261001P07745000;82.1;83.0;delta=-0.993
2026-10-01 10:59;7750.0;7662.32;SPXW  261001P07750000;87.1;87.9;delta=-0.993
2026-10-01 10:59;7755.0;7662.32;SPXW  261001P07755000;92.1;92.9;delta=-0.994
2026-10-01 10:59;7760.0;7662.32;SPXW  261001P07760000;97.1;97.9;delta=-0.996
2026-10-01 10:59;7765.0;7662.32;SPXW  261001P07765000;101.5;103.2;delta=-0.996
2026-10-01 10:59;7770.0;7662.32;SPXW  261001P07770000;104.2;111.4;delta=-0.996
2026-10-01 10:59;7775.0;7662.32;SPXW  261001P07775000;111.6;113.3;delta=-0.995
2026-10-01 10:59;7780.0;7662.32;SPXW  261001P07780000;116.6;118.3;delta=-0.996
2026-10-01 10:59;7785.0;7662.32;SPXW  261001P07785000;121.6;123.3;delta=-0.998
2026-10-01 10:59;7790.0;7662.32;SPXW  261001P07790000;124.2;131.4;delta=-0.998
2026-10-01 10:59;7795.0;7662.32;SPXW  261001P07795000;128.9;136.5;delta=-0.998
2026-10-01 10:59;7800.0;7662.32;SPXW  261001P07800000;136.6;138.2;delta=-0.998
2026-10-01 10:59;7805.0;7662.32;SPXW  261001P07805000;139.1;146.4;delta=-0.998
2026-10-01 10:59;7810.0;7662.32;SPXW  261001P07810000;143.9;151.3;delta=-0.998
2026-10-01 10:59;7815.0;7662.32;SPXW  261001P07815000;149.1;156.4;delta=-0.998
2026-10-01 10:59;7820.0;7662.32;SPXW  261001P07820000;154.1;161.3;delta=-0.998
2026-10-01 10:59;7825.0;7662.32;SPXW  261001P07825000;159.1;166.5;delta=-0.998
2026-10-01 10:59;7830.0;7662.32;SPXW  261001P07830000;166.5;168.2;delta=-0.998
2026-10-01 10:59;7835.0;7662.32;SPXW  261001P07835000;169.1;176.3;delta=-0.998
2026-10-01 10:59;7840.0;7662.32;SPXW  261001P07840000;174.1;181.6;delta=-0.998
2026-10-01 10:59;7845.0;7662.32;SPXW  261001P07845000;179.1;186.6;delta=-0.999
2026-10-01 10:59;7850.0;7662.32;SPXW  261001P07850000;184.1;191.6;delta=-0.999
2026-10-01 10:59;7855.0;7662.32;SPXW  261001P07855000;189.1;196.6;delta=-0.999
2026-10-01 10:59;7860.0;7662.32;SPXW  261001P07860000;196.5;198.2;delta=-0.999
2026-10-01 10:59;7865.0;7662.32;SPXW  261001P07865000;196.0;209.7;delta=-0.999
2026-10-01 10:59;7870.0;7662.32;SPXW  261001P07870000;201.0;214.7;delta=-0.999
2026-10-01 10:59;7875.0;7662.32;SPXW  261001P07875000;206.0;219.7;delta=-0.999
2026-10-01 10:59;7880.0;7662.32;SPXW  261001P07880000;207.6;223.3;delta=-0.999
2026-10-01 10:59;7885.0;7662.32;SPXW  261001P07885000;211.1;231.6;delta=-0.999
2026-10-01 10:59;7890.0;7662.32;SPXW  261001P07890000;216.1;236.6;delta=-0.999
2026-10-01 10:59;7895.0;7662.32;SPXW  261001P07895000;221.1;241.6;delta=-0.999
2026-10-01 10:59;7900.0;7662.32;SPXW  261001P07900000;226.1;243.3;delta=-0.999
2026-10-01 10:59;7905.0;7662.32;SPXW  261001P07905000;231.1;251.6;delta=-0.999
2026-10-01 10:59;7910.0;7662.32;SPXW  261001P07910000;236.3;256.6;delta=-0.999
2026-10-01 11:03;7415.0;7664.15;SPXW  261001C07415000;239.1;255.7;delta=0.999
2026-10-01 11:03;7420.0;7664.15;SPXW  261001C07420000;235.5;254.5;delta=0.999
2026-10-01 11:03;7425.0;7664.15;SPXW  261001C07425000;229.7;248.5;delta=0.999
2026-10-01 11:03;7430.0;7664.15;SPXW  261001C07430000;225.5;244.2;delta=0.999
2026-10-01 11:03;7435.0;7664.15;SPXW  261001C07435000;218.6;235.8;delta=0.999
2026-10-01 11:03;7440.0;7664.15;SPXW  261001C07440000;215.4;233.6;delta=0.999
2026-10-01 11:03;7445.0;7664.15;SPXW  261001C07445000;210.2;228.5;delta=0.999
2026-10-01 11:03;7450.0;7664.15;SPXW  261001C07450000;207.6;220.7;delta=0.998
2026-10-01 11:03;7455.0;7664.15;SPXW  261001C07455000;203.7;217.4;delta=0.998
2026-10-01 11:03;7460.0;7664.15;SPXW  261001C07460000;197.6;211.3;delta=0.998
2026-10-01 11:03;7465.0;7664.15;SPXW  261001C07465000;195.9;206.3;delta=0.998
2026-10-01 11:03;7470.0;7664.15;SPXW  261001C07470000;191.0;198.6;delta=0.998
2026-10-01 11:03;7475.0;7664.15;SPXW  261001C07475000;186.5;193.6;delta=0.998
2026-10-01 11:03;7480.0;7664.15;SPXW  261001C07480000;181.5;188.6;delta=0.997
2026-10-01 11:03;7485.0;7664.15;SPXW  261001C07485000;176.5;183.6;delta=0.996
2026-10-01 11:03;7490.0;7664.15;SPXW  261001C07490000;171.5;178.6;delta=0.996
2026-10-01 11:03;7495.0;7664.15;SPXW  261001C07495000;166.5;173.6;delta=0.996
2026-10-01 11:03;7500.0;7664.15;SPXW  261001C07500000;164.2;165.7;delta=0.996
2026-10-01 11:03;7505.0;7664.15;SPXW  261001C07505000;156.5;163.6;delta=0.996
2026-10-01 11:03;7510.0;7664.15;SPXW  261001C07510000;151.5;158.6;delta=0.996
2026-10-01 11:03;7515.0;7664.15;SPXW  261001C07515000;146.5;153.6;delta=0.996
2026-10-01 11:03;7520.0;7664.15;SPXW  261001C07520000;141.1;148.6;delta=0.996
2026-10-01 11:03;7525.0;7664.15;SPXW  261001C07525000;136.1;143.6;delta=0.996
2026-10-01 11:03;7530.0;7664.15;SPXW  261001C07530000;131.5;138.7;delta=0.995
2026-10-01 11:03;7535.0;7664.15;SPXW  261001C07535000;126.1;133.6;delta=0.995
2026-10-01 11:03;7540.0;7664.15;SPXW  261001C07540000;121.1;128.6;delta=0.995
2026-10-01 11:03;7545.0;7664.15;SPXW  261001C07545000;116.1;123.7;delta=0.995
2026-10-01 11:03;7550.0;7664.15;SPXW  261001C07550000;114.2;116.1;delta=0.992
2026-10-01 11:03;7555.0;7664.15;SPXW  261001C07555000;106.1;113.6;delta=0.992
2026-10-01 11:03;7560.0;7664.15;SPXW  261001C07560000;105.0;105.5;delta=0.992
2026-10-01 11:03;7565.0;7664.15;SPXW  261001C07565000;100.0;100.5;delta=0.991
2026-10-01 11:03;7570.0;7664.15;SPXW  261001C07570000;95.1;95.5;delta=0.991
2026-10-01 11:03;7575.0;7664.15;SPXW  261001C07575000;90.1;90.5;delta=0.99
2026-10-01 11:03;7580.0;7664.15;SPXW  261001C07580000;85.1;85.6;delta=0.987
2026-10-01 11:03;7585.0;7664.15;SPXW  261001C07585000;80.1;80.6;delta=0.986
2026-10-01 11:03;7590.0;7664.15;SPXW  261001C07590000;75.1;75.6;delta=0.986
2026-10-01 11:03;7595.0;7664.15;SPXW  261001C07595000;70.2;70.6;delta=0.982
2026-10-01 11:03;7600.0;7664.15;SPXW  261001C07600000;65.2;65.7;delta=0.978
2026-10-01 11:03;7605.0;7664.15;SPXW  261001C07605000;60.3;60.7;delta=0.973
2026-10-01 11:03;7610.0;7664.15;SPXW  261001C07610000;55.3;55.8;delta=0.966
2026-10-01 11:03;7615.0;7664.15;SPXW  261001C07615000;50.4;50.9;delta=0.956
2026-10-01 11:03;7620.0;7664.15;SPXW  261001C07620000;45.6;45.9;delta=0.944
2026-10-01 11:03;7625.0;7664.15;SPXW  261001C07625000;40.9;41.1;delta=0.929
2026-10-01 11:03;7630.0;7664.15;SPXW  261001C07630000;36.2;36.4;delta=0.905
2026-10-01 11:03;7635.0;7664.15;SPXW  261001C07635000;31.6;31.9;delta=0.875
2026-10-01 11:03;7640.0;7664.15;SPXW  261001C07640000;27.2;27.5;delta=0.838
2026-10-01 11:03;7645.0;7664.15;SPXW  261001C07645000;23.0;23.3;delta=0.788
2026-10-01 11:03;7650.0;7664.15;SPXW  261001C07650000;19.1;19.3;delta=0.731
2026-10-01 11:03;7655.0;7664.15;SPXW  261001C07655000;15.5;15.7;delta=0.662
2026-10-01 11:03;7660.0;7664.15;SPXW  261001C07660000;12.3;12.5;delta=0.585
2026-10-01 11:03;7665.0;7664.15;SPXW  261001C07665000;9.5;9.6;delta=0.503
2026-10-01 11:03;7670.0;7664.15;SPXW  261001C07670000;7.1;7.3;delta=0.419
2026-10-01 11:03;7675.0;7664.15;SPXW  261001C07675000;5.2;5.3;delta=0.339
2026-10-01 11:03;7680.0;7664.15;SPXW  261001C07680000;3.7;3.8;delta=0.264
2026-10-01 11:03;7685.0;7664.15;SPXW  261001C07685000;2.55;2.6;delta=0.199
2026-10-01 11:03;7690.0;7664.15;SPXW  261001C07690000;1.7;1.75;delta=0.146
2026-10-01 11:03;7695.0;7664.15;SPXW  261001C07695000;1.1;1.15;delta=0.104
2026-10-01 11:03;7700.0;7664.15;SPXW  261001C07700000;0.7;0.8;delta=0.073
2026-10-01 11:03;7705.0;7664.15;SPXW  261001C07705000;0.45;0.5;delta=0.05
2026-10-01 11:03;7710.0;7664.15;SPXW  261001C07710000;0.3;0.35;delta=0.034
2026-10-01 11:03;7715.0;7664.15;SPXW  261001C07715000;0.2;0.25;delta=0.024
2026-10-01 11:03;7720.0;7664.15;SPXW  261001C07720000;0.15;0.2;delta=0.018
2026-10-01 11:03;7725.0;7664.15;SPXW  261001C07725000;0.1;0.15;delta=0.013
2026-10-01 11:03;7730.0;7664.15;SPXW  261001C07730000;0.1;0.15;delta=0.013
2026-10-01 11:03;7735.0;7664.15;SPXW  261001C07735000;0.05;0.1;delta=0.008
2026-10-01 11:03;7740.0;7664.15;SPXW  261001C07740000;0.05;0.1;delta=0.007
2026-10-01 11:03;7745.0;7664.15;SPXW  261001C07745000;0.05;0.1;delta=0.007
2026-10-01 11:03;7750.0;7664.15;SPXW  261001C07750000;0.05;0.1;delta=0.007
2026-10-01 11:03;7755.0;7664.15;SPXW  261001C07755000;0.05;0.1;delta=0.006
2026-10-01 11:03;7760.0;7664.15;SPXW  261001C07760000;0.05;0.1;delta=0.006
2026-10-01 11:03;7765.0;7664.15;SPXW  261001C07765000;0.0;0.1;delta=0.004
2026-10-01 11:03;7770.0;7664.15;SPXW  261001C07770000;0.0;0.1;delta=0.004
2026-10-01 11:03;7775.0;7664.15;SPXW  261001C07775000;0.0;0.1;delta=0.004
2026-10-01 11:03;7780.0;7664.15;SPXW  261001C07780000;0.0;0.05;delta=0.002
2026-10-01 11:03;7785.0;7664.15;SPXW  261001C07785000;0.0;0.05;delta=0.002
2026-10-01 11:03;7790.0;7664.15;SPXW  261001C07790000;0.0;0.05;delta=0.002
2026-10-01 11:03;7795.0;7664.15;SPXW  261001C07795000;0.0;0.05;delta=0.002
2026-10-01 11:03;7800.0;7664.15;SPXW  261001C07800000;0.0;0.05;delta=0.002
2026-10-01 11:03;7805.0;7664.15;SPXW  261001C07805000;0.0;0.05;delta=0.002
2026-10-01 11:03;7810.0;7664.15;SPXW  261001C07810000;0.0;0.05;delta=0.002
2026-10-01 11:03;7815.0;7664.15;SPXW  261001C07815000;0.0;0.05;delta=0.002
2026-10-01 11:03;7820.0;7664.15;SPXW  261001C07820000;0.0;0.05;delta=0.002
2026-10-01 11:03;7825.0;7664.15;SPXW  261001C07825000;0.0;0.05;delta=0.002
2026-10-01 11:03;7830.0;7664.15;SPXW  261001C07830000;0.0;0.05;delta=0.002
2026-10-01 11:03;7835.0;7664.15;SPXW  261001C07835000;0.0;0.05;delta=0.002
2026-10-01 11:03;7840.0;7664.15;SPXW  261001C07840000;0.0;0.05;delta=0.002
2026-10-01 11:03;7845.0;7664.15;SPXW  261001C07845000;0.0;0.05;delta=0.001
2026-10-01 11:03;7850.0;7664.15;SPXW  261001C07850000;0.0;0.05;delta=0.001
2026-10-01 11:03;7855.0;7664.15;SPXW  261001C07855000;0.0;0.05;delta=0.001
2026-10-01 11:03;7860.0;7664.15;SPXW  261001C07860000;0.0;0.05;delta=0.001
2026-10-01 11:03;7865.0;7664.15;SPXW  261001C07865000;0.0;0.05;delta=0.001
2026-10-01 11:03;7870.0;7664.15;SPXW  261001C07870000;0.0;0.05;delta=0.001
2026-10-01 11:03;7875.0;7664.15;SPXW  261001C07875000;0.0;0.05;delta=0.001
2026-10-01 11:03;7880.0;7664.15;SPXW  261001C07880000;0.0;0.05;delta=0.001
2026-10-01 11:03;7885.0;7664.15;SPXW  261001C07885000;0.0;0.05;delta=0.001
2026-10-01 11:03;7890.0;7664.15;SPXW  261001C07890000;0.0;0.05;delta=0.001
2026-10-01 11:03;7895.0;7664.15;SPXW  261001C07895000;0.0;0.05;delta=0.001
2026-10-01 11:03;7900.0;7664.15;SPXW  261001C07900000;0.0;0.05;delta=0.001
2026-10-01 11:03;7905.0;7664.15;SPXW  261001C07905000;0.0;0.05;delta=0.001
2026-10-01 11:03;7910.0;7664.15;SPXW  261001C07910000;0.0;0.05;delta=0.001
2026-10-01 11:03;7415.0;7664.15;SPXW  261001P07415000;0.0;0.05;delta=-0.001
2026-10-01 11:03;7420.0;7664.15;SPXW  261001P07420000;0.0;0.05;delta=-0.001
2026-10-01 11:03;7425.0;7664.15;SPXW  261001P07425000;0.0;0.05;delta=-0.001
2026-10-01 11:03;7430.0;7664.15;SPXW  261001P07430000;0.0;0.05;delta=-0.001
2026-10-01 11:03;7435.0;7664.15;SPXW  261001P07435000;0.0;0.05;delta=-0.001
2026-10-01 11:03;7440.0;7664.15;SPXW  261001P07440000;0.0;0.05;delta=-0.001
2026-10-01 11:03;7445.0;7664.15;SPXW  261001P07445000;0.0;0.05;delta=-0.001
2026-10-01 11:03;7450.0;7664.15;SPXW  261001P07450000;0.0;0.1;delta=-0.002
2026-10-01 11:03;7455.0;7664.15;SPXW  261001P07455000;0.0;0.1;delta=-0.002
2026-10-01 11:03;7460.0;7664.15;SPXW  261001P07460000;0.0;0.1;delta=-0.002
2026-10-01 11:03;7465.0;7664.15;SPXW  261001P07465000;0.0;0.1;delta=-0.002
2026-10-01 11:03;7470.0;7664.15;SPXW  261001P07470000;0.0;0.1;delta=-0.002
2026-10-01 11:03;7475.0;7664.15;SPXW  261001P07475000;0.0;0.1;delta=-0.002
2026-10-01 11:03;7480.0;7664.15;SPXW  261001P07480000;0.05;0.1;delta=-0.004
2026-10-01 11:03;7485.0;7664.15;SPXW  261001P07485000;0.05;0.1;delta=-0.004
2026-10-01 11:03;7490.0;7664.15;SPXW  261001P07490000;0.05;0.1;delta=-0.004
2026-10-01 11:03;7495.0;7664.15;SPXW  261001P07495000;0.05;0.1;delta=-0.004
2026-10-01 11:03;7500.0;7664.15;SPXW  261001P07500000;0.05;0.1;delta=-0.004
2026-10-01 11:03;7505.0;7664.15;SPXW  261001P07505000;0.05;0.1;delta=-0.004
2026-10-01 11:03;7510.0;7664.15;SPXW  261001P07510000;0.05;0.1;delta=-0.004
2026-10-01 11:03;7515.0;7664.15;SPXW  261001P07515000;0.05;0.1;delta=-0.004
2026-10-01 11:03;7520.0;7664.15;SPXW  261001P07520000;0.05;0.1;delta=-0.004
2026-10-01 11:03;7525.0;7664.15;SPXW  261001P07525000;0.05;0.1;delta=-0.004
2026-10-01 11:03;7530.0;7664.15;SPXW  261001P07530000;0.05;0.1;delta=-0.005
2026-10-01 11:03;7535.0;7664.15;SPXW  261001P07535000;0.05;0.1;delta=-0.005
2026-10-01 11:03;7540.0;7664.15;SPXW  261001P07540000;0.05;0.1;delta=-0.005
2026-10-01 11:03;7545.0;7664.15;SPXW  261001P07545000;0.05;0.1;delta=-0.005
2026-10-01 11:03;7550.0;7664.15;SPXW  261001P07550000;0.1;0.15;delta=-0.008
2026-10-01 11:03;7555.0;7664.15;SPXW  261001P07555000;0.1;0.15;delta=-0.008
2026-10-01 11:03;7560.0;7664.15;SPXW  261001P07560000;0.1;0.15;delta=-0.008
2026-10-01 11:03;7565.0;7664.15;SPXW  261001P07565000;0.1;0.15;delta=-0.009
2026-10-01 11:03;7570.0;7664.15;SPXW  261001P07570000;0.1;0.15;delta=-0.009
2026-10-01 11:03;7575.0;7664.15;SPXW  261001P07575000;0.1;0.15;delta=-0.01
2026-10-01 11:03;7580.0;7664.15;SPXW  261001P07580000;0.15;0.2;delta=-0.013
2026-10-01 11:03;7585.0;7664.15;SPXW  261001P07585000;0.15;0.2;delta=-0.014
2026-10-01 11:03;7590.0;7664.15;SPXW  261001P07590000;0.15;0.2;delta=-0.014
2026-10-01 11:03;7595.0;7664.15;SPXW  261001P07595000;0.2;0.25;delta=-0.018
2026-10-01 11:03;7600.0;7664.15;SPXW  261001P07600000;0.25;0.3;delta=-0.023
2026-10-01 11:03;7605.0;7664.15;SPXW  261001P07605000;0.3;0.35;delta=-0.027
2026-10-01 11:03;7610.0;7664.15;SPXW  261001P07610000;0.4;0.45;delta=-0.034
2026-10-01 11:03;7615.0;7664.15;SPXW  261001P07615000;0.5;0.55;delta=-0.044
2026-10-01 11:03;7620.0;7664.15;SPXW  261001P07620000;0.65;0.7;delta=-0.056
2026-10-01 11:03;7625.0;7664.15;SPXW  261001P07625000;0.9;0.95;delta=-0.072
2026-10-01 11:03;7630.0;7664.15;SPXW  261001P07630000;1.2;1.25;delta=-0.095
2026-10-01 11:03;7635.0;7664.15;SPXW  261001P07635000;1.65;1.7;delta=-0.125
2026-10-01 11:03;7640.0;7664.15;SPXW  261001P07640000;2.25;2.3;delta=-0.163
2026-10-01 11:03;7645.0;7664.15;SPXW  261001P07645000;3.0;3.2;delta=-0.212
2026-10-01 11:03;7650.0;7664.15;SPXW  261001P07650000;4.1;4.2;delta=-0.269
2026-10-01 11:03;7655.0;7664.15;SPXW  261001P07655000;5.5;5.6;delta=-0.338
2026-10-01 11:03;7660.0;7664.15;SPXW  261001P07660000;7.3;7.5;delta=-0.415
2026-10-01 11:03;7665.0;7664.15;SPXW  261001P07665000;9.5;9.7;delta=-0.497
2026-10-01 11:03;7670.0;7664.15;SPXW  261001P07670000;12.1;12.3;delta=-0.581
2026-10-01 11:03;7675.0;7664.15;SPXW  261001P07675000;15.3;15.4;delta=-0.661
2026-10-01 11:03;7680.0;7664.15;SPXW  261001P07680000;18.8;19.0;delta=-0.736
2026-10-01 11:03;7685.0;7664.15;SPXW  261001P07685000;22.6;22.8;delta=-0.801
2026-10-01 11:03;7690.0;7664.15;SPXW  261001P07690000;26.8;27.0;delta=-0.854
2026-10-01 11:03;7695.0;7664.15;SPXW  261001P07695000;31.1;31.5;delta=-0.896
2026-10-01 11:03;7700.0;7664.15;SPXW  261001P07700000;35.7;36.1;delta=-0.927
2026-10-01 11:03;7705.0;7664.15;SPXW  261001P07705000;40.5;40.8;delta=-0.95
2026-10-01 11:03;7710.0;7664.15;SPXW  261001P07710000;45.3;45.7;delta=-0.966
2026-10-01 11:03;7715.0;7664.15;SPXW  261001P07715000;50.2;50.6;delta=-0.976
2026-10-01 11:03;7720.0;7664.15;SPXW  261001P07720000;55.1;55.5;delta=-0.982
2026-10-01 11:03;7725.0;7664.15;SPXW  261001P07725000;60.1;60.5;delta=-0.987
2026-10-01 11:03;7730.0;7664.15;SPXW  261001P07730000;64.6;65.5;delta=-0.988
2026-10-01 11:03;7735.0;7664.15;SPXW  261001P07735000;69.6;70.8;delta=-0.992
2026-10-01 11:03;7740.0;7664.15;SPXW  261001P07740000;74.6;75.8;delta=-0.993
2026-10-01 11:03;7745.0;7664.15;SPXW  261001P07745000;79.6;80.8;delta=-0.993
2026-10-01 11:03;7750.0;7664.15;SPXW  261001P07750000;84.6;85.8;delta=-0.993
2026-10-01 11:03;7755.0;7664.15;SPXW  261001P07755000;89.6;90.8;delta=-0.994
2026-10-01 11:03;7760.0;7664.15;SPXW  261001P07760000;94.6;95.8;delta=-0.994
2026-10-01 11:03;7765.0;7664.15;SPXW  261001P07765000;99.2;100.8;delta=-0.996
2026-10-01 11:03;7770.0;7664.15;SPXW  261001P07770000;101.5;109.1;delta=-0.996
2026-10-01 11:03;7775.0;7664.15;SPXW  261001P07775000;109.2;111.0;delta=-0.996
2026-10-01 11:03;7780.0;7664.15;SPXW  261001P07780000;114.2;116.0;delta=-0.998
2026-10-01 11:03;7785.0;7664.15;SPXW  261001P07785000;119.2;121.0;delta=-0.998
2026-10-01 11:03;7790.0;7664.15;SPXW  261001P07790000;121.5;128.6;delta=-0.998
2026-10-01 11:03;7795.0;7664.15;SPXW  261001P07795000;129.2;131.0;delta=-0.998
2026-10-01 11:03;7800.0;7664.15;SPXW  261001P07800000;134.2;135.9;delta=-0.998
2026-10-01 11:03;7805.0;7664.15;SPXW  261001P07805000;139.2;140.9;delta=-0.998
2026-10-01 11:03;7810.0;7664.15;SPXW  261001P07810000;144.2;145.9;delta=-0.998
2026-10-01 11:03;7815.0;7664.15;SPXW  261001P07815000;146.5;154.0;delta=-0.998
2026-10-01 11:03;7820.0;7664.15;SPXW  261001P07820000;151.5;159.0;delta=-0.998
2026-10-01 11:03;7825.0;7664.15;SPXW  261001P07825000;159.3;161.0;delta=-0.998
2026-10-01 11:03;7830.0;7664.15;SPXW  261001P07830000;164.3;166.0;delta=-0.998
2026-10-01 11:03;7835.0;7664.15;SPXW  261001P07835000;166.5;174.0;delta=-0.999
2026-10-01 11:03;7840.0;7664.15;SPXW  261001P07840000;174.1;176.0;delta=-0.999
2026-10-01 11:03;7845.0;7664.15;SPXW  261001P07845000;176.5;184.0;delta=-0.999
2026-10-01 11:03;7850.0;7664.15;SPXW  261001P07850000;181.5;189.0;delta=-0.999
2026-10-01 11:03;7855.0;7664.15;SPXW  261001P07855000;186.4;194.0;delta=-0.999
2026-10-01 11:03;7860.0;7664.15;SPXW  261001P07860000;194.1;196.0;delta=-0.999
2026-10-01 11:03;7865.0;7664.15;SPXW  261001P07865000;199.1;200.9;delta=-0.999
2026-10-01 11:03;7870.0;7664.15;SPXW  261001P07870000;197.8;211.5;delta=-0.999
2026-10-01 11:03;7875.0;7664.15;SPXW  261001P07875000;202.8;216.5;delta=-0.999
2026-10-01 11:03;7880.0;7664.15;SPXW  261001P07880000;208.1;222.1;delta=-0.999
2026-10-01 11:03;7885.0;7664.15;SPXW  261001P07885000;211.0;229.8;delta=-0.999
2026-10-01 11:03;7890.0;7664.15;SPXW  261001P07890000;215.7;235.0;delta=-0.999
2026-10-01 11:03;7895.0;7664.15;SPXW  261001P07895000;229.2;230.9;delta=-0.999
2026-10-01 11:03;7900.0;7664.15;SPXW  261001P07900000;234.2;235.9;delta=-0.999
2026-10-01 11:03;7905.0;7664.15;SPXW  261001P07905000;239.2;240.9;delta=-0.999
2026-10-01 11:03;7910.0;7664.15;SPXW  261001P07910000;244.2;245.9;delta=-0.999
2026-10-01 11:07;7405.0;7652.55;SPXW  261001C07405000;238.2;257.0;delta=0.999
2026-10-01 11:07;7410.0;7652.55;SPXW  261001C07410000;232.8;253.3;delta=0.999
2026-10-01 11:07;7415.0;7652.55;SPXW  261001C07415000;228.2;246.9;delta=0.999
2026-10-01 11:07;7420.0;7652.55;SPXW  261001C07420000;223.2;241.7;delta=0.999
2026-10-01 11:07;7425.0;7652.55;SPXW  261001C07425000;217.6;238.1;delta=0.999
2026-10-01 11:07;7430.0;7652.55;SPXW  261001C07430000;213.0;232.1;delta=0.999
2026-10-01 11:07;7435.0;7652.55;SPXW  261001C07435000;207.5;228.0;delta=0.999
2026-10-01 11:07;7440.0;7652.55;SPXW  261001C07440000;206.1;219.8;delta=0.999
2026-10-01 11:07;7445.0;7652.55;SPXW  261001C07445000;201.1;214.8;delta=0.998
2026-10-01 11:07;7450.0;7652.55;SPXW  261001C07450000;195.7;209.0;delta=0.999
2026-10-01 11:07;7455.0;7652.55;SPXW  261001C07455000;194.1;200.9;delta=0.999
2026-10-01 11:07;7460.0;7652.55;SPXW  261001C07460000;189.1;196.1;delta=0.999
2026-10-01 11:07;7465.0;7652.55;SPXW  261001C07465000;184.2;190.9;delta=0.999
2026-10-01 11:07;7470.0;7652.55;SPXW  261001C07470000;179.1;185.9;delta=0.997
2026-10-01 11:07;7475.0;7652.55;SPXW  261001C07475000;174.1;180.9;delta=0.996
2026-10-01 11:07;7480.0;7652.55;SPXW  261001C07480000;169.1;176.0;delta=0.996
2026-10-01 11:07;7485.0;7652.55;SPXW  261001C07485000;164.0;171.2;delta=0.996
2026-10-01 11:07;7490.0;7652.55;SPXW  261001C07490000;159.1;166.0;delta=0.996
2026-10-01 11:07;7495.0;7652.55;SPXW  261001C07495000;154.1;161.0;delta=0.996
2026-10-01 11:07;7500.0;7652.55;SPXW  261001C07500000;152.3;153.9;delta=0.996
2026-10-01 11:07;7505.0;7652.55;SPXW  261001C07505000;144.1;151.0;delta=0.996
2026-10-01 11:07;7510.0;7652.55;SPXW  261001C07510000;139.1;146.0;delta=0.996
2026-10-01 11:07;7515.0;7652.55;SPXW  261001C07515000;134.0;141.1;delta=0.996
2026-10-01 11:07;7520.0;7652.55;SPXW  261001C07520000;129.1;136.2;delta=0.995
2026-10-01 11:07;7525.0;7652.55;SPXW  261001C07525000;124.2;131.2;delta=0.995
2026-10-01 11:07;7530.0;7652.55;SPXW  261001C07530000;119.1;126.0;delta=0.995
2026-10-01 11:07;7535.0;7652.55;SPXW  261001C07535000;114.2;121.2;delta=0.992
2026-10-01 11:07;7540.0;7652.55;SPXW  261001C07540000;109.2;116.2;delta=0.992
2026-10-01 11:07;7545.0;7652.55;SPXW  261001C07545000;104.2;111.0;delta=0.992
2026-10-01 11:07;7550.0;7652.55;SPXW  261001C07550000;103.1;103.6;delta=0.991
2026-10-01 11:07;7555.0;7652.55;SPXW  261001C07555000;98.1;98.6;delta=0.988
2026-10-01 11:07;7560.0;7652.55;SPXW  261001C07560000;93.2;93.6;delta=0.989
2026-10-01 11:07;7565.0;7652.55;SPXW  261001C07565000;88.2;88.6;delta=0.987
2026-10-01 11:07;7570.0;7652.55;SPXW  261001C07570000;83.2;83.7;delta=0.984
2026-10-01 11:07;7575.0;7652.55;SPXW  261001C07575000;78.2;78.7;delta=0.983
2026-10-01 11:07;7580.0;7652.55;SPXW  261001C07580000;73.3;73.7;delta=0.979
2026-10-01 11:07;7585.0;7652.55;SPXW  261001C07585000;68.3;68.8;delta=0.975
2026-10-01 11:07;7590.0;7652.55;SPXW  261001C07590000;63.4;63.8;delta=0.971
2026-10-01 11:07;7595.0;7652.55;SPXW  261001C07595000;58.5;58.9;delta=0.963
2026-10-01 11:07;7600.0;7652.55;SPXW  261001C07600000;53.6;54.0;delta=0.952
2026-10-01 11:07;7605.0;7652.55;SPXW  261001C07605000;48.8;49.2;delta=0.941
2026-10-01 11:07;7610.0;7652.55;SPXW  261001C07610000;44.0;44.3;delta=0.924
2026-10-01 11:07;7615.0;7652.55;SPXW  261001C07615000;39.4;39.6;delta=0.901
2026-10-01 11:07;7620.0;7652.55;SPXW  261001C07620000;34.8;35.0;delta=0.873
2026-10-01 11:07;7625.0;7652.55;SPXW  261001C07625000;30.4;30.6;delta=0.836
2026-10-01 11:07;7630.0;7652.55;SPXW  261001C07630000;26.1;26.4;delta=0.792
2026-10-01 11:07;7635.0;7652.55;SPXW  261001C07635000;22.1;22.3;delta=0.74
2026-10-01 11:07;7640.0;7652.55;SPXW  261001C07640000;18.4;18.6;delta=0.679
2026-10-01 11:07;7645.0;7652.55;SPXW  261001C07645000;15.0;15.2;delta=0.61
2026-10-01 11:07;7650.0;7652.55;SPXW  261001C07650000;12.0;12.1;delta=0.536
2026-10-01 11:07;7655.0;7652.55;SPXW  261001C07655000;9.3;9.5;delta=0.46
2026-10-01 11:07;7660.0;7652.55;SPXW  261001C07660000;7.1;7.2;delta=0.387
2026-10-01 11:07;7665.0;7652.55;SPXW  261001C07665000;5.2;5.4;delta=0.313
2026-10-01 11:07;7670.0;7652.55;SPXW  261001C07670000;3.8;3.9;delta=0.246
2026-10-01 11:07;7675.0;7652.55;SPXW  261001C07675000;2.65;2.75;delta=0.189
2026-10-01 11:07;7680.0;7652.55;SPXW  261001C07680000;1.8;1.9;delta=0.14
2026-10-01 11:07;7685.0;7652.55;SPXW  261001C07685000;1.25;1.3;delta=0.101
2026-10-01 11:07;7690.0;7652.55;SPXW  261001C07690000;0.8;0.85;delta=0.072
2026-10-01 11:07;7695.0;7652.55;SPXW  261001C07695000;0.5;0.6;delta=0.052
2026-10-01 11:07;7700.0;7652.55;SPXW  261001C07700000;0.35;0.4;delta=0.036
2026-10-01 11:07;7705.0;7652.55;SPXW  261001C07705000;0.25;0.3;delta=0.027
2026-10-01 11:07;7710.0;7652.55;SPXW  261001C07710000;0.2;0.25;delta=0.02
2026-10-01 11:07;7715.0;7652.55;SPXW  261001C07715000;0.15;0.2;delta=0.017
2026-10-01 11:07;7720.0;7652.55;SPXW  261001C07720000;0.1;0.15;delta=0.012
2026-10-01 11:07;7725.0;7652.55;SPXW  261001C07725000;0.1;0.15;delta=0.011
2026-10-01 11:07;7730.0;7652.55;SPXW  261001C07730000;0.05;0.1;delta=0.007
2026-10-01 11:07;7735.0;7652.55;SPXW  261001C07735000;0.05;0.1;delta=0.007
2026-10-01 11:07;7740.0;7652.55;SPXW  261001C07740000;0.05;0.1;delta=0.007
2026-10-01 11:07;7745.0;7652.55;SPXW  261001C07745000;0.05;0.1;delta=0.006
2026-10-01 11:07;7750.0;7652.55;SPXW  261001C07750000;0.05;0.1;delta=0.006
2026-10-01 11:07;7755.0;7652.55;SPXW  261001C07755000;0.0;0.05;delta=0.002
2026-10-01 11:07;7760.0;7652.55;SPXW  261001C07760000;0.0;0.1;delta=0.004
2026-10-01 11:07;7765.0;7652.55;SPXW  261001C07765000;0.0;0.1;delta=0.004
2026-10-01 11:07;7770.0;7652.55;SPXW  261001C07770000;0.0;0.05;delta=0.002
2026-10-01 11:07;7775.0;7652.55;SPXW  261001C07775000;0.0;0.05;delta=0.002
2026-10-01 11:07;7780.0;7652.55;SPXW  261001C07780000;0.0;0.05;delta=0.002
2026-10-01 11:07;7785.0;7652.55;SPXW  261001C07785000;0.0;0.1;delta=0.003
2026-10-01 11:07;7790.0;7652.55;SPXW  261001C07790000;0.0;0.05;delta=0.003
2026-10-01 11:07;7795.0;7652.55;SPXW  261001C07795000;0.0;0.05;delta=0.002
2026-10-01 11:07;7800.0;7652.55;SPXW  261001C07800000;0.0;0.05;delta=0.002
2026-10-01 11:07;7805.0;7652.55;SPXW  261001C07805000;0.0;0.05;delta=0.002
2026-10-01 11:07;7810.0;7652.55;SPXW  261001C07810000;0.0;0.05;delta=0.002
2026-10-01 11:07;7815.0;7652.55;SPXW  261001C07815000;0.0;0.05;delta=0.002
2026-10-01 11:07;7820.0;7652.55;SPXW  261001C07820000;0.0;0.05;delta=0.002
2026-10-01 11:07;7825.0;7652.55;SPXW  261001C07825000;0.0;0.05;delta=0.002
2026-10-01 11:07;7830.0;7652.55;SPXW  261001C07830000;0.0;0.05;delta=0.001
2026-10-01 11:07;7835.0;7652.55;SPXW  261001C07835000;0.0;0.05;delta=0.001
2026-10-01 11:07;7840.0;7652.55;SPXW  261001C07840000;0.0;0.05;delta=0.001
2026-10-01 11:07;7845.0;7652.55;SPXW  261001C07845000;0.0;0.05;delta=0.001
2026-10-01 11:07;7850.0;7652.55;SPXW  261001C07850000;0.0;0.05;delta=0.001
2026-10-01 11:07;7855.0;7652.55;SPXW  261001C07855000;0.0;0.05;delta=0.001
2026-10-01 11:07;7860.0;7652.55;SPXW  261001C07860000;0.0;0.05;delta=0.001
2026-10-01 11:07;7865.0;7652.55;SPXW  261001C07865000;0.0;0.05;delta=0.001
2026-10-01 11:07;7870.0;7652.55;SPXW  261001C07870000;0.0;0.05;delta=0.001
2026-10-01 11:07;7875.0;7652.55;SPXW  261001C07875000;0.0;0.05;delta=0.001
2026-10-01 11:07;7880.0;7652.55;SPXW  261001C07880000;0.0;0.05;delta=0.001
2026-10-01 11:07;7885.0;7652.55;SPXW  261001C07885000;0.0;0.05;delta=0.001
2026-10-01 11:07;7890.0;7652.55;SPXW  261001C07890000;0.0;0.05;delta=0.001
2026-10-01 11:07;7895.0;7652.55;SPXW  261001C07895000;0.0;0.05;delta=0.001
2026-10-01 11:07;7900.0;7652.55;SPXW  261001C07900000;0.0;0.05;delta=0.001
2026-10-01 11:07;7405.0;7652.55;SPXW  261001P07405000;0.0;0.05;delta=-0.001
2026-10-01 11:07;7410.0;7652.55;SPXW  261001P07410000;0.0;0.05;delta=-0.001
2026-10-01 11:07;7415.0;7652.55;SPXW  261001P07415000;0.0;0.05;delta=-0.001
2026-10-01 11:07;7420.0;7652.55;SPXW  261001P07420000;0.0;0.05;delta=-0.001
2026-10-01 11:07;7425.0;7652.55;SPXW  261001P07425000;0.0;0.05;delta=-0.001
2026-10-01 11:07;7430.0;7652.55;SPXW  261001P07430000;0.0;0.05;delta=-0.001
2026-10-01 11:07;7435.0;7652.55;SPXW  261001P07435000;0.0;0.05;delta=-0.001
2026-10-01 11:07;7440.0;7652.55;SPXW  261001P07440000;0.0;0.05;delta=-0.001
2026-10-01 11:07;7445.0;7652.55;SPXW  261001P07445000;0.0;0.1;delta=-0.002
2026-10-01 11:07;7450.0;7652.55;SPXW  261001P07450000;0.0;0.05;delta=-0.001
2026-10-01 11:07;7455.0;7652.55;SPXW  261001P07455000;0.0;0.05;delta=-0.001
2026-10-01 11:07;7460.0;7652.55;SPXW  261001P07460000;0.0;0.05;delta=-0.001
2026-10-01 11:07;7465.0;7652.55;SPXW  261001P07465000;0.0;0.05;delta=-0.001
2026-10-01 11:07;7470.0;7652.55;SPXW  261001P07470000;0.05;0.1;delta=-0.003
2026-10-01 11:07;7475.0;7652.55;SPXW  261001P07475000;0.05;0.1;delta=-0.004
2026-10-01 11:07;7480.0;7652.55;SPXW  261001P07480000;0.05;0.1;delta=-0.004
2026-10-01 11:07;7485.0;7652.55;SPXW  261001P07485000;0.05;0.1;delta=-0.004
2026-10-01 11:07;7490.0;7652.55;SPXW  261001P07490000;0.05;0.1;delta=-0.004
2026-10-01 11:07;7495.0;7652.55;SPXW  261001P07495000;0.05;0.1;delta=-0.004
2026-10-01 11:07;7500.0;7652.55;SPXW  261001P07500000;0.05;0.1;delta=-0.004
2026-10-01 11:07;7505.0;7652.55;SPXW  261001P07505000;0.05;0.1;delta=-0.004
2026-10-01 11:07;7510.0;7652.55;SPXW  261001P07510000;0.05;0.1;delta=-0.004
2026-10-01 11:07;7515.0;7652.55;SPXW  261001P07515000;0.05;0.1;delta=-0.004
2026-10-01 11:07;7520.0;7652.55;SPXW  261001P07520000;0.05;0.1;delta=-0.005
2026-10-01 11:07;7525.0;7652.55;SPXW  261001P07525000;0.05;0.1;delta=-0.005
2026-10-01 11:07;7530.0;7652.55;SPXW  261001P07530000;0.05;0.1;delta=-0.005
2026-10-01 11:07;7535.0;7652.55;SPXW  261001P07535000;0.1;0.15;delta=-0.008
2026-10-01 11:07;7540.0;7652.55;SPXW  261001P07540000;0.1;0.15;delta=-0.008
2026-10-01 11:07;7545.0;7652.55;SPXW  261001P07545000;0.1;0.15;delta=-0.008
2026-10-01 11:07;7550.0;7652.55;SPXW  261001P07550000;0.1;0.15;delta=-0.009
2026-10-01 11:07;7555.0;7652.55;SPXW  261001P07555000;0.15;0.2;delta=-0.012
2026-10-01 11:07;7560.0;7652.55;SPXW  261001P07560000;0.1;0.2;delta=-0.011
2026-10-01 11:07;7565.0;7652.55;SPXW  261001P07565000;0.15;0.2;delta=-0.013
2026-10-01 11:07;7570.0;7652.55;SPXW  261001P07570000;0.2;0.25;delta=-0.016
2026-10-01 11:07;7575.0;7652.55;SPXW  261001P07575000;0.2;0.25;delta=-0.017
2026-10-01 11:07;7580.0;7652.55;SPXW  261001P07580000;0.2;0.25;delta=-0.021
2026-10-01 11:07;7585.0;7652.55;SPXW  261001P07585000;0.25;0.3;delta=-0.025
2026-10-01 11:07;7590.0;7652.55;SPXW  261001P07590000;0.35;0.4;delta=-0.029
2026-10-01 11:07;7595.0;7652.55;SPXW  261001P07595000;0.4;0.45;delta=-0.037
2026-10-01 11:07;7600.0;7652.55;SPXW  261001P07600000;0.55;0.6;delta=-0.048
2026-10-01 11:07;7605.0;7652.55;SPXW  261001P07605000;0.7;0.75;delta=-0.059
2026-10-01 11:07;7610.0;7652.55;SPXW  261001P07610000;0.95;1.0;delta=-0.077
2026-10-01 11:07;7615.0;7652.55;SPXW  261001P07615000;1.25;1.3;delta=-0.099
2026-10-01 11:07;7620.0;7652.55;SPXW  261001P07620000;1.65;1.75;delta=-0.128
2026-10-01 11:07;7625.0;7652.55;SPXW  261001P07625000;2.25;2.3;delta=-0.163
2026-10-01 11:07;7630.0;7652.55;SPXW  261001P07630000;3.0;3.1;delta=-0.208
2026-10-01 11:07;7635.0;7652.55;SPXW  261001P07635000;4.0;4.1;delta=-0.26
2026-10-01 11:07;7640.0;7652.55;SPXW  261001P07640000;5.2;5.3;delta=-0.321
2026-10-01 11:07;7645.0;7652.55;SPXW  261001P07645000;6.8;6.9;delta=-0.39
2026-10-01 11:07;7650.0;7652.55;SPXW  261001P07650000;8.8;8.9;delta=-0.464
2026-10-01 11:07;7655.0;7652.55;SPXW  261001P07655000;11.1;11.2;delta=-0.54
2026-10-01 11:07;7660.0;7652.55;SPXW  261001P07660000;13.8;14.0;delta=-0.614
2026-10-01 11:07;7665.0;7652.55;SPXW  261001P07665000;17.0;17.2;delta=-0.686
2026-10-01 11:07;7670.0;7652.55;SPXW  261001P07670000;20.5;20.7;delta=-0.752
2026-10-01 11:07;7675.0;7652.55;SPXW  261001P07675000;24.3;24.6;delta=-0.811
2026-10-01 11:07;7680.0;7652.55;SPXW  261001P07680000;28.5;28.8;delta=-0.86
2026-10-01 11:07;7685.0;7652.55;SPXW  261001P07685000;32.9;33.2;delta=-0.899
2026-10-01 11:07;7690.0;7652.55;SPXW  261001P07690000;37.4;37.8;delta=-0.928
2026-10-01 11:07;7695.0;7652.55;SPXW  261001P07695000;42.1;42.5;delta=-0.948
2026-10-01 11:07;7700.0;7652.55;SPXW  261001P07700000;47.0;47.4;delta=-0.964
2026-10-01 11:07;7705.0;7652.55;SPXW  261001P07705000;51.8;52.3;delta=-0.973
2026-10-01 11:07;7710.0;7652.55;SPXW  261001P07710000;56.7;57.2;delta=-0.98
2026-10-01 11:07;7715.0;7652.55;SPXW  261001P07715000;61.7;62.1;delta=-0.983
2026-10-01 11:07;7720.0;7652.55;SPXW  261001P07720000;66.7;67.1;delta=-0.988
2026-10-01 11:07;7725.0;7652.55;SPXW  261001P07725000;71.4;72.4;delta=-0.989
2026-10-01 11:07;7730.0;7652.55;SPXW  261001P07730000;76.4;77.4;delta=-0.993
2026-10-01 11:07;7735.0;7652.55;SPXW  261001P07735000;81.4;82.4;delta=-0.993
2026-10-01 11:07;7740.0;7652.55;SPXW  261001P07740000;86.4;87.4;delta=-0.993
2026-10-01 11:07;7745.0;7652.55;SPXW  261001P07745000;91.4;92.4;delta=-0.994
2026-10-01 11:07;7750.0;7652.55;SPXW  261001P07750000;96.4;97.4;delta=-0.994
2026-10-01 11:07;7755.0;7652.55;SPXW  261001P07755000;101.1;102.9;delta=-0.998
2026-10-01 11:07;7760.0;7652.55;SPXW  261001P07760000;106.1;107.9;delta=-0.996
2026-10-01 11:07;7765.0;7652.55;SPXW  261001P07765000;108.7;115.9;delta=-0.996
2026-10-01 11:07;7770.0;7652.55;SPXW  261001P07770000;113.6;121.0;delta=-0.998
2026-10-01 11:07;7775.0;7652.55;SPXW  261001P07775000;121.1;122.9;delta=-0.998
2026-10-01 11:07;7780.0;7652.55;SPXW  261001P07780000;126.1;127.9;delta=-0.998
2026-10-01 11:07;7785.0;7652.55;SPXW  261001P07785000;131.2;132.9;delta=-0.997
2026-10-01 11:07;7790.0;7652.55;SPXW  261001P07790000;133.9;141.0;delta=-0.997
2026-10-01 11:07;7795.0;7652.55;SPXW  261001P07795000;141.1;142.9;delta=-0.998
2026-10-01 11:07;7800.0;7652.55;SPXW  261001P07800000;146.2;147.9;delta=-0.998
2026-10-01 11:07;7805.0;7652.55;SPXW  261001P07805000;148.9;156.0;delta=-0.998
2026-10-01 11:07;7810.0;7652.55;SPXW  261001P07810000;156.2;157.9;delta=-0.998
2026-10-01 11:07;7815.0;7652.55;SPXW  261001P07815000;158.9;166.0;delta=-0.998
2026-10-01 11:07;7820.0;7652.55;SPXW  261001P07820000;163.9;171.0;delta=-0.998
2026-10-01 11:07;7825.0;7652.55;SPXW  261001P07825000;171.1;172.8;delta=-0.999
2026-10-01 11:07;7830.0;7652.55;SPXW  261001P07830000;176.2;177.9;delta=-0.999
2026-10-01 11:07;7835.0;7652.55;SPXW  261001P07835000;178.9;186.0;delta=-0.999
2026-10-01 11:07;7840.0;7652.55;SPXW  261001P07840000;184.0;191.1;delta=-0.999
2026-10-01 11:07;7845.0;7652.55;SPXW  261001P07845000;188.9;196.0;delta=-0.999
2026-10-01 11:07;7850.0;7652.55;SPXW  261001P07850000;193.9;201.0;delta=-0.999
2026-10-01 11:07;7855.0;7652.55;SPXW  261001P07855000;196.1;208.5;delta=-0.999
2026-10-01 11:07;7860.0;7652.55;SPXW  261001P07860000;206.0;207.7;delta=-0.999
