2026-09-24 06:31;7420.0;7668.25;SPXW  260924C07420000;250.1;250.8
2026-09-24 06:31;7425.0;7668.25;SPXW  260924C07425000;245.2;245.8
2026-09-24 06:31;7430.0;7668.25;SPXW  260924C07430000;240.2;240.8
2026-09-24 06:31;7435.0;7668.25;SPXW  260924C07435000;235.2;235.8
2026-09-24 06:31;7440.0;7668.25;SPXW  260924C07440000;230.1;230.9
2026-09-24 06:31;7445.0;7668.25;SPXW  260924C07445000;225.1;225.9
2026-09-24 06:31;7450.0;7668.25;SPXW  260924C07450000;220.1;220.9
2026-09-24 06:31;7455.0;7668.25;SPXW  260924C07455000;215.1;215.9
2026-09-24 06:31;7460.0;7668.25;SPXW  260924C07460000;210.1;210.9
2026-09-24 06:31;7465.0;7668.25;SPXW  260924C07465000;205.1;205.9
2026-09-24 06:31;7470.0;7668.25;SPXW  260924C07470000;200.1;200.9
2026-09-24 06:31;7475.0;7668.25;SPXW  260924C07475000;195.1;195.9
2026-09-24 06:31;7480.0;7668.25;SPXW  260924C07480000;190.2;190.9
2026-09-24 06:31;7485.0;7668.25;SPXW  260924C07485000;185.2;185.9
2026-09-24 06:31;7490.0;7668.25;SPXW  260924C07490000;180.2;180.9
2026-09-24 06:31;7495.0;7668.25;SPXW  260924C07495000;175.1;175.9
2026-09-24 06:31;7500.0;7668.25;SPXW  260924C07500000;170.2;170.9
2026-09-24 06:31;7505.0;7668.25;SPXW  260924C07505000;165.3;165.8
2026-09-24 06:31;7510.0;7668.25;SPXW  260924C07510000;160.3;160.8
2026-09-24 06:31;7515.0;7668.25;SPXW  260924C07515000;155.2;155.8
2026-09-24 06:31;7520.0;7668.25;SPXW  260924C07520000;150.2;150.8
2026-09-24 06:31;7525.0;7668.25;SPXW  260924C07525000;145.2;145.8
2026-09-24 06:31;7530.0;7668.25;SPXW  260924C07530000;140.3;140.8
2026-09-24 06:31;7535.0;7668.25;SPXW  260924C07535000;135.2;135.9
2026-09-24 06:31;7540.0;7668.25;SPXW  260924C07540000;130.3;130.9
2026-09-24 06:31;7545.0;7668.25;SPXW  260924C07545000;125.3;125.9
2026-09-24 06:31;7550.0;7668.25;SPXW  260924C07550000;120.3;120.9
2026-09-24 06:31;7555.0;7668.25;SPXW  260924C07555000;115.4;116.0
2026-09-24 06:31;7560.0;7668.25;SPXW  260924C07560000;110.4;111.0
2026-09-24 06:31;7565.0;7668.25;SPXW  260924C07565000;105.5;106.1
2026-09-24 06:31;7570.0;7668.25;SPXW  260924C07570000;100.5;101.1
2026-09-24 06:31;7575.0;7668.25;SPXW  260924C07575000;95.7;96.2
2026-09-24 06:31;7580.0;7668.25;SPXW  260924C07580000;90.8;91.3
2026-09-24 06:31;7585.0;7668.25;SPXW  260924C07585000;85.9;86.4
2026-09-24 06:31;7590.0;7668.25;SPXW  260924C07590000;81.1;81.5
2026-09-24 06:31;7595.0;7668.25;SPXW  260924C07595000;76.2;76.6
2026-09-24 06:31;7600.0;7668.25;SPXW  260924C07600000;71.4;71.8
2026-09-24 06:31;7605.0;7668.25;SPXW  260924C07605000;66.6;67.0
2026-09-24 06:31;7610.0;7668.25;SPXW  260924C07610000;62.0;62.2
2026-09-24 06:31;7615.0;7668.25;SPXW  260924C07615000;57.2;57.5
2026-09-24 06:31;7620.0;7668.25;SPXW  260924C07620000;52.7;52.9
2026-09-24 06:31;7625.0;7668.25;SPXW  260924C07625000;48.0;48.4
2026-09-24 06:31;7630.0;7668.25;SPXW  260924C07630000;43.6;43.9
2026-09-24 06:31;7635.0;7668.25;SPXW  260924C07635000;39.3;39.6
2026-09-24 06:31;7640.0;7668.25;SPXW  260924C07640000;35.1;35.4
2026-09-24 06:31;7645.0;7668.25;SPXW  260924C07645000;31.0;31.3
2026-09-24 06:31;7650.0;7668.25;SPXW  260924C07650000;27.2;27.5
2026-09-24 06:31;7655.0;7668.25;SPXW  260924C07655000;23.6;23.8
2026-09-24 06:31;7660.0;7668.25;SPXW  260924C07660000;20.2;20.4
2026-09-24 06:31;7665.0;7668.25;SPXW  260924C07665000;17.1;17.3
2026-09-24 06:31;7670.0;7668.25;SPXW  260924C07670000;14.3;14.4
2026-09-24 06:31;7675.0;7668.25;SPXW  260924C07675000;11.7;11.9
2026-09-24 06:31;7680.0;7668.25;SPXW  260924C07680000;9.5;9.7
2026-09-24 06:31;7685.0;7668.25;SPXW  260924C07685000;7.6;7.8
2026-09-24 06:31;7690.0;7668.25;SPXW  260924C07690000;6.1;6.2
2026-09-24 06:31;7695.0;7668.25;SPXW  260924C07695000;4.8;4.9
2026-09-24 06:31;7700.0;7668.25;SPXW  260924C07700000;3.7;3.9
2026-09-24 06:31;7705.0;7668.25;SPXW  260924C07705000;2.9;3.0
2026-09-24 06:31;7710.0;7668.25;SPXW  260924C07710000;2.25;2.35
2026-09-24 06:31;7715.0;7668.25;SPXW  260924C07715000;1.75;1.85
2026-09-24 06:31;7720.0;7668.25;SPXW  260924C07720000;1.4;1.45
2026-09-24 06:31;7725.0;7668.25;SPXW  260924C07725000;1.1;1.15
2026-09-24 06:31;7730.0;7668.25;SPXW  260924C07730000;0.9;0.95
2026-09-24 06:31;7735.0;7668.25;SPXW  260924C07735000;0.7;0.8
2026-09-24 06:31;7740.0;7668.25;SPXW  260924C07740000;0.6;0.65
2026-09-24 06:31;7745.0;7668.25;SPXW  260924C07745000;0.5;0.55
2026-09-24 06:31;7750.0;7668.25;SPXW  260924C07750000;0.45;0.5
2026-09-24 06:31;7755.0;7668.25;SPXW  260924C07755000;0.35;0.45
2026-09-24 06:31;7760.0;7668.25;SPXW  260924C07760000;0.35;0.4
2026-09-24 06:31;7765.0;7668.25;SPXW  260924C07765000;0.3;0.35
2026-09-24 06:31;7770.0;7668.25;SPXW  260924C07770000;0.25;0.3
2026-09-24 06:31;7775.0;7668.25;SPXW  260924C07775000;0.25;0.3
2026-09-24 06:31;7780.0;7668.25;SPXW  260924C07780000;0.2;0.25
2026-09-24 06:31;7785.0;7668.25;SPXW  260924C07785000;0.2;0.25
2026-09-24 06:31;7790.0;7668.25;SPXW  260924C07790000;0.15;0.2
2026-09-24 06:31;7795.0;7668.25;SPXW  260924C07795000;0.15;0.2
2026-09-24 06:31;7800.0;7668.25;SPXW  260924C07800000;0.15;0.2
2026-09-24 06:31;7805.0;7668.25;SPXW  260924C07805000;0.1;0.15
2026-09-24 06:31;7810.0;7668.25;SPXW  260924C07810000;0.1;0.15
2026-09-24 06:31;7815.0;7668.25;SPXW  260924C07815000;0.1;0.15
2026-09-24 06:31;7820.0;7668.25;SPXW  260924C07820000;0.1;0.15
2026-09-24 06:31;7825.0;7668.25;SPXW  260924C07825000;0.1;0.15
2026-09-24 06:31;7830.0;7668.25;SPXW  260924C07830000;0.1;0.15
2026-09-24 06:31;7835.0;7668.25;SPXW  260924C07835000;0.1;0.15
2026-09-24 06:31;7840.0;7668.25;SPXW  260924C07840000;0.05;0.1
2026-09-24 06:31;7845.0;7668.25;SPXW  260924C07845000;0.05;0.1
2026-09-24 06:31;7850.0;7668.25;SPXW  260924C07850000;0.05;0.1
2026-09-24 06:31;7855.0;7668.25;SPXW  260924C07855000;0.05;0.1
2026-09-24 06:31;7860.0;7668.25;SPXW  260924C07860000;0.05;0.1
2026-09-24 06:31;7865.0;7668.25;SPXW  260924C07865000;0.05;0.1
2026-09-24 06:31;7870.0;7668.25;SPXW  260924C07870000;0.05;0.1
2026-09-24 06:31;7875.0;7668.25;SPXW  260924C07875000;0.05;0.1
2026-09-24 06:31;7880.0;7668.25;SPXW  260924C07880000;0.05;0.1
2026-09-24 06:31;7885.0;7668.25;SPXW  260924C07885000;0.05;0.1
2026-09-24 06:31;7890.0;7668.25;SPXW  260924C07890000;0.05;0.1
2026-09-24 06:31;7895.0;7668.25;SPXW  260924C07895000;0.05;0.1
2026-09-24 06:31;7900.0;7668.25;SPXW  260924C07900000;0.05;0.1
2026-09-24 06:31;7905.0;7668.25;SPXW  260924C07905000;0.0;0.05
2026-09-24 06:31;7910.0;7668.25;SPXW  260924C07910000;0.0;0.05
2026-09-24 06:31;7915.0;7668.25;SPXW  260924C07915000;0.0;0.05
2026-09-24 06:31;7420.0;7668.25;SPXW  260924P07420000;0.05;0.1
2026-09-24 06:31;7425.0;7668.25;SPXW  260924P07425000;0.05;0.1
2026-09-24 06:31;7430.0;7668.25;SPXW  260924P07430000;0.05;0.1
2026-09-24 06:31;7435.0;7668.25;SPXW  260924P07435000;0.05;0.1
2026-09-24 06:31;7440.0;7668.25;SPXW  260924P07440000;0.1;0.15
2026-09-24 06:31;7445.0;7668.25;SPXW  260924P07445000;0.1;0.15
2026-09-24 06:31;7450.0;7668.25;SPXW  260924P07450000;0.1;0.15
2026-09-24 06:31;7455.0;7668.25;SPXW  260924P07455000;0.1;0.15
2026-09-24 06:31;7460.0;7668.25;SPXW  260924P07460000;0.1;0.15
2026-09-24 06:31;7465.0;7668.25;SPXW  260924P07465000;0.1;0.15
2026-09-24 06:31;7470.0;7668.25;SPXW  260924P07470000;0.1;0.15
2026-09-24 06:31;7475.0;7668.25;SPXW  260924P07475000;0.1;0.15
2026-09-24 06:31;7480.0;7668.25;SPXW  260924P07480000;0.1;0.15
2026-09-24 06:31;7485.0;7668.25;SPXW  260924P07485000;0.1;0.2
2026-09-24 06:31;7490.0;7668.25;SPXW  260924P07490000;0.15;0.2
2026-09-24 06:31;7495.0;7668.25;SPXW  260924P07495000;0.15;0.2
2026-09-24 06:31;7500.0;7668.25;SPXW  260924P07500000;0.15;0.2
2026-09-24 06:31;7505.0;7668.25;SPXW  260924P07505000;0.15;0.2
2026-09-24 06:31;7510.0;7668.25;SPXW  260924P07510000;0.15;0.25
2026-09-24 06:31;7515.0;7668.25;SPXW  260924P07515000;0.2;0.25
2026-09-24 06:31;7520.0;7668.25;SPXW  260924P07520000;0.2;0.25
2026-09-24 06:31;7525.0;7668.25;SPXW  260924P07525000;0.2;0.25
2026-09-24 06:31;7530.0;7668.25;SPXW  260924P07530000;0.25;0.3
2026-09-24 06:31;7535.0;7668.25;SPXW  260924P07535000;0.25;0.3
2026-09-24 06:31;7540.0;7668.25;SPXW  260924P07540000;0.25;0.3
2026-09-24 06:31;7545.0;7668.25;SPXW  260924P07545000;0.3;0.35
2026-09-24 06:31;7550.0;7668.25;SPXW  260924P07550000;0.3;0.35
2026-09-24 06:31;7555.0;7668.25;SPXW  260924P07555000;0.35;0.4
2026-09-24 06:31;7560.0;7668.25;SPXW  260924P07560000;0.35;0.45
2026-09-24 06:31;7565.0;7668.25;SPXW  260924P07565000;0.4;0.5
2026-09-24 06:31;7570.0;7668.25;SPXW  260924P07570000;0.5;0.55
2026-09-24 06:31;7575.0;7668.25;SPXW  260924P07575000;0.55;0.6
2026-09-24 06:31;7580.0;7668.25;SPXW  260924P07580000;0.65;0.7
2026-09-24 06:31;7585.0;7668.25;SPXW  260924P07585000;0.7;0.8
2026-09-24 06:31;7590.0;7668.25;SPXW  260924P07590000;0.85;0.9
2026-09-24 06:31;7595.0;7668.25;SPXW  260924P07595000;1.0;1.05
2026-09-24 06:31;7600.0;7668.25;SPXW  260924P07600000;1.15;1.2
2026-09-24 06:31;7605.0;7668.25;SPXW  260924P07605000;1.35;1.45
2026-09-24 06:31;7610.0;7668.25;SPXW  260924P07610000;1.65;1.7
2026-09-24 06:31;7615.0;7668.25;SPXW  260924P07615000;1.9;2.0
2026-09-24 06:31;7620.0;7668.25;SPXW  260924P07620000;2.3;2.35
2026-09-24 06:31;7625.0;7668.25;SPXW  260924P07625000;2.75;2.8
2026-09-24 06:31;7630.0;7668.25;SPXW  260924P07630000;3.3;3.4
2026-09-24 06:31;7635.0;7668.25;SPXW  260924P07635000;3.9;4.0
2026-09-24 06:31;7640.0;7668.25;SPXW  260924P07640000;4.7;4.8
2026-09-24 06:31;7645.0;7668.25;SPXW  260924P07645000;5.6;5.8
2026-09-24 06:31;7650.0;7668.25;SPXW  260924P07650000;6.8;6.9
2026-09-24 06:31;7655.0;7668.25;SPXW  260924P07655000;8.1;8.2
2026-09-24 06:31;7660.0;7668.25;SPXW  260924P07660000;9.7;9.8
2026-09-24 06:31;7665.0;7668.25;SPXW  260924P07665000;11.5;11.6
2026-09-24 06:31;7670.0;7668.25;SPXW  260924P07670000;13.6;13.8
2026-09-24 06:31;7675.0;7668.25;SPXW  260924P07675000;16.1;16.2
2026-09-24 06:31;7680.0;7668.25;SPXW  260924P07680000;18.9;19.0
2026-09-24 06:31;7685.0;7668.25;SPXW  260924P07685000;21.9;22.0
2026-09-24 06:31;7690.0;7668.25;SPXW  260924P07690000;25.3;25.5
2026-09-24 06:31;7695.0;7668.25;SPXW  260924P07695000;28.9;29.1
2026-09-24 06:31;7700.0;7668.25;SPXW  260924P07700000;32.9;33.1
2026-09-24 06:31;7705.0;7668.25;SPXW  260924P07705000;36.9;37.2
2026-09-24 06:31;7710.0;7668.25;SPXW  260924P07710000;41.3;41.5
2026-09-24 06:31;7715.0;7668.25;SPXW  260924P07715000;45.8;46.2
2026-09-24 06:31;7720.0;7668.25;SPXW  260924P07720000;50.4;50.8
2026-09-24 06:31;7725.0;7668.25;SPXW  260924P07725000;55.1;55.5
2026-09-24 06:31;7730.0;7668.25;SPXW  260924P07730000;59.9;60.3
2026-09-24 06:31;7735.0;7668.25;SPXW  260924P07735000;64.7;65.2
2026-09-24 06:31;7740.0;7668.25;SPXW  260924P07740000;69.6;70.0
2026-09-24 06:31;7745.0;7668.25;SPXW  260924P07745000;74.5;74.9
2026-09-24 06:31;7750.0;7668.25;SPXW  260924P07750000;79.4;79.9
2026-09-24 06:31;7755.0;7668.25;SPXW  260924P07755000;84.3;84.8
2026-09-24 06:31;7760.0;7668.25;SPXW  260924P07760000;89.3;89.8
2026-09-24 06:31;7765.0;7668.25;SPXW  260924P07765000;94.3;94.7
2026-09-24 06:31;7770.0;7668.25;SPXW  260924P07770000;99.2;99.7
2026-09-24 06:31;7775.0;7668.25;SPXW  260924P07775000;104.2;104.7
2026-09-24 06:31;7780.0;7668.25;SPXW  260924P07780000;109.2;109.6
2026-09-24 06:31;7785.0;7668.25;SPXW  260924P07785000;114.2;114.6
2026-09-24 06:31;7790.0;7668.25;SPXW  260924P07790000;118.9;119.9
2026-09-24 06:31;7795.0;7668.25;SPXW  260924P07795000;123.9;124.8
2026-09-24 06:31;7800.0;7668.25;SPXW  260924P07800000;128.9;129.8
2026-09-24 06:31;7805.0;7668.25;SPXW  260924P07805000;133.9;134.8
2026-09-24 06:31;7810.0;7668.25;SPXW  260924P07810000;138.9;139.8
2026-09-24 06:31;7815.0;7668.25;SPXW  260924P07815000;143.9;144.8
2026-09-24 06:31;7820.0;7668.25;SPXW  260924P07820000;148.9;149.8
2026-09-24 06:31;7825.0;7668.25;SPXW  260924P07825000;153.4;155.2
2026-09-24 06:31;7830.0;7668.25;SPXW  260924P07830000;158.4;160.2
2026-09-24 06:31;7835.0;7668.25;SPXW  260924P07835000;163.4;165.3
2026-09-24 06:31;7840.0;7668.25;SPXW  260924P07840000;168.4;170.3
2026-09-24 06:31;7845.0;7668.25;SPXW  260924P07845000;170.4;178.0
2026-09-24 06:31;7850.0;7668.25;SPXW  260924P07850000;178.4;180.2
2026-09-24 06:31;7855.0;7668.25;SPXW  260924P07855000;180.4;188.0
2026-09-24 06:31;7860.0;7668.25;SPXW  260924P07860000;185.3;193.0
2026-09-24 06:31;7865.0;7668.25;SPXW  260924P07865000;190.8;198.0
2026-09-24 06:31;7870.0;7668.25;SPXW  260924P07870000;195.6;207.0
2026-09-24 06:31;7875.0;7668.25;SPXW  260924P07875000;196.4;211.8
2026-09-24 06:31;7880.0;7668.25;SPXW  260924P07880000;201.7;217.0
2026-09-24 06:31;7885.0;7668.25;SPXW  260924P07885000;206.4;221.8
2026-09-24 06:31;7890.0;7668.25;SPXW  260924P07890000;207.9;229.1
2026-09-24 06:31;7895.0;7668.25;SPXW  260924P07895000;212.9;234.4
2026-09-24 06:31;7900.0;7668.25;SPXW  260924P07900000;228.3;230.1
2026-09-24 06:31;7905.0;7668.25;SPXW  260924P07905000;222.8;244.4
2026-09-24 06:31;7910.0;7668.25;SPXW  260924P07910000;228.0;249.1
2026-09-24 06:31;7915.0;7668.25;SPXW  260924P07915000;232.8;254.4
2026-09-24 06:36;7430.0;7678.85;SPXW  260924C07430000;248.0;248.9
2026-09-24 06:36;7435.0;7678.85;SPXW  260924C07435000;243.0;243.9
2026-09-24 06:36;7440.0;7678.85;SPXW  260924C07440000;238.0;238.9
2026-09-24 06:36;7445.0;7678.85;SPXW  260924C07445000;233.1;233.9
2026-09-24 06:36;7450.0;7678.85;SPXW  260924C07450000;228.1;228.9
2026-09-24 06:36;7455.0;7678.85;SPXW  260924C07455000;223.1;223.9
2026-09-24 06:36;7460.0;7678.85;SPXW  260924C07460000;218.1;218.9
2026-09-24 06:36;7465.0;7678.85;SPXW  260924C07465000;213.0;213.9
2026-09-24 06:36;7470.0;7678.85;SPXW  260924C07470000;208.1;208.9
2026-09-24 06:36;7475.0;7678.85;SPXW  260924C07475000;203.1;203.9
2026-09-24 06:36;7480.0;7678.85;SPXW  260924C07480000;198.1;198.9
2026-09-24 06:36;7485.0;7678.85;SPXW  260924C07485000;193.1;193.9
2026-09-24 06:36;7490.0;7678.85;SPXW  260924C07490000;188.1;188.9
2026-09-24 06:36;7495.0;7678.85;SPXW  260924C07495000;183.1;183.9
2026-09-24 06:36;7500.0;7678.85;SPXW  260924C07500000;178.1;178.9
2026-09-24 06:36;7505.0;7678.85;SPXW  260924C07505000;173.1;173.8
2026-09-24 06:36;7510.0;7678.85;SPXW  260924C07510000;168.0;168.8
2026-09-24 06:36;7515.0;7678.85;SPXW  260924C07515000;163.1;163.8
2026-09-24 06:36;7520.0;7678.85;SPXW  260924C07520000;158.1;158.8
2026-09-24 06:36;7525.0;7678.85;SPXW  260924C07525000;153.4;153.8
2026-09-24 06:36;7530.0;7678.85;SPXW  260924C07530000;148.4;148.8
2026-09-24 06:36;7535.0;7678.85;SPXW  260924C07535000;143.4;143.8
2026-09-24 06:36;7540.0;7678.85;SPXW  260924C07540000;138.4;138.8
2026-09-24 06:36;7545.0;7678.85;SPXW  260924C07545000;133.2;133.8
2026-09-24 06:36;7550.0;7678.85;SPXW  260924C07550000;128.2;128.9
2026-09-24 06:36;7555.0;7678.85;SPXW  260924C07555000;123.2;123.9
2026-09-24 06:36;7560.0;7678.85;SPXW  260924C07560000;118.5;118.9
2026-09-24 06:36;7565.0;7678.85;SPXW  260924C07565000;113.3;113.9
2026-09-24 06:36;7570.0;7678.85;SPXW  260924C07570000;108.2;109.0
2026-09-24 06:36;7575.0;7678.85;SPXW  260924C07575000;103.6;104.0
2026-09-24 06:36;7580.0;7678.85;SPXW  260924C07580000;98.4;99.1
2026-09-24 06:36;7585.0;7678.85;SPXW  260924C07585000;93.7;94.1
2026-09-24 06:36;7590.0;7678.85;SPXW  260924C07590000;88.8;89.2
2026-09-24 06:36;7595.0;7678.85;SPXW  260924C07595000;83.9;84.3
2026-09-24 06:36;7600.0;7678.85;SPXW  260924C07600000;79.0;79.4
2026-09-24 06:36;7605.0;7678.85;SPXW  260924C07605000;74.1;74.6
2026-09-24 06:36;7610.0;7678.85;SPXW  260924C07610000;69.4;69.6
2026-09-24 06:36;7615.0;7678.85;SPXW  260924C07615000;64.6;64.8
2026-09-24 06:36;7620.0;7678.85;SPXW  260924C07620000;59.8;60.1
2026-09-24 06:36;7625.0;7678.85;SPXW  260924C07625000;55.2;55.4
2026-09-24 06:36;7630.0;7678.85;SPXW  260924C07630000;50.6;50.8
2026-09-24 06:36;7635.0;7678.85;SPXW  260924C07635000;46.1;46.3
2026-09-24 06:36;7640.0;7678.85;SPXW  260924C07640000;41.7;41.9
2026-09-24 06:36;7645.0;7678.85;SPXW  260924C07645000;37.4;37.6
2026-09-24 06:36;7650.0;7678.85;SPXW  260924C07650000;33.2;33.5
2026-09-24 06:36;7655.0;7678.85;SPXW  260924C07655000;29.3;29.5
2026-09-24 06:36;7660.0;7678.85;SPXW  260924C07660000;25.6;25.7
2026-09-24 06:36;7665.0;7678.85;SPXW  260924C07665000;22.1;22.2
2026-09-24 06:36;7670.0;7678.85;SPXW  260924C07670000;18.8;18.9
2026-09-24 06:36;7675.0;7678.85;SPXW  260924C07675000;15.8;15.9
2026-09-24 06:36;7680.0;7678.85;SPXW  260924C07680000;13.1;13.2
2026-09-24 06:36;7685.0;7678.85;SPXW  260924C07685000;10.7;10.9
2026-09-24 06:36;7690.0;7678.85;SPXW  260924C07690000;8.7;8.8
2026-09-24 06:36;7695.0;7678.85;SPXW  260924C07695000;6.9;7.0
2026-09-24 06:36;7700.0;7678.85;SPXW  260924C07700000;5.4;5.6
2026-09-24 06:36;7705.0;7678.85;SPXW  260924C07705000;4.2;4.4
2026-09-24 06:36;7710.0;7678.85;SPXW  260924C07710000;3.3;3.4
2026-09-24 06:36;7715.0;7678.85;SPXW  260924C07715000;2.55;2.6
2026-09-24 06:36;7720.0;7678.85;SPXW  260924C07720000;1.95;2.05
2026-09-24 06:36;7725.0;7678.85;SPXW  260924C07725000;1.55;1.6
2026-09-24 06:36;7730.0;7678.85;SPXW  260924C07730000;1.2;1.25
2026-09-24 06:36;7735.0;7678.85;SPXW  260924C07735000;0.95;1.0
2026-09-24 06:36;7740.0;7678.85;SPXW  260924C07740000;0.75;0.8
2026-09-24 06:36;7745.0;7678.85;SPXW  260924C07745000;0.6;0.7
2026-09-24 06:36;7750.0;7678.85;SPXW  260924C07750000;0.5;0.55
2026-09-24 06:36;7755.0;7678.85;SPXW  260924C07755000;0.45;0.5
2026-09-24 06:36;7760.0;7678.85;SPXW  260924C07760000;0.35;0.45
2026-09-24 06:36;7765.0;7678.85;SPXW  260924C07765000;0.3;0.35
2026-09-24 06:36;7770.0;7678.85;SPXW  260924C07770000;0.3;0.35
2026-09-24 06:36;7775.0;7678.85;SPXW  260924C07775000;0.25;0.3
2026-09-24 06:36;7780.0;7678.85;SPXW  260924C07780000;0.2;0.3
2026-09-24 06:36;7785.0;7678.85;SPXW  260924C07785000;0.2;0.25
2026-09-24 06:36;7790.0;7678.85;SPXW  260924C07790000;0.2;0.25
2026-09-24 06:36;7795.0;7678.85;SPXW  260924C07795000;0.15;0.2
2026-09-24 06:36;7800.0;7678.85;SPXW  260924C07800000;0.15;0.2
2026-09-24 06:36;7805.0;7678.85;SPXW  260924C07805000;0.15;0.2
2026-09-24 06:36;7810.0;7678.85;SPXW  260924C07810000;0.1;0.2
2026-09-24 06:36;7815.0;7678.85;SPXW  260924C07815000;0.1;0.15
2026-09-24 06:36;7820.0;7678.85;SPXW  260924C07820000;0.1;0.15
2026-09-24 06:36;7825.0;7678.85;SPXW  260924C07825000;0.1;0.15
2026-09-24 06:36;7830.0;7678.85;SPXW  260924C07830000;0.1;0.15
2026-09-24 06:36;7835.0;7678.85;SPXW  260924C07835000;0.1;0.15
2026-09-24 06:36;7840.0;7678.85;SPXW  260924C07840000;0.05;0.1
2026-09-24 06:36;7845.0;7678.85;SPXW  260924C07845000;0.05;0.1
2026-09-24 06:36;7850.0;7678.85;SPXW  260924C07850000;0.05;0.1
2026-09-24 06:36;7855.0;7678.85;SPXW  260924C07855000;0.05;0.1
2026-09-24 06:36;7860.0;7678.85;SPXW  260924C07860000;0.05;0.1
2026-09-24 06:36;7865.0;7678.85;SPXW  260924C07865000;0.05;0.1
2026-09-24 06:36;7870.0;7678.85;SPXW  260924C07870000;0.05;0.1
2026-09-24 06:36;7875.0;7678.85;SPXW  260924C07875000;0.05;0.1
2026-09-24 06:36;7880.0;7678.85;SPXW  260924C07880000;0.05;0.1
2026-09-24 06:36;7885.0;7678.85;SPXW  260924C07885000;0.05;0.1
2026-09-24 06:36;7890.0;7678.85;SPXW  260924C07890000;0.05;0.1
2026-09-24 06:36;7895.0;7678.85;SPXW  260924C07895000;0.0;0.1
2026-09-24 06:36;7900.0;7678.85;SPXW  260924C07900000;0.0;0.1
2026-09-24 06:36;7905.0;7678.85;SPXW  260924C07905000;0.05;0.1
2026-09-24 06:36;7910.0;7678.85;SPXW  260924C07910000;0.0;0.05
2026-09-24 06:36;7915.0;7678.85;SPXW  260924C07915000;0.0;0.05
2026-09-24 06:36;7920.0;7678.85;SPXW  260924C07920000;0.0;0.05
2026-09-24 06:36;7925.0;7678.85;SPXW  260924C07925000;0.0;0.05
2026-09-24 06:36;7430.0;7678.85;SPXW  260924P07430000;0.05;0.1
2026-09-24 06:36;7435.0;7678.85;SPXW  260924P07435000;0.1;0.15
2026-09-24 06:36;7440.0;7678.85;SPXW  260924P07440000;0.1;0.15
2026-09-24 06:36;7445.0;7678.85;SPXW  260924P07445000;0.1;0.15
2026-09-24 06:36;7450.0;7678.85;SPXW  260924P07450000;0.1;0.15
2026-09-24 06:36;7455.0;7678.85;SPXW  260924P07455000;0.1;0.15
2026-09-24 06:36;7460.0;7678.85;SPXW  260924P07460000;0.1;0.15
2026-09-24 06:36;7465.0;7678.85;SPXW  260924P07465000;0.1;0.15
2026-09-24 06:36;7470.0;7678.85;SPXW  260924P07470000;0.1;0.15
2026-09-24 06:36;7475.0;7678.85;SPXW  260924P07475000;0.1;0.15
2026-09-24 06:36;7480.0;7678.85;SPXW  260924P07480000;0.1;0.15
2026-09-24 06:36;7485.0;7678.85;SPXW  260924P07485000;0.1;0.2
2026-09-24 06:36;7490.0;7678.85;SPXW  260924P07490000;0.1;0.2
2026-09-24 06:36;7495.0;7678.85;SPXW  260924P07495000;0.15;0.2
2026-09-24 06:36;7500.0;7678.85;SPXW  260924P07500000;0.15;0.2
2026-09-24 06:36;7505.0;7678.85;SPXW  260924P07505000;0.15;0.2
2026-09-24 06:36;7510.0;7678.85;SPXW  260924P07510000;0.15;0.2
2026-09-24 06:36;7515.0;7678.85;SPXW  260924P07515000;0.15;0.2
2026-09-24 06:36;7520.0;7678.85;SPXW  260924P07520000;0.15;0.25
2026-09-24 06:36;7525.0;7678.85;SPXW  260924P07525000;0.2;0.25
2026-09-24 06:36;7530.0;7678.85;SPXW  260924P07530000;0.2;0.25
2026-09-24 06:36;7535.0;7678.85;SPXW  260924P07535000;0.2;0.25
2026-09-24 06:36;7540.0;7678.85;SPXW  260924P07540000;0.25;0.3
2026-09-24 06:36;7545.0;7678.85;SPXW  260924P07545000;0.25;0.3
2026-09-24 06:36;7550.0;7678.85;SPXW  260924P07550000;0.25;0.3
2026-09-24 06:36;7555.0;7678.85;SPXW  260924P07555000;0.25;0.35
2026-09-24 06:36;7560.0;7678.85;SPXW  260924P07560000;0.3;0.35
2026-09-24 06:36;7565.0;7678.85;SPXW  260924P07565000;0.3;0.4
2026-09-24 06:36;7570.0;7678.85;SPXW  260924P07570000;0.35;0.4
2026-09-24 06:36;7575.0;7678.85;SPXW  260924P07575000;0.4;0.45
2026-09-24 06:36;7580.0;7678.85;SPXW  260924P07580000;0.45;0.5
2026-09-24 06:36;7585.0;7678.85;SPXW  260924P07585000;0.5;0.55
2026-09-24 06:36;7590.0;7678.85;SPXW  260924P07590000;0.6;0.65
2026-09-24 06:36;7595.0;7678.85;SPXW  260924P07595000;0.65;0.75
2026-09-24 06:36;7600.0;7678.85;SPXW  260924P07600000;0.8;0.85
2026-09-24 06:36;7605.0;7678.85;SPXW  260924P07605000;0.9;1.0
2026-09-24 06:36;7610.0;7678.85;SPXW  260924P07610000;1.1;1.15
2026-09-24 06:36;7615.0;7678.85;SPXW  260924P07615000;1.3;1.35
2026-09-24 06:36;7620.0;7678.85;SPXW  260924P07620000;1.55;1.6
2026-09-24 06:36;7625.0;7678.85;SPXW  260924P07625000;1.85;1.95
2026-09-24 06:36;7630.0;7678.85;SPXW  260924P07630000;2.25;2.3
2026-09-24 06:36;7635.0;7678.85;SPXW  260924P07635000;2.75;2.8
2026-09-24 06:36;7640.0;7678.85;SPXW  260924P07640000;3.3;3.4
2026-09-24 06:36;7645.0;7678.85;SPXW  260924P07645000;4.0;4.1
2026-09-24 06:36;7650.0;7678.85;SPXW  260924P07650000;4.8;4.9
2026-09-24 06:36;7655.0;7678.85;SPXW  260924P07655000;5.8;5.9
2026-09-24 06:36;7660.0;7678.85;SPXW  260924P07660000;7.0;7.2
2026-09-24 06:36;7665.0;7678.85;SPXW  260924P07665000;8.5;8.6
2026-09-24 06:36;7670.0;7678.85;SPXW  260924P07670000;10.2;10.3
2026-09-24 06:36;7675.0;7678.85;SPXW  260924P07675000;12.1;12.2
2026-09-24 06:36;7680.0;7678.85;SPXW  260924P07680000;14.4;14.5
2026-09-24 06:36;7685.0;7678.85;SPXW  260924P07685000;16.9;17.1
2026-09-24 06:36;7690.0;7678.85;SPXW  260924P07690000;19.8;20.0
2026-09-24 06:36;7695.0;7678.85;SPXW  260924P07695000;23.0;23.2
2026-09-24 06:36;7700.0;7678.85;SPXW  260924P07700000;26.5;26.7
2026-09-24 06:36;7705.0;7678.85;SPXW  260924P07705000;30.2;30.4
2026-09-24 06:36;7710.0;7678.85;SPXW  260924P07710000;34.2;34.4
2026-09-24 06:36;7715.0;7678.85;SPXW  260924P07715000;38.4;38.7
2026-09-24 06:36;7720.0;7678.85;SPXW  260924P07720000;42.8;43.1
2026-09-24 06:36;7725.0;7678.85;SPXW  260924P07725000;47.4;47.6
2026-09-24 06:36;7730.0;7678.85;SPXW  260924P07730000;52.0;52.3
2026-09-24 06:36;7735.0;7678.85;SPXW  260924P07735000;56.8;57.0
2026-09-24 06:36;7740.0;7678.85;SPXW  260924P07740000;61.6;61.8
2026-09-24 06:36;7745.0;7678.85;SPXW  260924P07745000;66.4;66.7
2026-09-24 06:36;7750.0;7678.85;SPXW  260924P07750000;71.3;71.6
2026-09-24 06:36;7755.0;7678.85;SPXW  260924P07755000;76.2;76.5
2026-09-24 06:36;7760.0;7678.85;SPXW  260924P07760000;81.1;81.4
2026-09-24 06:36;7765.0;7678.85;SPXW  260924P07765000;86.1;86.4
2026-09-24 06:36;7770.0;7678.85;SPXW  260924P07770000;91.1;91.3
2026-09-24 06:36;7775.0;7678.85;SPXW  260924P07775000;96.0;96.3
2026-09-24 06:36;7780.0;7678.85;SPXW  260924P07780000;100.9;101.3
2026-09-24 06:36;7785.0;7678.85;SPXW  260924P07785000;105.9;106.2
2026-09-24 06:36;7790.0;7678.85;SPXW  260924P07790000;110.8;111.2
2026-09-24 06:36;7795.0;7678.85;SPXW  260924P07795000;115.6;116.7
2026-09-24 06:36;7800.0;7678.85;SPXW  260924P07800000;120.7;121.6
2026-09-24 06:36;7805.0;7678.85;SPXW  260924P07805000;125.6;126.6
2026-09-24 06:36;7810.0;7678.85;SPXW  260924P07810000;130.6;131.6
2026-09-24 06:36;7815.0;7678.85;SPXW  260924P07815000;135.6;136.6
2026-09-24 06:36;7820.0;7678.85;SPXW  260924P07820000;140.7;141.6
2026-09-24 06:36;7825.0;7678.85;SPXW  260924P07825000;145.7;146.6
2026-09-24 06:36;7830.0;7678.85;SPXW  260924P07830000;150.4;151.7
2026-09-24 06:36;7835.0;7678.85;SPXW  260924P07835000;155.4;156.6
2026-09-24 06:36;7840.0;7678.85;SPXW  260924P07840000;160.2;161.6
2026-09-24 06:36;7845.0;7678.85;SPXW  260924P07845000;165.2;166.6
2026-09-24 06:36;7850.0;7678.85;SPXW  260924P07850000;170.2;171.6
2026-09-24 06:36;7855.0;7678.85;SPXW  260924P07855000;175.2;176.6
2026-09-24 06:36;7860.0;7678.85;SPXW  260924P07860000;178.0;185.5
2026-09-24 06:36;7865.0;7678.85;SPXW  260924P07865000;183.2;190.5
2026-09-24 06:36;7870.0;7678.85;SPXW  260924P07870000;190.2;191.6
2026-09-24 06:36;7875.0;7678.85;SPXW  260924P07875000;193.1;200.5
2026-09-24 06:36;7880.0;7678.85;SPXW  260924P07880000;195.6;208.8
2026-09-24 06:36;7885.0;7678.85;SPXW  260924P07885000;200.5;213.9
2026-09-24 06:36;7890.0;7678.85;SPXW  260924P07890000;210.2;211.6
2026-09-24 06:36;7895.0;7678.85;SPXW  260924P07895000;210.4;223.9
2026-09-24 06:36;7900.0;7678.85;SPXW  260924P07900000;220.2;221.6
2026-09-24 06:36;7905.0;7678.85;SPXW  260924P07905000;220.4;237.7
2026-09-24 06:36;7910.0;7678.85;SPXW  260924P07910000;225.1;242.7
2026-09-24 06:36;7915.0;7678.85;SPXW  260924P07915000;230.4;247.8
2026-09-24 06:36;7920.0;7678.85;SPXW  260924P07920000;232.4;252.7
2026-09-24 06:36;7925.0;7678.85;SPXW  260924P07925000;240.6;257.7
2026-09-24 06:40;7430.0;7679.06;SPXW  260924C07430000;249.3;250.1
2026-09-24 06:40;7435.0;7679.06;SPXW  260924C07435000;244.3;245.1
2026-09-24 06:40;7440.0;7679.06;SPXW  260924C07440000;239.3;240.1
2026-09-24 06:40;7445.0;7679.06;SPXW  260924C07445000;234.3;235.1
2026-09-24 06:40;7450.0;7679.06;SPXW  260924C07450000;229.3;230.1
2026-09-24 06:40;7455.0;7679.06;SPXW  260924C07455000;224.3;225.1
2026-09-24 06:40;7460.0;7679.06;SPXW  260924C07460000;219.4;220.1
2026-09-24 06:40;7465.0;7679.06;SPXW  260924C07465000;214.4;215.1
2026-09-24 06:40;7470.0;7679.06;SPXW  260924C07470000;209.4;210.2
2026-09-24 06:40;7475.0;7679.06;SPXW  260924C07475000;204.4;205.2
2026-09-24 06:40;7480.0;7679.06;SPXW  260924C07480000;199.4;200.2
2026-09-24 06:40;7485.0;7679.06;SPXW  260924C07485000;194.4;195.2
2026-09-24 06:40;7490.0;7679.06;SPXW  260924C07490000;189.4;190.2
2026-09-24 06:40;7495.0;7679.06;SPXW  260924C07495000;184.4;185.2
2026-09-24 06:40;7500.0;7679.06;SPXW  260924C07500000;179.3;180.2
2026-09-24 06:40;7505.0;7679.06;SPXW  260924C07505000;174.4;175.2
2026-09-24 06:40;7510.0;7679.06;SPXW  260924C07510000;169.4;170.2
2026-09-24 06:40;7515.0;7679.06;SPXW  260924C07515000;164.4;165.2
2026-09-24 06:40;7520.0;7679.06;SPXW  260924C07520000;159.4;160.2
2026-09-24 06:40;7525.0;7679.06;SPXW  260924C07525000;154.4;155.2
2026-09-24 06:40;7530.0;7679.06;SPXW  260924C07530000;149.4;150.2
2026-09-24 06:40;7535.0;7679.06;SPXW  260924C07535000;144.5;144.9
2026-09-24 06:40;7540.0;7679.06;SPXW  260924C07540000;139.5;139.9
2026-09-24 06:40;7545.0;7679.06;SPXW  260924C07545000;134.5;134.9
2026-09-24 06:40;7550.0;7679.06;SPXW  260924C07550000;129.4;129.9
2026-09-24 06:40;7555.0;7679.06;SPXW  260924C07555000;124.5;124.9
2026-09-24 06:40;7560.0;7679.06;SPXW  260924C07560000;119.5;120.0
2026-09-24 06:40;7565.0;7679.06;SPXW  260924C07565000;114.6;115.0
2026-09-24 06:40;7570.0;7679.06;SPXW  260924C07570000;109.6;110.0
2026-09-24 06:40;7575.0;7679.06;SPXW  260924C07575000;104.6;105.1
2026-09-24 06:40;7580.0;7679.06;SPXW  260924C07580000;99.7;100.1
2026-09-24 06:40;7585.0;7679.06;SPXW  260924C07585000;94.7;95.1
2026-09-24 06:40;7590.0;7679.06;SPXW  260924C07590000;89.7;90.2
2026-09-24 06:40;7595.0;7679.06;SPXW  260924C07595000;84.9;85.3
2026-09-24 06:40;7600.0;7679.06;SPXW  260924C07600000;79.9;80.4
2026-09-24 06:40;7605.0;7679.06;SPXW  260924C07605000;75.1;75.5
2026-09-24 06:40;7610.0;7679.06;SPXW  260924C07610000;70.2;70.7
2026-09-24 06:40;7615.0;7679.06;SPXW  260924C07615000;65.4;65.6
2026-09-24 06:40;7620.0;7679.06;SPXW  260924C07620000;60.7;60.9
2026-09-24 06:40;7625.0;7679.06;SPXW  260924C07625000;55.9;56.2
2026-09-24 06:40;7630.0;7679.06;SPXW  260924C07630000;51.3;51.5
2026-09-24 06:40;7635.0;7679.06;SPXW  260924C07635000;46.7;47.0
2026-09-24 06:40;7640.0;7679.06;SPXW  260924C07640000;42.3;42.5
2026-09-24 06:40;7645.0;7679.06;SPXW  260924C07645000;38.0;38.2
2026-09-24 06:40;7650.0;7679.06;SPXW  260924C07650000;33.8;34.0
2026-09-24 06:40;7655.0;7679.06;SPXW  260924C07655000;29.8;30.0
2026-09-24 06:40;7660.0;7679.06;SPXW  260924C07660000;26.0;26.2
2026-09-24 06:40;7665.0;7679.06;SPXW  260924C07665000;22.4;22.5
2026-09-24 06:40;7670.0;7679.06;SPXW  260924C07670000;19.1;19.2
2026-09-24 06:40;7675.0;7679.06;SPXW  260924C07675000;16.0;16.1
2026-09-24 06:40;7680.0;7679.06;SPXW  260924C07680000;13.3;13.4
2026-09-24 06:40;7685.0;7679.06;SPXW  260924C07685000;10.8;10.9
2026-09-24 06:40;7690.0;7679.06;SPXW  260924C07690000;8.7;8.9
2026-09-24 06:40;7695.0;7679.06;SPXW  260924C07695000;7.0;7.1
2026-09-24 06:40;7700.0;7679.06;SPXW  260924C07700000;5.5;5.6
2026-09-24 06:40;7705.0;7679.06;SPXW  260924C07705000;4.3;4.4
2026-09-24 06:40;7710.0;7679.06;SPXW  260924C07710000;3.3;3.4
2026-09-24 06:40;7715.0;7679.06;SPXW  260924C07715000;2.6;2.65
2026-09-24 06:40;7720.0;7679.06;SPXW  260924C07720000;2.0;2.05
2026-09-24 06:40;7725.0;7679.06;SPXW  260924C07725000;1.55;1.6
2026-09-24 06:40;7730.0;7679.06;SPXW  260924C07730000;1.25;1.3
2026-09-24 06:40;7735.0;7679.06;SPXW  260924C07735000;0.95;1.05
2026-09-24 06:40;7740.0;7679.06;SPXW  260924C07740000;0.8;0.85
2026-09-24 06:40;7745.0;7679.06;SPXW  260924C07745000;0.65;0.7
2026-09-24 06:40;7750.0;7679.06;SPXW  260924C07750000;0.55;0.6
2026-09-24 06:40;7755.0;7679.06;SPXW  260924C07755000;0.45;0.5
2026-09-24 06:40;7760.0;7679.06;SPXW  260924C07760000;0.4;0.45
2026-09-24 06:40;7765.0;7679.06;SPXW  260924C07765000;0.35;0.4
2026-09-24 06:40;7770.0;7679.06;SPXW  260924C07770000;0.3;0.35
2026-09-24 06:40;7775.0;7679.06;SPXW  260924C07775000;0.25;0.3
2026-09-24 06:40;7780.0;7679.06;SPXW  260924C07780000;0.25;0.3
2026-09-24 06:40;7785.0;7679.06;SPXW  260924C07785000;0.2;0.25
2026-09-24 06:40;7790.0;7679.06;SPXW  260924C07790000;0.2;0.25
2026-09-24 06:40;7795.0;7679.06;SPXW  260924C07795000;0.15;0.25
2026-09-24 06:40;7800.0;7679.06;SPXW  260924C07800000;0.15;0.2
2026-09-24 06:40;7805.0;7679.06;SPXW  260924C07805000;0.15;0.2
2026-09-24 06:40;7810.0;7679.06;SPXW  260924C07810000;0.1;0.15
2026-09-24 06:40;7815.0;7679.06;SPXW  260924C07815000;0.1;0.15
2026-09-24 06:40;7820.0;7679.06;SPXW  260924C07820000;0.1;0.15
2026-09-24 06:40;7825.0;7679.06;SPXW  260924C07825000;0.1;0.15
2026-09-24 06:40;7830.0;7679.06;SPXW  260924C07830000;0.1;0.15
2026-09-24 06:40;7835.0;7679.06;SPXW  260924C07835000;0.05;0.1
2026-09-24 06:40;7840.0;7679.06;SPXW  260924C07840000;0.05;0.1
2026-09-24 06:40;7845.0;7679.06;SPXW  260924C07845000;0.05;0.1
2026-09-24 06:40;7850.0;7679.06;SPXW  260924C07850000;0.05;0.1
2026-09-24 06:40;7855.0;7679.06;SPXW  260924C07855000;0.05;0.1
2026-09-24 06:40;7860.0;7679.06;SPXW  260924C07860000;0.05;0.1
2026-09-24 06:40;7865.0;7679.06;SPXW  260924C07865000;0.05;0.1
2026-09-24 06:40;7870.0;7679.06;SPXW  260924C07870000;0.05;0.1
2026-09-24 06:40;7875.0;7679.06;SPXW  260924C07875000;0.05;0.1
2026-09-24 06:40;7880.0;7679.06;SPXW  260924C07880000;0.05;0.1
2026-09-24 06:40;7885.0;7679.06;SPXW  260924C07885000;0.05;0.1
2026-09-24 06:40;7890.0;7679.06;SPXW  260924C07890000;0.05;0.1
2026-09-24 06:40;7895.0;7679.06;SPXW  260924C07895000;0.05;0.1
2026-09-24 06:40;7900.0;7679.06;SPXW  260924C07900000;0.05;0.1
2026-09-24 06:40;7905.0;7679.06;SPXW  260924C07905000;0.05;0.1
2026-09-24 06:40;7910.0;7679.06;SPXW  260924C07910000;0.0;0.1
2026-09-24 06:40;7915.0;7679.06;SPXW  260924C07915000;0.0;0.1
2026-09-24 06:40;7920.0;7679.06;SPXW  260924C07920000;0.0;0.05
2026-09-24 06:40;7925.0;7679.06;SPXW  260924C07925000;0.0;0.05
2026-09-24 06:40;7430.0;7679.06;SPXW  260924P07430000;0.05;0.15
2026-09-24 06:40;7435.0;7679.06;SPXW  260924P07435000;0.05;0.15
2026-09-24 06:40;7440.0;7679.06;SPXW  260924P07440000;0.1;0.15
2026-09-24 06:40;7445.0;7679.06;SPXW  260924P07445000;0.1;0.15
2026-09-24 06:40;7450.0;7679.06;SPXW  260924P07450000;0.1;0.15
2026-09-24 06:40;7455.0;7679.06;SPXW  260924P07455000;0.1;0.15
2026-09-24 06:40;7460.0;7679.06;SPXW  260924P07460000;0.1;0.15
2026-09-24 06:40;7465.0;7679.06;SPXW  260924P07465000;0.1;0.15
2026-09-24 06:40;7470.0;7679.06;SPXW  260924P07470000;0.1;0.15
2026-09-24 06:40;7475.0;7679.06;SPXW  260924P07475000;0.1;0.15
2026-09-24 06:40;7480.0;7679.06;SPXW  260924P07480000;0.1;0.15
2026-09-24 06:40;7485.0;7679.06;SPXW  260924P07485000;0.1;0.2
2026-09-24 06:40;7490.0;7679.06;SPXW  260924P07490000;0.1;0.2
2026-09-24 06:40;7495.0;7679.06;SPXW  260924P07495000;0.15;0.2
2026-09-24 06:40;7500.0;7679.06;SPXW  260924P07500000;0.15;0.2
2026-09-24 06:40;7505.0;7679.06;SPXW  260924P07505000;0.15;0.2
2026-09-24 06:40;7510.0;7679.06;SPXW  260924P07510000;0.15;0.2
2026-09-24 06:40;7515.0;7679.06;SPXW  260924P07515000;0.15;0.2
2026-09-24 06:40;7520.0;7679.06;SPXW  260924P07520000;0.15;0.25
2026-09-24 06:40;7525.0;7679.06;SPXW  260924P07525000;0.15;0.25
2026-09-24 06:40;7530.0;7679.06;SPXW  260924P07530000;0.2;0.25
2026-09-24 06:40;7535.0;7679.06;SPXW  260924P07535000;0.2;0.25
2026-09-24 06:40;7540.0;7679.06;SPXW  260924P07540000;0.2;0.25
2026-09-24 06:40;7545.0;7679.06;SPXW  260924P07545000;0.2;0.3
2026-09-24 06:40;7550.0;7679.06;SPXW  260924P07550000;0.25;0.3
2026-09-24 06:40;7555.0;7679.06;SPXW  260924P07555000;0.25;0.3
2026-09-24 06:40;7560.0;7679.06;SPXW  260924P07560000;0.25;0.3
2026-09-24 06:40;7565.0;7679.06;SPXW  260924P07565000;0.3;0.35
2026-09-24 06:40;7570.0;7679.06;SPXW  260924P07570000;0.3;0.4
2026-09-24 06:40;7575.0;7679.06;SPXW  260924P07575000;0.35;0.4
2026-09-24 06:40;7580.0;7679.06;SPXW  260924P07580000;0.4;0.45
2026-09-24 06:40;7585.0;7679.06;SPXW  260924P07585000;0.45;0.5
2026-09-24 06:40;7590.0;7679.06;SPXW  260924P07590000;0.5;0.55
2026-09-24 06:40;7595.0;7679.06;SPXW  260924P07595000;0.6;0.65
2026-09-24 06:40;7600.0;7679.06;SPXW  260924P07600000;0.7;0.75
2026-09-24 06:40;7605.0;7679.06;SPXW  260924P07605000;0.8;0.9
2026-09-24 06:40;7610.0;7679.06;SPXW  260924P07610000;1.0;1.05
2026-09-24 06:40;7615.0;7679.06;SPXW  260924P07615000;1.15;1.25
2026-09-24 06:40;7620.0;7679.06;SPXW  260924P07620000;1.4;1.5
2026-09-24 06:40;7625.0;7679.06;SPXW  260924P07625000;1.7;1.8
2026-09-24 06:40;7630.0;7679.06;SPXW  260924P07630000;2.1;2.15
2026-09-24 06:40;7635.0;7679.06;SPXW  260924P07635000;2.55;2.6
2026-09-24 06:40;7640.0;7679.06;SPXW  260924P07640000;3.1;3.2
2026-09-24 06:40;7645.0;7679.06;SPXW  260924P07645000;3.7;3.9
2026-09-24 06:40;7650.0;7679.06;SPXW  260924P07650000;4.6;4.7
2026-09-24 06:40;7655.0;7679.06;SPXW  260924P07655000;5.5;5.7
2026-09-24 06:40;7660.0;7679.06;SPXW  260924P07660000;6.7;6.9
2026-09-24 06:40;7665.0;7679.06;SPXW  260924P07665000;8.2;8.3
2026-09-24 06:40;7670.0;7679.06;SPXW  260924P07670000;9.8;10.0
2026-09-24 06:40;7675.0;7679.06;SPXW  260924P07675000;11.8;11.9
2026-09-24 06:40;7680.0;7679.06;SPXW  260924P07680000;14.1;14.2
2026-09-24 06:40;7685.0;7679.06;SPXW  260924P07685000;16.7;16.8
2026-09-24 06:40;7690.0;7679.06;SPXW  260924P07690000;19.6;19.7
2026-09-24 06:40;7695.0;7679.06;SPXW  260924P07695000;22.8;23.0
2026-09-24 06:40;7700.0;7679.06;SPXW  260924P07700000;26.3;26.6
2026-09-24 06:40;7705.0;7679.06;SPXW  260924P07705000;30.2;30.4
2026-09-24 06:40;7710.0;7679.06;SPXW  260924P07710000;34.2;34.5
2026-09-24 06:40;7715.0;7679.06;SPXW  260924P07715000;38.5;38.7
2026-09-24 06:40;7720.0;7679.06;SPXW  260924P07720000;42.9;43.2
2026-09-24 06:40;7725.0;7679.06;SPXW  260924P07725000;47.4;47.8
2026-09-24 06:40;7730.0;7679.06;SPXW  260924P07730000;52.1;52.4
2026-09-24 06:40;7735.0;7679.06;SPXW  260924P07735000;56.8;57.2
2026-09-24 06:40;7740.0;7679.06;SPXW  260924P07740000;61.7;62.0
2026-09-24 06:40;7745.0;7679.06;SPXW  260924P07745000;66.5;66.9
2026-09-24 06:40;7750.0;7679.06;SPXW  260924P07750000;71.4;71.8
2026-09-24 06:40;7755.0;7679.06;SPXW  260924P07755000;76.3;76.7
2026-09-24 06:40;7760.0;7679.06;SPXW  260924P07760000;81.3;81.6
2026-09-24 06:40;7765.0;7679.06;SPXW  260924P07765000;86.2;86.6
2026-09-24 06:40;7770.0;7679.06;SPXW  260924P07770000;91.2;91.5
2026-09-24 06:40;7775.0;7679.06;SPXW  260924P07775000;96.1;96.5
2026-09-24 06:40;7780.0;7679.06;SPXW  260924P07780000;101.1;101.5
2026-09-24 06:40;7785.0;7679.06;SPXW  260924P07785000;106.1;106.4
2026-09-24 06:40;7790.0;7679.06;SPXW  260924P07790000;111.1;111.4
2026-09-24 06:40;7795.0;7679.06;SPXW  260924P07795000;115.8;116.5
2026-09-24 06:40;7800.0;7679.06;SPXW  260924P07800000;120.8;121.4
2026-09-24 06:40;7805.0;7679.06;SPXW  260924P07805000;125.8;126.4
2026-09-24 06:40;7810.0;7679.06;SPXW  260924P07810000;130.8;131.5
2026-09-24 06:40;7815.0;7679.06;SPXW  260924P07815000;135.8;136.5
2026-09-24 06:40;7820.0;7679.06;SPXW  260924P07820000;140.7;141.4
2026-09-24 06:40;7825.0;7679.06;SPXW  260924P07825000;145.7;146.4
2026-09-24 06:40;7830.0;7679.06;SPXW  260924P07830000;150.6;151.4
2026-09-24 06:40;7835.0;7679.06;SPXW  260924P07835000;155.5;156.7
2026-09-24 06:40;7840.0;7679.06;SPXW  260924P07840000;160.5;161.7
2026-09-24 06:40;7845.0;7679.06;SPXW  260924P07845000;165.5;166.7
2026-09-24 06:40;7850.0;7679.06;SPXW  260924P07850000;170.5;171.7
2026-09-24 06:40;7855.0;7679.06;SPXW  260924P07855000;175.5;176.7
2026-09-24 06:40;7860.0;7679.06;SPXW  260924P07860000;180.5;181.7
2026-09-24 06:40;7865.0;7679.06;SPXW  260924P07865000;185.4;186.7
2026-09-24 06:40;7870.0;7679.06;SPXW  260924P07870000;190.4;191.7
2026-09-24 06:40;7875.0;7679.06;SPXW  260924P07875000;195.4;196.7
2026-09-24 06:40;7880.0;7679.06;SPXW  260924P07880000;200.5;201.7
2026-09-24 06:40;7885.0;7679.06;SPXW  260924P07885000;205.5;206.7
2026-09-24 06:40;7890.0;7679.06;SPXW  260924P07890000;210.4;211.7
2026-09-24 06:40;7895.0;7679.06;SPXW  260924P07895000;215.4;216.7
2026-09-24 06:40;7900.0;7679.06;SPXW  260924P07900000;220.4;221.7
2026-09-24 06:40;7905.0;7679.06;SPXW  260924P07905000;225.4;226.7
2026-09-24 06:40;7910.0;7679.06;SPXW  260924P07910000;230.4;231.7
2026-09-24 06:40;7915.0;7679.06;SPXW  260924P07915000;235.4;236.7
2026-09-24 06:40;7920.0;7679.06;SPXW  260924P07920000;240.4;241.7
2026-09-24 06:40;7925.0;7679.06;SPXW  260924P07925000;245.4;246.7
2026-09-24 06:45;7430.0;7675.3;SPXW  260924C07430000;244.9;245.6
2026-09-24 06:45;7435.0;7675.3;SPXW  260924C07435000;239.9;240.6
2026-09-24 06:45;7440.0;7675.3;SPXW  260924C07440000;235.0;235.6
2026-09-24 06:45;7445.0;7675.3;SPXW  260924C07445000;230.0;230.6
2026-09-24 06:45;7450.0;7675.3;SPXW  260924C07450000;225.0;225.6
2026-09-24 06:45;7455.0;7675.3;SPXW  260924C07455000;220.0;220.6
2026-09-24 06:45;7460.0;7675.3;SPXW  260924C07460000;215.0;215.6
2026-09-24 06:45;7465.0;7675.3;SPXW  260924C07465000;210.0;210.6
2026-09-24 06:45;7470.0;7675.3;SPXW  260924C07470000;205.0;205.6
2026-09-24 06:45;7475.0;7675.3;SPXW  260924C07475000;200.0;200.6
2026-09-24 06:45;7480.0;7675.3;SPXW  260924C07480000;195.0;195.6
2026-09-24 06:45;7485.0;7675.3;SPXW  260924C07485000;190.0;190.6
2026-09-24 06:45;7490.0;7675.3;SPXW  260924C07490000;185.0;185.7
2026-09-24 06:45;7495.0;7675.3;SPXW  260924C07495000;180.0;180.7
2026-09-24 06:45;7500.0;7675.3;SPXW  260924C07500000;174.9;175.7
2026-09-24 06:45;7505.0;7675.3;SPXW  260924C07505000;169.9;170.7
2026-09-24 06:45;7510.0;7675.3;SPXW  260924C07510000;165.0;165.8
2026-09-24 06:45;7515.0;7675.3;SPXW  260924C07515000;160.0;160.8
2026-09-24 06:45;7520.0;7675.3;SPXW  260924C07520000;155.0;155.7
2026-09-24 06:45;7525.0;7675.3;SPXW  260924C07525000;150.1;150.7
2026-09-24 06:45;7530.0;7675.3;SPXW  260924C07530000;145.1;145.7
2026-09-24 06:45;7535.0;7675.3;SPXW  260924C07535000;140.2;140.7
2026-09-24 06:45;7540.0;7675.3;SPXW  260924C07540000;135.2;135.7
2026-09-24 06:45;7545.0;7675.3;SPXW  260924C07545000;130.2;130.7
2026-09-24 06:45;7550.0;7675.3;SPXW  260924C07550000;125.2;125.8
2026-09-24 06:45;7555.0;7675.3;SPXW  260924C07555000;120.2;120.8
2026-09-24 06:45;7560.0;7675.3;SPXW  260924C07560000;115.3;115.8
2026-09-24 06:45;7565.0;7675.3;SPXW  260924C07565000;110.3;110.8
2026-09-24 06:45;7570.0;7675.3;SPXW  260924C07570000;105.3;105.8
2026-09-24 06:45;7575.0;7675.3;SPXW  260924C07575000;100.4;101.0
2026-09-24 06:45;7580.0;7675.3;SPXW  260924C07580000;95.4;95.9
2026-09-24 06:45;7585.0;7675.3;SPXW  260924C07585000;90.5;91.0
2026-09-24 06:45;7590.0;7675.3;SPXW  260924C07590000;85.5;86.1
2026-09-24 06:45;7595.0;7675.3;SPXW  260924C07595000;80.6;81.1
2026-09-24 06:45;7600.0;7675.3;SPXW  260924C07600000;75.7;76.3
2026-09-24 06:45;7605.0;7675.3;SPXW  260924C07605000;70.9;71.4
2026-09-24 06:45;7610.0;7675.3;SPXW  260924C07610000;66.0;66.6
2026-09-24 06:45;7615.0;7675.3;SPXW  260924C07615000;61.3;61.6
2026-09-24 06:45;7620.0;7675.3;SPXW  260924C07620000;56.5;56.8
2026-09-24 06:45;7625.0;7675.3;SPXW  260924C07625000;51.9;52.1
2026-09-24 06:45;7630.0;7675.3;SPXW  260924C07630000;47.3;47.6
2026-09-24 06:45;7635.0;7675.3;SPXW  260924C07635000;42.8;43.1
2026-09-24 06:45;7640.0;7675.3;SPXW  260924C07640000;38.5;38.8
2026-09-24 06:45;7645.0;7675.3;SPXW  260924C07645000;34.3;34.5
2026-09-24 06:45;7650.0;7675.3;SPXW  260924C07650000;30.2;30.4
2026-09-24 06:45;7655.0;7675.3;SPXW  260924C07655000;26.3;26.6
2026-09-24 06:45;7660.0;7675.3;SPXW  260924C07660000;22.7;22.9
2026-09-24 06:45;7665.0;7675.3;SPXW  260924C07665000;19.4;19.5
2026-09-24 06:45;7670.0;7675.3;SPXW  260924C07670000;16.3;16.4
2026-09-24 06:45;7675.0;7675.3;SPXW  260924C07675000;13.5;13.6
2026-09-24 06:45;7680.0;7675.3;SPXW  260924C07680000;11.0;11.1
2026-09-24 06:45;7685.0;7675.3;SPXW  260924C07685000;8.8;9.0
2026-09-24 06:45;7690.0;7675.3;SPXW  260924C07690000;7.0;7.2
2026-09-24 06:45;7695.0;7675.3;SPXW  260924C07695000;5.5;5.6
2026-09-24 06:45;7700.0;7675.3;SPXW  260924C07700000;4.3;4.4
2026-09-24 06:45;7705.0;7675.3;SPXW  260924C07705000;3.3;3.4
2026-09-24 06:45;7710.0;7675.3;SPXW  260924C07710000;2.55;2.6
2026-09-24 06:45;7715.0;7675.3;SPXW  260924C07715000;1.95;2.0
2026-09-24 06:45;7720.0;7675.3;SPXW  260924C07720000;1.5;1.55
2026-09-24 06:45;7725.0;7675.3;SPXW  260924C07725000;1.15;1.25
2026-09-24 06:45;7730.0;7675.3;SPXW  260924C07730000;0.95;1.0
2026-09-24 06:45;7735.0;7675.3;SPXW  260924C07735000;0.75;0.8
2026-09-24 06:45;7740.0;7675.3;SPXW  260924C07740000;0.6;0.65
2026-09-24 06:45;7745.0;7675.3;SPXW  260924C07745000;0.5;0.55
2026-09-24 06:45;7750.0;7675.3;SPXW  260924C07750000;0.4;0.5
2026-09-24 06:45;7755.0;7675.3;SPXW  260924C07755000;0.35;0.4
2026-09-24 06:45;7760.0;7675.3;SPXW  260924C07760000;0.3;0.4
2026-09-24 06:45;7765.0;7675.3;SPXW  260924C07765000;0.3;0.35
2026-09-24 06:45;7770.0;7675.3;SPXW  260924C07770000;0.25;0.3
2026-09-24 06:45;7775.0;7675.3;SPXW  260924C07775000;0.2;0.3
2026-09-24 06:45;7780.0;7675.3;SPXW  260924C07780000;0.2;0.25
2026-09-24 06:45;7785.0;7675.3;SPXW  260924C07785000;0.2;0.25
2026-09-24 06:45;7790.0;7675.3;SPXW  260924C07790000;0.15;0.2
2026-09-24 06:45;7795.0;7675.3;SPXW  260924C07795000;0.15;0.2
2026-09-24 06:45;7800.0;7675.3;SPXW  260924C07800000;0.15;0.2
2026-09-24 06:45;7805.0;7675.3;SPXW  260924C07805000;0.1;0.15
2026-09-24 06:45;7810.0;7675.3;SPXW  260924C07810000;0.1;0.15
2026-09-24 06:45;7815.0;7675.3;SPXW  260924C07815000;0.1;0.15
2026-09-24 06:45;7820.0;7675.3;SPXW  260924C07820000;0.1;0.15
2026-09-24 06:45;7825.0;7675.3;SPXW  260924C07825000;0.1;0.15
2026-09-24 06:45;7830.0;7675.3;SPXW  260924C07830000;0.05;0.1
2026-09-24 06:45;7835.0;7675.3;SPXW  260924C07835000;0.05;0.1
2026-09-24 06:45;7840.0;7675.3;SPXW  260924C07840000;0.05;0.1
2026-09-24 06:45;7845.0;7675.3;SPXW  260924C07845000;0.05;0.1
2026-09-24 06:45;7850.0;7675.3;SPXW  260924C07850000;0.05;0.1
2026-09-24 06:45;7855.0;7675.3;SPXW  260924C07855000;0.05;0.1
2026-09-24 06:45;7860.0;7675.3;SPXW  260924C07860000;0.05;0.1
2026-09-24 06:45;7865.0;7675.3;SPXW  260924C07865000;0.05;0.1
2026-09-24 06:45;7870.0;7675.3;SPXW  260924C07870000;0.05;0.1
2026-09-24 06:45;7875.0;7675.3;SPXW  260924C07875000;0.05;0.1
2026-09-24 06:45;7880.0;7675.3;SPXW  260924C07880000;0.05;0.1
2026-09-24 06:45;7885.0;7675.3;SPXW  260924C07885000;0.05;0.1
2026-09-24 06:45;7890.0;7675.3;SPXW  260924C07890000;0.05;0.1
2026-09-24 06:45;7895.0;7675.3;SPXW  260924C07895000;0.05;0.1
2026-09-24 06:45;7900.0;7675.3;SPXW  260924C07900000;0.05;0.1
2026-09-24 06:45;7905.0;7675.3;SPXW  260924C07905000;0.05;0.1
2026-09-24 06:45;7910.0;7675.3;SPXW  260924C07910000;0.05;0.1
2026-09-24 06:45;7915.0;7675.3;SPXW  260924C07915000;0.0;0.05
2026-09-24 06:45;7920.0;7675.3;SPXW  260924C07920000;0.0;0.05
2026-09-24 06:45;7925.0;7675.3;SPXW  260924C07925000;0.0;0.05
2026-09-24 06:45;7425.0;7675.3;SPXW  260924P07425000;0.05;0.15
2026-09-24 06:45;7430.0;7675.3;SPXW  260924P07430000;0.05;0.15
2026-09-24 06:45;7435.0;7675.3;SPXW  260924P07435000;0.1;0.15
2026-09-24 06:45;7440.0;7675.3;SPXW  260924P07440000;0.1;0.15
2026-09-24 06:45;7445.0;7675.3;SPXW  260924P07445000;0.1;0.15
2026-09-24 06:45;7450.0;7675.3;SPXW  260924P07450000;0.1;0.15
2026-09-24 06:45;7455.0;7675.3;SPXW  260924P07455000;0.1;0.15
2026-09-24 06:45;7460.0;7675.3;SPXW  260924P07460000;0.1;0.15
2026-09-24 06:45;7465.0;7675.3;SPXW  260924P07465000;0.1;0.15
2026-09-24 06:45;7470.0;7675.3;SPXW  260924P07470000;0.1;0.15
2026-09-24 06:45;7475.0;7675.3;SPXW  260924P07475000;0.1;0.15
2026-09-24 06:45;7480.0;7675.3;SPXW  260924P07480000;0.1;0.2
2026-09-24 06:45;7485.0;7675.3;SPXW  260924P07485000;0.1;0.2
2026-09-24 06:45;7490.0;7675.3;SPXW  260924P07490000;0.15;0.2
2026-09-24 06:45;7495.0;7675.3;SPXW  260924P07495000;0.15;0.2
2026-09-24 06:45;7500.0;7675.3;SPXW  260924P07500000;0.15;0.2
2026-09-24 06:45;7505.0;7675.3;SPXW  260924P07505000;0.15;0.2
2026-09-24 06:45;7510.0;7675.3;SPXW  260924P07510000;0.15;0.2
2026-09-24 06:45;7515.0;7675.3;SPXW  260924P07515000;0.15;0.2
2026-09-24 06:45;7520.0;7675.3;SPXW  260924P07520000;0.15;0.25
2026-09-24 06:45;7525.0;7675.3;SPXW  260924P07525000;0.2;0.25
2026-09-24 06:45;7530.0;7675.3;SPXW  260924P07530000;0.2;0.25
2026-09-24 06:45;7535.0;7675.3;SPXW  260924P07535000;0.2;0.25
2026-09-24 06:45;7540.0;7675.3;SPXW  260924P07540000;0.2;0.25
2026-09-24 06:45;7545.0;7675.3;SPXW  260924P07545000;0.2;0.3
2026-09-24 06:45;7550.0;7675.3;SPXW  260924P07550000;0.25;0.3
2026-09-24 06:45;7555.0;7675.3;SPXW  260924P07555000;0.25;0.3
2026-09-24 06:45;7560.0;7675.3;SPXW  260924P07560000;0.25;0.35
2026-09-24 06:45;7565.0;7675.3;SPXW  260924P07565000;0.3;0.35
2026-09-24 06:45;7570.0;7675.3;SPXW  260924P07570000;0.35;0.4
2026-09-24 06:45;7575.0;7675.3;SPXW  260924P07575000;0.35;0.4
2026-09-24 06:45;7580.0;7675.3;SPXW  260924P07580000;0.4;0.45
2026-09-24 06:45;7585.0;7675.3;SPXW  260924P07585000;0.45;0.55
2026-09-24 06:45;7590.0;7675.3;SPXW  260924P07590000;0.55;0.6
2026-09-24 06:45;7595.0;7675.3;SPXW  260924P07595000;0.6;0.7
2026-09-24 06:45;7600.0;7675.3;SPXW  260924P07600000;0.75;0.8
2026-09-24 06:45;7605.0;7675.3;SPXW  260924P07605000;0.85;0.95
2026-09-24 06:45;7610.0;7675.3;SPXW  260924P07610000;1.05;1.1
2026-09-24 06:45;7615.0;7675.3;SPXW  260924P07615000;1.25;1.3
2026-09-24 06:45;7620.0;7675.3;SPXW  260924P07620000;1.5;1.6
2026-09-24 06:45;7625.0;7675.3;SPXW  260924P07625000;1.85;1.9
2026-09-24 06:45;7630.0;7675.3;SPXW  260924P07630000;2.25;2.35
2026-09-24 06:45;7635.0;7675.3;SPXW  260924P07635000;2.8;2.85
2026-09-24 06:45;7640.0;7675.3;SPXW  260924P07640000;3.4;3.5
2026-09-24 06:45;7645.0;7675.3;SPXW  260924P07645000;4.2;4.3
2026-09-24 06:45;7650.0;7675.3;SPXW  260924P07650000;5.1;5.2
2026-09-24 06:45;7655.0;7675.3;SPXW  260924P07655000;6.2;6.3
2026-09-24 06:45;7660.0;7675.3;SPXW  260924P07660000;7.5;7.7
2026-09-24 06:45;7665.0;7675.3;SPXW  260924P07665000;9.1;9.2
2026-09-24 06:45;7670.0;7675.3;SPXW  260924P07670000;11.0;11.1
2026-09-24 06:45;7675.0;7675.3;SPXW  260924P07675000;13.2;13.3
2026-09-24 06:45;7680.0;7675.3;SPXW  260924P07680000;15.7;15.8
2026-09-24 06:45;7685.0;7675.3;SPXW  260924P07685000;18.5;18.6
2026-09-24 06:45;7690.0;7675.3;SPXW  260924P07690000;21.6;21.8
2026-09-24 06:45;7695.0;7675.3;SPXW  260924P07695000;25.1;25.3
2026-09-24 06:45;7700.0;7675.3;SPXW  260924P07700000;28.8;29.0
2026-09-24 06:45;7705.0;7675.3;SPXW  260924P07705000;32.8;33.0
2026-09-24 06:45;7710.0;7675.3;SPXW  260924P07710000;37.1;37.3
2026-09-24 06:45;7715.0;7675.3;SPXW  260924P07715000;41.5;41.7
2026-09-24 06:45;7720.0;7675.3;SPXW  260924P07720000;46.0;46.2
2026-09-24 06:45;7725.0;7675.3;SPXW  260924P07725000;50.5;50.9
2026-09-24 06:45;7730.0;7675.3;SPXW  260924P07730000;55.3;55.6
2026-09-24 06:45;7735.0;7675.3;SPXW  260924P07735000;60.1;60.4
2026-09-24 06:45;7740.0;7675.3;SPXW  260924P07740000;64.9;65.3
2026-09-24 06:45;7745.0;7675.3;SPXW  260924P07745000;69.8;70.2
2026-09-24 06:45;7750.0;7675.3;SPXW  260924P07750000;74.7;75.1
2026-09-24 06:45;7755.0;7675.3;SPXW  260924P07755000;79.7;80.0
2026-09-24 06:45;7760.0;7675.3;SPXW  260924P07760000;84.6;85.0
2026-09-24 06:45;7765.0;7675.3;SPXW  260924P07765000;89.6;89.9
2026-09-24 06:45;7770.0;7675.3;SPXW  260924P07770000;94.5;94.9
2026-09-24 06:45;7775.0;7675.3;SPXW  260924P07775000;99.5;99.9
2026-09-24 06:45;7780.0;7675.3;SPXW  260924P07780000;104.5;104.9
2026-09-24 06:45;7785.0;7675.3;SPXW  260924P07785000;109.5;109.8
2026-09-24 06:45;7790.0;7675.3;SPXW  260924P07790000;114.5;114.8
2026-09-24 06:45;7795.0;7675.3;SPXW  260924P07795000;119.4;120.1
2026-09-24 06:45;7800.0;7675.3;SPXW  260924P07800000;124.3;125.1
2026-09-24 06:45;7805.0;7675.3;SPXW  260924P07805000;129.3;130.1
2026-09-24 06:45;7810.0;7675.3;SPXW  260924P07810000;134.3;135.0
2026-09-24 06:45;7815.0;7675.3;SPXW  260924P07815000;139.2;140.0
2026-09-24 06:45;7820.0;7675.3;SPXW  260924P07820000;144.2;145.0
2026-09-24 06:45;7825.0;7675.3;SPXW  260924P07825000;149.2;150.0
2026-09-24 06:45;7830.0;7675.3;SPXW  260924P07830000;154.0;155.3
2026-09-24 06:45;7835.0;7675.3;SPXW  260924P07835000;159.0;160.2
2026-09-24 06:45;7840.0;7675.3;SPXW  260924P07840000;164.0;165.2
2026-09-24 06:45;7845.0;7675.3;SPXW  260924P07845000;169.0;170.1
2026-09-24 06:45;7850.0;7675.3;SPXW  260924P07850000;174.0;175.1
2026-09-24 06:45;7855.0;7675.3;SPXW  260924P07855000;179.0;180.1
2026-09-24 06:45;7860.0;7675.3;SPXW  260924P07860000;184.1;185.1
2026-09-24 06:45;7865.0;7675.3;SPXW  260924P07865000;189.0;190.1
2026-09-24 06:45;7870.0;7675.3;SPXW  260924P07870000;194.0;195.1
2026-09-24 06:45;7875.0;7675.3;SPXW  260924P07875000;199.0;200.1
2026-09-24 06:45;7880.0;7675.3;SPXW  260924P07880000;204.0;205.1
2026-09-24 06:45;7885.0;7675.3;SPXW  260924P07885000;209.0;210.1
2026-09-24 06:45;7890.0;7675.3;SPXW  260924P07890000;214.0;215.1
2026-09-24 06:45;7895.0;7675.3;SPXW  260924P07895000;218.9;220.1
2026-09-24 06:45;7900.0;7675.3;SPXW  260924P07900000;223.9;225.1
2026-09-24 06:45;7905.0;7675.3;SPXW  260924P07905000;228.9;230.1
2026-09-24 06:45;7910.0;7675.3;SPXW  260924P07910000;233.9;235.1
2026-09-24 06:45;7915.0;7675.3;SPXW  260924P07915000;238.9;240.1
2026-09-24 06:45;7920.0;7675.3;SPXW  260924P07920000;243.9;245.1
2026-09-24 06:49;7430.0;7678.1;SPXW  260924C07430000;248.0;248.7
2026-09-24 06:49;7435.0;7678.1;SPXW  260924C07435000;243.0;243.8
2026-09-24 06:49;7440.0;7678.1;SPXW  260924C07440000;238.0;238.8
2026-09-24 06:49;7445.0;7678.1;SPXW  260924C07445000;233.0;233.8
2026-09-24 06:49;7450.0;7678.1;SPXW  260924C07450000;228.0;228.8
2026-09-24 06:49;7455.0;7678.1;SPXW  260924C07455000;223.0;223.8
2026-09-24 06:49;7460.0;7678.1;SPXW  260924C07460000;218.0;218.8
2026-09-24 06:49;7465.0;7678.1;SPXW  260924C07465000;213.0;213.8
2026-09-24 06:49;7470.0;7678.1;SPXW  260924C07470000;208.0;208.8
2026-09-24 06:49;7475.0;7678.1;SPXW  260924C07475000;202.9;203.8
2026-09-24 06:49;7480.0;7678.1;SPXW  260924C07480000;197.9;198.8
2026-09-24 06:49;7485.0;7678.1;SPXW  260924C07485000;192.9;193.8
2026-09-24 06:49;7490.0;7678.1;SPXW  260924C07490000;187.9;188.8
2026-09-24 06:49;7495.0;7678.1;SPXW  260924C07495000;182.9;183.8
2026-09-24 06:49;7500.0;7678.1;SPXW  260924C07500000;177.9;178.8
2026-09-24 06:49;7505.0;7678.1;SPXW  260924C07505000;173.1;173.8
2026-09-24 06:49;7510.0;7678.1;SPXW  260924C07510000;168.1;168.8
2026-09-24 06:49;7515.0;7678.1;SPXW  260924C07515000;163.1;163.8
2026-09-24 06:49;7520.0;7678.1;SPXW  260924C07520000;158.1;158.8
2026-09-24 06:49;7525.0;7678.1;SPXW  260924C07525000;153.1;153.8
2026-09-24 06:49;7530.0;7678.1;SPXW  260924C07530000;148.1;148.9
2026-09-24 06:49;7535.0;7678.1;SPXW  260924C07535000;143.5;143.8
2026-09-24 06:49;7540.0;7678.1;SPXW  260924C07540000;138.5;138.8
2026-09-24 06:49;7545.0;7678.1;SPXW  260924C07545000;133.5;133.8
2026-09-24 06:49;7550.0;7678.1;SPXW  260924C07550000;128.5;128.8
2026-09-24 06:49;7555.0;7678.1;SPXW  260924C07555000;123.5;123.9
2026-09-24 06:49;7560.0;7678.1;SPXW  260924C07560000;118.5;118.9
2026-09-24 06:49;7565.0;7678.1;SPXW  260924C07565000;113.5;113.9
2026-09-24 06:49;7570.0;7678.1;SPXW  260924C07570000;108.6;108.9
2026-09-24 06:49;7575.0;7678.1;SPXW  260924C07575000;103.6;103.9
2026-09-24 06:49;7580.0;7678.1;SPXW  260924C07580000;98.6;99.0
2026-09-24 06:49;7585.0;7678.1;SPXW  260924C07585000;93.7;94.0
2026-09-24 06:49;7590.0;7678.1;SPXW  260924C07590000;88.7;89.1
2026-09-24 06:49;7595.0;7678.1;SPXW  260924C07595000;83.8;84.1
2026-09-24 06:49;7600.0;7678.1;SPXW  260924C07600000;78.9;79.2
2026-09-24 06:49;7605.0;7678.1;SPXW  260924C07605000;74.0;74.3
2026-09-24 06:49;7610.0;7678.1;SPXW  260924C07610000;69.1;69.5
2026-09-24 06:49;7615.0;7678.1;SPXW  260924C07615000;64.3;64.7
2026-09-24 06:49;7620.0;7678.1;SPXW  260924C07620000;59.6;59.9
2026-09-24 06:49;7625.0;7678.1;SPXW  260924C07625000;54.9;55.2
2026-09-24 06:49;7630.0;7678.1;SPXW  260924C07630000;50.2;50.5
2026-09-24 06:49;7635.0;7678.1;SPXW  260924C07635000;45.7;46.0
2026-09-24 06:49;7640.0;7678.1;SPXW  260924C07640000;41.3;41.5
2026-09-24 06:49;7645.0;7678.1;SPXW  260924C07645000;37.0;37.2
2026-09-24 06:49;7650.0;7678.1;SPXW  260924C07650000;32.8;33.0
2026-09-24 06:49;7655.0;7678.1;SPXW  260924C07655000;28.8;29.0
2026-09-24 06:49;7660.0;7678.1;SPXW  260924C07660000;25.0;25.2
2026-09-24 06:49;7665.0;7678.1;SPXW  260924C07665000;21.5;21.7
2026-09-24 06:49;7670.0;7678.1;SPXW  260924C07670000;18.2;18.4
2026-09-24 06:49;7675.0;7678.1;SPXW  260924C07675000;15.2;15.4
2026-09-24 06:49;7680.0;7678.1;SPXW  260924C07680000;12.6;12.7
2026-09-24 06:49;7685.0;7678.1;SPXW  260924C07685000;10.2;10.3
2026-09-24 06:49;7690.0;7678.1;SPXW  260924C07690000;8.2;8.3
2026-09-24 06:49;7695.0;7678.1;SPXW  260924C07695000;6.5;6.6
2026-09-24 06:49;7700.0;7678.1;SPXW  260924C07700000;5.1;5.2
2026-09-24 06:49;7705.0;7678.1;SPXW  260924C07705000;3.9;4.0
2026-09-24 06:49;7710.0;7678.1;SPXW  260924C07710000;3.0;3.1
2026-09-24 06:49;7715.0;7678.1;SPXW  260924C07715000;2.35;2.4
2026-09-24 06:49;7720.0;7678.1;SPXW  260924C07720000;1.8;1.85
2026-09-24 06:49;7725.0;7678.1;SPXW  260924C07725000;1.4;1.45
2026-09-24 06:49;7730.0;7678.1;SPXW  260924C07730000;1.1;1.15
2026-09-24 06:49;7735.0;7678.1;SPXW  260924C07735000;0.85;0.95
2026-09-24 06:49;7740.0;7678.1;SPXW  260924C07740000;0.7;0.75
2026-09-24 06:49;7745.0;7678.1;SPXW  260924C07745000;0.55;0.65
2026-09-24 06:49;7750.0;7678.1;SPXW  260924C07750000;0.5;0.55
2026-09-24 06:49;7755.0;7678.1;SPXW  260924C07755000;0.4;0.45
2026-09-24 06:49;7760.0;7678.1;SPXW  260924C07760000;0.35;0.4
2026-09-24 06:49;7765.0;7678.1;SPXW  260924C07765000;0.3;0.35
2026-09-24 06:49;7770.0;7678.1;SPXW  260924C07770000;0.3;0.35
2026-09-24 06:49;7775.0;7678.1;SPXW  260924C07775000;0.25;0.3
2026-09-24 06:49;7780.0;7678.1;SPXW  260924C07780000;0.2;0.25
2026-09-24 06:49;7785.0;7678.1;SPXW  260924C07785000;0.2;0.25
2026-09-24 06:49;7790.0;7678.1;SPXW  260924C07790000;0.15;0.25
2026-09-24 06:49;7795.0;7678.1;SPXW  260924C07795000;0.15;0.2
2026-09-24 06:49;7800.0;7678.1;SPXW  260924C07800000;0.15;0.2
2026-09-24 06:49;7805.0;7678.1;SPXW  260924C07805000;0.15;0.2
2026-09-24 06:49;7810.0;7678.1;SPXW  260924C07810000;0.1;0.15
2026-09-24 06:49;7815.0;7678.1;SPXW  260924C07815000;0.1;0.15
2026-09-24 06:49;7820.0;7678.1;SPXW  260924C07820000;0.1;0.15
2026-09-24 06:49;7825.0;7678.1;SPXW  260924C07825000;0.1;0.15
2026-09-24 06:49;7830.0;7678.1;SPXW  260924C07830000;0.1;0.15
2026-09-24 06:49;7835.0;7678.1;SPXW  260924C07835000;0.1;0.15
2026-09-24 06:49;7840.0;7678.1;SPXW  260924C07840000;0.05;0.1
2026-09-24 06:49;7845.0;7678.1;SPXW  260924C07845000;0.05;0.1
2026-09-24 06:49;7850.0;7678.1;SPXW  260924C07850000;0.05;0.1
2026-09-24 06:49;7855.0;7678.1;SPXW  260924C07855000;0.05;0.1
2026-09-24 06:49;7860.0;7678.1;SPXW  260924C07860000;0.05;0.1
2026-09-24 06:49;7865.0;7678.1;SPXW  260924C07865000;0.05;0.1
2026-09-24 06:49;7870.0;7678.1;SPXW  260924C07870000;0.05;0.1
2026-09-24 06:49;7875.0;7678.1;SPXW  260924C07875000;0.05;0.1
2026-09-24 06:49;7880.0;7678.1;SPXW  260924C07880000;0.05;0.1
2026-09-24 06:49;7885.0;7678.1;SPXW  260924C07885000;0.05;0.1
2026-09-24 06:49;7890.0;7678.1;SPXW  260924C07890000;0.05;0.1
2026-09-24 06:49;7895.0;7678.1;SPXW  260924C07895000;0.05;0.1
2026-09-24 06:49;7900.0;7678.1;SPXW  260924C07900000;0.05;0.1
2026-09-24 06:49;7905.0;7678.1;SPXW  260924C07905000;0.05;0.1
2026-09-24 06:49;7910.0;7678.1;SPXW  260924C07910000;0.0;0.1
2026-09-24 06:49;7915.0;7678.1;SPXW  260924C07915000;0.0;0.05
2026-09-24 06:49;7920.0;7678.1;SPXW  260924C07920000;0.0;0.05
2026-09-24 06:49;7925.0;7678.1;SPXW  260924C07925000;0.0;0.05
2026-09-24 06:49;7430.0;7678.1;SPXW  260924P07430000;0.05;0.1
2026-09-24 06:49;7435.0;7678.1;SPXW  260924P07435000;0.1;0.15
2026-09-24 06:49;7440.0;7678.1;SPXW  260924P07440000;0.1;0.15
2026-09-24 06:49;7445.0;7678.1;SPXW  260924P07445000;0.1;0.15
2026-09-24 06:49;7450.0;7678.1;SPXW  260924P07450000;0.1;0.15
2026-09-24 06:49;7455.0;7678.1;SPXW  260924P07455000;0.1;0.15
2026-09-24 06:49;7460.0;7678.1;SPXW  260924P07460000;0.1;0.15
2026-09-24 06:49;7465.0;7678.1;SPXW  260924P07465000;0.1;0.15
2026-09-24 06:49;7470.0;7678.1;SPXW  260924P07470000;0.1;0.15
2026-09-24 06:49;7475.0;7678.1;SPXW  260924P07475000;0.1;0.15
2026-09-24 06:49;7480.0;7678.1;SPXW  260924P07480000;0.1;0.15
2026-09-24 06:49;7485.0;7678.1;SPXW  260924P07485000;0.1;0.15
2026-09-24 06:49;7490.0;7678.1;SPXW  260924P07490000;0.1;0.2
2026-09-24 06:49;7495.0;7678.1;SPXW  260924P07495000;0.1;0.2
2026-09-24 06:49;7500.0;7678.1;SPXW  260924P07500000;0.15;0.2
2026-09-24 06:49;7505.0;7678.1;SPXW  260924P07505000;0.15;0.2
2026-09-24 06:49;7510.0;7678.1;SPXW  260924P07510000;0.15;0.2
2026-09-24 06:49;7515.0;7678.1;SPXW  260924P07515000;0.15;0.2
2026-09-24 06:49;7520.0;7678.1;SPXW  260924P07520000;0.15;0.2
2026-09-24 06:49;7525.0;7678.1;SPXW  260924P07525000;0.15;0.2
2026-09-24 06:49;7530.0;7678.1;SPXW  260924P07530000;0.15;0.2
2026-09-24 06:49;7535.0;7678.1;SPXW  260924P07535000;0.2;0.25
2026-09-24 06:49;7540.0;7678.1;SPXW  260924P07540000;0.2;0.25
2026-09-24 06:49;7545.0;7678.1;SPXW  260924P07545000;0.2;0.25
2026-09-24 06:49;7550.0;7678.1;SPXW  260924P07550000;0.2;0.25
2026-09-24 06:49;7555.0;7678.1;SPXW  260924P07555000;0.2;0.25
2026-09-24 06:49;7560.0;7678.1;SPXW  260924P07560000;0.25;0.3
2026-09-24 06:49;7565.0;7678.1;SPXW  260924P07565000;0.25;0.3
2026-09-24 06:49;7570.0;7678.1;SPXW  260924P07570000;0.3;0.35
2026-09-24 06:49;7575.0;7678.1;SPXW  260924P07575000;0.3;0.35
2026-09-24 06:49;7580.0;7678.1;SPXW  260924P07580000;0.35;0.4
2026-09-24 06:49;7585.0;7678.1;SPXW  260924P07585000;0.4;0.45
2026-09-24 06:49;7590.0;7678.1;SPXW  260924P07590000;0.45;0.5
2026-09-24 06:49;7595.0;7678.1;SPXW  260924P07595000;0.5;0.6
2026-09-24 06:49;7600.0;7678.1;SPXW  260924P07600000;0.65;0.7
2026-09-24 06:49;7605.0;7678.1;SPXW  260924P07605000;0.75;0.8
2026-09-24 06:49;7610.0;7678.1;SPXW  260924P07610000;0.9;0.95
2026-09-24 06:49;7615.0;7678.1;SPXW  260924P07615000;1.05;1.15
2026-09-24 06:49;7620.0;7678.1;SPXW  260924P07620000;1.3;1.35
2026-09-24 06:49;7625.0;7678.1;SPXW  260924P07625000;1.6;1.65
2026-09-24 06:49;7630.0;7678.1;SPXW  260924P07630000;2.0;2.05
2026-09-24 06:49;7635.0;7678.1;SPXW  260924P07635000;2.45;2.5
2026-09-24 06:49;7640.0;7678.1;SPXW  260924P07640000;3.0;3.1
2026-09-24 06:49;7645.0;7678.1;SPXW  260924P07645000;3.7;3.8
2026-09-24 06:49;7650.0;7678.1;SPXW  260924P07650000;4.6;4.7
2026-09-24 06:49;7655.0;7678.1;SPXW  260924P07655000;5.6;5.8
2026-09-24 06:49;7660.0;7678.1;SPXW  260924P07660000;6.9;7.0
2026-09-24 06:49;7665.0;7678.1;SPXW  260924P07665000;8.4;8.5
2026-09-24 06:49;7670.0;7678.1;SPXW  260924P07670000;10.2;10.3
2026-09-24 06:49;7675.0;7678.1;SPXW  260924P07675000;12.2;12.4
2026-09-24 06:49;7680.0;7678.1;SPXW  260924P07680000;14.6;14.8
2026-09-24 06:49;7685.0;7678.1;SPXW  260924P07685000;17.3;17.5
2026-09-24 06:49;7690.0;7678.1;SPXW  260924P07690000;20.3;20.5
2026-09-24 06:49;7695.0;7678.1;SPXW  260924P07695000;23.7;23.9
2026-09-24 06:49;7700.0;7678.1;SPXW  260924P07700000;27.3;27.5
2026-09-24 06:49;7705.0;7678.1;SPXW  260924P07705000;31.2;31.4
2026-09-24 06:49;7710.0;7678.1;SPXW  260924P07710000;35.3;35.6
2026-09-24 06:49;7715.0;7678.1;SPXW  260924P07715000;39.6;39.9
2026-09-24 06:49;7720.0;7678.1;SPXW  260924P07720000;44.2;44.4
2026-09-24 06:49;7725.0;7678.1;SPXW  260924P07725000;48.7;49.0
2026-09-24 06:49;7730.0;7678.1;SPXW  260924P07730000;53.4;53.7
2026-09-24 06:49;7735.0;7678.1;SPXW  260924P07735000;58.2;58.5
2026-09-24 06:49;7740.0;7678.1;SPXW  260924P07740000;63.0;63.4
2026-09-24 06:49;7745.0;7678.1;SPXW  260924P07745000;67.9;68.2
2026-09-24 06:49;7750.0;7678.1;SPXW  260924P07750000;72.8;73.1
2026-09-24 06:49;7755.0;7678.1;SPXW  260924P07755000;77.7;78.1
2026-09-24 06:49;7760.0;7678.1;SPXW  260924P07760000;82.7;83.0
2026-09-24 06:49;7765.0;7678.1;SPXW  260924P07765000;87.6;88.0
2026-09-24 06:49;7770.0;7678.1;SPXW  260924P07770000;92.6;92.9
2026-09-24 06:49;7775.0;7678.1;SPXW  260924P07775000;97.6;97.9
2026-09-24 06:49;7780.0;7678.1;SPXW  260924P07780000;102.5;102.9
2026-09-24 06:49;7785.0;7678.1;SPXW  260924P07785000;107.5;107.9
2026-09-24 06:49;7790.0;7678.1;SPXW  260924P07790000;112.5;112.8
2026-09-24 06:49;7795.0;7678.1;SPXW  260924P07795000;117.3;118.0
2026-09-24 06:49;7800.0;7678.1;SPXW  260924P07800000;122.3;123.0
2026-09-24 06:49;7805.0;7678.1;SPXW  260924P07805000;127.3;128.0
2026-09-24 06:49;7810.0;7678.1;SPXW  260924P07810000;132.3;133.0
2026-09-24 06:49;7815.0;7678.1;SPXW  260924P07815000;137.3;138.0
2026-09-24 06:49;7820.0;7678.1;SPXW  260924P07820000;142.3;143.0
2026-09-24 06:49;7825.0;7678.1;SPXW  260924P07825000;147.2;148.0
2026-09-24 06:49;7830.0;7678.1;SPXW  260924P07830000;151.9;153.2
2026-09-24 06:49;7835.0;7678.1;SPXW  260924P07835000;156.9;158.3
2026-09-24 06:49;7840.0;7678.1;SPXW  260924P07840000;161.9;163.3
2026-09-24 06:49;7845.0;7678.1;SPXW  260924P07845000;166.9;168.3
2026-09-24 06:49;7850.0;7678.1;SPXW  260924P07850000;171.9;173.3
2026-09-24 06:49;7855.0;7678.1;SPXW  260924P07855000;176.9;178.3
2026-09-24 06:49;7860.0;7678.1;SPXW  260924P07860000;181.9;183.2
2026-09-24 06:49;7865.0;7678.1;SPXW  260924P07865000;186.9;188.2
2026-09-24 06:49;7870.0;7678.1;SPXW  260924P07870000;191.9;193.2
2026-09-24 06:49;7875.0;7678.1;SPXW  260924P07875000;196.9;198.2
2026-09-24 06:49;7880.0;7678.1;SPXW  260924P07880000;201.9;203.2
2026-09-24 06:49;7885.0;7678.1;SPXW  260924P07885000;206.9;208.2
2026-09-24 06:49;7890.0;7678.1;SPXW  260924P07890000;211.9;213.2
2026-09-24 06:49;7895.0;7678.1;SPXW  260924P07895000;216.9;218.2
2026-09-24 06:49;7900.0;7678.1;SPXW  260924P07900000;221.9;223.2
2026-09-24 06:49;7905.0;7678.1;SPXW  260924P07905000;217.3;235.9
2026-09-24 06:49;7910.0;7678.1;SPXW  260924P07910000;231.9;233.2
2026-09-24 06:49;7915.0;7678.1;SPXW  260924P07915000;236.9;238.2
2026-09-24 06:49;7920.0;7678.1;SPXW  260924P07920000;241.9;243.2
2026-09-24 06:49;7925.0;7678.1;SPXW  260924P07925000;237.3;255.9
2026-09-24 06:53;7430.0;7679.91;SPXW  260924C07430000;250.0;250.7
2026-09-24 06:53;7435.0;7679.91;SPXW  260924C07435000;245.0;245.7
2026-09-24 06:53;7440.0;7679.91;SPXW  260924C07440000;240.0;240.7
2026-09-24 06:53;7445.0;7679.91;SPXW  260924C07445000;235.0;235.7
2026-09-24 06:53;7450.0;7679.91;SPXW  260924C07450000;230.0;230.7
2026-09-24 06:53;7455.0;7679.91;SPXW  260924C07455000;225.1;225.8
2026-09-24 06:53;7460.0;7679.91;SPXW  260924C07460000;220.2;220.8
2026-09-24 06:53;7465.0;7679.91;SPXW  260924C07465000;215.2;215.8
2026-09-24 06:53;7470.0;7679.91;SPXW  260924C07470000;210.2;210.9
2026-09-24 06:53;7475.0;7679.91;SPXW  260924C07475000;205.2;205.9
2026-09-24 06:53;7480.0;7679.91;SPXW  260924C07480000;200.2;200.9
2026-09-24 06:53;7485.0;7679.91;SPXW  260924C07485000;195.2;195.9
2026-09-24 06:53;7490.0;7679.91;SPXW  260924C07490000;190.2;190.9
2026-09-24 06:53;7495.0;7679.91;SPXW  260924C07495000;185.2;185.9
2026-09-24 06:53;7500.0;7679.91;SPXW  260924C07500000;180.2;180.9
2026-09-24 06:53;7505.0;7679.91;SPXW  260924C07505000;175.2;175.9
2026-09-24 06:53;7510.0;7679.91;SPXW  260924C07510000;170.2;170.9
2026-09-24 06:53;7515.0;7679.91;SPXW  260924C07515000;165.2;165.8
2026-09-24 06:53;7520.0;7679.91;SPXW  260924C07520000;160.2;160.8
2026-09-24 06:53;7525.0;7679.91;SPXW  260924C07525000;155.2;155.8
2026-09-24 06:53;7530.0;7679.91;SPXW  260924C07530000;150.1;150.8
2026-09-24 06:53;7535.0;7679.91;SPXW  260924C07535000;145.4;145.7
2026-09-24 06:53;7540.0;7679.91;SPXW  260924C07540000;140.4;140.8
2026-09-24 06:53;7545.0;7679.91;SPXW  260924C07545000;135.4;135.8
2026-09-24 06:53;7550.0;7679.91;SPXW  260924C07550000;130.4;130.8
2026-09-24 06:53;7555.0;7679.91;SPXW  260924C07555000;125.4;125.8
2026-09-24 06:53;7560.0;7679.91;SPXW  260924C07560000;120.4;120.8
2026-09-24 06:53;7565.0;7679.91;SPXW  260924C07565000;115.5;115.8
2026-09-24 06:53;7570.0;7679.91;SPXW  260924C07570000;110.5;110.8
2026-09-24 06:53;7575.0;7679.91;SPXW  260924C07575000;105.5;105.9
2026-09-24 06:53;7580.0;7679.91;SPXW  260924C07580000;100.5;100.9
2026-09-24 06:53;7585.0;7679.91;SPXW  260924C07585000;95.6;95.9
2026-09-24 06:53;7590.0;7679.91;SPXW  260924C07590000;90.6;91.0
2026-09-24 06:53;7595.0;7679.91;SPXW  260924C07595000;85.7;86.0
2026-09-24 06:53;7600.0;7679.91;SPXW  260924C07600000;80.8;81.1
2026-09-24 06:53;7605.0;7679.91;SPXW  260924C07605000;75.9;76.2
2026-09-24 06:53;7610.0;7679.91;SPXW  260924C07610000;71.0;71.3
2026-09-24 06:53;7615.0;7679.91;SPXW  260924C07615000;66.1;66.5
2026-09-24 06:53;7620.0;7679.91;SPXW  260924C07620000;61.4;61.6
2026-09-24 06:53;7625.0;7679.91;SPXW  260924C07625000;56.7;56.9
2026-09-24 06:53;7630.0;7679.91;SPXW  260924C07630000;52.0;52.2
2026-09-24 06:53;7635.0;7679.91;SPXW  260924C07635000;47.3;47.6
2026-09-24 06:53;7640.0;7679.91;SPXW  260924C07640000;42.8;43.1
2026-09-24 06:53;7645.0;7679.91;SPXW  260924C07645000;38.4;38.6
2026-09-24 06:53;7650.0;7679.91;SPXW  260924C07650000;34.2;34.4
2026-09-24 06:53;7655.0;7679.91;SPXW  260924C07655000;30.1;30.3
2026-09-24 06:53;7660.0;7679.91;SPXW  260924C07660000;26.1;26.3
2026-09-24 06:53;7665.0;7679.91;SPXW  260924C07665000;22.5;22.7
2026-09-24 06:53;7670.0;7679.91;SPXW  260924C07670000;19.1;19.2
2026-09-24 06:53;7675.0;7679.91;SPXW  260924C07675000;15.9;16.1
2026-09-24 06:53;7680.0;7679.91;SPXW  260924C07680000;13.1;13.3
2026-09-24 06:53;7685.0;7679.91;SPXW  260924C07685000;10.6;10.8
2026-09-24 06:53;7690.0;7679.91;SPXW  260924C07690000;8.5;8.6
2026-09-24 06:53;7695.0;7679.91;SPXW  260924C07695000;6.7;6.8
2026-09-24 06:53;7700.0;7679.91;SPXW  260924C07700000;5.2;5.3
2026-09-24 06:53;7705.0;7679.91;SPXW  260924C07705000;4.0;4.1
2026-09-24 06:53;7710.0;7679.91;SPXW  260924C07710000;3.1;3.2
2026-09-24 06:53;7715.0;7679.91;SPXW  260924C07715000;2.4;2.45
2026-09-24 06:53;7720.0;7679.91;SPXW  260924C07720000;1.8;1.9
2026-09-24 06:53;7725.0;7679.91;SPXW  260924C07725000;1.4;1.45
2026-09-24 06:53;7730.0;7679.91;SPXW  260924C07730000;1.1;1.15
2026-09-24 06:53;7735.0;7679.91;SPXW  260924C07735000;0.9;0.95
2026-09-24 06:53;7740.0;7679.91;SPXW  260924C07740000;0.7;0.75
2026-09-24 06:53;7745.0;7679.91;SPXW  260924C07745000;0.6;0.65
2026-09-24 06:53;7750.0;7679.91;SPXW  260924C07750000;0.5;0.55
2026-09-24 06:53;7755.0;7679.91;SPXW  260924C07755000;0.4;0.45
2026-09-24 06:53;7760.0;7679.91;SPXW  260924C07760000;0.35;0.4
2026-09-24 06:53;7765.0;7679.91;SPXW  260924C07765000;0.3;0.35
2026-09-24 06:53;7770.0;7679.91;SPXW  260924C07770000;0.25;0.35
2026-09-24 06:53;7775.0;7679.91;SPXW  260924C07775000;0.25;0.3
2026-09-24 06:53;7780.0;7679.91;SPXW  260924C07780000;0.2;0.3
2026-09-24 06:53;7785.0;7679.91;SPXW  260924C07785000;0.2;0.25
2026-09-24 06:53;7790.0;7679.91;SPXW  260924C07790000;0.2;0.25
2026-09-24 06:53;7795.0;7679.91;SPXW  260924C07795000;0.15;0.2
2026-09-24 06:53;7800.0;7679.91;SPXW  260924C07800000;0.15;0.2
2026-09-24 06:53;7805.0;7679.91;SPXW  260924C07805000;0.15;0.2
2026-09-24 06:53;7810.0;7679.91;SPXW  260924C07810000;0.1;0.15
2026-09-24 06:53;7815.0;7679.91;SPXW  260924C07815000;0.1;0.15
2026-09-24 06:53;7820.0;7679.91;SPXW  260924C07820000;0.1;0.15
2026-09-24 06:53;7825.0;7679.91;SPXW  260924C07825000;0.1;0.15
2026-09-24 06:53;7830.0;7679.91;SPXW  260924C07830000;0.1;0.15
2026-09-24 06:53;7835.0;7679.91;SPXW  260924C07835000;0.1;0.15
2026-09-24 06:53;7840.0;7679.91;SPXW  260924C07840000;0.05;0.1
2026-09-24 06:53;7845.0;7679.91;SPXW  260924C07845000;0.05;0.1
2026-09-24 06:53;7850.0;7679.91;SPXW  260924C07850000;0.05;0.1
2026-09-24 06:53;7855.0;7679.91;SPXW  260924C07855000;0.05;0.1
2026-09-24 06:53;7860.0;7679.91;SPXW  260924C07860000;0.05;0.1
2026-09-24 06:53;7865.0;7679.91;SPXW  260924C07865000;0.05;0.1
2026-09-24 06:53;7870.0;7679.91;SPXW  260924C07870000;0.05;0.1
2026-09-24 06:53;7875.0;7679.91;SPXW  260924C07875000;0.05;0.1
2026-09-24 06:53;7880.0;7679.91;SPXW  260924C07880000;0.05;0.1
2026-09-24 06:53;7885.0;7679.91;SPXW  260924C07885000;0.05;0.1
2026-09-24 06:53;7890.0;7679.91;SPXW  260924C07890000;0.05;0.1
2026-09-24 06:53;7895.0;7679.91;SPXW  260924C07895000;0.05;0.1
2026-09-24 06:53;7900.0;7679.91;SPXW  260924C07900000;0.05;0.1
2026-09-24 06:53;7905.0;7679.91;SPXW  260924C07905000;0.05;0.1
2026-09-24 06:53;7910.0;7679.91;SPXW  260924C07910000;0.05;0.1
2026-09-24 06:53;7915.0;7679.91;SPXW  260924C07915000;0.05;0.1
2026-09-24 06:53;7920.0;7679.91;SPXW  260924C07920000;0.0;0.05
2026-09-24 06:53;7925.0;7679.91;SPXW  260924C07925000;0.0;0.05
2026-09-24 06:53;7430.0;7679.91;SPXW  260924P07430000;0.05;0.1
2026-09-24 06:53;7435.0;7679.91;SPXW  260924P07435000;0.05;0.1
2026-09-24 06:53;7440.0;7679.91;SPXW  260924P07440000;0.1;0.15
2026-09-24 06:53;7445.0;7679.91;SPXW  260924P07445000;0.1;0.15
2026-09-24 06:53;7450.0;7679.91;SPXW  260924P07450000;0.1;0.15
2026-09-24 06:53;7455.0;7679.91;SPXW  260924P07455000;0.1;0.15
2026-09-24 06:53;7460.0;7679.91;SPXW  260924P07460000;0.1;0.15
2026-09-24 06:53;7465.0;7679.91;SPXW  260924P07465000;0.1;0.15
2026-09-24 06:53;7470.0;7679.91;SPXW  260924P07470000;0.1;0.15
2026-09-24 06:53;7475.0;7679.91;SPXW  260924P07475000;0.1;0.15
2026-09-24 06:53;7480.0;7679.91;SPXW  260924P07480000;0.1;0.15
2026-09-24 06:53;7485.0;7679.91;SPXW  260924P07485000;0.1;0.15
2026-09-24 06:53;7490.0;7679.91;SPXW  260924P07490000;0.1;0.15
2026-09-24 06:53;7495.0;7679.91;SPXW  260924P07495000;0.1;0.15
2026-09-24 06:53;7500.0;7679.91;SPXW  260924P07500000;0.1;0.2
2026-09-24 06:53;7505.0;7679.91;SPXW  260924P07505000;0.15;0.2
2026-09-24 06:53;7510.0;7679.91;SPXW  260924P07510000;0.15;0.2
2026-09-24 06:53;7515.0;7679.91;SPXW  260924P07515000;0.15;0.2
2026-09-24 06:53;7520.0;7679.91;SPXW  260924P07520000;0.15;0.2
2026-09-24 06:53;7525.0;7679.91;SPXW  260924P07525000;0.15;0.2
2026-09-24 06:53;7530.0;7679.91;SPXW  260924P07530000;0.15;0.2
2026-09-24 06:53;7535.0;7679.91;SPXW  260924P07535000;0.15;0.2
2026-09-24 06:53;7540.0;7679.91;SPXW  260924P07540000;0.2;0.25
2026-09-24 06:53;7545.0;7679.91;SPXW  260924P07545000;0.2;0.25
2026-09-24 06:53;7550.0;7679.91;SPXW  260924P07550000;0.2;0.25
2026-09-24 06:53;7555.0;7679.91;SPXW  260924P07555000;0.2;0.25
2026-09-24 06:53;7560.0;7679.91;SPXW  260924P07560000;0.2;0.25
2026-09-24 06:53;7565.0;7679.91;SPXW  260924P07565000;0.25;0.3
2026-09-24 06:53;7570.0;7679.91;SPXW  260924P07570000;0.25;0.3
2026-09-24 06:53;7575.0;7679.91;SPXW  260924P07575000;0.3;0.35
2026-09-24 06:53;7580.0;7679.91;SPXW  260924P07580000;0.3;0.35
2026-09-24 06:53;7585.0;7679.91;SPXW  260924P07585000;0.35;0.4
2026-09-24 06:53;7590.0;7679.91;SPXW  260924P07590000;0.4;0.45
2026-09-24 06:53;7595.0;7679.91;SPXW  260924P07595000;0.45;0.5
2026-09-24 06:53;7600.0;7679.91;SPXW  260924P07600000;0.55;0.6
2026-09-24 06:53;7605.0;7679.91;SPXW  260924P07605000;0.65;0.7
2026-09-24 06:53;7610.0;7679.91;SPXW  260924P07610000;0.75;0.8
2026-09-24 06:53;7615.0;7679.91;SPXW  260924P07615000;0.95;1.0
2026-09-24 06:53;7620.0;7679.91;SPXW  260924P07620000;1.1;1.2
2026-09-24 06:53;7625.0;7679.91;SPXW  260924P07625000;1.4;1.45
2026-09-24 06:53;7630.0;7679.91;SPXW  260924P07630000;1.7;1.75
2026-09-24 06:53;7635.0;7679.91;SPXW  260924P07635000;2.1;2.15
2026-09-24 06:53;7640.0;7679.91;SPXW  260924P07640000;2.6;2.65
2026-09-24 06:53;7645.0;7679.91;SPXW  260924P07645000;3.2;3.3
2026-09-24 06:53;7650.0;7679.91;SPXW  260924P07650000;3.9;4.0
2026-09-24 06:53;7655.0;7679.91;SPXW  260924P07655000;4.8;4.9
2026-09-24 06:53;7660.0;7679.91;SPXW  260924P07660000;5.9;6.0
2026-09-24 06:53;7665.0;7679.91;SPXW  260924P07665000;7.2;7.4
2026-09-24 06:53;7670.0;7679.91;SPXW  260924P07670000;8.8;8.9
2026-09-24 06:53;7675.0;7679.91;SPXW  260924P07675000;10.7;10.8
2026-09-24 06:53;7680.0;7679.91;SPXW  260924P07680000;12.9;13.1
2026-09-24 06:53;7685.0;7679.91;SPXW  260924P07685000;15.5;15.6
2026-09-24 06:53;7690.0;7679.91;SPXW  260924P07690000;18.3;18.5
2026-09-24 06:53;7695.0;7679.91;SPXW  260924P07695000;21.5;21.7
2026-09-24 06:53;7700.0;7679.91;SPXW  260924P07700000;25.0;25.3
2026-09-24 06:53;7705.0;7679.91;SPXW  260924P07705000;28.8;29.1
2026-09-24 06:53;7710.0;7679.91;SPXW  260924P07710000;32.9;33.2
2026-09-24 06:53;7715.0;7679.91;SPXW  260924P07715000;37.2;37.4
2026-09-24 06:53;7720.0;7679.91;SPXW  260924P07720000;41.6;41.9
2026-09-24 06:53;7725.0;7679.91;SPXW  260924P07725000;46.0;46.6
2026-09-24 06:53;7730.0;7679.91;SPXW  260924P07730000;50.8;51.3
2026-09-24 06:53;7735.0;7679.91;SPXW  260924P07735000;55.6;56.0
2026-09-24 06:53;7740.0;7679.91;SPXW  260924P07740000;60.3;60.9
2026-09-24 06:53;7745.0;7679.91;SPXW  260924P07745000;65.3;65.8
2026-09-24 06:53;7750.0;7679.91;SPXW  260924P07750000;70.2;70.7
2026-09-24 06:53;7755.0;7679.91;SPXW  260924P07755000;75.0;75.6
2026-09-24 06:53;7760.0;7679.91;SPXW  260924P07760000;79.9;80.5
2026-09-24 06:53;7765.0;7679.91;SPXW  260924P07765000;85.0;85.5
2026-09-24 06:53;7770.0;7679.91;SPXW  260924P07770000;90.0;90.5
2026-09-24 06:53;7775.0;7679.91;SPXW  260924P07775000;94.9;95.4
2026-09-24 06:53;7780.0;7679.91;SPXW  260924P07780000;99.8;100.4
2026-09-24 06:53;7785.0;7679.91;SPXW  260924P07785000;104.9;105.4
2026-09-24 06:53;7790.0;7679.91;SPXW  260924P07790000;109.9;110.4
2026-09-24 06:53;7795.0;7679.91;SPXW  260924P07795000;114.7;115.8
2026-09-24 06:53;7800.0;7679.91;SPXW  260924P07800000;119.8;120.7
2026-09-24 06:53;7805.0;7679.91;SPXW  260924P07805000;124.8;125.7
2026-09-24 06:53;7810.0;7679.91;SPXW  260924P07810000;129.8;130.7
2026-09-24 06:53;7815.0;7679.91;SPXW  260924P07815000;134.8;135.7
2026-09-24 06:53;7820.0;7679.91;SPXW  260924P07820000;139.8;140.7
2026-09-24 06:53;7825.0;7679.91;SPXW  260924P07825000;144.8;145.7
2026-09-24 06:53;7830.0;7679.91;SPXW  260924P07830000;149.8;150.7
2026-09-24 06:53;7835.0;7679.91;SPXW  260924P07835000;154.4;155.7
2026-09-24 06:53;7840.0;7679.91;SPXW  260924P07840000;159.4;160.7
2026-09-24 06:53;7845.0;7679.91;SPXW  260924P07845000;164.4;165.7
2026-09-24 06:53;7850.0;7679.91;SPXW  260924P07850000;169.4;170.7
2026-09-24 06:53;7855.0;7679.91;SPXW  260924P07855000;174.4;175.7
2026-09-24 06:53;7860.0;7679.91;SPXW  260924P07860000;179.3;180.7
2026-09-24 06:53;7865.0;7679.91;SPXW  260924P07865000;184.3;185.7
2026-09-24 06:53;7870.0;7679.91;SPXW  260924P07870000;189.3;190.7
2026-09-24 06:53;7875.0;7679.91;SPXW  260924P07875000;194.3;195.6
2026-09-24 06:53;7880.0;7679.91;SPXW  260924P07880000;199.3;200.6
2026-09-24 06:53;7885.0;7679.91;SPXW  260924P07885000;204.3;205.6
2026-09-24 06:53;7890.0;7679.91;SPXW  260924P07890000;209.3;210.6
2026-09-24 06:53;7895.0;7679.91;SPXW  260924P07895000;214.3;215.6
2026-09-24 06:53;7900.0;7679.91;SPXW  260924P07900000;219.3;220.6
2026-09-24 06:53;7905.0;7679.91;SPXW  260924P07905000;224.3;225.6
2026-09-24 06:53;7910.0;7679.91;SPXW  260924P07910000;229.3;230.6
2026-09-24 06:53;7915.0;7679.91;SPXW  260924P07915000;234.3;235.6
2026-09-24 06:53;7920.0;7679.91;SPXW  260924P07920000;239.3;240.6
2026-09-24 06:53;7925.0;7679.91;SPXW  260924P07925000;235.1;255.8
2026-09-24 06:58;7435.0;7681.72;SPXW  260924C07435000;246.4;247.1
2026-09-24 06:58;7440.0;7681.72;SPXW  260924C07440000;241.4;242.1
2026-09-24 06:58;7445.0;7681.72;SPXW  260924C07445000;236.4;237.1
2026-09-24 06:58;7450.0;7681.72;SPXW  260924C07450000;231.4;232.1
2026-09-24 06:58;7455.0;7681.72;SPXW  260924C07455000;226.5;227.1
2026-09-24 06:58;7460.0;7681.72;SPXW  260924C07460000;221.5;222.1
2026-09-24 06:58;7465.0;7681.72;SPXW  260924C07465000;216.5;217.1
2026-09-24 06:58;7470.0;7681.72;SPXW  260924C07470000;211.5;212.1
2026-09-24 06:58;7475.0;7681.72;SPXW  260924C07475000;206.5;207.1
2026-09-24 06:58;7480.0;7681.72;SPXW  260924C07480000;201.5;202.1
2026-09-24 06:58;7485.0;7681.72;SPXW  260924C07485000;196.5;197.1
2026-09-24 06:58;7490.0;7681.72;SPXW  260924C07490000;191.5;192.1
2026-09-24 06:58;7495.0;7681.72;SPXW  260924C07495000;186.5;187.1
2026-09-24 06:58;7500.0;7681.72;SPXW  260924C07500000;181.5;182.1
2026-09-24 06:58;7505.0;7681.72;SPXW  260924C07505000;176.5;177.2
2026-09-24 06:58;7510.0;7681.72;SPXW  260924C07510000;171.5;172.2
2026-09-24 06:58;7515.0;7681.72;SPXW  260924C07515000;166.5;167.2
2026-09-24 06:58;7520.0;7681.72;SPXW  260924C07520000;161.5;162.2
2026-09-24 06:58;7525.0;7681.72;SPXW  260924C07525000;156.5;157.2
2026-09-24 06:58;7530.0;7681.72;SPXW  260924C07530000;151.5;152.2
2026-09-24 06:58;7535.0;7681.72;SPXW  260924C07535000;146.6;147.0
2026-09-24 06:58;7540.0;7681.72;SPXW  260924C07540000;141.6;142.0
2026-09-24 06:58;7545.0;7681.72;SPXW  260924C07545000;136.6;137.0
2026-09-24 06:58;7550.0;7681.72;SPXW  260924C07550000;131.6;132.0
2026-09-24 06:58;7555.0;7681.72;SPXW  260924C07555000;126.6;127.0
2026-09-24 06:58;7560.0;7681.72;SPXW  260924C07560000;121.6;122.0
2026-09-24 06:58;7565.0;7681.72;SPXW  260924C07565000;116.7;117.0
2026-09-24 06:58;7570.0;7681.72;SPXW  260924C07570000;111.7;112.1
2026-09-24 06:58;7575.0;7681.72;SPXW  260924C07575000;106.7;107.1
2026-09-24 06:58;7580.0;7681.72;SPXW  260924C07580000;101.7;102.1
2026-09-24 06:58;7585.0;7681.72;SPXW  260924C07585000;96.8;97.1
2026-09-24 06:58;7590.0;7681.72;SPXW  260924C07590000;91.8;92.2
2026-09-24 06:58;7595.0;7681.72;SPXW  260924C07595000;86.9;87.2
2026-09-24 06:58;7600.0;7681.72;SPXW  260924C07600000;82.0;82.3
2026-09-24 06:58;7605.0;7681.72;SPXW  260924C07605000;77.0;77.4
2026-09-24 06:58;7610.0;7681.72;SPXW  260924C07610000;72.2;72.5
2026-09-24 06:58;7615.0;7681.72;SPXW  260924C07615000;67.3;67.7
2026-09-24 06:58;7620.0;7681.72;SPXW  260924C07620000;62.5;62.9
2026-09-24 06:58;7625.0;7681.72;SPXW  260924C07625000;57.7;58.1
2026-09-24 06:58;7630.0;7681.72;SPXW  260924C07630000;53.0;53.4
2026-09-24 06:58;7635.0;7681.72;SPXW  260924C07635000;48.4;48.8
2026-09-24 06:58;7640.0;7681.72;SPXW  260924C07640000;43.9;44.2
2026-09-24 06:58;7645.0;7681.72;SPXW  260924C07645000;39.4;39.8
2026-09-24 06:58;7650.0;7681.72;SPXW  260924C07650000;35.2;35.4
2026-09-24 06:58;7655.0;7681.72;SPXW  260924C07655000;31.0;31.3
2026-09-24 06:58;7660.0;7681.72;SPXW  260924C07660000;27.1;27.3
2026-09-24 06:58;7665.0;7681.72;SPXW  260924C07665000;23.3;23.5
2026-09-24 06:58;7670.0;7681.72;SPXW  260924C07670000;19.8;20.0
2026-09-24 06:58;7675.0;7681.72;SPXW  260924C07675000;16.6;16.8
2026-09-24 06:58;7680.0;7681.72;SPXW  260924C07680000;13.7;13.8
2026-09-24 06:58;7685.0;7681.72;SPXW  260924C07685000;11.1;11.3
2026-09-24 06:58;7690.0;7681.72;SPXW  260924C07690000;8.9;9.0
2026-09-24 06:58;7695.0;7681.72;SPXW  260924C07695000;7.1;7.2
2026-09-24 06:58;7700.0;7681.72;SPXW  260924C07700000;5.5;5.6
2026-09-24 06:58;7705.0;7681.72;SPXW  260924C07705000;4.3;4.4
2026-09-24 06:58;7710.0;7681.72;SPXW  260924C07710000;3.3;3.4
2026-09-24 06:58;7715.0;7681.72;SPXW  260924C07715000;2.5;2.55
2026-09-24 06:58;7720.0;7681.72;SPXW  260924C07720000;1.9;2.0
2026-09-24 06:58;7725.0;7681.72;SPXW  260924C07725000;1.5;1.55
2026-09-24 06:58;7730.0;7681.72;SPXW  260924C07730000;1.15;1.2
2026-09-24 06:58;7735.0;7681.72;SPXW  260924C07735000;0.9;0.95
2026-09-24 06:58;7740.0;7681.72;SPXW  260924C07740000;0.75;0.8
2026-09-24 06:58;7745.0;7681.72;SPXW  260924C07745000;0.6;0.65
2026-09-24 06:58;7750.0;7681.72;SPXW  260924C07750000;0.5;0.55
2026-09-24 06:58;7755.0;7681.72;SPXW  260924C07755000;0.4;0.5
2026-09-24 06:58;7760.0;7681.72;SPXW  260924C07760000;0.35;0.4
2026-09-24 06:58;7765.0;7681.72;SPXW  260924C07765000;0.3;0.35
2026-09-24 06:58;7770.0;7681.72;SPXW  260924C07770000;0.3;0.35
2026-09-24 06:58;7775.0;7681.72;SPXW  260924C07775000;0.25;0.3
2026-09-24 06:58;7780.0;7681.72;SPXW  260924C07780000;0.2;0.25
2026-09-24 06:58;7785.0;7681.72;SPXW  260924C07785000;0.2;0.25
2026-09-24 06:58;7790.0;7681.72;SPXW  260924C07790000;0.15;0.25
2026-09-24 06:58;7795.0;7681.72;SPXW  260924C07795000;0.15;0.2
2026-09-24 06:58;7800.0;7681.72;SPXW  260924C07800000;0.15;0.2
2026-09-24 06:58;7805.0;7681.72;SPXW  260924C07805000;0.1;0.15
2026-09-24 06:58;7810.0;7681.72;SPXW  260924C07810000;0.1;0.15
2026-09-24 06:58;7815.0;7681.72;SPXW  260924C07815000;0.1;0.15
2026-09-24 06:58;7820.0;7681.72;SPXW  260924C07820000;0.1;0.15
2026-09-24 06:58;7825.0;7681.72;SPXW  260924C07825000;0.1;0.15
2026-09-24 06:58;7830.0;7681.72;SPXW  260924C07830000;0.1;0.15
2026-09-24 06:58;7835.0;7681.72;SPXW  260924C07835000;0.1;0.15
2026-09-24 06:58;7840.0;7681.72;SPXW  260924C07840000;0.05;0.1
2026-09-24 06:58;7845.0;7681.72;SPXW  260924C07845000;0.05;0.1
2026-09-24 06:58;7850.0;7681.72;SPXW  260924C07850000;0.05;0.1
2026-09-24 06:58;7855.0;7681.72;SPXW  260924C07855000;0.05;0.1
2026-09-24 06:58;7860.0;7681.72;SPXW  260924C07860000;0.05;0.1
2026-09-24 06:58;7865.0;7681.72;SPXW  260924C07865000;0.05;0.1
2026-09-24 06:58;7870.0;7681.72;SPXW  260924C07870000;0.05;0.1
2026-09-24 06:58;7875.0;7681.72;SPXW  260924C07875000;0.05;0.1
2026-09-24 06:58;7880.0;7681.72;SPXW  260924C07880000;0.05;0.1
2026-09-24 06:58;7885.0;7681.72;SPXW  260924C07885000;0.05;0.1
2026-09-24 06:58;7890.0;7681.72;SPXW  260924C07890000;0.05;0.1
2026-09-24 06:58;7895.0;7681.72;SPXW  260924C07895000;0.05;0.1
2026-09-24 06:58;7900.0;7681.72;SPXW  260924C07900000;0.05;0.1
2026-09-24 06:58;7905.0;7681.72;SPXW  260924C07905000;0.05;0.1
2026-09-24 06:58;7910.0;7681.72;SPXW  260924C07910000;0.05;0.1
2026-09-24 06:58;7915.0;7681.72;SPXW  260924C07915000;0.05;0.1
2026-09-24 06:58;7920.0;7681.72;SPXW  260924C07920000;0.0;0.05
2026-09-24 06:58;7925.0;7681.72;SPXW  260924C07925000;0.0;0.05
2026-09-24 06:58;7930.0;7681.72;SPXW  260924C07930000;0.0;0.05
2026-09-24 06:58;7435.0;7681.72;SPXW  260924P07435000;0.05;0.1
2026-09-24 06:58;7440.0;7681.72;SPXW  260924P07440000;0.1;0.15
2026-09-24 06:58;7445.0;7681.72;SPXW  260924P07445000;0.1;0.15
2026-09-24 06:58;7450.0;7681.72;SPXW  260924P07450000;0.1;0.15
2026-09-24 06:58;7455.0;7681.72;SPXW  260924P07455000;0.1;0.15
2026-09-24 06:58;7460.0;7681.72;SPXW  260924P07460000;0.1;0.15
2026-09-24 06:58;7465.0;7681.72;SPXW  260924P07465000;0.1;0.15
2026-09-24 06:58;7470.0;7681.72;SPXW  260924P07470000;0.1;0.15
2026-09-24 06:58;7475.0;7681.72;SPXW  260924P07475000;0.1;0.15
2026-09-24 06:58;7480.0;7681.72;SPXW  260924P07480000;0.1;0.15
2026-09-24 06:58;7485.0;7681.72;SPXW  260924P07485000;0.1;0.15
2026-09-24 06:58;7490.0;7681.72;SPXW  260924P07490000;0.1;0.15
2026-09-24 06:58;7495.0;7681.72;SPXW  260924P07495000;0.1;0.2
2026-09-24 06:58;7500.0;7681.72;SPXW  260924P07500000;0.15;0.2
2026-09-24 06:58;7505.0;7681.72;SPXW  260924P07505000;0.15;0.2
2026-09-24 06:58;7510.0;7681.72;SPXW  260924P07510000;0.15;0.2
2026-09-24 06:58;7515.0;7681.72;SPXW  260924P07515000;0.15;0.2
2026-09-24 06:58;7520.0;7681.72;SPXW  260924P07520000;0.15;0.2
2026-09-24 06:58;7525.0;7681.72;SPXW  260924P07525000;0.15;0.2
2026-09-24 06:58;7530.0;7681.72;SPXW  260924P07530000;0.15;0.2
2026-09-24 06:58;7535.0;7681.72;SPXW  260924P07535000;0.15;0.2
2026-09-24 06:58;7540.0;7681.72;SPXW  260924P07540000;0.15;0.25
2026-09-24 06:58;7545.0;7681.72;SPXW  260924P07545000;0.2;0.25
2026-09-24 06:58;7550.0;7681.72;SPXW  260924P07550000;0.2;0.25
2026-09-24 06:58;7555.0;7681.72;SPXW  260924P07555000;0.2;0.25
2026-09-24 06:58;7560.0;7681.72;SPXW  260924P07560000;0.2;0.3
2026-09-24 06:58;7565.0;7681.72;SPXW  260924P07565000;0.25;0.3
2026-09-24 06:58;7570.0;7681.72;SPXW  260924P07570000;0.25;0.3
2026-09-24 06:58;7575.0;7681.72;SPXW  260924P07575000;0.3;0.35
2026-09-24 06:58;7580.0;7681.72;SPXW  260924P07580000;0.3;0.35
2026-09-24 06:58;7585.0;7681.72;SPXW  260924P07585000;0.35;0.4
2026-09-24 06:58;7590.0;7681.72;SPXW  260924P07590000;0.4;0.45
2026-09-24 06:58;7595.0;7681.72;SPXW  260924P07595000;0.45;0.5
2026-09-24 06:58;7600.0;7681.72;SPXW  260924P07600000;0.55;0.6
2026-09-24 06:58;7605.0;7681.72;SPXW  260924P07605000;0.6;0.7
2026-09-24 06:58;7610.0;7681.72;SPXW  260924P07610000;0.75;0.8
2026-09-24 06:58;7615.0;7681.72;SPXW  260924P07615000;0.9;0.95
2026-09-24 06:58;7620.0;7681.72;SPXW  260924P07620000;1.1;1.15
2026-09-24 06:58;7625.0;7681.72;SPXW  260924P07625000;1.3;1.35
2026-09-24 06:58;7630.0;7681.72;SPXW  260924P07630000;1.6;1.7
2026-09-24 06:58;7635.0;7681.72;SPXW  260924P07635000;2.0;2.05
2026-09-24 06:58;7640.0;7681.72;SPXW  260924P07640000;2.45;2.5
2026-09-24 06:58;7645.0;7681.72;SPXW  260924P07645000;3.0;3.1
2026-09-24 06:58;7650.0;7681.72;SPXW  260924P07650000;3.7;3.8
2026-09-24 06:58;7655.0;7681.72;SPXW  260924P07655000;4.6;4.7
2026-09-24 06:58;7660.0;7681.72;SPXW  260924P07660000;5.6;5.7
2026-09-24 06:58;7665.0;7681.72;SPXW  260924P07665000;6.8;7.0
2026-09-24 06:58;7670.0;7681.72;SPXW  260924P07670000;8.3;8.5
2026-09-24 06:58;7675.0;7681.72;SPXW  260924P07675000;10.1;10.2
2026-09-24 06:58;7680.0;7681.72;SPXW  260924P07680000;12.2;12.3
2026-09-24 06:58;7685.0;7681.72;SPXW  260924P07685000;14.6;14.8
2026-09-24 06:58;7690.0;7681.72;SPXW  260924P07690000;17.4;17.6
2026-09-24 06:58;7695.0;7681.72;SPXW  260924P07695000;20.5;20.7
2026-09-24 06:58;7700.0;7681.72;SPXW  260924P07700000;23.9;24.2
2026-09-24 06:58;7705.0;7681.72;SPXW  260924P07705000;27.7;27.9
2026-09-24 06:58;7710.0;7681.72;SPXW  260924P07710000;31.7;31.9
2026-09-24 06:58;7715.0;7681.72;SPXW  260924P07715000;35.9;36.2
2026-09-24 06:58;7720.0;7681.72;SPXW  260924P07720000;40.3;40.6
2026-09-24 06:58;7725.0;7681.72;SPXW  260924P07725000;44.8;45.2
2026-09-24 06:58;7730.0;7681.72;SPXW  260924P07730000;49.5;49.9
2026-09-24 06:58;7735.0;7681.72;SPXW  260924P07735000;54.3;54.6
2026-09-24 06:58;7740.0;7681.72;SPXW  260924P07740000;59.1;59.5
2026-09-24 06:58;7745.0;7681.72;SPXW  260924P07745000;64.0;64.3
2026-09-24 06:58;7750.0;7681.72;SPXW  260924P07750000;68.9;69.2
2026-09-24 06:58;7755.0;7681.72;SPXW  260924P07755000;73.8;74.2
2026-09-24 06:58;7760.0;7681.72;SPXW  260924P07760000;78.7;79.1
2026-09-24 06:58;7765.0;7681.72;SPXW  260924P07765000;83.7;84.0
2026-09-24 06:58;7770.0;7681.72;SPXW  260924P07770000;88.6;89.0
2026-09-24 06:58;7775.0;7681.72;SPXW  260924P07775000;93.6;94.0
2026-09-24 06:58;7780.0;7681.72;SPXW  260924P07780000;98.6;98.9
2026-09-24 06:58;7785.0;7681.72;SPXW  260924P07785000;103.6;103.9
2026-09-24 06:58;7790.0;7681.72;SPXW  260924P07790000;108.5;108.9
2026-09-24 06:58;7795.0;7681.72;SPXW  260924P07795000;113.1;113.9
2026-09-24 06:58;7800.0;7681.72;SPXW  260924P07800000;118.1;119.0
2026-09-24 06:58;7805.0;7681.72;SPXW  260924P07805000;123.1;124.0
2026-09-24 06:58;7810.0;7681.72;SPXW  260924P07810000;128.1;128.9
2026-09-24 06:58;7815.0;7681.72;SPXW  260924P07815000;133.1;133.9
2026-09-24 06:58;7820.0;7681.72;SPXW  260924P07820000;138.1;138.9
2026-09-24 06:58;7825.0;7681.72;SPXW  260924P07825000;143.1;143.9
2026-09-24 06:58;7830.0;7681.72;SPXW  260924P07830000;148.0;149.2
2026-09-24 06:58;7835.0;7681.72;SPXW  260924P07835000;152.9;154.2
2026-09-24 06:58;7840.0;7681.72;SPXW  260924P07840000;157.9;159.2
2026-09-24 06:58;7845.0;7681.72;SPXW  260924P07845000;162.9;164.2
2026-09-24 06:58;7850.0;7681.72;SPXW  260924P07850000;167.9;169.2
2026-09-24 06:58;7855.0;7681.72;SPXW  260924P07855000;172.8;174.2
2026-09-24 06:58;7860.0;7681.72;SPXW  260924P07860000;177.8;179.2
2026-09-24 06:58;7865.0;7681.72;SPXW  260924P07865000;182.8;184.2
2026-09-24 06:58;7870.0;7681.72;SPXW  260924P07870000;187.9;189.2
2026-09-24 06:58;7875.0;7681.72;SPXW  260924P07875000;192.9;194.2
2026-09-24 06:58;7880.0;7681.72;SPXW  260924P07880000;197.9;199.2
2026-09-24 06:58;7885.0;7681.72;SPXW  260924P07885000;202.9;204.2
2026-09-24 06:58;7890.0;7681.72;SPXW  260924P07890000;207.9;209.2
2026-09-24 06:58;7895.0;7681.72;SPXW  260924P07895000;212.9;214.2
2026-09-24 06:58;7900.0;7681.72;SPXW  260924P07900000;217.9;219.2
2026-09-24 06:58;7905.0;7681.72;SPXW  260924P07905000;222.9;224.2
2026-09-24 06:58;7910.0;7681.72;SPXW  260924P07910000;227.9;229.2
2026-09-24 06:58;7915.0;7681.72;SPXW  260924P07915000;232.9;234.2
2026-09-24 06:58;7920.0;7681.72;SPXW  260924P07920000;237.9;239.2
2026-09-24 06:58;7925.0;7681.72;SPXW  260924P07925000;242.9;244.2
2026-09-24 06:58;7930.0;7681.72;SPXW  260924P07930000;247.9;249.2
2026-09-24 07:03;7440.0;7687.25;SPXW  260924C07440000;246.3;247.1
2026-09-24 07:03;7445.0;7687.25;SPXW  260924C07445000;241.3;242.1
2026-09-24 07:03;7450.0;7687.25;SPXW  260924C07450000;236.3;237.1
2026-09-24 07:03;7455.0;7687.25;SPXW  260924C07455000;231.5;232.1
2026-09-24 07:03;7460.0;7687.25;SPXW  260924C07460000;226.5;227.1
2026-09-24 07:03;7465.0;7687.25;SPXW  260924C07465000;221.4;222.1
2026-09-24 07:03;7470.0;7687.25;SPXW  260924C07470000;216.4;217.1
2026-09-24 07:03;7475.0;7687.25;SPXW  260924C07475000;211.4;212.1
2026-09-24 07:03;7480.0;7687.25;SPXW  260924C07480000;206.4;207.1
2026-09-24 07:03;7485.0;7687.25;SPXW  260924C07485000;201.4;202.1
2026-09-24 07:03;7490.0;7687.25;SPXW  260924C07490000;196.4;197.1
2026-09-24 07:03;7495.0;7687.25;SPXW  260924C07495000;191.4;192.1
2026-09-24 07:03;7500.0;7687.25;SPXW  260924C07500000;186.4;187.1
2026-09-24 07:03;7505.0;7687.25;SPXW  260924C07505000;181.4;182.2
2026-09-24 07:03;7510.0;7687.25;SPXW  260924C07510000;176.5;177.2
2026-09-24 07:03;7515.0;7687.25;SPXW  260924C07515000;171.5;172.2
2026-09-24 07:03;7520.0;7687.25;SPXW  260924C07520000;166.5;167.2
2026-09-24 07:03;7525.0;7687.25;SPXW  260924C07525000;161.4;162.2
2026-09-24 07:03;7530.0;7687.25;SPXW  260924C07530000;156.4;157.2
2026-09-24 07:03;7535.0;7687.25;SPXW  260924C07535000;151.4;152.2
2026-09-24 07:03;7540.0;7687.25;SPXW  260924C07540000;146.4;147.2
2026-09-24 07:03;7545.0;7687.25;SPXW  260924C07545000;141.4;142.2
2026-09-24 07:03;7550.0;7687.25;SPXW  260924C07550000;136.4;137.2
2026-09-24 07:03;7555.0;7687.25;SPXW  260924C07555000;131.6;131.9
2026-09-24 07:03;7560.0;7687.25;SPXW  260924C07560000;126.6;127.0
2026-09-24 07:03;7565.0;7687.25;SPXW  260924C07565000;121.6;122.0
2026-09-24 07:03;7570.0;7687.25;SPXW  260924C07570000;116.6;117.0
2026-09-24 07:03;7575.0;7687.25;SPXW  260924C07575000;111.6;112.0
2026-09-24 07:03;7580.0;7687.25;SPXW  260924C07580000;106.7;107.0
2026-09-24 07:03;7585.0;7687.25;SPXW  260924C07585000;101.7;102.0
2026-09-24 07:03;7590.0;7687.25;SPXW  260924C07590000;96.7;97.1
2026-09-24 07:03;7595.0;7687.25;SPXW  260924C07595000;91.8;92.1
2026-09-24 07:03;7600.0;7687.25;SPXW  260924C07600000;86.8;87.2
2026-09-24 07:03;7605.0;7687.25;SPXW  260924C07605000;81.9;82.2
2026-09-24 07:03;7610.0;7687.25;SPXW  260924C07610000;77.0;77.3
2026-09-24 07:03;7615.0;7687.25;SPXW  260924C07615000;72.1;72.4
2026-09-24 07:03;7620.0;7687.25;SPXW  260924C07620000;67.2;67.6
2026-09-24 07:03;7625.0;7687.25;SPXW  260924C07625000;62.4;62.7
2026-09-24 07:03;7630.0;7687.25;SPXW  260924C07630000;57.6;57.8
2026-09-24 07:03;7635.0;7687.25;SPXW  260924C07635000;52.9;53.1
2026-09-24 07:03;7640.0;7687.25;SPXW  260924C07640000;48.2;48.4
2026-09-24 07:03;7645.0;7687.25;SPXW  260924C07645000;43.6;43.9
2026-09-24 07:03;7650.0;7687.25;SPXW  260924C07650000;39.2;39.4
2026-09-24 07:03;7655.0;7687.25;SPXW  260924C07655000;34.8;35.1
2026-09-24 07:03;7660.0;7687.25;SPXW  260924C07660000;30.7;30.9
2026-09-24 07:03;7665.0;7687.25;SPXW  260924C07665000;26.7;26.9
2026-09-24 07:03;7670.0;7687.25;SPXW  260924C07670000;22.9;23.1
2026-09-24 07:03;7675.0;7687.25;SPXW  260924C07675000;19.4;19.6
2026-09-24 07:03;7680.0;7687.25;SPXW  260924C07680000;16.2;16.3
2026-09-24 07:03;7685.0;7687.25;SPXW  260924C07685000;13.3;13.4
2026-09-24 07:03;7690.0;7687.25;SPXW  260924C07690000;10.7;10.9
2026-09-24 07:03;7695.0;7687.25;SPXW  260924C07695000;8.5;8.7
2026-09-24 07:03;7700.0;7687.25;SPXW  260924C07700000;6.7;6.8
2026-09-24 07:03;7705.0;7687.25;SPXW  260924C07705000;5.2;5.3
2026-09-24 07:03;7710.0;7687.25;SPXW  260924C07710000;4.0;4.1
2026-09-24 07:03;7715.0;7687.25;SPXW  260924C07715000;3.0;3.2
2026-09-24 07:03;7720.0;7687.25;SPXW  260924C07720000;2.35;2.4
2026-09-24 07:03;7725.0;7687.25;SPXW  260924C07725000;1.8;1.85
2026-09-24 07:03;7730.0;7687.25;SPXW  260924C07730000;1.4;1.45
2026-09-24 07:03;7735.0;7687.25;SPXW  260924C07735000;1.1;1.15
2026-09-24 07:03;7740.0;7687.25;SPXW  260924C07740000;0.85;0.95
2026-09-24 07:03;7745.0;7687.25;SPXW  260924C07745000;0.7;0.75
2026-09-24 07:03;7750.0;7687.25;SPXW  260924C07750000;0.6;0.65
2026-09-24 07:03;7755.0;7687.25;SPXW  260924C07755000;0.5;0.55
2026-09-24 07:03;7760.0;7687.25;SPXW  260924C07760000;0.4;0.5
2026-09-24 07:03;7765.0;7687.25;SPXW  260924C07765000;0.35;0.4
2026-09-24 07:03;7770.0;7687.25;SPXW  260924C07770000;0.3;0.35
2026-09-24 07:03;7775.0;7687.25;SPXW  260924C07775000;0.3;0.35
2026-09-24 07:03;7780.0;7687.25;SPXW  260924C07780000;0.25;0.3
2026-09-24 07:03;7785.0;7687.25;SPXW  260924C07785000;0.2;0.25
2026-09-24 07:03;7790.0;7687.25;SPXW  260924C07790000;0.2;0.25
2026-09-24 07:03;7795.0;7687.25;SPXW  260924C07795000;0.15;0.2
2026-09-24 07:03;7800.0;7687.25;SPXW  260924C07800000;0.15;0.2
2026-09-24 07:03;7805.0;7687.25;SPXW  260924C07805000;0.15;0.2
2026-09-24 07:03;7810.0;7687.25;SPXW  260924C07810000;0.1;0.2
2026-09-24 07:03;7815.0;7687.25;SPXW  260924C07815000;0.1;0.15
2026-09-24 07:03;7820.0;7687.25;SPXW  260924C07820000;0.1;0.15
2026-09-24 07:03;7825.0;7687.25;SPXW  260924C07825000;0.1;0.15
2026-09-24 07:03;7830.0;7687.25;SPXW  260924C07830000;0.1;0.15
2026-09-24 07:03;7835.0;7687.25;SPXW  260924C07835000;0.05;0.15
2026-09-24 07:03;7840.0;7687.25;SPXW  260924C07840000;0.05;0.1
2026-09-24 07:03;7845.0;7687.25;SPXW  260924C07845000;0.05;0.1
2026-09-24 07:03;7850.0;7687.25;SPXW  260924C07850000;0.05;0.1
2026-09-24 07:03;7855.0;7687.25;SPXW  260924C07855000;0.05;0.1
2026-09-24 07:03;7860.0;7687.25;SPXW  260924C07860000;0.05;0.1
2026-09-24 07:03;7865.0;7687.25;SPXW  260924C07865000;0.05;0.1
2026-09-24 07:03;7870.0;7687.25;SPXW  260924C07870000;0.05;0.1
2026-09-24 07:03;7875.0;7687.25;SPXW  260924C07875000;0.05;0.1
2026-09-24 07:03;7880.0;7687.25;SPXW  260924C07880000;0.05;0.1
2026-09-24 07:03;7885.0;7687.25;SPXW  260924C07885000;0.05;0.1
2026-09-24 07:03;7890.0;7687.25;SPXW  260924C07890000;0.05;0.1
2026-09-24 07:03;7895.0;7687.25;SPXW  260924C07895000;0.05;0.1
2026-09-24 07:03;7900.0;7687.25;SPXW  260924C07900000;0.05;0.1
2026-09-24 07:03;7905.0;7687.25;SPXW  260924C07905000;0.05;0.1
2026-09-24 07:03;7910.0;7687.25;SPXW  260924C07910000;0.05;0.1
2026-09-24 07:03;7915.0;7687.25;SPXW  260924C07915000;0.0;0.05
2026-09-24 07:03;7920.0;7687.25;SPXW  260924C07920000;0.0;0.05
2026-09-24 07:03;7925.0;7687.25;SPXW  260924C07925000;0.0;0.05
2026-09-24 07:03;7930.0;7687.25;SPXW  260924C07930000;0.0;0.05
2026-09-24 07:03;7935.0;7687.25;SPXW  260924C07935000;0.0;0.05
2026-09-24 07:03;7440.0;7687.25;SPXW  260924P07440000;0.1;0.15
2026-09-24 07:03;7445.0;7687.25;SPXW  260924P07445000;0.05;0.1
2026-09-24 07:03;7450.0;7687.25;SPXW  260924P07450000;0.05;0.1
2026-09-24 07:03;7455.0;7687.25;SPXW  260924P07455000;0.1;0.15
2026-09-24 07:03;7460.0;7687.25;SPXW  260924P07460000;0.1;0.15
2026-09-24 07:03;7465.0;7687.25;SPXW  260924P07465000;0.1;0.15
2026-09-24 07:03;7470.0;7687.25;SPXW  260924P07470000;0.1;0.15
2026-09-24 07:03;7475.0;7687.25;SPXW  260924P07475000;0.1;0.15
2026-09-24 07:03;7480.0;7687.25;SPXW  260924P07480000;0.1;0.15
2026-09-24 07:03;7485.0;7687.25;SPXW  260924P07485000;0.1;0.15
2026-09-24 07:03;7490.0;7687.25;SPXW  260924P07490000;0.1;0.15
2026-09-24 07:03;7495.0;7687.25;SPXW  260924P07495000;0.1;0.15
2026-09-24 07:03;7500.0;7687.25;SPXW  260924P07500000;0.1;0.15
2026-09-24 07:03;7505.0;7687.25;SPXW  260924P07505000;0.1;0.15
2026-09-24 07:03;7510.0;7687.25;SPXW  260924P07510000;0.1;0.15
2026-09-24 07:03;7515.0;7687.25;SPXW  260924P07515000;0.1;0.2
2026-09-24 07:03;7520.0;7687.25;SPXW  260924P07520000;0.15;0.2
2026-09-24 07:03;7525.0;7687.25;SPXW  260924P07525000;0.15;0.2
2026-09-24 07:03;7530.0;7687.25;SPXW  260924P07530000;0.15;0.2
2026-09-24 07:03;7535.0;7687.25;SPXW  260924P07535000;0.15;0.2
2026-09-24 07:03;7540.0;7687.25;SPXW  260924P07540000;0.15;0.2
2026-09-24 07:03;7545.0;7687.25;SPXW  260924P07545000;0.15;0.2
2026-09-24 07:03;7550.0;7687.25;SPXW  260924P07550000;0.15;0.2
2026-09-24 07:03;7555.0;7687.25;SPXW  260924P07555000;0.15;0.2
2026-09-24 07:03;7560.0;7687.25;SPXW  260924P07560000;0.2;0.25
2026-09-24 07:03;7565.0;7687.25;SPXW  260924P07565000;0.2;0.25
2026-09-24 07:03;7570.0;7687.25;SPXW  260924P07570000;0.2;0.25
2026-09-24 07:03;7575.0;7687.25;SPXW  260924P07575000;0.2;0.25
2026-09-24 07:03;7580.0;7687.25;SPXW  260924P07580000;0.25;0.3
2026-09-24 07:03;7585.0;7687.25;SPXW  260924P07585000;0.25;0.3
2026-09-24 07:03;7590.0;7687.25;SPXW  260924P07590000;0.3;0.35
2026-09-24 07:03;7595.0;7687.25;SPXW  260924P07595000;0.35;0.4
2026-09-24 07:03;7600.0;7687.25;SPXW  260924P07600000;0.4;0.45
2026-09-24 07:03;7605.0;7687.25;SPXW  260924P07605000;0.45;0.5
2026-09-24 07:03;7610.0;7687.25;SPXW  260924P07610000;0.55;0.6
2026-09-24 07:03;7615.0;7687.25;SPXW  260924P07615000;0.65;0.7
2026-09-24 07:03;7620.0;7687.25;SPXW  260924P07620000;0.75;0.8
2026-09-24 07:03;7625.0;7687.25;SPXW  260924P07625000;0.9;0.95
2026-09-24 07:03;7630.0;7687.25;SPXW  260924P07630000;1.1;1.2
2026-09-24 07:03;7635.0;7687.25;SPXW  260924P07635000;1.4;1.45
2026-09-24 07:03;7640.0;7687.25;SPXW  260924P07640000;1.7;1.8
2026-09-24 07:03;7645.0;7687.25;SPXW  260924P07645000;2.15;2.2
2026-09-24 07:03;7650.0;7687.25;SPXW  260924P07650000;2.65;2.7
2026-09-24 07:03;7655.0;7687.25;SPXW  260924P07655000;3.3;3.4
2026-09-24 07:03;7660.0;7687.25;SPXW  260924P07660000;4.1;4.2
2026-09-24 07:03;7665.0;7687.25;SPXW  260924P07665000;5.0;5.2
2026-09-24 07:03;7670.0;7687.25;SPXW  260924P07670000;6.2;6.4
2026-09-24 07:03;7675.0;7687.25;SPXW  260924P07675000;7.7;7.8
2026-09-24 07:03;7680.0;7687.25;SPXW  260924P07680000;9.4;9.5
2026-09-24 07:03;7685.0;7687.25;SPXW  260924P07685000;11.5;11.6
2026-09-24 07:03;7690.0;7687.25;SPXW  260924P07690000;13.9;14.0
2026-09-24 07:03;7695.0;7687.25;SPXW  260924P07695000;16.6;16.8
2026-09-24 07:03;7700.0;7687.25;SPXW  260924P07700000;19.7;19.9
2026-09-24 07:03;7705.0;7687.25;SPXW  260924P07705000;23.2;23.4
2026-09-24 07:03;7710.0;7687.25;SPXW  260924P07710000;26.9;27.1
2026-09-24 07:03;7715.0;7687.25;SPXW  260924P07715000;31.0;31.1
2026-09-24 07:03;7720.0;7687.25;SPXW  260924P07720000;35.2;35.4
2026-09-24 07:03;7725.0;7687.25;SPXW  260924P07725000;39.6;39.8
2026-09-24 07:03;7730.0;7687.25;SPXW  260924P07730000;44.2;44.5
2026-09-24 07:03;7735.0;7687.25;SPXW  260924P07735000;48.9;49.2
2026-09-24 07:03;7740.0;7687.25;SPXW  260924P07740000;53.6;54.0
2026-09-24 07:03;7745.0;7687.25;SPXW  260924P07745000;58.5;58.8
2026-09-24 07:03;7750.0;7687.25;SPXW  260924P07750000;63.3;63.7
2026-09-24 07:03;7755.0;7687.25;SPXW  260924P07755000;68.2;68.6
2026-09-24 07:03;7760.0;7687.25;SPXW  260924P07760000;73.2;73.5
2026-09-24 07:03;7765.0;7687.25;SPXW  260924P07765000;78.1;78.5
2026-09-24 07:03;7770.0;7687.25;SPXW  260924P07770000;83.1;83.4
2026-09-24 07:03;7775.0;7687.25;SPXW  260924P07775000;88.0;88.4
2026-09-24 07:03;7780.0;7687.25;SPXW  260924P07780000;93.0;93.3
2026-09-24 07:03;7785.0;7687.25;SPXW  260924P07785000;98.0;98.3
2026-09-24 07:03;7790.0;7687.25;SPXW  260924P07790000;102.9;103.3
2026-09-24 07:03;7795.0;7687.25;SPXW  260924P07795000;107.9;108.3
2026-09-24 07:03;7800.0;7687.25;SPXW  260924P07800000;112.9;113.3
2026-09-24 07:03;7805.0;7687.25;SPXW  260924P07805000;117.9;118.2
2026-09-24 07:03;7810.0;7687.25;SPXW  260924P07810000;122.8;123.5
2026-09-24 07:03;7815.0;7687.25;SPXW  260924P07815000;127.7;128.5
2026-09-24 07:03;7820.0;7687.25;SPXW  260924P07820000;132.7;133.5
2026-09-24 07:03;7825.0;7687.25;SPXW  260924P07825000;137.7;138.4
2026-09-24 07:03;7830.0;7687.25;SPXW  260924P07830000;142.8;143.4
2026-09-24 07:03;7835.0;7687.25;SPXW  260924P07835000;147.4;148.8
2026-09-24 07:03;7840.0;7687.25;SPXW  260924P07840000;152.4;153.8
2026-09-24 07:03;7845.0;7687.25;SPXW  260924P07845000;157.4;158.8
2026-09-24 07:03;7850.0;7687.25;SPXW  260924P07850000;162.4;163.6
2026-09-24 07:03;7855.0;7687.25;SPXW  260924P07855000;167.4;168.6
2026-09-24 07:03;7860.0;7687.25;SPXW  260924P07860000;172.4;173.6
2026-09-24 07:03;7865.0;7687.25;SPXW  260924P07865000;177.4;178.6
2026-09-24 07:03;7870.0;7687.25;SPXW  260924P07870000;182.4;183.6
2026-09-24 07:03;7875.0;7687.25;SPXW  260924P07875000;187.3;188.7
2026-09-24 07:03;7880.0;7687.25;SPXW  260924P07880000;192.3;193.7
2026-09-24 07:03;7885.0;7687.25;SPXW  260924P07885000;197.3;198.6
2026-09-24 07:03;7890.0;7687.25;SPXW  260924P07890000;202.3;203.7
2026-09-24 07:03;7895.0;7687.25;SPXW  260924P07895000;207.3;208.6
2026-09-24 07:03;7900.0;7687.25;SPXW  260924P07900000;212.3;213.7
2026-09-24 07:03;7905.0;7687.25;SPXW  260924P07905000;217.3;218.7
2026-09-24 07:03;7910.0;7687.25;SPXW  260924P07910000;222.3;223.7
2026-09-24 07:03;7915.0;7687.25;SPXW  260924P07915000;227.3;228.7
2026-09-24 07:03;7920.0;7687.25;SPXW  260924P07920000;232.3;233.7
2026-09-24 07:03;7925.0;7687.25;SPXW  260924P07925000;237.3;238.7
2026-09-24 07:03;7930.0;7687.25;SPXW  260924P07930000;242.3;243.7
2026-09-24 07:03;7935.0;7687.25;SPXW  260924P07935000;247.3;248.7
2026-09-24 07:07;7445.0;7692.62;SPXW  260924C07445000;235.0;254.1
2026-09-24 07:07;7450.0;7692.62;SPXW  260924C07450000;241.5;242.8
2026-09-24 07:07;7455.0;7692.62;SPXW  260924C07455000;236.5;237.8
2026-09-24 07:07;7460.0;7692.62;SPXW  260924C07460000;231.6;232.8
2026-09-24 07:07;7465.0;7692.62;SPXW  260924C07465000;226.6;227.8
2026-09-24 07:07;7470.0;7692.62;SPXW  260924C07470000;221.6;222.8
2026-09-24 07:07;7475.0;7692.62;SPXW  260924C07475000;216.6;217.8
2026-09-24 07:07;7480.0;7692.62;SPXW  260924C07480000;211.6;212.8
2026-09-24 07:07;7485.0;7692.62;SPXW  260924C07485000;206.6;207.8
2026-09-24 07:07;7490.0;7692.62;SPXW  260924C07490000;201.6;202.8
2026-09-24 07:07;7495.0;7692.62;SPXW  260924C07495000;196.6;197.8
2026-09-24 07:07;7500.0;7692.62;SPXW  260924C07500000;191.6;192.8
2026-09-24 07:07;7505.0;7692.62;SPXW  260924C07505000;186.6;187.8
2026-09-24 07:07;7510.0;7692.62;SPXW  260924C07510000;181.5;182.8
2026-09-24 07:07;7515.0;7692.62;SPXW  260924C07515000;176.5;177.8
2026-09-24 07:07;7520.0;7692.62;SPXW  260924C07520000;171.5;172.8
2026-09-24 07:07;7525.0;7692.62;SPXW  260924C07525000;166.5;167.8
2026-09-24 07:07;7530.0;7692.62;SPXW  260924C07530000;161.5;162.8
2026-09-24 07:07;7535.0;7692.62;SPXW  260924C07535000;156.5;157.8
2026-09-24 07:07;7540.0;7692.62;SPXW  260924C07540000;151.5;152.8
2026-09-24 07:07;7545.0;7692.62;SPXW  260924C07545000;146.5;147.8
2026-09-24 07:07;7550.0;7692.62;SPXW  260924C07550000;141.6;142.8
2026-09-24 07:07;7555.0;7692.62;SPXW  260924C07555000;136.6;137.8
2026-09-24 07:07;7560.0;7692.62;SPXW  260924C07560000;131.6;132.8
2026-09-24 07:07;7565.0;7692.62;SPXW  260924C07565000;126.6;127.8
2026-09-24 07:07;7570.0;7692.62;SPXW  260924C07570000;121.9;122.9
2026-09-24 07:07;7575.0;7692.62;SPXW  260924C07575000;116.7;117.9
2026-09-24 07:07;7580.0;7692.62;SPXW  260924C07580000;111.7;112.9
2026-09-24 07:07;7585.0;7692.62;SPXW  260924C07585000;106.7;107.9
2026-09-24 07:07;7590.0;7692.62;SPXW  260924C07590000;101.7;102.8
2026-09-24 07:07;7595.0;7692.62;SPXW  260924C07595000;97.0;97.6
2026-09-24 07:07;7600.0;7692.62;SPXW  260924C07600000;91.8;93.0
2026-09-24 07:07;7605.0;7692.62;SPXW  260924C07605000;87.1;87.7
2026-09-24 07:07;7610.0;7692.62;SPXW  260924C07610000;82.1;82.6
2026-09-24 07:07;7615.0;7692.62;SPXW  260924C07615000;77.3;77.7
2026-09-24 07:07;7620.0;7692.62;SPXW  260924C07620000;72.3;72.8
2026-09-24 07:07;7625.0;7692.62;SPXW  260924C07625000;67.4;67.9
2026-09-24 07:07;7630.0;7692.62;SPXW  260924C07630000;62.6;63.1
2026-09-24 07:07;7635.0;7692.62;SPXW  260924C07635000;57.8;58.1
2026-09-24 07:07;7640.0;7692.62;SPXW  260924C07640000;53.1;53.5
2026-09-24 07:07;7645.0;7692.62;SPXW  260924C07645000;48.5;48.8
2026-09-24 07:07;7650.0;7692.62;SPXW  260924C07650000;43.8;44.1
2026-09-24 07:07;7655.0;7692.62;SPXW  260924C07655000;39.4;39.7
2026-09-24 07:07;7660.0;7692.62;SPXW  260924C07660000;35.0;35.3
2026-09-24 07:07;7665.0;7692.62;SPXW  260924C07665000;30.8;31.1
2026-09-24 07:07;7670.0;7692.62;SPXW  260924C07670000;26.7;27.0
2026-09-24 07:07;7675.0;7692.62;SPXW  260924C07675000;23.0;23.2
2026-09-24 07:07;7680.0;7692.62;SPXW  260924C07680000;19.4;19.6
2026-09-24 07:07;7685.0;7692.62;SPXW  260924C07685000;16.2;16.4
2026-09-24 07:07;7690.0;7692.62;SPXW  260924C07690000;13.3;13.4
2026-09-24 07:07;7695.0;7692.62;SPXW  260924C07695000;10.7;10.9
2026-09-24 07:07;7700.0;7692.62;SPXW  260924C07700000;8.5;8.6
2026-09-24 07:07;7705.0;7692.62;SPXW  260924C07705000;6.7;6.8
2026-09-24 07:07;7710.0;7692.62;SPXW  260924C07710000;5.2;5.3
2026-09-24 07:07;7715.0;7692.62;SPXW  260924C07715000;4.0;4.1
2026-09-24 07:07;7720.0;7692.62;SPXW  260924C07720000;3.0;3.2
2026-09-24 07:07;7725.0;7692.62;SPXW  260924C07725000;2.35;2.4
2026-09-24 07:07;7730.0;7692.62;SPXW  260924C07730000;1.8;1.9
2026-09-24 07:07;7735.0;7692.62;SPXW  260924C07735000;1.4;1.5
2026-09-24 07:07;7740.0;7692.62;SPXW  260924C07740000;1.15;1.2
2026-09-24 07:07;7745.0;7692.62;SPXW  260924C07745000;0.9;0.95
2026-09-24 07:07;7750.0;7692.62;SPXW  260924C07750000;0.75;0.8
2026-09-24 07:07;7755.0;7692.62;SPXW  260924C07755000;0.65;0.7
2026-09-24 07:07;7760.0;7692.62;SPXW  260924C07760000;0.55;0.6
2026-09-24 07:07;7765.0;7692.62;SPXW  260924C07765000;0.45;0.5
2026-09-24 07:07;7770.0;7692.62;SPXW  260924C07770000;0.4;0.45
2026-09-24 07:07;7775.0;7692.62;SPXW  260924C07775000;0.35;0.4
2026-09-24 07:07;7780.0;7692.62;SPXW  260924C07780000;0.3;0.35
2026-09-24 07:07;7785.0;7692.62;SPXW  260924C07785000;0.25;0.3
2026-09-24 07:07;7790.0;7692.62;SPXW  260924C07790000;0.2;0.25
2026-09-24 07:07;7795.0;7692.62;SPXW  260924C07795000;0.2;0.25
2026-09-24 07:07;7800.0;7692.62;SPXW  260924C07800000;0.2;0.25
2026-09-24 07:07;7805.0;7692.62;SPXW  260924C07805000;0.15;0.2
2026-09-24 07:07;7810.0;7692.62;SPXW  260924C07810000;0.15;0.2
2026-09-24 07:07;7815.0;7692.62;SPXW  260924C07815000;0.15;0.2
2026-09-24 07:07;7820.0;7692.62;SPXW  260924C07820000;0.1;0.15
2026-09-24 07:07;7825.0;7692.62;SPXW  260924C07825000;0.1;0.15
2026-09-24 07:07;7830.0;7692.62;SPXW  260924C07830000;0.1;0.15
2026-09-24 07:07;7835.0;7692.62;SPXW  260924C07835000;0.1;0.15
2026-09-24 07:07;7840.0;7692.62;SPXW  260924C07840000;0.1;0.15
2026-09-24 07:07;7845.0;7692.62;SPXW  260924C07845000;0.05;0.1
2026-09-24 07:07;7850.0;7692.62;SPXW  260924C07850000;0.05;0.1
2026-09-24 07:07;7855.0;7692.62;SPXW  260924C07855000;0.05;0.1
2026-09-24 07:07;7860.0;7692.62;SPXW  260924C07860000;0.05;0.1
2026-09-24 07:07;7865.0;7692.62;SPXW  260924C07865000;0.05;0.1
2026-09-24 07:07;7870.0;7692.62;SPXW  260924C07870000;0.05;0.1
2026-09-24 07:07;7875.0;7692.62;SPXW  260924C07875000;0.05;0.1
2026-09-24 07:07;7880.0;7692.62;SPXW  260924C07880000;0.05;0.1
2026-09-24 07:07;7885.0;7692.62;SPXW  260924C07885000;0.05;0.1
2026-09-24 07:07;7890.0;7692.62;SPXW  260924C07890000;0.05;0.1
2026-09-24 07:07;7895.0;7692.62;SPXW  260924C07895000;0.05;0.1
2026-09-24 07:07;7900.0;7692.62;SPXW  260924C07900000;0.05;0.1
2026-09-24 07:07;7905.0;7692.62;SPXW  260924C07905000;0.05;0.1
2026-09-24 07:07;7910.0;7692.62;SPXW  260924C07910000;0.05;0.1
2026-09-24 07:07;7915.0;7692.62;SPXW  260924C07915000;0.0;0.05
2026-09-24 07:07;7920.0;7692.62;SPXW  260924C07920000;0.0;0.05
2026-09-24 07:07;7925.0;7692.62;SPXW  260924C07925000;0.0;0.05
2026-09-24 07:07;7930.0;7692.62;SPXW  260924C07930000;0.0;0.05
2026-09-24 07:07;7935.0;7692.62;SPXW  260924C07935000;0.0;0.05
2026-09-24 07:07;7940.0;7692.62;SPXW  260924C07940000;0.0;0.05
2026-09-24 07:07;7445.0;7692.62;SPXW  260924P07445000;0.05;0.1
2026-09-24 07:07;7450.0;7692.62;SPXW  260924P07450000;0.05;0.1
2026-09-24 07:07;7455.0;7692.62;SPXW  260924P07455000;0.05;0.1
2026-09-24 07:07;7460.0;7692.62;SPXW  260924P07460000;0.05;0.1
2026-09-24 07:07;7465.0;7692.62;SPXW  260924P07465000;0.1;0.15
2026-09-24 07:07;7470.0;7692.62;SPXW  260924P07470000;0.1;0.15
2026-09-24 07:07;7475.0;7692.62;SPXW  260924P07475000;0.1;0.15
2026-09-24 07:07;7480.0;7692.62;SPXW  260924P07480000;0.1;0.15
2026-09-24 07:07;7485.0;7692.62;SPXW  260924P07485000;0.1;0.15
2026-09-24 07:07;7490.0;7692.62;SPXW  260924P07490000;0.1;0.15
2026-09-24 07:07;7495.0;7692.62;SPXW  260924P07495000;0.1;0.15
2026-09-24 07:07;7500.0;7692.62;SPXW  260924P07500000;0.1;0.15
2026-09-24 07:07;7505.0;7692.62;SPXW  260924P07505000;0.1;0.15
2026-09-24 07:07;7510.0;7692.62;SPXW  260924P07510000;0.1;0.15
2026-09-24 07:07;7515.0;7692.62;SPXW  260924P07515000;0.1;0.15
2026-09-24 07:07;7520.0;7692.62;SPXW  260924P07520000;0.1;0.15
2026-09-24 07:07;7525.0;7692.62;SPXW  260924P07525000;0.1;0.15
2026-09-24 07:07;7530.0;7692.62;SPXW  260924P07530000;0.15;0.2
2026-09-24 07:07;7535.0;7692.62;SPXW  260924P07535000;0.15;0.2
2026-09-24 07:07;7540.0;7692.62;SPXW  260924P07540000;0.15;0.2
2026-09-24 07:07;7545.0;7692.62;SPXW  260924P07545000;0.15;0.2
2026-09-24 07:07;7550.0;7692.62;SPXW  260924P07550000;0.15;0.2
2026-09-24 07:07;7555.0;7692.62;SPXW  260924P07555000;0.15;0.2
2026-09-24 07:07;7560.0;7692.62;SPXW  260924P07560000;0.15;0.2
2026-09-24 07:07;7565.0;7692.62;SPXW  260924P07565000;0.15;0.2
2026-09-24 07:07;7570.0;7692.62;SPXW  260924P07570000;0.2;0.25
2026-09-24 07:07;7575.0;7692.62;SPXW  260924P07575000;0.2;0.25
2026-09-24 07:07;7580.0;7692.62;SPXW  260924P07580000;0.2;0.25
2026-09-24 07:07;7585.0;7692.62;SPXW  260924P07585000;0.2;0.3
2026-09-24 07:07;7590.0;7692.62;SPXW  260924P07590000;0.25;0.3
2026-09-24 07:07;7595.0;7692.62;SPXW  260924P07595000;0.3;0.35
2026-09-24 07:07;7600.0;7692.62;SPXW  260924P07600000;0.3;0.35
2026-09-24 07:07;7605.0;7692.62;SPXW  260924P07605000;0.35;0.4
2026-09-24 07:07;7610.0;7692.62;SPXW  260924P07610000;0.4;0.5
2026-09-24 07:07;7615.0;7692.62;SPXW  260924P07615000;0.5;0.55
2026-09-24 07:07;7620.0;7692.62;SPXW  260924P07620000;0.6;0.65
2026-09-24 07:07;7625.0;7692.62;SPXW  260924P07625000;0.7;0.8
2026-09-24 07:07;7630.0;7692.62;SPXW  260924P07630000;0.9;0.95
2026-09-24 07:07;7635.0;7692.62;SPXW  260924P07635000;1.1;1.15
2026-09-24 07:07;7640.0;7692.62;SPXW  260924P07640000;1.35;1.4
2026-09-24 07:07;7645.0;7692.62;SPXW  260924P07645000;1.65;1.7
2026-09-24 07:07;7650.0;7692.62;SPXW  260924P07650000;2.1;2.15
2026-09-24 07:07;7655.0;7692.62;SPXW  260924P07655000;2.6;2.65
2026-09-24 07:07;7660.0;7692.62;SPXW  260924P07660000;3.2;3.3
2026-09-24 07:07;7665.0;7692.62;SPXW  260924P07665000;4.0;4.1
2026-09-24 07:07;7670.0;7692.62;SPXW  260924P07670000;4.9;5.1
2026-09-24 07:07;7675.0;7692.62;SPXW  260924P07675000;6.1;6.3
2026-09-24 07:07;7680.0;7692.62;SPXW  260924P07680000;7.6;7.7
2026-09-24 07:07;7685.0;7692.62;SPXW  260924P07685000;9.4;9.5
2026-09-24 07:07;7690.0;7692.62;SPXW  260924P07690000;11.4;11.6
2026-09-24 07:07;7695.0;7692.62;SPXW  260924P07695000;13.9;14.0
2026-09-24 07:07;7700.0;7692.62;SPXW  260924P07700000;16.7;16.8
2026-09-24 07:07;7705.0;7692.62;SPXW  260924P07705000;19.8;20.0
2026-09-24 07:07;7710.0;7692.62;SPXW  260924P07710000;23.2;23.4
2026-09-24 07:07;7715.0;7692.62;SPXW  260924P07715000;27.0;27.3
2026-09-24 07:07;7720.0;7692.62;SPXW  260924P07720000;31.1;31.3
2026-09-24 07:07;7725.0;7692.62;SPXW  260924P07725000;35.3;35.7
2026-09-24 07:07;7730.0;7692.62;SPXW  260924P07730000;39.8;40.1
2026-09-24 07:07;7735.0;7692.62;SPXW  260924P07735000;44.1;44.9
2026-09-24 07:07;7740.0;7692.62;SPXW  260924P07740000;48.8;49.7
2026-09-24 07:07;7745.0;7692.62;SPXW  260924P07745000;53.6;54.4
2026-09-24 07:07;7750.0;7692.62;SPXW  260924P07750000;58.4;59.3
2026-09-24 07:07;7755.0;7692.62;SPXW  260924P07755000;63.3;64.2
2026-09-24 07:07;7760.0;7692.62;SPXW  260924P07760000;68.2;69.1
2026-09-24 07:07;7765.0;7692.62;SPXW  260924P07765000;73.1;74.0
2026-09-24 07:07;7770.0;7692.62;SPXW  260924P07770000;78.0;78.9
2026-09-24 07:07;7775.0;7692.62;SPXW  260924P07775000;83.0;83.9
2026-09-24 07:07;7780.0;7692.62;SPXW  260924P07780000;87.9;88.8
2026-09-24 07:07;7785.0;7692.62;SPXW  260924P07785000;93.1;93.8
2026-09-24 07:07;7790.0;7692.62;SPXW  260924P07790000;97.9;98.8
2026-09-24 07:07;7795.0;7692.62;SPXW  260924P07795000;102.8;103.7
2026-09-24 07:07;7800.0;7692.62;SPXW  260924P07800000;107.8;112.4
2026-09-24 07:07;7805.0;7692.62;SPXW  260924P07805000;113.0;117.3
2026-09-24 07:07;7810.0;7692.62;SPXW  260924P07810000;117.8;124.9
2026-09-24 07:07;7815.0;7692.62;SPXW  260924P07815000;122.8;128.2
2026-09-24 07:07;7820.0;7692.62;SPXW  260924P07820000;127.7;134.8
2026-09-24 07:07;7825.0;7692.62;SPXW  260924P07825000;132.7;133.6
2026-09-24 07:08;7445.0;7693.87;SPXW  260924C07445000;237.0;254.3
2026-09-24 07:08;7450.0;7693.87;SPXW  260924C07450000;242.4;243.8
2026-09-24 07:08;7455.0;7693.87;SPXW  260924C07455000;227.0;243.6
2026-09-24 07:08;7460.0;7693.87;SPXW  260924C07460000;222.0;239.4
2026-09-24 07:08;7465.0;7693.87;SPXW  260924C07465000;227.8;228.4
2026-09-24 07:08;7470.0;7693.87;SPXW  260924C07470000;222.8;223.4
2026-09-24 07:08;7475.0;7693.87;SPXW  260924C07475000;217.8;218.4
2026-09-24 07:08;7480.0;7693.87;SPXW  260924C07480000;212.8;213.4
2026-09-24 07:08;7485.0;7693.87;SPXW  260924C07485000;207.8;208.5
2026-09-24 07:08;7490.0;7693.87;SPXW  260924C07490000;202.8;203.4
2026-09-24 07:08;7495.0;7693.87;SPXW  260924C07495000;197.8;198.5
2026-09-24 07:08;7500.0;7693.87;SPXW  260924C07500000;192.8;193.5
2026-09-24 07:08;7505.0;7693.87;SPXW  260924C07505000;187.8;188.5
2026-09-24 07:08;7510.0;7693.87;SPXW  260924C07510000;182.8;183.5
2026-09-24 07:08;7515.0;7693.87;SPXW  260924C07515000;177.8;178.5
2026-09-24 07:08;7520.0;7693.87;SPXW  260924C07520000;172.8;173.5
2026-09-24 07:08;7525.0;7693.87;SPXW  260924C07525000;167.8;168.5
2026-09-24 07:08;7530.0;7693.87;SPXW  260924C07530000;162.8;163.5
2026-09-24 07:08;7535.0;7693.87;SPXW  260924C07535000;157.8;158.5
2026-09-24 07:08;7540.0;7693.87;SPXW  260924C07540000;152.8;153.5
2026-09-24 07:08;7545.0;7693.87;SPXW  260924C07545000;147.8;148.5
2026-09-24 07:08;7550.0;7693.87;SPXW  260924C07550000;142.8;143.5
2026-09-24 07:08;7555.0;7693.87;SPXW  260924C07555000;137.8;138.5
2026-09-24 07:08;7560.0;7693.87;SPXW  260924C07560000;132.9;133.5
2026-09-24 07:08;7565.0;7693.87;SPXW  260924C07565000;127.9;128.5
2026-09-24 07:08;7570.0;7693.87;SPXW  260924C07570000;123.1;123.5
2026-09-24 07:08;7575.0;7693.87;SPXW  260924C07575000;118.1;118.5
2026-09-24 07:08;7580.0;7693.87;SPXW  260924C07580000;113.1;113.5
2026-09-24 07:08;7585.0;7693.87;SPXW  260924C07585000;108.1;108.5
2026-09-24 07:08;7590.0;7693.87;SPXW  260924C07590000;103.2;103.5
2026-09-24 07:08;7595.0;7693.87;SPXW  260924C07595000;98.2;98.6
2026-09-24 07:08;7600.0;7693.87;SPXW  260924C07600000;93.2;93.6
2026-09-24 07:08;7605.0;7693.87;SPXW  260924C07605000;88.3;88.6
2026-09-24 07:08;7610.0;7693.87;SPXW  260924C07610000;83.3;83.7
2026-09-24 07:08;7615.0;7693.87;SPXW  260924C07615000;78.4;78.8
2026-09-24 07:08;7620.0;7693.87;SPXW  260924C07620000;73.5;73.8
2026-09-24 07:08;7625.0;7693.87;SPXW  260924C07625000;68.6;69.0
2026-09-24 07:08;7630.0;7693.87;SPXW  260924C07630000;63.8;64.1
2026-09-24 07:08;7635.0;7693.87;SPXW  260924C07635000;59.0;59.3
2026-09-24 07:08;7640.0;7693.87;SPXW  260924C07640000;54.3;54.6
2026-09-24 07:08;7645.0;7693.87;SPXW  260924C07645000;49.6;49.8
2026-09-24 07:08;7650.0;7693.87;SPXW  260924C07650000;45.0;45.2
2026-09-24 07:08;7655.0;7693.87;SPXW  260924C07655000;40.5;40.7
2026-09-24 07:08;7660.0;7693.87;SPXW  260924C07660000;36.1;36.3
2026-09-24 07:08;7665.0;7693.87;SPXW  260924C07665000;31.8;32.1
2026-09-24 07:08;7670.0;7693.87;SPXW  260924C07670000;27.8;28.0
2026-09-24 07:08;7675.0;7693.87;SPXW  260924C07675000;23.9;24.1
2026-09-24 07:08;7680.0;7693.87;SPXW  260924C07680000;20.3;20.4
2026-09-24 07:08;7685.0;7693.87;SPXW  260924C07685000;17.0;17.1
2026-09-24 07:08;7690.0;7693.87;SPXW  260924C07690000;14.0;14.1
2026-09-24 07:08;7695.0;7693.87;SPXW  260924C07695000;11.3;11.5
2026-09-24 07:08;7700.0;7693.87;SPXW  260924C07700000;9.0;9.2
2026-09-24 07:08;7705.0;7693.87;SPXW  260924C07705000;7.1;7.2
2026-09-24 07:08;7710.0;7693.87;SPXW  260924C07710000;5.5;5.6
2026-09-24 07:08;7715.0;7693.87;SPXW  260924C07715000;4.3;4.4
2026-09-24 07:08;7720.0;7693.87;SPXW  260924C07720000;3.3;3.4
2026-09-24 07:08;7725.0;7693.87;SPXW  260924C07725000;2.55;2.6
2026-09-24 07:08;7730.0;7693.87;SPXW  260924C07730000;1.95;2.05
2026-09-24 07:08;7735.0;7693.87;SPXW  260924C07735000;1.55;1.6
2026-09-24 07:08;7740.0;7693.87;SPXW  260924C07740000;1.25;1.3
2026-09-24 07:08;7745.0;7693.87;SPXW  260924C07745000;1.0;1.05
2026-09-24 07:08;7750.0;7693.87;SPXW  260924C07750000;0.8;0.85
2026-09-24 07:08;7755.0;7693.87;SPXW  260924C07755000;0.65;0.75
2026-09-24 07:08;7760.0;7693.87;SPXW  260924C07760000;0.55;0.6
2026-09-24 07:08;7765.0;7693.87;SPXW  260924C07765000;0.5;0.55
2026-09-24 07:08;7770.0;7693.87;SPXW  260924C07770000;0.4;0.45
2026-09-24 07:08;7775.0;7693.87;SPXW  260924C07775000;0.35;0.4
2026-09-24 07:08;7780.0;7693.87;SPXW  260924C07780000;0.3;0.35
2026-09-24 07:08;7785.0;7693.87;SPXW  260924C07785000;0.25;0.35
2026-09-24 07:08;7790.0;7693.87;SPXW  260924C07790000;0.25;0.3
2026-09-24 07:08;7795.0;7693.87;SPXW  260924C07795000;0.2;0.25
2026-09-24 07:08;7800.0;7693.87;SPXW  260924C07800000;0.2;0.25
2026-09-24 07:08;7805.0;7693.87;SPXW  260924C07805000;0.15;0.2
2026-09-24 07:08;7810.0;7693.87;SPXW  260924C07810000;0.15;0.2
2026-09-24 07:08;7815.0;7693.87;SPXW  260924C07815000;0.15;0.2
2026-09-24 07:08;7820.0;7693.87;SPXW  260924C07820000;0.1;0.2
2026-09-24 07:08;7825.0;7693.87;SPXW  260924C07825000;0.1;0.15
2026-09-24 07:08;7830.0;7693.87;SPXW  260924C07830000;0.1;0.15
2026-09-24 07:08;7835.0;7693.87;SPXW  260924C07835000;0.1;0.15
2026-09-24 07:08;7840.0;7693.87;SPXW  260924C07840000;0.1;0.15
2026-09-24 07:08;7845.0;7693.87;SPXW  260924C07845000;0.05;0.1
2026-09-24 07:08;7850.0;7693.87;SPXW  260924C07850000;0.05;0.1
2026-09-24 07:08;7855.0;7693.87;SPXW  260924C07855000;0.05;0.1
2026-09-24 07:08;7860.0;7693.87;SPXW  260924C07860000;0.05;0.1
2026-09-24 07:08;7865.0;7693.87;SPXW  260924C07865000;0.05;0.1
2026-09-24 07:08;7870.0;7693.87;SPXW  260924C07870000;0.05;0.1
2026-09-24 07:08;7875.0;7693.87;SPXW  260924C07875000;0.05;0.1
2026-09-24 07:08;7880.0;7693.87;SPXW  260924C07880000;0.05;0.1
2026-09-24 07:08;7885.0;7693.87;SPXW  260924C07885000;0.05;0.1
2026-09-24 07:08;7890.0;7693.87;SPXW  260924C07890000;0.05;0.1
2026-09-24 07:08;7895.0;7693.87;SPXW  260924C07895000;0.05;0.1
2026-09-24 07:08;7900.0;7693.87;SPXW  260924C07900000;0.05;0.1
2026-09-24 07:08;7905.0;7693.87;SPXW  260924C07905000;0.05;0.1
2026-09-24 07:08;7910.0;7693.87;SPXW  260924C07910000;0.05;0.1
2026-09-24 07:08;7915.0;7693.87;SPXW  260924C07915000;0.0;0.1
2026-09-24 07:08;7920.0;7693.87;SPXW  260924C07920000;0.0;0.05
2026-09-24 07:08;7925.0;7693.87;SPXW  260924C07925000;0.0;0.05
2026-09-24 07:08;7930.0;7693.87;SPXW  260924C07930000;0.0;0.05
2026-09-24 07:08;7935.0;7693.87;SPXW  260924C07935000;0.0;0.05
2026-09-24 07:08;7940.0;7693.87;SPXW  260924C07940000;0.0;0.05
2026-09-24 07:08;7445.0;7693.87;SPXW  260924P07445000;0.05;0.1
2026-09-24 07:08;7450.0;7693.87;SPXW  260924P07450000;0.05;0.1
2026-09-24 07:08;7455.0;7693.87;SPXW  260924P07455000;0.05;0.1
2026-09-24 07:08;7460.0;7693.87;SPXW  260924P07460000;0.05;0.1
2026-09-24 07:08;7465.0;7693.87;SPXW  260924P07465000;0.05;0.15
2026-09-24 07:08;7470.0;7693.87;SPXW  260924P07470000;0.1;0.15
2026-09-24 07:08;7475.0;7693.87;SPXW  260924P07475000;0.1;0.15
2026-09-24 07:08;7480.0;7693.87;SPXW  260924P07480000;0.1;0.15
2026-09-24 07:08;7485.0;7693.87;SPXW  260924P07485000;0.1;0.15
2026-09-24 07:08;7490.0;7693.87;SPXW  260924P07490000;0.1;0.15
2026-09-24 07:08;7495.0;7693.87;SPXW  260924P07495000;0.1;0.15
2026-09-24 07:08;7500.0;7693.87;SPXW  260924P07500000;0.1;0.15
2026-09-24 07:08;7505.0;7693.87;SPXW  260924P07505000;0.1;0.15
2026-09-24 07:08;7510.0;7693.87;SPXW  260924P07510000;0.1;0.15
2026-09-24 07:08;7515.0;7693.87;SPXW  260924P07515000;0.1;0.15
2026-09-24 07:08;7520.0;7693.87;SPXW  260924P07520000;0.1;0.15
2026-09-24 07:08;7525.0;7693.87;SPXW  260924P07525000;0.1;0.15
2026-09-24 07:08;7530.0;7693.87;SPXW  260924P07530000;0.15;0.2
2026-09-24 07:08;7535.0;7693.87;SPXW  260924P07535000;0.15;0.2
2026-09-24 07:08;7540.0;7693.87;SPXW  260924P07540000;0.15;0.2
2026-09-24 07:08;7545.0;7693.87;SPXW  260924P07545000;0.15;0.2
2026-09-24 07:08;7550.0;7693.87;SPXW  260924P07550000;0.15;0.2
2026-09-24 07:08;7555.0;7693.87;SPXW  260924P07555000;0.15;0.2
2026-09-24 07:08;7560.0;7693.87;SPXW  260924P07560000;0.15;0.2
2026-09-24 07:08;7565.0;7693.87;SPXW  260924P07565000;0.15;0.2
2026-09-24 07:08;7570.0;7693.87;SPXW  260924P07570000;0.2;0.25
2026-09-24 07:08;7575.0;7693.87;SPXW  260924P07575000;0.2;0.25
2026-09-24 07:08;7580.0;7693.87;SPXW  260924P07580000;0.2;0.25
2026-09-24 07:08;7585.0;7693.87;SPXW  260924P07585000;0.25;0.3
2026-09-24 07:08;7590.0;7693.87;SPXW  260924P07590000;0.25;0.3
2026-09-24 07:08;7595.0;7693.87;SPXW  260924P07595000;0.3;0.35
2026-09-24 07:08;7600.0;7693.87;SPXW  260924P07600000;0.3;0.35
2026-09-24 07:08;7605.0;7693.87;SPXW  260924P07605000;0.35;0.4
2026-09-24 07:08;7610.0;7693.87;SPXW  260924P07610000;0.4;0.5
2026-09-24 07:08;7615.0;7693.87;SPXW  260924P07615000;0.5;0.55
2026-09-24 07:08;7620.0;7693.87;SPXW  260924P07620000;0.6;0.65
2026-09-24 07:08;7625.0;7693.87;SPXW  260924P07625000;0.7;0.75
2026-09-24 07:08;7630.0;7693.87;SPXW  260924P07630000;0.85;0.9
2026-09-24 07:08;7635.0;7693.87;SPXW  260924P07635000;1.05;1.1
2026-09-24 07:08;7640.0;7693.87;SPXW  260924P07640000;1.3;1.35
2026-09-24 07:08;7645.0;7693.87;SPXW  260924P07645000;1.6;1.65
2026-09-24 07:08;7650.0;7693.87;SPXW  260924P07650000;2.0;2.05
2026-09-24 07:08;7655.0;7693.87;SPXW  260924P07655000;2.45;2.55
2026-09-24 07:08;7660.0;7693.87;SPXW  260924P07660000;3.0;3.1
2026-09-24 07:08;7665.0;7693.87;SPXW  260924P07665000;3.8;3.9
2026-09-24 07:08;7670.0;7693.87;SPXW  260924P07670000;4.7;4.8
2026-09-24 07:08;7675.0;7693.87;SPXW  260924P07675000;5.8;5.9
2026-09-24 07:08;7680.0;7693.87;SPXW  260924P07680000;7.2;7.3
2026-09-24 07:08;7685.0;7693.87;SPXW  260924P07685000;8.9;9.0
2026-09-24 07:08;7690.0;7693.87;SPXW  260924P07690000;10.8;11.0
2026-09-24 07:08;7695.0;7693.87;SPXW  260924P07695000;13.2;13.3
2026-09-24 07:08;7700.0;7693.87;SPXW  260924P07700000;15.9;16.0
2026-09-24 07:08;7705.0;7693.87;SPXW  260924P07705000;18.9;19.1
2026-09-24 07:08;7710.0;7693.87;SPXW  260924P07710000;22.3;22.5
2026-09-24 07:08;7715.0;7693.87;SPXW  260924P07715000;26.0;26.2
2026-09-24 07:08;7720.0;7693.87;SPXW  260924P07720000;30.0;30.3
2026-09-24 07:08;7725.0;7693.87;SPXW  260924P07725000;34.3;34.5
2026-09-24 07:08;7730.0;7693.87;SPXW  260924P07730000;38.7;38.9
2026-09-24 07:08;7735.0;7693.87;SPXW  260924P07735000;43.1;43.5
2026-09-24 07:08;7740.0;7693.87;SPXW  260924P07740000;47.8;48.2
2026-09-24 07:08;7745.0;7693.87;SPXW  260924P07745000;52.6;52.9
2026-09-24 07:08;7750.0;7693.87;SPXW  260924P07750000;57.4;57.8
2026-09-24 07:08;7755.0;7693.87;SPXW  260924P07755000;62.3;62.6
2026-09-24 07:08;7760.0;7693.87;SPXW  260924P07760000;67.2;67.5
2026-09-24 07:08;7765.0;7693.87;SPXW  260924P07765000;72.1;72.4
2026-09-24 07:08;7770.0;7693.87;SPXW  260924P07770000;77.0;77.4
2026-09-24 07:08;7775.0;7693.87;SPXW  260924P07775000;82.0;82.3
2026-09-24 07:08;7780.0;7693.87;SPXW  260924P07780000;86.9;87.3
2026-09-24 07:08;7785.0;7693.87;SPXW  260924P07785000;91.9;92.2
2026-09-24 07:08;7790.0;7693.87;SPXW  260924P07790000;96.8;97.2
2026-09-24 07:08;7795.0;7693.87;SPXW  260924P07795000;101.8;102.2
2026-09-24 07:08;7800.0;7693.87;SPXW  260924P07800000;106.8;107.2
2026-09-24 07:08;7805.0;7693.87;SPXW  260924P07805000;111.8;112.1
2026-09-24 07:08;7810.0;7693.87;SPXW  260924P07810000;116.7;117.1
2026-09-24 07:08;7815.0;7693.87;SPXW  260924P07815000;121.7;122.1
2026-09-24 07:08;7820.0;7693.87;SPXW  260924P07820000;126.5;127.2
2026-09-24 07:08;7825.0;7693.87;SPXW  260924P07825000;131.5;132.2
2026-09-24 07:08;7830.0;7693.87;SPXW  260924P07830000;136.5;137.2
2026-09-24 07:08;7835.0;7693.87;SPXW  260924P07835000;141.5;142.2
2026-09-24 07:08;7840.0;7693.87;SPXW  260924P07840000;146.5;147.2
2026-09-24 07:08;7845.0;7693.87;SPXW  260924P07845000;151.2;152.5
2026-09-24 07:08;7850.0;7693.87;SPXW  260924P07850000;156.2;157.4
2026-09-24 07:08;7855.0;7693.87;SPXW  260924P07855000;161.2;162.4
2026-09-24 07:08;7860.0;7693.87;SPXW  260924P07860000;166.2;167.4
2026-09-24 07:08;7865.0;7693.87;SPXW  260924P07865000;171.2;172.4
2026-09-24 07:08;7870.0;7693.87;SPXW  260924P07870000;176.2;177.4
2026-09-24 07:08;7875.0;7693.87;SPXW  260924P07875000;181.2;182.4
2026-09-24 07:08;7880.0;7693.87;SPXW  260924P07880000;186.2;187.4
2026-09-24 07:08;7885.0;7693.87;SPXW  260924P07885000;191.1;192.4
2026-09-24 07:08;7890.0;7693.87;SPXW  260924P07890000;196.1;197.4
2026-09-24 07:08;7895.0;7693.87;SPXW  260924P07895000;201.1;202.4
2026-09-24 07:08;7900.0;7693.87;SPXW  260924P07900000;206.1;207.4
2026-09-24 07:08;7905.0;7693.87;SPXW  260924P07905000;211.1;212.4
2026-09-24 07:08;7910.0;7693.87;SPXW  260924P07910000;216.1;217.4
2026-09-24 07:08;7915.0;7693.87;SPXW  260924P07915000;221.2;222.4
2026-09-24 07:08;7920.0;7693.87;SPXW  260924P07920000;226.2;227.4
2026-09-24 07:08;7925.0;7693.87;SPXW  260924P07925000;231.2;232.4
2026-09-24 07:08;7930.0;7693.87;SPXW  260924P07930000;236.2;237.4
2026-09-24 07:08;7935.0;7693.87;SPXW  260924P07935000;241.1;242.4
2026-09-24 07:08;7940.0;7693.87;SPXW  260924P07940000;246.2;247.4
2026-09-24 07:13;7440.0;7688.73;SPXW  260924C07440000;247.5;248.7
2026-09-24 07:13;7445.0;7688.73;SPXW  260924C07445000;234.5;253.2
2026-09-24 07:13;7450.0;7688.73;SPXW  260924C07450000;237.5;238.7
2026-09-24 07:13;7455.0;7688.73;SPXW  260924C07455000;224.5;243.2
2026-09-24 07:13;7460.0;7688.73;SPXW  260924C07460000;219.5;238.2
2026-09-24 07:13;7465.0;7688.73;SPXW  260924C07465000;222.8;223.6
2026-09-24 07:13;7470.0;7688.73;SPXW  260924C07470000;217.8;218.6
2026-09-24 07:13;7475.0;7688.73;SPXW  260924C07475000;212.8;213.6
2026-09-24 07:13;7480.0;7688.73;SPXW  260924C07480000;207.8;208.6
2026-09-24 07:13;7485.0;7688.73;SPXW  260924C07485000;202.9;203.5
2026-09-24 07:13;7490.0;7688.73;SPXW  260924C07490000;197.9;198.5
2026-09-24 07:13;7495.0;7688.73;SPXW  260924C07495000;192.9;193.5
2026-09-24 07:13;7500.0;7688.73;SPXW  260924C07500000;187.9;188.6
2026-09-24 07:13;7505.0;7688.73;SPXW  260924C07505000;182.9;183.5
2026-09-24 07:13;7510.0;7688.73;SPXW  260924C07510000;177.8;178.5
2026-09-24 07:13;7515.0;7688.73;SPXW  260924C07515000;172.8;173.5
2026-09-24 07:13;7520.0;7688.73;SPXW  260924C07520000;167.8;168.5
2026-09-24 07:13;7525.0;7688.73;SPXW  260924C07525000;162.8;163.5
2026-09-24 07:13;7530.0;7688.73;SPXW  260924C07530000;157.8;158.8
2026-09-24 07:13;7535.0;7688.73;SPXW  260924C07535000;152.9;154.0
2026-09-24 07:13;7540.0;7688.73;SPXW  260924C07540000;147.9;148.6
2026-09-24 07:13;7545.0;7688.73;SPXW  260924C07545000;142.9;143.6
2026-09-24 07:13;7550.0;7688.73;SPXW  260924C07550000;137.9;138.7
2026-09-24 07:13;7555.0;7688.73;SPXW  260924C07555000;132.9;133.7
2026-09-24 07:13;7560.0;7688.73;SPXW  260924C07560000;127.9;128.7
2026-09-24 07:13;7565.0;7688.73;SPXW  260924C07565000;122.9;123.7
2026-09-24 07:13;7570.0;7688.73;SPXW  260924C07570000;118.1;118.4
2026-09-24 07:13;7575.0;7688.73;SPXW  260924C07575000;113.1;113.4
2026-09-24 07:13;7580.0;7688.73;SPXW  260924C07580000;108.1;108.4
2026-09-24 07:13;7585.0;7688.73;SPXW  260924C07585000;103.1;103.5
2026-09-24 07:13;7590.0;7688.73;SPXW  260924C07590000;98.1;98.5
2026-09-24 07:13;7595.0;7688.73;SPXW  260924C07595000;93.2;93.5
2026-09-24 07:13;7600.0;7688.73;SPXW  260924C07600000;88.2;88.6
2026-09-24 07:13;7605.0;7688.73;SPXW  260924C07605000;83.3;83.6
2026-09-24 07:13;7610.0;7688.73;SPXW  260924C07610000;78.4;78.7
2026-09-24 07:13;7615.0;7688.73;SPXW  260924C07615000;73.5;73.8
2026-09-24 07:13;7620.0;7688.73;SPXW  260924C07620000;68.6;68.9
2026-09-24 07:13;7625.0;7688.73;SPXW  260924C07625000;63.7;64.1
2026-09-24 07:13;7630.0;7688.73;SPXW  260924C07630000;58.9;59.3
2026-09-24 07:13;7635.0;7688.73;SPXW  260924C07635000;54.1;54.5
2026-09-24 07:13;7640.0;7688.73;SPXW  260924C07640000;49.6;49.8
2026-09-24 07:13;7645.0;7688.73;SPXW  260924C07645000;44.9;45.2
2026-09-24 07:13;7650.0;7688.73;SPXW  260924C07650000;40.4;40.6
2026-09-24 07:13;7655.0;7688.73;SPXW  260924C07655000;36.0;36.2
2026-09-24 07:13;7660.0;7688.73;SPXW  260924C07660000;31.7;31.9
2026-09-24 07:13;7665.0;7688.73;SPXW  260924C07665000;27.5;27.7
2026-09-24 07:13;7670.0;7688.73;SPXW  260924C07670000;23.6;23.8
2026-09-24 07:13;7675.0;7688.73;SPXW  260924C07675000;20.0;20.1
2026-09-24 07:13;7680.0;7688.73;SPXW  260924C07680000;16.6;16.7
2026-09-24 07:13;7685.0;7688.73;SPXW  260924C07685000;13.5;13.7
2026-09-24 07:13;7690.0;7688.73;SPXW  260924C07690000;10.8;11.0
2026-09-24 07:13;7695.0;7688.73;SPXW  260924C07695000;8.5;8.6
2026-09-24 07:13;7700.0;7688.73;SPXW  260924C07700000;6.6;6.7
2026-09-24 07:13;7705.0;7688.73;SPXW  260924C07705000;5.0;5.1
2026-09-24 07:13;7710.0;7688.73;SPXW  260924C07710000;3.8;3.9
2026-09-24 07:13;7715.0;7688.73;SPXW  260924C07715000;2.85;2.9
2026-09-24 07:13;7720.0;7688.73;SPXW  260924C07720000;2.15;2.2
2026-09-24 07:13;7725.0;7688.73;SPXW  260924C07725000;1.6;1.7
2026-09-24 07:13;7730.0;7688.73;SPXW  260924C07730000;1.25;1.3
2026-09-24 07:13;7735.0;7688.73;SPXW  260924C07735000;1.0;1.05
2026-09-24 07:13;7740.0;7688.73;SPXW  260924C07740000;0.8;0.85
2026-09-24 07:13;7745.0;7688.73;SPXW  260924C07745000;0.65;0.7
2026-09-24 07:13;7750.0;7688.73;SPXW  260924C07750000;0.55;0.6
2026-09-24 07:13;7755.0;7688.73;SPXW  260924C07755000;0.45;0.5
2026-09-24 07:13;7760.0;7688.73;SPXW  260924C07760000;0.4;0.45
2026-09-24 07:13;7765.0;7688.73;SPXW  260924C07765000;0.35;0.4
2026-09-24 07:13;7770.0;7688.73;SPXW  260924C07770000;0.3;0.35
2026-09-24 07:13;7775.0;7688.73;SPXW  260924C07775000;0.25;0.3
2026-09-24 07:13;7780.0;7688.73;SPXW  260924C07780000;0.25;0.3
2026-09-24 07:13;7785.0;7688.73;SPXW  260924C07785000;0.2;0.25
2026-09-24 07:13;7790.0;7688.73;SPXW  260924C07790000;0.2;0.25
2026-09-24 07:13;7795.0;7688.73;SPXW  260924C07795000;0.15;0.2
2026-09-24 07:13;7800.0;7688.73;SPXW  260924C07800000;0.15;0.2
2026-09-24 07:13;7805.0;7688.73;SPXW  260924C07805000;0.15;0.2
2026-09-24 07:13;7810.0;7688.73;SPXW  260924C07810000;0.15;0.2
2026-09-24 07:13;7815.0;7688.73;SPXW  260924C07815000;0.1;0.15
2026-09-24 07:13;7820.0;7688.73;SPXW  260924C07820000;0.1;0.15
2026-09-24 07:13;7825.0;7688.73;SPXW  260924C07825000;0.1;0.15
2026-09-24 07:13;7830.0;7688.73;SPXW  260924C07830000;0.1;0.15
2026-09-24 07:13;7835.0;7688.73;SPXW  260924C07835000;0.1;0.15
2026-09-24 07:13;7840.0;7688.73;SPXW  260924C07840000;0.05;0.1
2026-09-24 07:13;7845.0;7688.73;SPXW  260924C07845000;0.05;0.1
2026-09-24 07:13;7850.0;7688.73;SPXW  260924C07850000;0.05;0.1
2026-09-24 07:13;7855.0;7688.73;SPXW  260924C07855000;0.05;0.1
2026-09-24 07:13;7860.0;7688.73;SPXW  260924C07860000;0.05;0.1
2026-09-24 07:13;7865.0;7688.73;SPXW  260924C07865000;0.05;0.1
2026-09-24 07:13;7870.0;7688.73;SPXW  260924C07870000;0.05;0.1
2026-09-24 07:13;7875.0;7688.73;SPXW  260924C07875000;0.05;0.1
2026-09-24 07:13;7880.0;7688.73;SPXW  260924C07880000;0.05;0.1
2026-09-24 07:13;7885.0;7688.73;SPXW  260924C07885000;0.05;0.1
2026-09-24 07:13;7890.0;7688.73;SPXW  260924C07890000;0.05;0.1
2026-09-24 07:13;7895.0;7688.73;SPXW  260924C07895000;0.05;0.1
2026-09-24 07:13;7900.0;7688.73;SPXW  260924C07900000;0.05;0.1
2026-09-24 07:13;7905.0;7688.73;SPXW  260924C07905000;0.05;0.1
2026-09-24 07:13;7910.0;7688.73;SPXW  260924C07910000;0.05;0.1
2026-09-24 07:13;7915.0;7688.73;SPXW  260924C07915000;0.0;0.1
2026-09-24 07:13;7920.0;7688.73;SPXW  260924C07920000;0.0;0.05
2026-09-24 07:13;7925.0;7688.73;SPXW  260924C07925000;0.0;0.05
2026-09-24 07:13;7930.0;7688.73;SPXW  260924C07930000;0.0;0.05
2026-09-24 07:13;7935.0;7688.73;SPXW  260924C07935000;0.0;0.05
2026-09-24 07:13;7440.0;7688.73;SPXW  260924P07440000;0.05;0.1
2026-09-24 07:13;7445.0;7688.73;SPXW  260924P07445000;0.05;0.1
2026-09-24 07:13;7450.0;7688.73;SPXW  260924P07450000;0.05;0.1
2026-09-24 07:13;7455.0;7688.73;SPXW  260924P07455000;0.05;0.15
2026-09-24 07:13;7460.0;7688.73;SPXW  260924P07460000;0.05;0.15
2026-09-24 07:13;7465.0;7688.73;SPXW  260924P07465000;0.1;0.15
2026-09-24 07:13;7470.0;7688.73;SPXW  260924P07470000;0.1;0.15
2026-09-24 07:13;7475.0;7688.73;SPXW  260924P07475000;0.1;0.15
2026-09-24 07:13;7480.0;7688.73;SPXW  260924P07480000;0.1;0.15
2026-09-24 07:13;7485.0;7688.73;SPXW  260924P07485000;0.1;0.15
2026-09-24 07:13;7490.0;7688.73;SPXW  260924P07490000;0.1;0.15
2026-09-24 07:13;7495.0;7688.73;SPXW  260924P07495000;0.1;0.15
2026-09-24 07:13;7500.0;7688.73;SPXW  260924P07500000;0.1;0.15
2026-09-24 07:13;7505.0;7688.73;SPXW  260924P07505000;0.1;0.15
2026-09-24 07:13;7510.0;7688.73;SPXW  260924P07510000;0.1;0.15
2026-09-24 07:13;7515.0;7688.73;SPXW  260924P07515000;0.1;0.15
2026-09-24 07:13;7520.0;7688.73;SPXW  260924P07520000;0.1;0.2
2026-09-24 07:13;7525.0;7688.73;SPXW  260924P07525000;0.1;0.2
2026-09-24 07:13;7530.0;7688.73;SPXW  260924P07530000;0.15;0.2
2026-09-24 07:13;7535.0;7688.73;SPXW  260924P07535000;0.15;0.2
2026-09-24 07:13;7540.0;7688.73;SPXW  260924P07540000;0.15;0.2
2026-09-24 07:13;7545.0;7688.73;SPXW  260924P07545000;0.15;0.2
2026-09-24 07:13;7550.0;7688.73;SPXW  260924P07550000;0.15;0.2
2026-09-24 07:13;7555.0;7688.73;SPXW  260924P07555000;0.15;0.2
2026-09-24 07:13;7560.0;7688.73;SPXW  260924P07560000;0.2;0.25
2026-09-24 07:13;7565.0;7688.73;SPXW  260924P07565000;0.2;0.25
2026-09-24 07:13;7570.0;7688.73;SPXW  260924P07570000;0.2;0.25
2026-09-24 07:13;7575.0;7688.73;SPXW  260924P07575000;0.2;0.25
2026-09-24 07:13;7580.0;7688.73;SPXW  260924P07580000;0.25;0.3
2026-09-24 07:13;7585.0;7688.73;SPXW  260924P07585000;0.25;0.3
2026-09-24 07:13;7590.0;7688.73;SPXW  260924P07590000;0.3;0.35
2026-09-24 07:13;7595.0;7688.73;SPXW  260924P07595000;0.35;0.4
2026-09-24 07:13;7600.0;7688.73;SPXW  260924P07600000;0.35;0.45
2026-09-24 07:13;7605.0;7688.73;SPXW  260924P07605000;0.45;0.5
2026-09-24 07:13;7610.0;7688.73;SPXW  260924P07610000;0.5;0.55
2026-09-24 07:13;7615.0;7688.73;SPXW  260924P07615000;0.6;0.65
2026-09-24 07:13;7620.0;7688.73;SPXW  260924P07620000;0.7;0.75
2026-09-24 07:13;7625.0;7688.73;SPXW  260924P07625000;0.85;0.9
2026-09-24 07:13;7630.0;7688.73;SPXW  260924P07630000;1.05;1.1
2026-09-24 07:13;7635.0;7688.73;SPXW  260924P07635000;1.3;1.35
2026-09-24 07:13;7640.0;7688.73;SPXW  260924P07640000;1.6;1.65
2026-09-24 07:13;7645.0;7688.73;SPXW  260924P07645000;1.95;2.0
2026-09-24 07:13;7650.0;7688.73;SPXW  260924P07650000;2.4;2.45
2026-09-24 07:13;7655.0;7688.73;SPXW  260924P07655000;3.0;3.1
2026-09-24 07:13;7660.0;7688.73;SPXW  260924P07660000;3.7;3.8
2026-09-24 07:13;7665.0;7688.73;SPXW  260924P07665000;4.5;4.6
2026-09-24 07:13;7670.0;7688.73;SPXW  260924P07670000;5.6;5.7
2026-09-24 07:13;7675.0;7688.73;SPXW  260924P07675000;6.9;7.0
2026-09-24 07:13;7680.0;7688.73;SPXW  260924P07680000;8.5;8.6
2026-09-24 07:13;7685.0;7688.73;SPXW  260924P07685000;10.4;10.6
2026-09-24 07:13;7690.0;7688.73;SPXW  260924P07690000;12.7;12.8
2026-09-24 07:13;7695.0;7688.73;SPXW  260924P07695000;15.4;15.5
2026-09-24 07:13;7700.0;7688.73;SPXW  260924P07700000;18.4;18.6
2026-09-24 07:13;7705.0;7688.73;SPXW  260924P07705000;21.8;22.0
2026-09-24 07:13;7710.0;7688.73;SPXW  260924P07710000;25.6;25.8
2026-09-24 07:13;7715.0;7688.73;SPXW  260924P07715000;29.6;29.8
2026-09-24 07:13;7720.0;7688.73;SPXW  260924P07720000;33.9;34.1
2026-09-24 07:13;7725.0;7688.73;SPXW  260924P07725000;38.4;38.6
2026-09-24 07:13;7730.0;7688.73;SPXW  260924P07730000;43.0;43.2
2026-09-24 07:13;7735.0;7688.73;SPXW  260924P07735000;47.7;48.0
2026-09-24 07:13;7740.0;7688.73;SPXW  260924P07740000;52.5;52.8
2026-09-24 07:13;7745.0;7688.73;SPXW  260924P07745000;57.3;57.7
2026-09-24 07:13;7750.0;7688.73;SPXW  260924P07750000;62.2;62.6
2026-09-24 07:13;7755.0;7688.73;SPXW  260924P07755000;67.1;67.5
2026-09-24 07:13;7760.0;7688.73;SPXW  260924P07760000;72.1;72.4
2026-09-24 07:13;7765.0;7688.73;SPXW  260924P07765000;77.0;77.4
2026-09-24 07:13;7770.0;7688.73;SPXW  260924P07770000;82.0;82.3
2026-09-24 07:13;7775.0;7688.73;SPXW  260924P07775000;86.9;87.3
2026-09-24 07:13;7780.0;7688.73;SPXW  260924P07780000;91.9;92.3
2026-09-24 07:13;7785.0;7688.73;SPXW  260924P07785000;96.9;97.2
2026-09-24 07:13;7790.0;7688.73;SPXW  260924P07790000;101.9;102.2
2026-09-24 07:13;7795.0;7688.73;SPXW  260924P07795000;106.8;107.2
2026-09-24 07:13;7800.0;7688.73;SPXW  260924P07800000;111.8;112.2
2026-09-24 07:13;7805.0;7688.73;SPXW  260924P07805000;116.8;117.2
2026-09-24 07:13;7810.0;7688.73;SPXW  260924P07810000;121.8;122.2
2026-09-24 07:13;7815.0;7688.73;SPXW  260924P07815000;126.8;127.1
2026-09-24 07:13;7820.0;7688.73;SPXW  260924P07820000;131.6;132.4
2026-09-24 07:13;7825.0;7688.73;SPXW  260924P07825000;136.6;137.2
2026-09-24 07:13;7830.0;7688.73;SPXW  260924P07830000;141.6;142.2
2026-09-24 07:13;7835.0;7688.73;SPXW  260924P07835000;146.6;147.2
2026-09-24 07:13;7840.0;7688.73;SPXW  260924P07840000;151.3;152.6
2026-09-24 07:13;7845.0;7688.73;SPXW  260924P07845000;156.3;157.6
2026-09-24 07:13;7850.0;7688.73;SPXW  260924P07850000;161.3;162.6
2026-09-24 07:13;7855.0;7688.73;SPXW  260924P07855000;166.2;167.6
2026-09-24 07:13;7860.0;7688.73;SPXW  260924P07860000;171.2;172.6
2026-09-24 07:13;7865.0;7688.73;SPXW  260924P07865000;176.2;177.5
2026-09-24 07:13;7870.0;7688.73;SPXW  260924P07870000;181.2;182.5
2026-09-24 07:13;7875.0;7688.73;SPXW  260924P07875000;186.2;187.5
2026-09-24 07:13;7880.0;7688.73;SPXW  260924P07880000;191.2;192.5
2026-09-24 07:13;7885.0;7688.73;SPXW  260924P07885000;196.2;197.5
2026-09-24 07:13;7890.0;7688.73;SPXW  260924P07890000;201.2;202.5
2026-09-24 07:13;7895.0;7688.73;SPXW  260924P07895000;206.2;207.5
2026-09-24 07:13;7900.0;7688.73;SPXW  260924P07900000;211.2;212.5
2026-09-24 07:13;7905.0;7688.73;SPXW  260924P07905000;216.2;217.5
2026-09-24 07:13;7910.0;7688.73;SPXW  260924P07910000;221.2;222.5
2026-09-24 07:13;7915.0;7688.73;SPXW  260924P07915000;226.2;227.5
2026-09-24 07:13;7920.0;7688.73;SPXW  260924P07920000;231.2;232.5
2026-09-24 07:13;7925.0;7688.73;SPXW  260924P07925000;236.2;237.5
2026-09-24 07:13;7930.0;7688.73;SPXW  260924P07930000;241.3;242.5
2026-09-24 07:13;7935.0;7688.73;SPXW  260924P07935000;246.3;247.5
2026-09-24 07:17;7440.0;7688.99;SPXW  260924C07440000;247.3;249.0
2026-09-24 07:17;7445.0;7688.99;SPXW  260924C07445000;242.7;243.5
2026-09-24 07:17;7450.0;7688.99;SPXW  260924C07450000;237.7;238.5
2026-09-24 07:17;7455.0;7688.99;SPXW  260924C07455000;232.6;233.5
2026-09-24 07:17;7460.0;7688.99;SPXW  260924C07460000;227.6;228.5
2026-09-24 07:17;7465.0;7688.99;SPXW  260924C07465000;222.6;223.5
2026-09-24 07:17;7470.0;7688.99;SPXW  260924C07470000;217.6;218.5
2026-09-24 07:17;7475.0;7688.99;SPXW  260924C07475000;212.6;213.5
2026-09-24 07:17;7480.0;7688.99;SPXW  260924C07480000;207.6;208.5
2026-09-24 07:17;7485.0;7688.99;SPXW  260924C07485000;202.6;203.5
2026-09-24 07:17;7490.0;7688.99;SPXW  260924C07490000;197.6;198.5
2026-09-24 07:17;7495.0;7688.99;SPXW  260924C07495000;192.6;193.5
2026-09-24 07:17;7500.0;7688.99;SPXW  260924C07500000;187.6;188.5
2026-09-24 07:17;7505.0;7688.99;SPXW  260924C07505000;182.7;183.5
2026-09-24 07:17;7510.0;7688.99;SPXW  260924C07510000;177.7;178.5
2026-09-24 07:17;7515.0;7688.99;SPXW  260924C07515000;172.7;173.5
2026-09-24 07:17;7520.0;7688.99;SPXW  260924C07520000;167.7;168.5
2026-09-24 07:17;7525.0;7688.99;SPXW  260924C07525000;162.7;163.5
2026-09-24 07:17;7530.0;7688.99;SPXW  260924C07530000;157.8;158.5
2026-09-24 07:17;7535.0;7688.99;SPXW  260924C07535000;152.8;153.5
2026-09-24 07:17;7540.0;7688.99;SPXW  260924C07540000;147.8;148.5
2026-09-24 07:17;7545.0;7688.99;SPXW  260924C07545000;142.8;143.5
2026-09-24 07:17;7550.0;7688.99;SPXW  260924C07550000;137.8;138.5
2026-09-24 07:17;7555.0;7688.99;SPXW  260924C07555000;132.8;133.5
2026-09-24 07:17;7560.0;7688.99;SPXW  260924C07560000;127.7;128.6
2026-09-24 07:17;7565.0;7688.99;SPXW  260924C07565000;122.7;123.6
2026-09-24 07:17;7570.0;7688.99;SPXW  260924C07570000;117.7;118.2
2026-09-24 07:17;7575.0;7688.99;SPXW  260924C07575000;112.9;113.2
2026-09-24 07:17;7580.0;7688.99;SPXW  260924C07580000;107.9;108.3
2026-09-24 07:17;7585.0;7688.99;SPXW  260924C07585000;102.9;103.3
2026-09-24 07:17;7590.0;7688.99;SPXW  260924C07590000;97.8;98.3
2026-09-24 07:17;7595.0;7688.99;SPXW  260924C07595000;93.0;93.3
2026-09-24 07:17;7600.0;7688.99;SPXW  260924C07600000;88.0;88.4
2026-09-24 07:17;7605.0;7688.99;SPXW  260924C07605000;83.1;83.4
2026-09-24 07:17;7610.0;7688.99;SPXW  260924C07610000;78.1;78.5
2026-09-24 07:17;7615.0;7688.99;SPXW  260924C07615000;73.2;73.6
2026-09-24 07:17;7620.0;7688.99;SPXW  260924C07620000;68.4;68.7
2026-09-24 07:17;7625.0;7688.99;SPXW  260924C07625000;63.5;63.9
2026-09-24 07:17;7630.0;7688.99;SPXW  260924C07630000;58.7;59.1
2026-09-24 07:17;7635.0;7688.99;SPXW  260924C07635000;53.9;54.3
2026-09-24 07:17;7640.0;7688.99;SPXW  260924C07640000;49.3;49.6
2026-09-24 07:17;7645.0;7688.99;SPXW  260924C07645000;44.7;44.9
2026-09-24 07:17;7650.0;7688.99;SPXW  260924C07650000;40.2;40.4
2026-09-24 07:17;7655.0;7688.99;SPXW  260924C07655000;35.7;36.0
2026-09-24 07:17;7660.0;7688.99;SPXW  260924C07660000;31.5;31.7
2026-09-24 07:17;7665.0;7688.99;SPXW  260924C07665000;27.4;27.6
2026-09-24 07:17;7670.0;7688.99;SPXW  260924C07670000;23.5;23.7
2026-09-24 07:17;7675.0;7688.99;SPXW  260924C07675000;19.8;20.0
2026-09-24 07:17;7680.0;7688.99;SPXW  260924C07680000;16.5;16.7
2026-09-24 07:17;7685.0;7688.99;SPXW  260924C07685000;13.5;13.6
2026-09-24 07:17;7690.0;7688.99;SPXW  260924C07690000;10.8;10.9
2026-09-24 07:17;7695.0;7688.99;SPXW  260924C07695000;8.5;8.7
2026-09-24 07:17;7700.0;7688.99;SPXW  260924C07700000;6.6;6.7
2026-09-24 07:17;7705.0;7688.99;SPXW  260924C07705000;5.1;5.2
2026-09-24 07:17;7710.0;7688.99;SPXW  260924C07710000;3.8;3.9
2026-09-24 07:17;7715.0;7688.99;SPXW  260924C07715000;2.9;2.95
2026-09-24 07:17;7720.0;7688.99;SPXW  260924C07720000;2.15;2.2
2026-09-24 07:17;7725.0;7688.99;SPXW  260924C07725000;1.65;1.7
2026-09-24 07:17;7730.0;7688.99;SPXW  260924C07730000;1.25;1.3
2026-09-24 07:17;7735.0;7688.99;SPXW  260924C07735000;0.95;1.0
2026-09-24 07:17;7740.0;7688.99;SPXW  260924C07740000;0.75;0.8
2026-09-24 07:17;7745.0;7688.99;SPXW  260924C07745000;0.6;0.65
2026-09-24 07:17;7750.0;7688.99;SPXW  260924C07750000;0.5;0.55
2026-09-24 07:17;7755.0;7688.99;SPXW  260924C07755000;0.4;0.5
2026-09-24 07:17;7760.0;7688.99;SPXW  260924C07760000;0.35;0.4
2026-09-24 07:17;7765.0;7688.99;SPXW  260924C07765000;0.3;0.4
2026-09-24 07:17;7770.0;7688.99;SPXW  260924C07770000;0.3;0.35
2026-09-24 07:17;7775.0;7688.99;SPXW  260924C07775000;0.25;0.3
2026-09-24 07:17;7780.0;7688.99;SPXW  260924C07780000;0.2;0.25
2026-09-24 07:17;7785.0;7688.99;SPXW  260924C07785000;0.2;0.25
2026-09-24 07:17;7790.0;7688.99;SPXW  260924C07790000;0.2;0.25
2026-09-24 07:17;7795.0;7688.99;SPXW  260924C07795000;0.15;0.2
2026-09-24 07:17;7800.0;7688.99;SPXW  260924C07800000;0.15;0.2
2026-09-24 07:17;7805.0;7688.99;SPXW  260924C07805000;0.15;0.2
2026-09-24 07:17;7810.0;7688.99;SPXW  260924C07810000;0.1;0.15
2026-09-24 07:17;7815.0;7688.99;SPXW  260924C07815000;0.1;0.15
2026-09-24 07:17;7820.0;7688.99;SPXW  260924C07820000;0.1;0.15
2026-09-24 07:17;7825.0;7688.99;SPXW  260924C07825000;0.1;0.15
2026-09-24 07:17;7830.0;7688.99;SPXW  260924C07830000;0.1;0.15
2026-09-24 07:17;7835.0;7688.99;SPXW  260924C07835000;0.1;0.15
2026-09-24 07:17;7840.0;7688.99;SPXW  260924C07840000;0.05;0.1
2026-09-24 07:17;7845.0;7688.99;SPXW  260924C07845000;0.05;0.1
2026-09-24 07:17;7850.0;7688.99;SPXW  260924C07850000;0.05;0.1
2026-09-24 07:17;7855.0;7688.99;SPXW  260924C07855000;0.05;0.1
2026-09-24 07:17;7860.0;7688.99;SPXW  260924C07860000;0.05;0.1
2026-09-24 07:17;7865.0;7688.99;SPXW  260924C07865000;0.05;0.1
2026-09-24 07:17;7870.0;7688.99;SPXW  260924C07870000;0.05;0.1
2026-09-24 07:17;7875.0;7688.99;SPXW  260924C07875000;0.05;0.1
2026-09-24 07:17;7880.0;7688.99;SPXW  260924C07880000;0.05;0.1
2026-09-24 07:17;7885.0;7688.99;SPXW  260924C07885000;0.05;0.1
2026-09-24 07:17;7890.0;7688.99;SPXW  260924C07890000;0.05;0.1
2026-09-24 07:17;7895.0;7688.99;SPXW  260924C07895000;0.05;0.1
2026-09-24 07:17;7900.0;7688.99;SPXW  260924C07900000;0.05;0.1
2026-09-24 07:17;7905.0;7688.99;SPXW  260924C07905000;0.05;0.1
2026-09-24 07:17;7910.0;7688.99;SPXW  260924C07910000;0.05;0.1
2026-09-24 07:17;7915.0;7688.99;SPXW  260924C07915000;0.0;0.1
2026-09-24 07:17;7920.0;7688.99;SPXW  260924C07920000;0.0;0.05
2026-09-24 07:17;7925.0;7688.99;SPXW  260924C07925000;0.0;0.05
2026-09-24 07:17;7930.0;7688.99;SPXW  260924C07930000;0.0;0.05
2026-09-24 07:17;7935.0;7688.99;SPXW  260924C07935000;0.0;0.05
2026-09-24 07:17;7440.0;7688.99;SPXW  260924P07440000;0.05;0.1
2026-09-24 07:17;7445.0;7688.99;SPXW  260924P07445000;0.05;0.1
2026-09-24 07:17;7450.0;7688.99;SPXW  260924P07450000;0.05;0.1
2026-09-24 07:17;7455.0;7688.99;SPXW  260924P07455000;0.05;0.1
2026-09-24 07:17;7460.0;7688.99;SPXW  260924P07460000;0.05;0.1
2026-09-24 07:17;7465.0;7688.99;SPXW  260924P07465000;0.1;0.15
2026-09-24 07:17;7470.0;7688.99;SPXW  260924P07470000;0.1;0.15
2026-09-24 07:17;7475.0;7688.99;SPXW  260924P07475000;0.1;0.15
2026-09-24 07:17;7480.0;7688.99;SPXW  260924P07480000;0.1;0.15
2026-09-24 07:17;7485.0;7688.99;SPXW  260924P07485000;0.1;0.15
2026-09-24 07:17;7490.0;7688.99;SPXW  260924P07490000;0.1;0.15
2026-09-24 07:17;7495.0;7688.99;SPXW  260924P07495000;0.1;0.15
2026-09-24 07:17;7500.0;7688.99;SPXW  260924P07500000;0.1;0.15
2026-09-24 07:17;7505.0;7688.99;SPXW  260924P07505000;0.1;0.15
2026-09-24 07:17;7510.0;7688.99;SPXW  260924P07510000;0.1;0.15
2026-09-24 07:17;7515.0;7688.99;SPXW  260924P07515000;0.1;0.15
2026-09-24 07:17;7520.0;7688.99;SPXW  260924P07520000;0.1;0.2
2026-09-24 07:17;7525.0;7688.99;SPXW  260924P07525000;0.1;0.2
2026-09-24 07:17;7530.0;7688.99;SPXW  260924P07530000;0.15;0.2
2026-09-24 07:17;7535.0;7688.99;SPXW  260924P07535000;0.15;0.2
2026-09-24 07:17;7540.0;7688.99;SPXW  260924P07540000;0.15;0.2
2026-09-24 07:17;7545.0;7688.99;SPXW  260924P07545000;0.15;0.2
2026-09-24 07:17;7550.0;7688.99;SPXW  260924P07550000;0.15;0.2
2026-09-24 07:17;7555.0;7688.99;SPXW  260924P07555000;0.15;0.2
2026-09-24 07:17;7560.0;7688.99;SPXW  260924P07560000;0.2;0.25
2026-09-24 07:17;7565.0;7688.99;SPXW  260924P07565000;0.2;0.25
2026-09-24 07:17;7570.0;7688.99;SPXW  260924P07570000;0.2;0.25
2026-09-24 07:17;7575.0;7688.99;SPXW  260924P07575000;0.2;0.25
2026-09-24 07:17;7580.0;7688.99;SPXW  260924P07580000;0.25;0.3
2026-09-24 07:17;7585.0;7688.99;SPXW  260924P07585000;0.25;0.3
2026-09-24 07:17;7590.0;7688.99;SPXW  260924P07590000;0.3;0.35
2026-09-24 07:17;7595.0;7688.99;SPXW  260924P07595000;0.3;0.35
2026-09-24 07:17;7600.0;7688.99;SPXW  260924P07600000;0.35;0.4
2026-09-24 07:17;7605.0;7688.99;SPXW  260924P07605000;0.4;0.5
2026-09-24 07:17;7610.0;7688.99;SPXW  260924P07610000;0.5;0.55
2026-09-24 07:17;7615.0;7688.99;SPXW  260924P07615000;0.6;0.65
2026-09-24 07:17;7620.0;7688.99;SPXW  260924P07620000;0.7;0.75
2026-09-24 07:17;7625.0;7688.99;SPXW  260924P07625000;0.85;0.9
2026-09-24 07:17;7630.0;7688.99;SPXW  260924P07630000;1.05;1.1
2026-09-24 07:17;7635.0;7688.99;SPXW  260924P07635000;1.25;1.35
2026-09-24 07:17;7640.0;7688.99;SPXW  260924P07640000;1.55;1.65
2026-09-24 07:17;7645.0;7688.99;SPXW  260924P07645000;1.95;2.0
2026-09-24 07:17;7650.0;7688.99;SPXW  260924P07650000;2.4;2.45
2026-09-24 07:17;7655.0;7688.99;SPXW  260924P07655000;3.0;3.1
2026-09-24 07:17;7660.0;7688.99;SPXW  260924P07660000;3.7;3.8
2026-09-24 07:17;7665.0;7688.99;SPXW  260924P07665000;4.6;4.7
2026-09-24 07:17;7670.0;7688.99;SPXW  260924P07670000;5.7;5.8
2026-09-24 07:17;7675.0;7688.99;SPXW  260924P07675000;7.0;7.2
2026-09-24 07:17;7680.0;7688.99;SPXW  260924P07680000;8.7;8.8
2026-09-24 07:17;7685.0;7688.99;SPXW  260924P07685000;10.7;10.8
2026-09-24 07:17;7690.0;7688.99;SPXW  260924P07690000;13.0;13.2
2026-09-24 07:17;7695.0;7688.99;SPXW  260924P07695000;15.7;15.9
2026-09-24 07:17;7700.0;7688.99;SPXW  260924P07700000;18.8;18.9
2026-09-24 07:17;7705.0;7688.99;SPXW  260924P07705000;22.2;22.4
2026-09-24 07:17;7710.0;7688.99;SPXW  260924P07710000;26.0;26.2
2026-09-24 07:17;7715.0;7688.99;SPXW  260924P07715000;30.0;30.2
2026-09-24 07:17;7720.0;7688.99;SPXW  260924P07720000;34.3;34.5
2026-09-24 07:17;7725.0;7688.99;SPXW  260924P07725000;38.7;38.9
2026-09-24 07:17;7730.0;7688.99;SPXW  260924P07730000;43.3;43.5
2026-09-24 07:17;7735.0;7688.99;SPXW  260924P07735000;48.0;48.3
2026-09-24 07:17;7740.0;7688.99;SPXW  260924P07740000;52.8;53.1
2026-09-24 07:17;7745.0;7688.99;SPXW  260924P07745000;57.6;58.0
2026-09-24 07:17;7750.0;7688.99;SPXW  260924P07750000;62.5;62.9
2026-09-24 07:17;7755.0;7688.99;SPXW  260924P07755000;67.5;67.8
2026-09-24 07:17;7760.0;7688.99;SPXW  260924P07760000;72.4;72.7
2026-09-24 07:17;7765.0;7688.99;SPXW  260924P07765000;77.3;77.7
2026-09-24 07:17;7770.0;7688.99;SPXW  260924P07770000;82.3;82.7
2026-09-24 07:17;7775.0;7688.99;SPXW  260924P07775000;87.3;87.6
2026-09-24 07:17;7780.0;7688.99;SPXW  260924P07780000;92.2;92.6
2026-09-24 07:17;7785.0;7688.99;SPXW  260924P07785000;97.2;97.6
2026-09-24 07:17;7790.0;7688.99;SPXW  260924P07790000;102.2;102.6
2026-09-24 07:17;7795.0;7688.99;SPXW  260924P07795000;107.2;107.5
2026-09-24 07:17;7800.0;7688.99;SPXW  260924P07800000;112.2;112.5
2026-09-24 07:17;7805.0;7688.99;SPXW  260924P07805000;117.2;117.5
2026-09-24 07:17;7810.0;7688.99;SPXW  260924P07810000;122.1;122.5
2026-09-24 07:17;7815.0;7688.99;SPXW  260924P07815000;127.1;127.5
2026-09-24 07:17;7820.0;7688.99;SPXW  260924P07820000;131.9;132.6
2026-09-24 07:17;7825.0;7688.99;SPXW  260924P07825000;136.9;137.6
2026-09-24 07:17;7830.0;7688.99;SPXW  260924P07830000;141.7;142.9
2026-09-24 07:17;7835.0;7688.99;SPXW  260924P07835000;146.7;147.9
2026-09-24 07:17;7840.0;7688.99;SPXW  260924P07840000;151.7;152.9
2026-09-24 07:17;7845.0;7688.99;SPXW  260924P07845000;156.7;157.9
2026-09-24 07:17;7850.0;7688.99;SPXW  260924P07850000;161.7;162.9
2026-09-24 07:17;7855.0;7688.99;SPXW  260924P07855000;166.7;167.9
2026-09-24 07:17;7860.0;7688.99;SPXW  260924P07860000;171.7;172.9
2026-09-24 07:17;7865.0;7688.99;SPXW  260924P07865000;176.7;177.9
2026-09-24 07:17;7870.0;7688.99;SPXW  260924P07870000;181.6;183.0
2026-09-24 07:17;7875.0;7688.99;SPXW  260924P07875000;186.6;188.0
2026-09-24 07:17;7880.0;7688.99;SPXW  260924P07880000;191.6;193.0
2026-09-24 07:17;7885.0;7688.99;SPXW  260924P07885000;196.6;198.0
2026-09-24 07:17;7890.0;7688.99;SPXW  260924P07890000;201.6;203.0
2026-09-24 07:17;7895.0;7688.99;SPXW  260924P07895000;206.6;208.0
2026-09-24 07:17;7900.0;7688.99;SPXW  260924P07900000;211.6;213.0
2026-09-24 07:17;7905.0;7688.99;SPXW  260924P07905000;216.6;218.0
2026-09-24 07:17;7910.0;7688.99;SPXW  260924P07910000;213.7;232.9
2026-09-24 07:17;7915.0;7688.99;SPXW  260924P07915000;226.6;228.0
2026-09-24 07:17;7920.0;7688.99;SPXW  260924P07920000;231.6;233.0
2026-09-24 07:17;7925.0;7688.99;SPXW  260924P07925000;228.0;248.0
2026-09-24 07:17;7930.0;7688.99;SPXW  260924P07930000;241.6;243.0
2026-09-24 07:17;7935.0;7688.99;SPXW  260924P07935000;246.6;248.0
2026-09-24 07:21;7445.0;7691.86;SPXW  260924C07445000;235.3;254.3
2026-09-24 07:21;7450.0;7691.86;SPXW  260924C07450000;230.3;249.0
2026-09-24 07:21;7455.0;7691.86;SPXW  260924C07455000;225.3;243.6
2026-09-24 07:21;7460.0;7691.86;SPXW  260924C07460000;220.3;239.0
2026-09-24 07:21;7465.0;7691.86;SPXW  260924C07465000;225.3;227.0
2026-09-24 07:21;7470.0;7691.86;SPXW  260924C07470000;220.6;221.3
2026-09-24 07:21;7475.0;7691.86;SPXW  260924C07475000;215.6;216.3
2026-09-24 07:21;7480.0;7691.86;SPXW  260924C07480000;210.6;211.3
2026-09-24 07:21;7485.0;7691.86;SPXW  260924C07485000;205.6;206.3
2026-09-24 07:21;7490.0;7691.86;SPXW  260924C07490000;200.6;201.3
2026-09-24 07:21;7495.0;7691.86;SPXW  260924C07495000;195.6;196.3
2026-09-24 07:21;7500.0;7691.86;SPXW  260924C07500000;190.6;191.5
2026-09-24 07:21;7505.0;7691.86;SPXW  260924C07505000;185.6;186.5
2026-09-24 07:21;7510.0;7691.86;SPXW  260924C07510000;180.6;181.5
2026-09-24 07:21;7515.0;7691.86;SPXW  260924C07515000;175.6;176.4
2026-09-24 07:21;7520.0;7691.86;SPXW  260924C07520000;170.6;171.4
2026-09-24 07:21;7525.0;7691.86;SPXW  260924C07525000;165.6;166.4
2026-09-24 07:21;7530.0;7691.86;SPXW  260924C07530000;160.6;161.4
2026-09-24 07:21;7535.0;7691.86;SPXW  260924C07535000;155.7;156.4
2026-09-24 07:21;7540.0;7691.86;SPXW  260924C07540000;150.7;151.4
2026-09-24 07:21;7545.0;7691.86;SPXW  260924C07545000;145.7;146.4
2026-09-24 07:21;7550.0;7691.86;SPXW  260924C07550000;140.7;141.4
2026-09-24 07:21;7555.0;7691.86;SPXW  260924C07555000;135.7;136.4
2026-09-24 07:21;7560.0;7691.86;SPXW  260924C07560000;130.7;131.4
2026-09-24 07:21;7565.0;7691.86;SPXW  260924C07565000;125.7;126.4
2026-09-24 07:21;7570.0;7691.86;SPXW  260924C07570000;121.0;121.4
2026-09-24 07:21;7575.0;7691.86;SPXW  260924C07575000;116.1;116.4
2026-09-24 07:21;7580.0;7691.86;SPXW  260924C07580000;111.1;111.4
2026-09-24 07:21;7585.0;7691.86;SPXW  260924C07585000;106.1;106.4
2026-09-24 07:21;7590.0;7691.86;SPXW  260924C07590000;101.1;101.5
2026-09-24 07:21;7595.0;7691.86;SPXW  260924C07595000;96.2;96.5
2026-09-24 07:21;7600.0;7691.86;SPXW  260924C07600000;91.2;91.5
2026-09-24 07:21;7605.0;7691.86;SPXW  260924C07605000;86.2;86.6
2026-09-24 07:21;7610.0;7691.86;SPXW  260924C07610000;81.3;81.6
2026-09-24 07:21;7615.0;7691.86;SPXW  260924C07615000;76.4;76.7
2026-09-24 07:21;7620.0;7691.86;SPXW  260924C07620000;71.5;71.8
2026-09-24 07:21;7625.0;7691.86;SPXW  260924C07625000;66.6;66.9
2026-09-24 07:21;7630.0;7691.86;SPXW  260924C07630000;61.7;62.1
2026-09-24 07:21;7635.0;7691.86;SPXW  260924C07635000;56.9;57.3
2026-09-24 07:21;7640.0;7691.86;SPXW  260924C07640000;52.2;52.4
2026-09-24 07:21;7645.0;7691.86;SPXW  260924C07645000;47.5;47.8
2026-09-24 07:21;7650.0;7691.86;SPXW  260924C07650000;42.9;43.2
2026-09-24 07:21;7655.0;7691.86;SPXW  260924C07655000;38.4;38.7
2026-09-24 07:21;7660.0;7691.86;SPXW  260924C07660000;34.1;34.3
2026-09-24 07:21;7665.0;7691.86;SPXW  260924C07665000;29.9;30.1
2026-09-24 07:21;7670.0;7691.86;SPXW  260924C07670000;25.9;26.0
2026-09-24 07:21;7675.0;7691.86;SPXW  260924C07675000;22.0;22.2
2026-09-24 07:21;7680.0;7691.86;SPXW  260924C07680000;18.5;18.7
2026-09-24 07:21;7685.0;7691.86;SPXW  260924C07685000;15.3;15.4
2026-09-24 07:21;7690.0;7691.86;SPXW  260924C07690000;12.4;12.5
2026-09-24 07:21;7695.0;7691.86;SPXW  260924C07695000;9.9;10.0
2026-09-24 07:21;7700.0;7691.86;SPXW  260924C07700000;7.7;7.9
2026-09-24 07:21;7705.0;7691.86;SPXW  260924C07705000;6.0;6.1
2026-09-24 07:21;7710.0;7691.86;SPXW  260924C07710000;4.5;4.7
2026-09-24 07:21;7715.0;7691.86;SPXW  260924C07715000;3.4;3.5
2026-09-24 07:21;7720.0;7691.86;SPXW  260924C07720000;2.6;2.65
2026-09-24 07:21;7725.0;7691.86;SPXW  260924C07725000;1.95;2.0
2026-09-24 07:21;7730.0;7691.86;SPXW  260924C07730000;1.5;1.55
2026-09-24 07:21;7735.0;7691.86;SPXW  260924C07735000;1.15;1.2
2026-09-24 07:21;7740.0;7691.86;SPXW  260924C07740000;0.9;0.95
2026-09-24 07:21;7745.0;7691.86;SPXW  260924C07745000;0.7;0.75
2026-09-24 07:21;7750.0;7691.86;SPXW  260924C07750000;0.55;0.6
2026-09-24 07:21;7755.0;7691.86;SPXW  260924C07755000;0.45;0.55
2026-09-24 07:21;7760.0;7691.86;SPXW  260924C07760000;0.4;0.45
2026-09-24 07:21;7765.0;7691.86;SPXW  260924C07765000;0.35;0.4
2026-09-24 07:21;7770.0;7691.86;SPXW  260924C07770000;0.3;0.35
2026-09-24 07:21;7775.0;7691.86;SPXW  260924C07775000;0.25;0.3
2026-09-24 07:21;7780.0;7691.86;SPXW  260924C07780000;0.25;0.3
2026-09-24 07:21;7785.0;7691.86;SPXW  260924C07785000;0.2;0.25
2026-09-24 07:21;7790.0;7691.86;SPXW  260924C07790000;0.2;0.25
2026-09-24 07:21;7795.0;7691.86;SPXW  260924C07795000;0.15;0.25
2026-09-24 07:21;7800.0;7691.86;SPXW  260924C07800000;0.15;0.2
2026-09-24 07:21;7805.0;7691.86;SPXW  260924C07805000;0.15;0.2
2026-09-24 07:21;7810.0;7691.86;SPXW  260924C07810000;0.1;0.2
2026-09-24 07:21;7815.0;7691.86;SPXW  260924C07815000;0.1;0.15
2026-09-24 07:21;7820.0;7691.86;SPXW  260924C07820000;0.1;0.15
2026-09-24 07:21;7825.0;7691.86;SPXW  260924C07825000;0.1;0.15
2026-09-24 07:21;7830.0;7691.86;SPXW  260924C07830000;0.1;0.15
2026-09-24 07:21;7835.0;7691.86;SPXW  260924C07835000;0.1;0.15
2026-09-24 07:21;7840.0;7691.86;SPXW  260924C07840000;0.05;0.1
2026-09-24 07:21;7845.0;7691.86;SPXW  260924C07845000;0.05;0.1
2026-09-24 07:21;7850.0;7691.86;SPXW  260924C07850000;0.05;0.1
2026-09-24 07:21;7855.0;7691.86;SPXW  260924C07855000;0.05;0.1
2026-09-24 07:21;7860.0;7691.86;SPXW  260924C07860000;0.05;0.1
2026-09-24 07:21;7865.0;7691.86;SPXW  260924C07865000;0.05;0.1
2026-09-24 07:21;7870.0;7691.86;SPXW  260924C07870000;0.05;0.1
2026-09-24 07:21;7875.0;7691.86;SPXW  260924C07875000;0.05;0.1
2026-09-24 07:21;7880.0;7691.86;SPXW  260924C07880000;0.05;0.1
2026-09-24 07:21;7885.0;7691.86;SPXW  260924C07885000;0.05;0.1
2026-09-24 07:21;7890.0;7691.86;SPXW  260924C07890000;0.05;0.1
2026-09-24 07:21;7895.0;7691.86;SPXW  260924C07895000;0.05;0.1
2026-09-24 07:21;7900.0;7691.86;SPXW  260924C07900000;0.05;0.1
2026-09-24 07:21;7905.0;7691.86;SPXW  260924C07905000;0.05;0.1
2026-09-24 07:21;7910.0;7691.86;SPXW  260924C07910000;0.0;0.1
2026-09-24 07:21;7915.0;7691.86;SPXW  260924C07915000;0.0;0.05
2026-09-24 07:21;7920.0;7691.86;SPXW  260924C07920000;0.0;0.05
2026-09-24 07:21;7925.0;7691.86;SPXW  260924C07925000;0.0;0.05
2026-09-24 07:21;7930.0;7691.86;SPXW  260924C07930000;0.0;0.05
2026-09-24 07:21;7935.0;7691.86;SPXW  260924C07935000;0.0;0.05
2026-09-24 07:21;7940.0;7691.86;SPXW  260924C07940000;0.0;0.05
2026-09-24 07:21;7445.0;7691.86;SPXW  260924P07445000;0.05;0.1
2026-09-24 07:21;7450.0;7691.86;SPXW  260924P07450000;0.05;0.1
2026-09-24 07:21;7455.0;7691.86;SPXW  260924P07455000;0.05;0.1
2026-09-24 07:21;7460.0;7691.86;SPXW  260924P07460000;0.05;0.1
2026-09-24 07:21;7465.0;7691.86;SPXW  260924P07465000;0.1;0.15
2026-09-24 07:21;7470.0;7691.86;SPXW  260924P07470000;0.1;0.15
2026-09-24 07:21;7475.0;7691.86;SPXW  260924P07475000;0.1;0.15
2026-09-24 07:21;7480.0;7691.86;SPXW  260924P07480000;0.1;0.15
2026-09-24 07:21;7485.0;7691.86;SPXW  260924P07485000;0.1;0.15
2026-09-24 07:21;7490.0;7691.86;SPXW  260924P07490000;0.1;0.15
2026-09-24 07:21;7495.0;7691.86;SPXW  260924P07495000;0.1;0.15
2026-09-24 07:21;7500.0;7691.86;SPXW  260924P07500000;0.1;0.15
2026-09-24 07:21;7505.0;7691.86;SPXW  260924P07505000;0.1;0.15
2026-09-24 07:21;7510.0;7691.86;SPXW  260924P07510000;0.1;0.15
2026-09-24 07:21;7515.0;7691.86;SPXW  260924P07515000;0.1;0.15
2026-09-24 07:21;7520.0;7691.86;SPXW  260924P07520000;0.1;0.15
2026-09-24 07:21;7525.0;7691.86;SPXW  260924P07525000;0.1;0.15
2026-09-24 07:21;7530.0;7691.86;SPXW  260924P07530000;0.15;0.2
2026-09-24 07:21;7535.0;7691.86;SPXW  260924P07535000;0.15;0.2
2026-09-24 07:21;7540.0;7691.86;SPXW  260924P07540000;0.15;0.2
2026-09-24 07:21;7545.0;7691.86;SPXW  260924P07545000;0.15;0.2
2026-09-24 07:21;7550.0;7691.86;SPXW  260924P07550000;0.15;0.2
2026-09-24 07:21;7555.0;7691.86;SPXW  260924P07555000;0.15;0.2
2026-09-24 07:21;7560.0;7691.86;SPXW  260924P07560000;0.15;0.2
2026-09-24 07:21;7565.0;7691.86;SPXW  260924P07565000;0.15;0.2
2026-09-24 07:21;7570.0;7691.86;SPXW  260924P07570000;0.2;0.25
2026-09-24 07:21;7575.0;7691.86;SPXW  260924P07575000;0.2;0.25
2026-09-24 07:21;7580.0;7691.86;SPXW  260924P07580000;0.2;0.25
2026-09-24 07:21;7585.0;7691.86;SPXW  260924P07585000;0.25;0.3
2026-09-24 07:21;7590.0;7691.86;SPXW  260924P07590000;0.25;0.3
2026-09-24 07:21;7595.0;7691.86;SPXW  260924P07595000;0.3;0.35
2026-09-24 07:21;7600.0;7691.86;SPXW  260924P07600000;0.35;0.4
2026-09-24 07:21;7605.0;7691.86;SPXW  260924P07605000;0.35;0.45
2026-09-24 07:21;7610.0;7691.86;SPXW  260924P07610000;0.45;0.5
2026-09-24 07:21;7615.0;7691.86;SPXW  260924P07615000;0.5;0.55
2026-09-24 07:21;7620.0;7691.86;SPXW  260924P07620000;0.6;0.65
2026-09-24 07:21;7625.0;7691.86;SPXW  260924P07625000;0.75;0.8
2026-09-24 07:21;7630.0;7691.86;SPXW  260924P07630000;0.9;0.95
2026-09-24 07:21;7635.0;7691.86;SPXW  260924P07635000;1.1;1.15
2026-09-24 07:21;7640.0;7691.86;SPXW  260924P07640000;1.35;1.4
2026-09-24 07:21;7645.0;7691.86;SPXW  260924P07645000;1.7;1.75
2026-09-24 07:21;7650.0;7691.86;SPXW  260924P07650000;2.1;2.15
2026-09-24 07:21;7655.0;7691.86;SPXW  260924P07655000;2.6;2.65
2026-09-24 07:21;7660.0;7691.86;SPXW  260924P07660000;3.2;3.3
2026-09-24 07:21;7665.0;7691.86;SPXW  260924P07665000;4.0;4.1
2026-09-24 07:21;7670.0;7691.86;SPXW  260924P07670000;5.0;5.1
2026-09-24 07:21;7675.0;7691.86;SPXW  260924P07675000;6.2;6.3
2026-09-24 07:21;7680.0;7691.86;SPXW  260924P07680000;7.6;7.8
2026-09-24 07:21;7685.0;7691.86;SPXW  260924P07685000;9.4;9.5
2026-09-24 07:21;7690.0;7691.86;SPXW  260924P07690000;11.5;11.7
2026-09-24 07:21;7695.0;7691.86;SPXW  260924P07695000;14.0;14.2
2026-09-24 07:21;7700.0;7691.86;SPXW  260924P07700000;16.9;17.1
2026-09-24 07:21;7705.0;7691.86;SPXW  260924P07705000;20.2;20.3
2026-09-24 07:21;7710.0;7691.86;SPXW  260924P07710000;23.7;23.9
2026-09-24 07:21;7715.0;7691.86;SPXW  260924P07715000;27.6;27.8
2026-09-24 07:21;7720.0;7691.86;SPXW  260924P07720000;31.8;31.9
2026-09-24 07:21;7725.0;7691.86;SPXW  260924P07725000;36.1;36.3
2026-09-24 07:21;7730.0;7691.86;SPXW  260924P07730000;40.6;40.9
2026-09-24 07:21;7735.0;7691.86;SPXW  260924P07735000;45.2;45.6
2026-09-24 07:21;7740.0;7691.86;SPXW  260924P07740000;49.9;50.3
2026-09-24 07:21;7745.0;7691.86;SPXW  260924P07745000;54.7;55.2
2026-09-24 07:21;7750.0;7691.86;SPXW  260924P07750000;59.6;60.0
2026-09-24 07:21;7755.0;7691.86;SPXW  260924P07755000;64.5;64.9
2026-09-24 07:21;7760.0;7691.86;SPXW  260924P07760000;69.5;69.9
2026-09-24 07:21;7765.0;7691.86;SPXW  260924P07765000;74.4;74.8
2026-09-24 07:21;7770.0;7691.86;SPXW  260924P07770000;79.4;79.8
2026-09-24 07:21;7775.0;7691.86;SPXW  260924P07775000;84.3;84.7
2026-09-24 07:21;7780.0;7691.86;SPXW  260924P07780000;89.3;89.8
2026-09-24 07:21;7785.0;7691.86;SPXW  260924P07785000;94.3;94.7
2026-09-24 07:21;7790.0;7691.86;SPXW  260924P07790000;99.2;99.7
2026-09-24 07:21;7795.0;7691.86;SPXW  260924P07795000;104.2;104.6
2026-09-24 07:21;7800.0;7691.86;SPXW  260924P07800000;109.2;109.6
2026-09-24 07:21;7805.0;7691.86;SPXW  260924P07805000;114.2;114.7
2026-09-24 07:21;7810.0;7691.86;SPXW  260924P07810000;119.2;119.7
2026-09-24 07:21;7815.0;7691.86;SPXW  260924P07815000;124.2;124.6
2026-09-24 07:21;7820.0;7691.86;SPXW  260924P07820000;129.0;129.6
2026-09-24 07:21;7825.0;7691.86;SPXW  260924P07825000;134.0;134.6
2026-09-24 07:21;7830.0;7691.86;SPXW  260924P07830000;138.9;139.7
2026-09-24 07:21;7835.0;7691.86;SPXW  260924P07835000;143.6;144.9
2026-09-24 07:21;7840.0;7691.86;SPXW  260924P07840000;148.6;149.9
2026-09-24 07:21;7845.0;7691.86;SPXW  260924P07845000;153.6;154.9
2026-09-24 07:21;7850.0;7691.86;SPXW  260924P07850000;158.6;159.9
2026-09-24 07:21;7855.0;7691.86;SPXW  260924P07855000;163.6;164.9
2026-09-24 07:21;7860.0;7691.86;SPXW  260924P07860000;168.6;169.9
2026-09-24 07:21;7865.0;7691.86;SPXW  260924P07865000;173.6;174.9
2026-09-24 07:21;7870.0;7691.86;SPXW  260924P07870000;178.6;179.9
2026-09-24 07:21;7875.0;7691.86;SPXW  260924P07875000;183.6;184.9
2026-09-24 07:21;7880.0;7691.86;SPXW  260924P07880000;188.6;189.9
2026-09-24 07:21;7885.0;7691.86;SPXW  260924P07885000;193.6;194.9
2026-09-24 07:21;7890.0;7691.86;SPXW  260924P07890000;198.6;199.9
2026-09-24 07:21;7895.0;7691.86;SPXW  260924P07895000;203.6;204.9
2026-09-24 07:21;7900.0;7691.86;SPXW  260924P07900000;208.6;209.9
2026-09-24 07:21;7905.0;7691.86;SPXW  260924P07905000;213.6;214.9
2026-09-24 07:21;7910.0;7691.86;SPXW  260924P07910000;218.6;219.9
2026-09-24 07:21;7915.0;7691.86;SPXW  260924P07915000;223.6;224.9
2026-09-24 07:21;7920.0;7691.86;SPXW  260924P07920000;228.6;229.9
2026-09-24 07:21;7925.0;7691.86;SPXW  260924P07925000;233.6;234.8
2026-09-24 07:21;7930.0;7691.86;SPXW  260924P07930000;238.6;239.8
2026-09-24 07:21;7935.0;7691.86;SPXW  260924P07935000;243.6;244.8
2026-09-24 07:21;7940.0;7691.86;SPXW  260924P07940000;248.6;249.8
2026-09-24 07:25;7440.0;7687.5;SPXW  260924C07440000;237.5;257.1
2026-09-24 07:25;7445.0;7687.5;SPXW  260924C07445000;232.5;252.1
2026-09-24 07:25;7450.0;7687.5;SPXW  260924C07450000;227.5;247.1
2026-09-24 07:25;7455.0;7687.5;SPXW  260924C07455000;222.5;242.1
2026-09-24 07:25;7460.0;7687.5;SPXW  260924C07460000;217.5;237.1
2026-09-24 07:25;7465.0;7687.5;SPXW  260924C07465000;212.5;231.9
2026-09-24 07:25;7470.0;7687.5;SPXW  260924C07470000;217.3;218.1
2026-09-24 07:25;7475.0;7687.5;SPXW  260924C07475000;212.3;213.1
2026-09-24 07:25;7480.0;7687.5;SPXW  260924C07480000;207.3;208.1
2026-09-24 07:25;7485.0;7687.5;SPXW  260924C07485000;202.3;203.1
2026-09-24 07:25;7490.0;7687.5;SPXW  260924C07490000;197.3;198.1
2026-09-24 07:25;7495.0;7687.5;SPXW  260924C07495000;192.3;193.1
2026-09-24 07:25;7500.0;7687.5;SPXW  260924C07500000;187.3;188.1
2026-09-24 07:25;7505.0;7687.5;SPXW  260924C07505000;182.3;183.1
2026-09-24 07:25;7510.0;7687.5;SPXW  260924C07510000;177.3;178.1
2026-09-24 07:25;7515.0;7687.5;SPXW  260924C07515000;172.3;173.1
2026-09-24 07:25;7520.0;7687.5;SPXW  260924C07520000;167.4;168.1
2026-09-24 07:25;7525.0;7687.5;SPXW  260924C07525000;162.4;163.1
2026-09-24 07:25;7530.0;7687.5;SPXW  260924C07530000;157.4;158.1
2026-09-24 07:25;7535.0;7687.5;SPXW  260924C07535000;152.4;153.1
2026-09-24 07:25;7540.0;7687.5;SPXW  260924C07540000;147.4;148.1
2026-09-24 07:25;7545.0;7687.5;SPXW  260924C07545000;142.4;143.1
2026-09-24 07:25;7550.0;7687.5;SPXW  260924C07550000;137.4;138.1
2026-09-24 07:25;7555.0;7687.5;SPXW  260924C07555000;132.4;133.1
2026-09-24 07:25;7560.0;7687.5;SPXW  260924C07560000;127.4;128.2
2026-09-24 07:25;7565.0;7687.5;SPXW  260924C07565000;122.4;123.2
2026-09-24 07:25;7570.0;7687.5;SPXW  260924C07570000;117.6;118.0
2026-09-24 07:25;7575.0;7687.5;SPXW  260924C07575000;112.6;113.0
2026-09-24 07:25;7580.0;7687.5;SPXW  260924C07580000;107.7;108.0
2026-09-24 07:25;7585.0;7687.5;SPXW  260924C07585000;102.7;103.0
2026-09-24 07:25;7590.0;7687.5;SPXW  260924C07590000;97.7;98.1
2026-09-24 07:25;7595.0;7687.5;SPXW  260924C07595000;92.7;93.1
2026-09-24 07:25;7600.0;7687.5;SPXW  260924C07600000;87.8;88.1
2026-09-24 07:25;7605.0;7687.5;SPXW  260924C07605000;82.8;83.2
2026-09-24 07:25;7610.0;7687.5;SPXW  260924C07610000;77.9;78.3
2026-09-24 07:25;7615.0;7687.5;SPXW  260924C07615000;73.0;73.4
2026-09-24 07:25;7620.0;7687.5;SPXW  260924C07620000;68.1;68.5
2026-09-24 07:25;7625.0;7687.5;SPXW  260924C07625000;63.3;63.6
2026-09-24 07:25;7630.0;7687.5;SPXW  260924C07630000;58.4;58.8
2026-09-24 07:25;7635.0;7687.5;SPXW  260924C07635000;53.7;54.0
2026-09-24 07:25;7640.0;7687.5;SPXW  260924C07640000;49.0;49.2
2026-09-24 07:25;7645.0;7687.5;SPXW  260924C07645000;44.4;44.6
2026-09-24 07:25;7650.0;7687.5;SPXW  260924C07650000;39.8;40.0
2026-09-24 07:25;7655.0;7687.5;SPXW  260924C07655000;35.4;35.6
2026-09-24 07:25;7660.0;7687.5;SPXW  260924C07660000;31.1;31.3
2026-09-24 07:25;7665.0;7687.5;SPXW  260924C07665000;27.0;27.2
2026-09-24 07:25;7670.0;7687.5;SPXW  260924C07670000;23.1;23.3
2026-09-24 07:25;7675.0;7687.5;SPXW  260924C07675000;19.5;19.6
2026-09-24 07:25;7680.0;7687.5;SPXW  260924C07680000;16.2;16.3
2026-09-24 07:25;7685.0;7687.5;SPXW  260924C07685000;13.1;13.3
2026-09-24 07:25;7690.0;7687.5;SPXW  260924C07690000;10.5;10.6
2026-09-24 07:25;7695.0;7687.5;SPXW  260924C07695000;8.2;8.4
2026-09-24 07:25;7700.0;7687.5;SPXW  260924C07700000;6.4;6.5
2026-09-24 07:25;7705.0;7687.5;SPXW  260924C07705000;4.8;4.9
2026-09-24 07:25;7710.0;7687.5;SPXW  260924C07710000;3.6;3.7
2026-09-24 07:25;7715.0;7687.5;SPXW  260924C07715000;2.7;2.8
2026-09-24 07:25;7720.0;7687.5;SPXW  260924C07720000;2.0;2.1
2026-09-24 07:25;7725.0;7687.5;SPXW  260924C07725000;1.5;1.6
2026-09-24 07:25;7730.0;7687.5;SPXW  260924C07730000;1.15;1.2
2026-09-24 07:25;7735.0;7687.5;SPXW  260924C07735000;0.9;0.95
2026-09-24 07:25;7740.0;7687.5;SPXW  260924C07740000;0.7;0.75
2026-09-24 07:25;7745.0;7687.5;SPXW  260924C07745000;0.55;0.6
2026-09-24 07:25;7750.0;7687.5;SPXW  260924C07750000;0.45;0.5
2026-09-24 07:25;7755.0;7687.5;SPXW  260924C07755000;0.4;0.45
2026-09-24 07:25;7760.0;7687.5;SPXW  260924C07760000;0.35;0.4
2026-09-24 07:25;7765.0;7687.5;SPXW  260924C07765000;0.3;0.35
2026-09-24 07:25;7770.0;7687.5;SPXW  260924C07770000;0.25;0.3
2026-09-24 07:25;7775.0;7687.5;SPXW  260924C07775000;0.25;0.3
2026-09-24 07:25;7780.0;7687.5;SPXW  260924C07780000;0.2;0.25
2026-09-24 07:25;7785.0;7687.5;SPXW  260924C07785000;0.2;0.25
2026-09-24 07:25;7790.0;7687.5;SPXW  260924C07790000;0.15;0.2
2026-09-24 07:25;7795.0;7687.5;SPXW  260924C07795000;0.15;0.2
2026-09-24 07:25;7800.0;7687.5;SPXW  260924C07800000;0.15;0.2
2026-09-24 07:25;7805.0;7687.5;SPXW  260924C07805000;0.1;0.15
2026-09-24 07:25;7810.0;7687.5;SPXW  260924C07810000;0.1;0.15
2026-09-24 07:25;7815.0;7687.5;SPXW  260924C07815000;0.1;0.15
2026-09-24 07:25;7820.0;7687.5;SPXW  260924C07820000;0.1;0.15
2026-09-24 07:25;7825.0;7687.5;SPXW  260924C07825000;0.1;0.15
2026-09-24 07:25;7830.0;7687.5;SPXW  260924C07830000;0.1;0.15
2026-09-24 07:25;7835.0;7687.5;SPXW  260924C07835000;0.1;0.15
2026-09-24 07:25;7840.0;7687.5;SPXW  260924C07840000;0.05;0.1
2026-09-24 07:25;7845.0;7687.5;SPXW  260924C07845000;0.05;0.1
2026-09-24 07:25;7850.0;7687.5;SPXW  260924C07850000;0.05;0.1
2026-09-24 07:25;7855.0;7687.5;SPXW  260924C07855000;0.05;0.1
2026-09-24 07:25;7860.0;7687.5;SPXW  260924C07860000;0.05;0.1
2026-09-24 07:25;7865.0;7687.5;SPXW  260924C07865000;0.05;0.1
2026-09-24 07:25;7870.0;7687.5;SPXW  260924C07870000;0.05;0.1
2026-09-24 07:25;7875.0;7687.5;SPXW  260924C07875000;0.05;0.1
2026-09-24 07:25;7880.0;7687.5;SPXW  260924C07880000;0.05;0.1
2026-09-24 07:25;7885.0;7687.5;SPXW  260924C07885000;0.05;0.1
2026-09-24 07:25;7890.0;7687.5;SPXW  260924C07890000;0.05;0.1
2026-09-24 07:25;7895.0;7687.5;SPXW  260924C07895000;0.05;0.1
2026-09-24 07:25;7900.0;7687.5;SPXW  260924C07900000;0.0;0.05
2026-09-24 07:25;7905.0;7687.5;SPXW  260924C07905000;0.0;0.05
2026-09-24 07:25;7910.0;7687.5;SPXW  260924C07910000;0.0;0.05
2026-09-24 07:25;7915.0;7687.5;SPXW  260924C07915000;0.0;0.05
2026-09-24 07:25;7920.0;7687.5;SPXW  260924C07920000;0.0;0.05
2026-09-24 07:25;7925.0;7687.5;SPXW  260924C07925000;0.0;0.05
2026-09-24 07:25;7930.0;7687.5;SPXW  260924C07930000;0.0;0.05
2026-09-24 07:25;7935.0;7687.5;SPXW  260924C07935000;0.0;0.05
2026-09-24 07:25;7440.0;7687.5;SPXW  260924P07440000;0.05;0.1
2026-09-24 07:25;7445.0;7687.5;SPXW  260924P07445000;0.05;0.1
2026-09-24 07:25;7450.0;7687.5;SPXW  260924P07450000;0.05;0.1
2026-09-24 07:25;7455.0;7687.5;SPXW  260924P07455000;0.05;0.1
2026-09-24 07:25;7460.0;7687.5;SPXW  260924P07460000;0.05;0.15
2026-09-24 07:25;7465.0;7687.5;SPXW  260924P07465000;0.05;0.15
2026-09-24 07:25;7470.0;7687.5;SPXW  260924P07470000;0.1;0.15
2026-09-24 07:25;7475.0;7687.5;SPXW  260924P07475000;0.1;0.15
2026-09-24 07:25;7480.0;7687.5;SPXW  260924P07480000;0.1;0.15
2026-09-24 07:25;7485.0;7687.5;SPXW  260924P07485000;0.1;0.15
2026-09-24 07:25;7490.0;7687.5;SPXW  260924P07490000;0.1;0.15
2026-09-24 07:25;7495.0;7687.5;SPXW  260924P07495000;0.1;0.15
2026-09-24 07:25;7500.0;7687.5;SPXW  260924P07500000;0.1;0.15
2026-09-24 07:25;7505.0;7687.5;SPXW  260924P07505000;0.1;0.15
2026-09-24 07:25;7510.0;7687.5;SPXW  260924P07510000;0.1;0.15
2026-09-24 07:25;7515.0;7687.5;SPXW  260924P07515000;0.1;0.15
2026-09-24 07:25;7520.0;7687.5;SPXW  260924P07520000;0.1;0.15
2026-09-24 07:25;7525.0;7687.5;SPXW  260924P07525000;0.1;0.15
2026-09-24 07:25;7530.0;7687.5;SPXW  260924P07530000;0.1;0.15
2026-09-24 07:25;7535.0;7687.5;SPXW  260924P07535000;0.15;0.2
2026-09-24 07:25;7540.0;7687.5;SPXW  260924P07540000;0.15;0.2
2026-09-24 07:25;7545.0;7687.5;SPXW  260924P07545000;0.15;0.2
2026-09-24 07:25;7550.0;7687.5;SPXW  260924P07550000;0.15;0.2
2026-09-24 07:25;7555.0;7687.5;SPXW  260924P07555000;0.15;0.2
2026-09-24 07:25;7560.0;7687.5;SPXW  260924P07560000;0.15;0.2
2026-09-24 07:25;7565.0;7687.5;SPXW  260924P07565000;0.2;0.25
2026-09-24 07:25;7570.0;7687.5;SPXW  260924P07570000;0.2;0.25
2026-09-24 07:25;7575.0;7687.5;SPXW  260924P07575000;0.2;0.25
2026-09-24 07:25;7580.0;7687.5;SPXW  260924P07580000;0.2;0.3
2026-09-24 07:25;7585.0;7687.5;SPXW  260924P07585000;0.25;0.3
2026-09-24 07:25;7590.0;7687.5;SPXW  260924P07590000;0.25;0.35
2026-09-24 07:25;7595.0;7687.5;SPXW  260924P07595000;0.3;0.35
2026-09-24 07:25;7600.0;7687.5;SPXW  260924P07600000;0.35;0.4
2026-09-24 07:25;7605.0;7687.5;SPXW  260924P07605000;0.4;0.45
2026-09-24 07:25;7610.0;7687.5;SPXW  260924P07610000;0.45;0.55
2026-09-24 07:25;7615.0;7687.5;SPXW  260924P07615000;0.55;0.6
2026-09-24 07:25;7620.0;7687.5;SPXW  260924P07620000;0.65;0.7
2026-09-24 07:25;7625.0;7687.5;SPXW  260924P07625000;0.8;0.85
2026-09-24 07:25;7630.0;7687.5;SPXW  260924P07630000;1.0;1.05
2026-09-24 07:25;7635.0;7687.5;SPXW  260924P07635000;1.2;1.25
2026-09-24 07:25;7640.0;7687.5;SPXW  260924P07640000;1.5;1.55
2026-09-24 07:25;7645.0;7687.5;SPXW  260924P07645000;1.85;1.9
2026-09-24 07:25;7650.0;7687.5;SPXW  260924P07650000;2.3;2.35
2026-09-24 07:25;7655.0;7687.5;SPXW  260924P07655000;2.85;2.9
2026-09-24 07:25;7660.0;7687.5;SPXW  260924P07660000;3.5;3.6
2026-09-24 07:25;7665.0;7687.5;SPXW  260924P07665000;4.4;4.5
2026-09-24 07:25;7670.0;7687.5;SPXW  260924P07670000;5.5;5.6
2026-09-24 07:25;7675.0;7687.5;SPXW  260924P07675000;6.8;6.9
2026-09-24 07:25;7680.0;7687.5;SPXW  260924P07680000;8.4;8.6
2026-09-24 07:25;7685.0;7687.5;SPXW  260924P07685000;10.4;10.5
2026-09-24 07:25;7690.0;7687.5;SPXW  260924P07690000;12.7;12.9
2026-09-24 07:25;7695.0;7687.5;SPXW  260924P07695000;15.4;15.6
2026-09-24 07:25;7700.0;7687.5;SPXW  260924P07700000;18.5;18.6
2026-09-24 07:25;7705.0;7687.5;SPXW  260924P07705000;21.9;22.1
2026-09-24 07:25;7710.0;7687.5;SPXW  260924P07710000;25.7;25.9
2026-09-24 07:25;7715.0;7687.5;SPXW  260924P07715000;29.8;29.9
2026-09-24 07:25;7720.0;7687.5;SPXW  260924P07720000;34.0;34.2
2026-09-24 07:25;7725.0;7687.5;SPXW  260924P07725000;38.5;38.7
2026-09-24 07:25;7730.0;7687.5;SPXW  260924P07730000;43.1;43.5
2026-09-24 07:25;7735.0;7687.5;SPXW  260924P07735000;47.9;48.2
2026-09-24 07:25;7740.0;7687.5;SPXW  260924P07740000;52.7;53.0
2026-09-24 07:25;7745.0;7687.5;SPXW  260924P07745000;57.5;57.9
2026-09-24 07:25;7750.0;7687.5;SPXW  260924P07750000;62.4;62.8
2026-09-24 07:25;7755.0;7687.5;SPXW  260924P07755000;67.4;67.7
2026-09-24 07:25;7760.0;7687.5;SPXW  260924P07760000;72.3;72.7
2026-09-24 07:25;7765.0;7687.5;SPXW  260924P07765000;77.3;77.6
2026-09-24 07:25;7770.0;7687.5;SPXW  260924P07770000;82.2;82.6
2026-09-24 07:25;7775.0;7687.5;SPXW  260924P07775000;87.2;87.5
2026-09-24 07:25;7780.0;7687.5;SPXW  260924P07780000;92.2;92.5
2026-09-24 07:25;7785.0;7687.5;SPXW  260924P07785000;97.1;97.5
2026-09-24 07:25;7790.0;7687.5;SPXW  260924P07790000;102.1;102.5
2026-09-24 07:25;7795.0;7687.5;SPXW  260924P07795000;107.1;107.5
2026-09-24 07:25;7800.0;7687.5;SPXW  260924P07800000;112.1;112.4
2026-09-24 07:25;7805.0;7687.5;SPXW  260924P07805000;116.9;117.6
2026-09-24 07:25;7810.0;7687.5;SPXW  260924P07810000;121.9;122.6
2026-09-24 07:25;7815.0;7687.5;SPXW  260924P07815000;126.9;127.6
2026-09-24 07:25;7820.0;7687.5;SPXW  260924P07820000;131.9;132.6
2026-09-24 07:25;7825.0;7687.5;SPXW  260924P07825000;136.9;137.5
2026-09-24 07:25;7830.0;7687.5;SPXW  260924P07830000;141.6;142.9
2026-09-24 07:25;7835.0;7687.5;SPXW  260924P07835000;146.6;147.9
2026-09-24 07:25;7840.0;7687.5;SPXW  260924P07840000;151.7;152.9
2026-09-24 07:25;7845.0;7687.5;SPXW  260924P07845000;156.7;157.9
2026-09-24 07:25;7850.0;7687.5;SPXW  260924P07850000;161.6;162.9
2026-09-24 07:25;7855.0;7687.5;SPXW  260924P07855000;166.6;167.9
2026-09-24 07:25;7860.0;7687.5;SPXW  260924P07860000;171.6;172.8
2026-09-24 07:25;7865.0;7687.5;SPXW  260924P07865000;174.0;181.3
2026-09-24 07:25;7870.0;7687.5;SPXW  260924P07870000;181.6;182.8
2026-09-24 07:25;7875.0;7687.5;SPXW  260924P07875000;186.6;187.8
2026-09-24 07:25;7880.0;7687.5;SPXW  260924P07880000;191.6;192.8
2026-09-24 07:25;7885.0;7687.5;SPXW  260924P07885000;196.6;197.8
2026-09-24 07:25;7890.0;7687.5;SPXW  260924P07890000;201.6;202.8
2026-09-24 07:25;7895.0;7687.5;SPXW  260924P07895000;201.8;215.1
2026-09-24 07:25;7900.0;7687.5;SPXW  260924P07900000;211.6;212.8
2026-09-24 07:25;7905.0;7687.5;SPXW  260924P07905000;208.5;227.8
2026-09-24 07:25;7910.0;7687.5;SPXW  260924P07910000;213.8;232.8
2026-09-24 07:25;7915.0;7687.5;SPXW  260924P07915000;218.0;237.8
2026-09-24 07:25;7920.0;7687.5;SPXW  260924P07920000;223.0;239.8
2026-09-24 07:25;7925.0;7687.5;SPXW  260924P07925000;227.7;247.8
2026-09-24 07:25;7930.0;7687.5;SPXW  260924P07930000;241.5;242.8
2026-09-24 07:25;7935.0;7687.5;SPXW  260924P07935000;246.5;247.8
2026-09-24 07:30;7440.0;7689.9;SPXW  260924C07440000;239.1;259.2
2026-09-24 07:30;7445.0;7689.9;SPXW  260924C07445000;234.7;254.2
2026-09-24 07:30;7450.0;7689.9;SPXW  260924C07450000;229.4;249.2
2026-09-24 07:30;7455.0;7689.9;SPXW  260924C07455000;234.2;234.9
2026-09-24 07:30;7460.0;7689.9;SPXW  260924C07460000;229.2;229.9
2026-09-24 07:30;7465.0;7689.9;SPXW  260924C07465000;224.2;224.9
2026-09-24 07:30;7470.0;7689.9;SPXW  260924C07470000;219.2;219.9
2026-09-24 07:30;7475.0;7689.9;SPXW  260924C07475000;214.2;214.9
2026-09-24 07:30;7480.0;7689.9;SPXW  260924C07480000;209.2;209.9
2026-09-24 07:30;7485.0;7689.9;SPXW  260924C07485000;204.2;204.9
2026-09-24 07:30;7490.0;7689.9;SPXW  260924C07490000;199.2;200.0
2026-09-24 07:30;7495.0;7689.9;SPXW  260924C07495000;194.2;195.0
2026-09-24 07:30;7500.0;7689.9;SPXW  260924C07500000;189.2;190.0
2026-09-24 07:30;7505.0;7689.9;SPXW  260924C07505000;184.2;185.0
2026-09-24 07:30;7510.0;7689.9;SPXW  260924C07510000;179.2;180.0
2026-09-24 07:30;7515.0;7689.9;SPXW  260924C07515000;174.2;175.0
2026-09-24 07:30;7520.0;7689.9;SPXW  260924C07520000;169.2;170.0
2026-09-24 07:30;7525.0;7689.9;SPXW  260924C07525000;164.2;165.1
2026-09-24 07:30;7530.0;7689.9;SPXW  260924C07530000;159.2;160.1
2026-09-24 07:30;7535.0;7689.9;SPXW  260924C07535000;154.2;155.1
2026-09-24 07:30;7540.0;7689.9;SPXW  260924C07540000;149.2;150.1
2026-09-24 07:30;7545.0;7689.9;SPXW  260924C07545000;144.2;145.1
2026-09-24 07:30;7550.0;7689.9;SPXW  260924C07550000;139.2;140.0
2026-09-24 07:30;7555.0;7689.9;SPXW  260924C07555000;134.2;135.0
2026-09-24 07:30;7560.0;7689.9;SPXW  260924C07560000;129.2;130.0
2026-09-24 07:30;7565.0;7689.9;SPXW  260924C07565000;124.3;125.0
2026-09-24 07:30;7570.0;7689.9;SPXW  260924C07570000;119.6;119.9
2026-09-24 07:30;7575.0;7689.9;SPXW  260924C07575000;114.6;114.9
2026-09-24 07:30;7580.0;7689.9;SPXW  260924C07580000;109.6;109.9
2026-09-24 07:30;7585.0;7689.9;SPXW  260924C07585000;104.6;105.0
2026-09-24 07:30;7590.0;7689.9;SPXW  260924C07590000;99.6;100.0
2026-09-24 07:30;7595.0;7689.9;SPXW  260924C07595000;94.7;95.0
2026-09-24 07:30;7600.0;7689.9;SPXW  260924C07600000;89.7;90.1
2026-09-24 07:30;7605.0;7689.9;SPXW  260924C07605000;84.7;85.1
2026-09-24 07:30;7610.0;7689.9;SPXW  260924C07610000;79.8;80.2
2026-09-24 07:30;7615.0;7689.9;SPXW  260924C07615000;74.9;75.2
2026-09-24 07:30;7620.0;7689.9;SPXW  260924C07620000;70.0;70.3
2026-09-24 07:30;7625.0;7689.9;SPXW  260924C07625000;65.1;65.4
2026-09-24 07:30;7630.0;7689.9;SPXW  260924C07630000;60.2;60.5
2026-09-24 07:30;7635.0;7689.9;SPXW  260924C07635000;55.4;55.7
2026-09-24 07:30;7640.0;7689.9;SPXW  260924C07640000;50.7;50.9
2026-09-24 07:30;7645.0;7689.9;SPXW  260924C07645000;46.0;46.2
2026-09-24 07:30;7650.0;7689.9;SPXW  260924C07650000;41.4;41.6
2026-09-24 07:30;7655.0;7689.9;SPXW  260924C07655000;36.9;37.1
2026-09-24 07:30;7660.0;7689.9;SPXW  260924C07660000;32.5;32.7
2026-09-24 07:30;7665.0;7689.9;SPXW  260924C07665000;28.3;28.5
2026-09-24 07:30;7670.0;7689.9;SPXW  260924C07670000;24.3;24.4
2026-09-24 07:30;7675.0;7689.9;SPXW  260924C07675000;20.5;20.7
2026-09-24 07:30;7680.0;7689.9;SPXW  260924C07680000;17.0;17.2
2026-09-24 07:30;7685.0;7689.9;SPXW  260924C07685000;13.9;14.0
2026-09-24 07:30;7690.0;7689.9;SPXW  260924C07690000;11.1;11.2
2026-09-24 07:30;7695.0;7689.9;SPXW  260924C07695000;8.7;8.8
2026-09-24 07:30;7700.0;7689.9;SPXW  260924C07700000;6.7;6.8
2026-09-24 07:30;7705.0;7689.9;SPXW  260924C07705000;5.1;5.2
2026-09-24 07:30;7710.0;7689.9;SPXW  260924C07710000;3.8;3.9
2026-09-24 07:30;7715.0;7689.9;SPXW  260924C07715000;2.85;2.9
2026-09-24 07:30;7720.0;7689.9;SPXW  260924C07720000;2.1;2.15
2026-09-24 07:30;7725.0;7689.9;SPXW  260924C07725000;1.55;1.65
2026-09-24 07:30;7730.0;7689.9;SPXW  260924C07730000;1.2;1.25
2026-09-24 07:30;7735.0;7689.9;SPXW  260924C07735000;0.9;0.95
2026-09-24 07:30;7740.0;7689.9;SPXW  260924C07740000;0.7;0.75
2026-09-24 07:30;7745.0;7689.9;SPXW  260924C07745000;0.6;0.65
2026-09-24 07:30;7750.0;7689.9;SPXW  260924C07750000;0.5;0.55
2026-09-24 07:30;7755.0;7689.9;SPXW  260924C07755000;0.4;0.45
2026-09-24 07:30;7760.0;7689.9;SPXW  260924C07760000;0.35;0.4
2026-09-24 07:30;7765.0;7689.9;SPXW  260924C07765000;0.3;0.35
2026-09-24 07:30;7770.0;7689.9;SPXW  260924C07770000;0.25;0.3
2026-09-24 07:30;7775.0;7689.9;SPXW  260924C07775000;0.25;0.3
2026-09-24 07:30;7780.0;7689.9;SPXW  260924C07780000;0.2;0.25
2026-09-24 07:30;7785.0;7689.9;SPXW  260924C07785000;0.2;0.25
2026-09-24 07:30;7790.0;7689.9;SPXW  260924C07790000;0.15;0.2
2026-09-24 07:30;7795.0;7689.9;SPXW  260924C07795000;0.15;0.2
2026-09-24 07:30;7800.0;7689.9;SPXW  260924C07800000;0.15;0.2
2026-09-24 07:30;7805.0;7689.9;SPXW  260924C07805000;0.1;0.15
2026-09-24 07:30;7810.0;7689.9;SPXW  260924C07810000;0.1;0.15
2026-09-24 07:30;7815.0;7689.9;SPXW  260924C07815000;0.1;0.15
2026-09-24 07:30;7820.0;7689.9;SPXW  260924C07820000;0.1;0.15
2026-09-24 07:30;7825.0;7689.9;SPXW  260924C07825000;0.1;0.15
2026-09-24 07:30;7830.0;7689.9;SPXW  260924C07830000;0.1;0.15
2026-09-24 07:30;7835.0;7689.9;SPXW  260924C07835000;0.05;0.1
2026-09-24 07:30;7840.0;7689.9;SPXW  260924C07840000;0.05;0.1
2026-09-24 07:30;7845.0;7689.9;SPXW  260924C07845000;0.05;0.1
2026-09-24 07:30;7850.0;7689.9;SPXW  260924C07850000;0.05;0.1
2026-09-24 07:30;7855.0;7689.9;SPXW  260924C07855000;0.05;0.1
2026-09-24 07:30;7860.0;7689.9;SPXW  260924C07860000;0.05;0.1
2026-09-24 07:30;7865.0;7689.9;SPXW  260924C07865000;0.05;0.1
2026-09-24 07:30;7870.0;7689.9;SPXW  260924C07870000;0.05;0.1
2026-09-24 07:30;7875.0;7689.9;SPXW  260924C07875000;0.05;0.1
2026-09-24 07:30;7880.0;7689.9;SPXW  260924C07880000;0.05;0.1
2026-09-24 07:30;7885.0;7689.9;SPXW  260924C07885000;0.05;0.1
2026-09-24 07:30;7890.0;7689.9;SPXW  260924C07890000;0.05;0.1
2026-09-24 07:30;7895.0;7689.9;SPXW  260924C07895000;0.05;0.1
2026-09-24 07:30;7900.0;7689.9;SPXW  260924C07900000;0.0;0.05
2026-09-24 07:30;7905.0;7689.9;SPXW  260924C07905000;0.0;0.05
2026-09-24 07:30;7910.0;7689.9;SPXW  260924C07910000;0.0;0.05
2026-09-24 07:30;7915.0;7689.9;SPXW  260924C07915000;0.0;0.05
2026-09-24 07:30;7920.0;7689.9;SPXW  260924C07920000;0.0;0.05
2026-09-24 07:30;7925.0;7689.9;SPXW  260924C07925000;0.0;0.05
2026-09-24 07:30;7930.0;7689.9;SPXW  260924C07930000;0.0;0.05
2026-09-24 07:30;7935.0;7689.9;SPXW  260924C07935000;0.0;0.05
2026-09-24 07:30;7440.0;7689.9;SPXW  260924P07440000;0.05;0.1
2026-09-24 07:30;7445.0;7689.9;SPXW  260924P07445000;0.05;0.1
2026-09-24 07:30;7450.0;7689.9;SPXW  260924P07450000;0.05;0.1
2026-09-24 07:30;7455.0;7689.9;SPXW  260924P07455000;0.05;0.1
2026-09-24 07:30;7460.0;7689.9;SPXW  260924P07460000;0.05;0.1
2026-09-24 07:30;7465.0;7689.9;SPXW  260924P07465000;0.05;0.1
2026-09-24 07:30;7470.0;7689.9;SPXW  260924P07470000;0.05;0.1
2026-09-24 07:30;7475.0;7689.9;SPXW  260924P07475000;0.1;0.15
2026-09-24 07:30;7480.0;7689.9;SPXW  260924P07480000;0.1;0.15
2026-09-24 07:30;7485.0;7689.9;SPXW  260924P07485000;0.1;0.15
2026-09-24 07:30;7490.0;7689.9;SPXW  260924P07490000;0.1;0.15
2026-09-24 07:30;7495.0;7689.9;SPXW  260924P07495000;0.1;0.15
2026-09-24 07:30;7500.0;7689.9;SPXW  260924P07500000;0.1;0.15
2026-09-24 07:30;7505.0;7689.9;SPXW  260924P07505000;0.1;0.15
2026-09-24 07:30;7510.0;7689.9;SPXW  260924P07510000;0.1;0.15
2026-09-24 07:30;7515.0;7689.9;SPXW  260924P07515000;0.1;0.15
2026-09-24 07:30;7520.0;7689.9;SPXW  260924P07520000;0.1;0.15
2026-09-24 07:30;7525.0;7689.9;SPXW  260924P07525000;0.1;0.15
2026-09-24 07:30;7530.0;7689.9;SPXW  260924P07530000;0.1;0.15
2026-09-24 07:30;7535.0;7689.9;SPXW  260924P07535000;0.15;0.2
2026-09-24 07:30;7540.0;7689.9;SPXW  260924P07540000;0.15;0.2
2026-09-24 07:30;7545.0;7689.9;SPXW  260924P07545000;0.15;0.2
2026-09-24 07:30;7550.0;7689.9;SPXW  260924P07550000;0.15;0.2
2026-09-24 07:30;7555.0;7689.9;SPXW  260924P07555000;0.15;0.2
2026-09-24 07:30;7560.0;7689.9;SPXW  260924P07560000;0.15;0.2
2026-09-24 07:30;7565.0;7689.9;SPXW  260924P07565000;0.15;0.2
2026-09-24 07:30;7570.0;7689.9;SPXW  260924P07570000;0.15;0.25
2026-09-24 07:30;7575.0;7689.9;SPXW  260924P07575000;0.2;0.25
2026-09-24 07:30;7580.0;7689.9;SPXW  260924P07580000;0.2;0.25
2026-09-24 07:30;7585.0;7689.9;SPXW  260924P07585000;0.2;0.3
2026-09-24 07:30;7590.0;7689.9;SPXW  260924P07590000;0.25;0.3
2026-09-24 07:30;7595.0;7689.9;SPXW  260924P07595000;0.25;0.35
2026-09-24 07:30;7600.0;7689.9;SPXW  260924P07600000;0.3;0.35
2026-09-24 07:30;7605.0;7689.9;SPXW  260924P07605000;0.35;0.4
2026-09-24 07:30;7610.0;7689.9;SPXW  260924P07610000;0.4;0.45
2026-09-24 07:30;7615.0;7689.9;SPXW  260924P07615000;0.5;0.55
2026-09-24 07:30;7620.0;7689.9;SPXW  260924P07620000;0.6;0.65
2026-09-24 07:30;7625.0;7689.9;SPXW  260924P07625000;0.7;0.75
2026-09-24 07:30;7630.0;7689.9;SPXW  260924P07630000;0.85;0.9
2026-09-24 07:30;7635.0;7689.9;SPXW  260924P07635000;1.05;1.1
2026-09-24 07:30;7640.0;7689.9;SPXW  260924P07640000;1.3;1.35
2026-09-24 07:30;7645.0;7689.9;SPXW  260924P07645000;1.6;1.65
2026-09-24 07:30;7650.0;7689.9;SPXW  260924P07650000;2.0;2.05
2026-09-24 07:30;7655.0;7689.9;SPXW  260924P07655000;2.5;2.55
2026-09-24 07:30;7660.0;7689.9;SPXW  260924P07660000;3.1;3.2
2026-09-24 07:30;7665.0;7689.9;SPXW  260924P07665000;3.9;4.0
2026-09-24 07:30;7670.0;7689.9;SPXW  260924P07670000;4.9;5.0
2026-09-24 07:30;7675.0;7689.9;SPXW  260924P07675000;6.2;6.3
2026-09-24 07:30;7680.0;7689.9;SPXW  260924P07680000;7.7;7.8
2026-09-24 07:30;7685.0;7689.9;SPXW  260924P07685000;9.6;9.8
2026-09-24 07:30;7690.0;7689.9;SPXW  260924P07690000;11.9;12.0
2026-09-24 07:30;7695.0;7689.9;SPXW  260924P07695000;14.5;14.7
2026-09-24 07:30;7700.0;7689.9;SPXW  260924P07700000;17.6;17.7
2026-09-24 07:30;7705.0;7689.9;SPXW  260924P07705000;21.0;21.2
2026-09-24 07:30;7710.0;7689.9;SPXW  260924P07710000;24.7;24.9
2026-09-24 07:30;7715.0;7689.9;SPXW  260924P07715000;28.8;29.0
2026-09-24 07:30;7720.0;7689.9;SPXW  260924P07720000;33.1;33.3
2026-09-24 07:30;7725.0;7689.9;SPXW  260924P07725000;37.6;37.8
2026-09-24 07:30;7730.0;7689.9;SPXW  260924P07730000;42.1;42.5
2026-09-24 07:30;7735.0;7689.9;SPXW  260924P07735000;46.9;47.2
2026-09-24 07:30;7740.0;7689.9;SPXW  260924P07740000;51.7;52.0
2026-09-24 07:30;7745.0;7689.9;SPXW  260924P07745000;56.5;56.9
2026-09-24 07:30;7750.0;7689.9;SPXW  260924P07750000;61.4;61.8
2026-09-24 07:30;7755.0;7689.9;SPXW  260924P07755000;66.4;66.7
2026-09-24 07:30;7760.0;7689.9;SPXW  260924P07760000;71.3;71.7
2026-09-24 07:30;7765.0;7689.9;SPXW  260924P07765000;76.3;76.6
2026-09-24 07:30;7770.0;7689.9;SPXW  260924P07770000;81.2;81.6
2026-09-24 07:30;7775.0;7689.9;SPXW  260924P07775000;86.2;86.6
2026-09-24 07:30;7780.0;7689.9;SPXW  260924P07780000;91.2;91.5
2026-09-24 07:30;7785.0;7689.9;SPXW  260924P07785000;96.2;96.5
2026-09-24 07:30;7790.0;7689.9;SPXW  260924P07790000;101.1;101.5
2026-09-24 07:30;7795.0;7689.9;SPXW  260924P07795000;106.1;106.5
2026-09-24 07:30;7800.0;7689.9;SPXW  260924P07800000;111.1;111.5
2026-09-24 07:30;7805.0;7689.9;SPXW  260924P07805000;115.9;116.6
2026-09-24 07:30;7810.0;7689.9;SPXW  260924P07810000;120.9;121.6
2026-09-24 07:30;7815.0;7689.9;SPXW  260924P07815000;125.9;126.5
2026-09-24 07:30;7820.0;7689.9;SPXW  260924P07820000;130.9;131.5
2026-09-24 07:30;7825.0;7689.9;SPXW  260924P07825000;135.9;136.5
2026-09-24 07:30;7830.0;7689.9;SPXW  260924P07830000;140.6;141.9
2026-09-24 07:30;7835.0;7689.9;SPXW  260924P07835000;145.6;146.8
2026-09-24 07:30;7840.0;7689.9;SPXW  260924P07840000;150.6;151.8
2026-09-24 07:30;7845.0;7689.9;SPXW  260924P07845000;155.6;156.8
2026-09-24 07:30;7850.0;7689.9;SPXW  260924P07850000;160.6;161.8
2026-09-24 07:30;7855.0;7689.9;SPXW  260924P07855000;165.6;166.8
2026-09-24 07:30;7860.0;7689.9;SPXW  260924P07860000;170.6;171.8
2026-09-24 07:30;7865.0;7689.9;SPXW  260924P07865000;175.6;176.8
2026-09-24 07:30;7870.0;7689.9;SPXW  260924P07870000;180.5;181.8
2026-09-24 07:30;7875.0;7689.9;SPXW  260924P07875000;185.5;186.8
2026-09-24 07:30;7880.0;7689.9;SPXW  260924P07880000;190.5;191.8
2026-09-24 07:30;7885.0;7689.9;SPXW  260924P07885000;195.5;196.8
2026-09-24 07:30;7890.0;7689.9;SPXW  260924P07890000;200.5;201.8
2026-09-24 07:30;7895.0;7689.9;SPXW  260924P07895000;205.5;206.8
2026-09-24 07:30;7900.0;7689.9;SPXW  260924P07900000;210.5;211.8
2026-09-24 07:30;7905.0;7689.9;SPXW  260924P07905000;215.5;216.8
2026-09-24 07:30;7910.0;7689.9;SPXW  260924P07910000;210.7;230.5
2026-09-24 07:30;7915.0;7689.9;SPXW  260924P07915000;225.5;226.8
2026-09-24 07:30;7920.0;7689.9;SPXW  260924P07920000;230.5;231.8
2026-09-24 07:30;7925.0;7689.9;SPXW  260924P07925000;225.5;246.5
2026-09-24 07:30;7930.0;7689.9;SPXW  260924P07930000;240.5;241.8
2026-09-24 07:30;7935.0;7689.9;SPXW  260924P07935000;245.5;246.7
2026-09-24 07:34;7440.0;7687.76;SPXW  260924C07440000;247.2;248.0
2026-09-24 07:34;7445.0;7687.76;SPXW  260924C07445000;242.2;243.0
2026-09-24 07:34;7450.0;7687.76;SPXW  260924C07450000;237.2;238.0
2026-09-24 07:34;7455.0;7687.76;SPXW  260924C07455000;232.2;232.9
2026-09-24 07:34;7460.0;7687.76;SPXW  260924C07460000;227.2;227.9
2026-09-24 07:34;7465.0;7687.76;SPXW  260924C07465000;222.2;222.9
2026-09-24 07:34;7470.0;7687.76;SPXW  260924C07470000;217.2;218.0
2026-09-24 07:34;7475.0;7687.76;SPXW  260924C07475000;212.2;213.0
2026-09-24 07:34;7480.0;7687.76;SPXW  260924C07480000;207.2;208.0
2026-09-24 07:34;7485.0;7687.76;SPXW  260924C07485000;202.2;203.0
2026-09-24 07:34;7490.0;7687.76;SPXW  260924C07490000;197.2;198.0
2026-09-24 07:34;7495.0;7687.76;SPXW  260924C07495000;192.2;193.0
2026-09-24 07:34;7500.0;7687.76;SPXW  260924C07500000;187.2;188.0
2026-09-24 07:34;7505.0;7687.76;SPXW  260924C07505000;182.2;183.0
2026-09-24 07:34;7510.0;7687.76;SPXW  260924C07510000;177.2;178.0
2026-09-24 07:34;7515.0;7687.76;SPXW  260924C07515000;172.2;173.0
2026-09-24 07:34;7520.0;7687.76;SPXW  260924C07520000;167.2;168.0
2026-09-24 07:34;7525.0;7687.76;SPXW  260924C07525000;162.3;163.0
2026-09-24 07:34;7530.0;7687.76;SPXW  260924C07530000;157.3;158.0
2026-09-24 07:34;7535.0;7687.76;SPXW  260924C07535000;152.3;153.0
2026-09-24 07:34;7540.0;7687.76;SPXW  260924C07540000;147.3;148.0
2026-09-24 07:34;7545.0;7687.76;SPXW  260924C07545000;142.3;142.9
2026-09-24 07:34;7550.0;7687.76;SPXW  260924C07550000;137.3;138.1
2026-09-24 07:34;7555.0;7687.76;SPXW  260924C07555000;132.3;133.1
2026-09-24 07:34;7560.0;7687.76;SPXW  260924C07560000;127.3;128.1
2026-09-24 07:34;7565.0;7687.76;SPXW  260924C07565000;122.3;123.0
2026-09-24 07:34;7570.0;7687.76;SPXW  260924C07570000;117.6;118.0
2026-09-24 07:34;7575.0;7687.76;SPXW  260924C07575000;112.6;113.0
2026-09-24 07:34;7580.0;7687.76;SPXW  260924C07580000;107.6;108.0
2026-09-24 07:34;7585.0;7687.76;SPXW  260924C07585000;102.7;103.0
2026-09-24 07:34;7590.0;7687.76;SPXW  260924C07590000;97.7;98.0
2026-09-24 07:34;7595.0;7687.76;SPXW  260924C07595000;92.7;93.1
2026-09-24 07:34;7600.0;7687.76;SPXW  260924C07600000;87.8;88.1
2026-09-24 07:34;7605.0;7687.76;SPXW  260924C07605000;82.8;83.2
2026-09-24 07:34;7610.0;7687.76;SPXW  260924C07610000;77.9;78.2
2026-09-24 07:34;7615.0;7687.76;SPXW  260924C07615000;73.0;73.3
2026-09-24 07:34;7620.0;7687.76;SPXW  260924C07620000;68.1;68.4
2026-09-24 07:34;7625.0;7687.76;SPXW  260924C07625000;63.2;63.5
2026-09-24 07:34;7630.0;7687.76;SPXW  260924C07630000;58.3;58.7
2026-09-24 07:34;7635.0;7687.76;SPXW  260924C07635000;53.6;53.9
2026-09-24 07:34;7640.0;7687.76;SPXW  260924C07640000;48.9;49.1
2026-09-24 07:34;7645.0;7687.76;SPXW  260924C07645000;44.2;44.4
2026-09-24 07:34;7650.0;7687.76;SPXW  260924C07650000;39.7;39.8
2026-09-24 07:34;7655.0;7687.76;SPXW  260924C07655000;35.2;35.4
2026-09-24 07:34;7660.0;7687.76;SPXW  260924C07660000;30.8;31.0
2026-09-24 07:34;7665.0;7687.76;SPXW  260924C07665000;26.6;26.9
2026-09-24 07:34;7670.0;7687.76;SPXW  260924C07670000;22.7;22.9
2026-09-24 07:34;7675.0;7687.76;SPXW  260924C07675000;19.0;19.2
2026-09-24 07:34;7680.0;7687.76;SPXW  260924C07680000;15.7;15.8
2026-09-24 07:34;7685.0;7687.76;SPXW  260924C07685000;12.7;12.8
2026-09-24 07:34;7690.0;7687.76;SPXW  260924C07690000;10.0;10.1
2026-09-24 07:34;7695.0;7687.76;SPXW  260924C07695000;7.7;7.9
2026-09-24 07:34;7700.0;7687.76;SPXW  260924C07700000;5.9;6.0
2026-09-24 07:34;7705.0;7687.76;SPXW  260924C07705000;4.4;4.5
2026-09-24 07:34;7710.0;7687.76;SPXW  260924C07710000;3.2;3.4
2026-09-24 07:34;7715.0;7687.76;SPXW  260924C07715000;2.4;2.5
2026-09-24 07:34;7720.0;7687.76;SPXW  260924C07720000;1.75;1.85
2026-09-24 07:34;7725.0;7687.76;SPXW  260924C07725000;1.3;1.35
2026-09-24 07:34;7730.0;7687.76;SPXW  260924C07730000;1.0;1.05
2026-09-24 07:34;7735.0;7687.76;SPXW  260924C07735000;0.75;0.8
2026-09-24 07:34;7740.0;7687.76;SPXW  260924C07740000;0.6;0.65
2026-09-24 07:34;7745.0;7687.76;SPXW  260924C07745000;0.5;0.55
2026-09-24 07:34;7750.0;7687.76;SPXW  260924C07750000;0.4;0.45
2026-09-24 07:34;7755.0;7687.76;SPXW  260924C07755000;0.35;0.4
2026-09-24 07:34;7760.0;7687.76;SPXW  260924C07760000;0.3;0.35
2026-09-24 07:34;7765.0;7687.76;SPXW  260924C07765000;0.25;0.3
2026-09-24 07:34;7770.0;7687.76;SPXW  260924C07770000;0.25;0.3
2026-09-24 07:34;7775.0;7687.76;SPXW  260924C07775000;0.2;0.25
2026-09-24 07:34;7780.0;7687.76;SPXW  260924C07780000;0.2;0.25
2026-09-24 07:34;7785.0;7687.76;SPXW  260924C07785000;0.15;0.2
2026-09-24 07:34;7790.0;7687.76;SPXW  260924C07790000;0.15;0.2
2026-09-24 07:34;7795.0;7687.76;SPXW  260924C07795000;0.15;0.2
2026-09-24 07:34;7800.0;7687.76;SPXW  260924C07800000;0.1;0.15
2026-09-24 07:34;7805.0;7687.76;SPXW  260924C07805000;0.1;0.15
2026-09-24 07:34;7810.0;7687.76;SPXW  260924C07810000;0.1;0.15
2026-09-24 07:34;7815.0;7687.76;SPXW  260924C07815000;0.1;0.15
2026-09-24 07:34;7820.0;7687.76;SPXW  260924C07820000;0.1;0.15
2026-09-24 07:34;7825.0;7687.76;SPXW  260924C07825000;0.05;0.1
2026-09-24 07:34;7830.0;7687.76;SPXW  260924C07830000;0.05;0.1
2026-09-24 07:34;7835.0;7687.76;SPXW  260924C07835000;0.05;0.1
2026-09-24 07:34;7840.0;7687.76;SPXW  260924C07840000;0.05;0.1
2026-09-24 07:34;7845.0;7687.76;SPXW  260924C07845000;0.05;0.1
2026-09-24 07:34;7850.0;7687.76;SPXW  260924C07850000;0.05;0.1
2026-09-24 07:34;7855.0;7687.76;SPXW  260924C07855000;0.05;0.1
2026-09-24 07:34;7860.0;7687.76;SPXW  260924C07860000;0.05;0.1
2026-09-24 07:34;7865.0;7687.76;SPXW  260924C07865000;0.05;0.1
2026-09-24 07:34;7870.0;7687.76;SPXW  260924C07870000;0.05;0.1
2026-09-24 07:34;7875.0;7687.76;SPXW  260924C07875000;0.05;0.1
2026-09-24 07:34;7880.0;7687.76;SPXW  260924C07880000;0.05;0.1
2026-09-24 07:34;7885.0;7687.76;SPXW  260924C07885000;0.05;0.1
2026-09-24 07:34;7890.0;7687.76;SPXW  260924C07890000;0.05;0.1
2026-09-24 07:34;7895.0;7687.76;SPXW  260924C07895000;0.0;0.05
2026-09-24 07:34;7900.0;7687.76;SPXW  260924C07900000;0.0;0.05
2026-09-24 07:34;7905.0;7687.76;SPXW  260924C07905000;0.0;0.05
2026-09-24 07:34;7910.0;7687.76;SPXW  260924C07910000;0.0;0.05
2026-09-24 07:34;7915.0;7687.76;SPXW  260924C07915000;0.0;0.05
2026-09-24 07:34;7920.0;7687.76;SPXW  260924C07920000;0.0;0.05
2026-09-24 07:34;7925.0;7687.76;SPXW  260924C07925000;0.0;0.05
2026-09-24 07:34;7930.0;7687.76;SPXW  260924C07930000;0.0;0.05
2026-09-24 07:34;7935.0;7687.76;SPXW  260924C07935000;0.0;0.05
2026-09-24 07:34;7440.0;7687.76;SPXW  260924P07440000;0.05;0.1
2026-09-24 07:34;7445.0;7687.76;SPXW  260924P07445000;0.05;0.1
2026-09-24 07:34;7450.0;7687.76;SPXW  260924P07450000;0.05;0.1
2026-09-24 07:34;7455.0;7687.76;SPXW  260924P07455000;0.05;0.1
2026-09-24 07:34;7460.0;7687.76;SPXW  260924P07460000;0.05;0.1
2026-09-24 07:34;7465.0;7687.76;SPXW  260924P07465000;0.05;0.1
2026-09-24 07:34;7470.0;7687.76;SPXW  260924P07470000;0.05;0.1
2026-09-24 07:34;7475.0;7687.76;SPXW  260924P07475000;0.1;0.15
2026-09-24 07:34;7480.0;7687.76;SPXW  260924P07480000;0.1;0.15
2026-09-24 07:34;7485.0;7687.76;SPXW  260924P07485000;0.1;0.15
2026-09-24 07:34;7490.0;7687.76;SPXW  260924P07490000;0.1;0.15
2026-09-24 07:34;7495.0;7687.76;SPXW  260924P07495000;0.1;0.15
2026-09-24 07:34;7500.0;7687.76;SPXW  260924P07500000;0.1;0.15
2026-09-24 07:34;7505.0;7687.76;SPXW  260924P07505000;0.1;0.15
2026-09-24 07:34;7510.0;7687.76;SPXW  260924P07510000;0.1;0.15
2026-09-24 07:34;7515.0;7687.76;SPXW  260924P07515000;0.1;0.15
2026-09-24 07:34;7520.0;7687.76;SPXW  260924P07520000;0.1;0.15
2026-09-24 07:34;7525.0;7687.76;SPXW  260924P07525000;0.1;0.15
2026-09-24 07:34;7530.0;7687.76;SPXW  260924P07530000;0.1;0.15
2026-09-24 07:34;7535.0;7687.76;SPXW  260924P07535000;0.15;0.2
2026-09-24 07:34;7540.0;7687.76;SPXW  260924P07540000;0.15;0.2
2026-09-24 07:34;7545.0;7687.76;SPXW  260924P07545000;0.15;0.2
2026-09-24 07:34;7550.0;7687.76;SPXW  260924P07550000;0.15;0.2
2026-09-24 07:34;7555.0;7687.76;SPXW  260924P07555000;0.15;0.2
2026-09-24 07:34;7560.0;7687.76;SPXW  260924P07560000;0.15;0.2
2026-09-24 07:34;7565.0;7687.76;SPXW  260924P07565000;0.15;0.25
2026-09-24 07:34;7570.0;7687.76;SPXW  260924P07570000;0.2;0.25
2026-09-24 07:34;7575.0;7687.76;SPXW  260924P07575000;0.2;0.25
2026-09-24 07:34;7580.0;7687.76;SPXW  260924P07580000;0.2;0.25
2026-09-24 07:34;7585.0;7687.76;SPXW  260924P07585000;0.25;0.3
2026-09-24 07:34;7590.0;7687.76;SPXW  260924P07590000;0.25;0.3
2026-09-24 07:34;7595.0;7687.76;SPXW  260924P07595000;0.3;0.35
2026-09-24 07:34;7600.0;7687.76;SPXW  260924P07600000;0.35;0.4
2026-09-24 07:34;7605.0;7687.76;SPXW  260924P07605000;0.4;0.45
2026-09-24 07:34;7610.0;7687.76;SPXW  260924P07610000;0.45;0.5
2026-09-24 07:34;7615.0;7687.76;SPXW  260924P07615000;0.55;0.6
2026-09-24 07:34;7620.0;7687.76;SPXW  260924P07620000;0.65;0.7
2026-09-24 07:34;7625.0;7687.76;SPXW  260924P07625000;0.75;0.8
2026-09-24 07:34;7630.0;7687.76;SPXW  260924P07630000;0.9;1.0
2026-09-24 07:34;7635.0;7687.76;SPXW  260924P07635000;1.15;1.2
2026-09-24 07:34;7640.0;7687.76;SPXW  260924P07640000;1.4;1.45
2026-09-24 07:34;7645.0;7687.76;SPXW  260924P07645000;1.75;1.8
2026-09-24 07:34;7650.0;7687.76;SPXW  260924P07650000;2.15;2.25
2026-09-24 07:34;7655.0;7687.76;SPXW  260924P07655000;2.7;2.8
2026-09-24 07:34;7660.0;7687.76;SPXW  260924P07660000;3.4;3.5
2026-09-24 07:34;7665.0;7687.76;SPXW  260924P07665000;4.2;4.4
2026-09-24 07:34;7670.0;7687.76;SPXW  260924P07670000;5.3;5.4
2026-09-24 07:34;7675.0;7687.76;SPXW  260924P07675000;6.7;6.8
2026-09-24 07:34;7680.0;7687.76;SPXW  260924P07680000;8.3;8.5
2026-09-24 07:34;7685.0;7687.76;SPXW  260924P07685000;10.3;10.5
2026-09-24 07:34;7690.0;7687.76;SPXW  260924P07690000;12.7;12.9
2026-09-24 07:34;7695.0;7687.76;SPXW  260924P07695000;15.5;15.7
2026-09-24 07:34;7700.0;7687.76;SPXW  260924P07700000;18.7;18.9
2026-09-24 07:34;7705.0;7687.76;SPXW  260924P07705000;22.2;22.5
2026-09-24 07:34;7710.0;7687.76;SPXW  260924P07710000;26.1;26.3
2026-09-24 07:34;7715.0;7687.76;SPXW  260924P07715000;30.3;30.5
2026-09-24 07:34;7720.0;7687.76;SPXW  260924P07720000;34.7;34.9
2026-09-24 07:34;7725.0;7687.76;SPXW  260924P07725000;39.2;39.5
2026-09-24 07:34;7730.0;7687.76;SPXW  260924P07730000;43.8;44.2
2026-09-24 07:34;7735.0;7687.76;SPXW  260924P07735000;48.6;49.0
2026-09-24 07:34;7740.0;7687.76;SPXW  260924P07740000;53.5;53.8
2026-09-24 07:34;7745.0;7687.76;SPXW  260924P07745000;58.4;58.7
2026-09-24 07:34;7750.0;7687.76;SPXW  260924P07750000;63.3;63.6
2026-09-24 07:34;7755.0;7687.76;SPXW  260924P07755000;68.2;68.6
2026-09-24 07:34;7760.0;7687.76;SPXW  260924P07760000;73.2;73.5
2026-09-24 07:34;7765.0;7687.76;SPXW  260924P07765000;78.2;78.5
2026-09-24 07:34;7770.0;7687.76;SPXW  260924P07770000;83.1;83.5
2026-09-24 07:34;7775.0;7687.76;SPXW  260924P07775000;88.1;88.4
2026-09-24 07:34;7780.0;7687.76;SPXW  260924P07780000;93.1;93.4
2026-09-24 07:34;7785.0;7687.76;SPXW  260924P07785000;98.0;98.4
2026-09-24 07:34;7790.0;7687.76;SPXW  260924P07790000;103.0;103.4
2026-09-24 07:34;7795.0;7687.76;SPXW  260924P07795000;108.0;108.4
2026-09-24 07:34;7800.0;7687.76;SPXW  260924P07800000;113.0;113.4
2026-09-24 07:34;7805.0;7687.76;SPXW  260924P07805000;117.8;118.5
2026-09-24 07:34;7810.0;7687.76;SPXW  260924P07810000;122.8;123.5
2026-09-24 07:34;7815.0;7687.76;SPXW  260924P07815000;127.8;128.5
2026-09-24 07:34;7820.0;7687.76;SPXW  260924P07820000;132.5;133.8
2026-09-24 07:34;7825.0;7687.76;SPXW  260924P07825000;137.5;138.8
2026-09-24 07:34;7830.0;7687.76;SPXW  260924P07830000;142.5;143.8
2026-09-24 07:34;7835.0;7687.76;SPXW  260924P07835000;147.5;148.8
2026-09-24 07:34;7840.0;7687.76;SPXW  260924P07840000;152.5;153.8
2026-09-24 07:34;7845.0;7687.76;SPXW  260924P07845000;157.5;158.8
2026-09-24 07:34;7850.0;7687.76;SPXW  260924P07850000;162.5;163.8
2026-09-24 07:34;7855.0;7687.76;SPXW  260924P07855000;167.5;168.8
2026-09-24 07:34;7860.0;7687.76;SPXW  260924P07860000;172.5;173.8
2026-09-24 07:34;7865.0;7687.76;SPXW  260924P07865000;177.5;178.8
2026-09-24 07:34;7870.0;7687.76;SPXW  260924P07870000;182.5;183.8
2026-09-24 07:34;7875.0;7687.76;SPXW  260924P07875000;187.5;188.7
2026-09-24 07:34;7880.0;7687.76;SPXW  260924P07880000;192.5;193.7
2026-09-24 07:34;7885.0;7687.76;SPXW  260924P07885000;197.5;198.7
2026-09-24 07:34;7890.0;7687.76;SPXW  260924P07890000;202.5;203.7
2026-09-24 07:34;7895.0;7687.76;SPXW  260924P07895000;207.5;208.7
2026-09-24 07:34;7900.0;7687.76;SPXW  260924P07900000;212.5;213.7
2026-09-24 07:34;7905.0;7687.76;SPXW  260924P07905000;207.9;227.8
2026-09-24 07:34;7910.0;7687.76;SPXW  260924P07910000;214.2;232.8
2026-09-24 07:34;7915.0;7687.76;SPXW  260924P07915000;227.5;228.7
2026-09-24 07:34;7920.0;7687.76;SPXW  260924P07920000;232.4;233.7
2026-09-24 07:34;7925.0;7687.76;SPXW  260924P07925000;227.9;247.8
2026-09-24 07:34;7930.0;7687.76;SPXW  260924P07930000;242.4;243.7
2026-09-24 07:34;7935.0;7687.76;SPXW  260924P07935000;247.4;248.7
2026-09-24 07:38;7445.0;7690.25;SPXW  260924C07445000;233.7;254.0
2026-09-24 07:38;7450.0;7690.25;SPXW  260924C07450000;239.7;240.5
2026-09-24 07:38;7455.0;7690.25;SPXW  260924C07455000;234.7;235.5
2026-09-24 07:38;7460.0;7690.25;SPXW  260924C07460000;229.7;230.5
2026-09-24 07:38;7465.0;7690.25;SPXW  260924C07465000;224.7;225.5
2026-09-24 07:38;7470.0;7690.25;SPXW  260924C07470000;219.7;220.5
2026-09-24 07:38;7475.0;7690.25;SPXW  260924C07475000;214.7;215.5
2026-09-24 07:38;7480.0;7690.25;SPXW  260924C07480000;209.7;210.5
2026-09-24 07:38;7485.0;7690.25;SPXW  260924C07485000;204.7;205.5
2026-09-24 07:38;7490.0;7690.25;SPXW  260924C07490000;199.7;200.5
2026-09-24 07:38;7495.0;7690.25;SPXW  260924C07495000;194.7;195.5
2026-09-24 07:38;7500.0;7690.25;SPXW  260924C07500000;189.7;190.5
2026-09-24 07:38;7505.0;7690.25;SPXW  260924C07505000;184.7;185.5
2026-09-24 07:38;7510.0;7690.25;SPXW  260924C07510000;179.7;180.5
2026-09-24 07:38;7515.0;7690.25;SPXW  260924C07515000;174.7;175.5
2026-09-24 07:38;7520.0;7690.25;SPXW  260924C07520000;169.7;170.5
2026-09-24 07:38;7525.0;7690.25;SPXW  260924C07525000;164.7;165.5
2026-09-24 07:38;7530.0;7690.25;SPXW  260924C07530000;159.7;160.5
2026-09-24 07:38;7535.0;7690.25;SPXW  260924C07535000;154.7;155.5
2026-09-24 07:38;7540.0;7690.25;SPXW  260924C07540000;149.7;150.5
2026-09-24 07:38;7545.0;7690.25;SPXW  260924C07545000;144.7;145.5
2026-09-24 07:38;7550.0;7690.25;SPXW  260924C07550000;139.8;140.5
2026-09-24 07:38;7555.0;7690.25;SPXW  260924C07555000;134.8;135.5
2026-09-24 07:38;7560.0;7690.25;SPXW  260924C07560000;129.8;130.5
2026-09-24 07:38;7565.0;7690.25;SPXW  260924C07565000;124.8;125.6
2026-09-24 07:38;7570.0;7690.25;SPXW  260924C07570000;119.9;120.3
2026-09-24 07:38;7575.0;7690.25;SPXW  260924C07575000;114.9;115.3
2026-09-24 07:38;7580.0;7690.25;SPXW  260924C07580000;109.9;110.3
2026-09-24 07:38;7585.0;7690.25;SPXW  260924C07585000;104.9;105.3
2026-09-24 07:38;7590.0;7690.25;SPXW  260924C07590000;100.0;100.3
2026-09-24 07:38;7595.0;7690.25;SPXW  260924C07595000;95.0;95.4
2026-09-24 07:38;7600.0;7690.25;SPXW  260924C07600000;90.0;90.4
2026-09-24 07:38;7605.0;7690.25;SPXW  260924C07605000;85.1;85.4
2026-09-24 07:38;7610.0;7690.25;SPXW  260924C07610000;80.1;80.5
2026-09-24 07:38;7615.0;7690.25;SPXW  260924C07615000;75.2;75.5
2026-09-24 07:38;7620.0;7690.25;SPXW  260924C07620000;70.3;70.6
2026-09-24 07:38;7625.0;7690.25;SPXW  260924C07625000;65.4;65.7
2026-09-24 07:38;7630.0;7690.25;SPXW  260924C07630000;60.5;60.9
2026-09-24 07:38;7635.0;7690.25;SPXW  260924C07635000;55.7;56.0
2026-09-24 07:38;7640.0;7690.25;SPXW  260924C07640000;51.0;51.3
2026-09-24 07:38;7645.0;7690.25;SPXW  260924C07645000;46.3;46.5
2026-09-24 07:38;7650.0;7690.25;SPXW  260924C07650000;41.6;41.9
2026-09-24 07:38;7655.0;7690.25;SPXW  260924C07655000;37.1;37.3
2026-09-24 07:38;7660.0;7690.25;SPXW  260924C07660000;32.6;32.9
2026-09-24 07:38;7665.0;7690.25;SPXW  260924C07665000;28.4;28.6
2026-09-24 07:38;7670.0;7690.25;SPXW  260924C07670000;24.3;24.5
2026-09-24 07:38;7675.0;7690.25;SPXW  260924C07675000;20.5;20.7
2026-09-24 07:38;7680.0;7690.25;SPXW  260924C07680000;17.0;17.1
2026-09-24 07:38;7685.0;7690.25;SPXW  260924C07685000;13.7;13.9
2026-09-24 07:38;7690.0;7690.25;SPXW  260924C07690000;10.9;11.1
2026-09-24 07:38;7695.0;7690.25;SPXW  260924C07695000;8.5;8.6
2026-09-24 07:38;7700.0;7690.25;SPXW  260924C07700000;6.5;6.6
2026-09-24 07:38;7705.0;7690.25;SPXW  260924C07705000;4.8;5.0
2026-09-24 07:38;7710.0;7690.25;SPXW  260924C07710000;3.6;3.7
2026-09-24 07:38;7715.0;7690.25;SPXW  260924C07715000;2.65;2.7
2026-09-24 07:38;7720.0;7690.25;SPXW  260924C07720000;1.95;2.0
2026-09-24 07:38;7725.0;7690.25;SPXW  260924C07725000;1.4;1.5
2026-09-24 07:38;7730.0;7690.25;SPXW  260924C07730000;1.05;1.1
2026-09-24 07:38;7735.0;7690.25;SPXW  260924C07735000;0.8;0.85
2026-09-24 07:38;7740.0;7690.25;SPXW  260924C07740000;0.65;0.7
2026-09-24 07:38;7745.0;7690.25;SPXW  260924C07745000;0.5;0.55
2026-09-24 07:38;7750.0;7690.25;SPXW  260924C07750000;0.4;0.5
2026-09-24 07:38;7755.0;7690.25;SPXW  260924C07755000;0.35;0.4
2026-09-24 07:38;7760.0;7690.25;SPXW  260924C07760000;0.3;0.35
2026-09-24 07:38;7765.0;7690.25;SPXW  260924C07765000;0.25;0.35
2026-09-24 07:38;7770.0;7690.25;SPXW  260924C07770000;0.25;0.3
2026-09-24 07:38;7775.0;7690.25;SPXW  260924C07775000;0.2;0.25
2026-09-24 07:38;7780.0;7690.25;SPXW  260924C07780000;0.2;0.25
2026-09-24 07:38;7785.0;7690.25;SPXW  260924C07785000;0.15;0.25
2026-09-24 07:38;7790.0;7690.25;SPXW  260924C07790000;0.15;0.2
2026-09-24 07:38;7795.0;7690.25;SPXW  260924C07795000;0.15;0.2
2026-09-24 07:38;7800.0;7690.25;SPXW  260924C07800000;0.1;0.15
2026-09-24 07:38;7805.0;7690.25;SPXW  260924C07805000;0.1;0.15
2026-09-24 07:38;7810.0;7690.25;SPXW  260924C07810000;0.1;0.15
2026-09-24 07:38;7815.0;7690.25;SPXW  260924C07815000;0.1;0.15
2026-09-24 07:38;7820.0;7690.25;SPXW  260924C07820000;0.05;0.1
2026-09-24 07:38;7825.0;7690.25;SPXW  260924C07825000;0.05;0.1
2026-09-24 07:38;7830.0;7690.25;SPXW  260924C07830000;0.05;0.1
2026-09-24 07:38;7835.0;7690.25;SPXW  260924C07835000;0.05;0.1
2026-09-24 07:38;7840.0;7690.25;SPXW  260924C07840000;0.05;0.1
2026-09-24 07:38;7845.0;7690.25;SPXW  260924C07845000;0.05;0.1
2026-09-24 07:38;7850.0;7690.25;SPXW  260924C07850000;0.05;0.1
2026-09-24 07:38;7855.0;7690.25;SPXW  260924C07855000;0.05;0.1
2026-09-24 07:38;7860.0;7690.25;SPXW  260924C07860000;0.05;0.1
2026-09-24 07:38;7865.0;7690.25;SPXW  260924C07865000;0.05;0.1
2026-09-24 07:38;7870.0;7690.25;SPXW  260924C07870000;0.05;0.1
2026-09-24 07:38;7875.0;7690.25;SPXW  260924C07875000;0.05;0.1
2026-09-24 07:38;7880.0;7690.25;SPXW  260924C07880000;0.05;0.1
2026-09-24 07:38;7885.0;7690.25;SPXW  260924C07885000;0.05;0.1
2026-09-24 07:38;7890.0;7690.25;SPXW  260924C07890000;0.05;0.1
2026-09-24 07:38;7895.0;7690.25;SPXW  260924C07895000;0.0;0.05
2026-09-24 07:38;7900.0;7690.25;SPXW  260924C07900000;0.0;0.05
2026-09-24 07:38;7905.0;7690.25;SPXW  260924C07905000;0.0;0.05
2026-09-24 07:38;7910.0;7690.25;SPXW  260924C07910000;0.0;0.05
2026-09-24 07:38;7915.0;7690.25;SPXW  260924C07915000;0.0;0.05
2026-09-24 07:38;7920.0;7690.25;SPXW  260924C07920000;0.0;0.05
2026-09-24 07:38;7925.0;7690.25;SPXW  260924C07925000;0.0;0.05
2026-09-24 07:38;7930.0;7690.25;SPXW  260924C07930000;0.0;0.05
2026-09-24 07:38;7935.0;7690.25;SPXW  260924C07935000;0.0;0.05
2026-09-24 07:38;7940.0;7690.25;SPXW  260924C07940000;0.0;0.05
2026-09-24 07:38;7445.0;7690.25;SPXW  260924P07445000;0.05;0.1
2026-09-24 07:38;7450.0;7690.25;SPXW  260924P07450000;0.05;0.1
2026-09-24 07:38;7455.0;7690.25;SPXW  260924P07455000;0.05;0.1
2026-09-24 07:38;7460.0;7690.25;SPXW  260924P07460000;0.05;0.1
2026-09-24 07:38;7465.0;7690.25;SPXW  260924P07465000;0.05;0.1
2026-09-24 07:38;7470.0;7690.25;SPXW  260924P07470000;0.05;0.1
2026-09-24 07:38;7475.0;7690.25;SPXW  260924P07475000;0.05;0.1
2026-09-24 07:38;7480.0;7690.25;SPXW  260924P07480000;0.05;0.1
2026-09-24 07:38;7485.0;7690.25;SPXW  260924P07485000;0.05;0.1
2026-09-24 07:38;7490.0;7690.25;SPXW  260924P07490000;0.1;0.15
2026-09-24 07:38;7495.0;7690.25;SPXW  260924P07495000;0.1;0.15
2026-09-24 07:38;7500.0;7690.25;SPXW  260924P07500000;0.1;0.15
2026-09-24 07:38;7505.0;7690.25;SPXW  260924P07505000;0.1;0.15
2026-09-24 07:38;7510.0;7690.25;SPXW  260924P07510000;0.1;0.15
2026-09-24 07:38;7515.0;7690.25;SPXW  260924P07515000;0.1;0.15
2026-09-24 07:38;7520.0;7690.25;SPXW  260924P07520000;0.1;0.15
2026-09-24 07:38;7525.0;7690.25;SPXW  260924P07525000;0.1;0.15
2026-09-24 07:38;7530.0;7690.25;SPXW  260924P07530000;0.1;0.15
2026-09-24 07:38;7535.0;7690.25;SPXW  260924P07535000;0.1;0.15
2026-09-24 07:38;7540.0;7690.25;SPXW  260924P07540000;0.1;0.2
2026-09-24 07:38;7545.0;7690.25;SPXW  260924P07545000;0.15;0.2
2026-09-24 07:38;7550.0;7690.25;SPXW  260924P07550000;0.15;0.2
2026-09-24 07:38;7555.0;7690.25;SPXW  260924P07555000;0.15;0.2
2026-09-24 07:38;7560.0;7690.25;SPXW  260924P07560000;0.15;0.2
2026-09-24 07:38;7565.0;7690.25;SPXW  260924P07565000;0.15;0.2
2026-09-24 07:38;7570.0;7690.25;SPXW  260924P07570000;0.15;0.2
2026-09-24 07:38;7575.0;7690.25;SPXW  260924P07575000;0.2;0.25
2026-09-24 07:38;7580.0;7690.25;SPXW  260924P07580000;0.2;0.25
2026-09-24 07:38;7585.0;7690.25;SPXW  260924P07585000;0.2;0.25
2026-09-24 07:38;7590.0;7690.25;SPXW  260924P07590000;0.2;0.3
2026-09-24 07:38;7595.0;7690.25;SPXW  260924P07595000;0.25;0.3
2026-09-24 07:38;7600.0;7690.25;SPXW  260924P07600000;0.3;0.35
2026-09-24 07:38;7605.0;7690.25;SPXW  260924P07605000;0.35;0.4
2026-09-24 07:38;7610.0;7690.25;SPXW  260924P07610000;0.4;0.45
2026-09-24 07:38;7615.0;7690.25;SPXW  260924P07615000;0.45;0.5
2026-09-24 07:38;7620.0;7690.25;SPXW  260924P07620000;0.55;0.6
2026-09-24 07:38;7625.0;7690.25;SPXW  260924P07625000;0.65;0.7
2026-09-24 07:38;7630.0;7690.25;SPXW  260924P07630000;0.8;0.85
2026-09-24 07:38;7635.0;7690.25;SPXW  260924P07635000;0.95;1.0
2026-09-24 07:38;7640.0;7690.25;SPXW  260924P07640000;1.15;1.25
2026-09-24 07:38;7645.0;7690.25;SPXW  260924P07645000;1.45;1.5
2026-09-24 07:38;7650.0;7690.25;SPXW  260924P07650000;1.8;1.85
2026-09-24 07:38;7655.0;7690.25;SPXW  260924P07655000;2.25;2.35
2026-09-24 07:38;7660.0;7690.25;SPXW  260924P07660000;2.85;2.9
2026-09-24 07:38;7665.0;7690.25;SPXW  260924P07665000;3.6;3.7
2026-09-24 07:38;7670.0;7690.25;SPXW  260924P07670000;4.5;4.6
2026-09-24 07:38;7675.0;7690.25;SPXW  260924P07675000;5.7;5.8
2026-09-24 07:38;7680.0;7690.25;SPXW  260924P07680000;7.1;7.3
2026-09-24 07:38;7685.0;7690.25;SPXW  260924P07685000;8.9;9.1
2026-09-24 07:38;7690.0;7690.25;SPXW  260924P07690000;11.1;11.3
2026-09-24 07:38;7695.0;7690.25;SPXW  260924P07695000;13.7;13.9
2026-09-24 07:38;7700.0;7690.25;SPXW  260924P07700000;16.7;16.9
2026-09-24 07:38;7705.0;7690.25;SPXW  260924P07705000;20.1;20.3
2026-09-24 07:38;7710.0;7690.25;SPXW  260924P07710000;23.8;24.1
2026-09-24 07:38;7715.0;7690.25;SPXW  260924P07715000;27.9;28.1
2026-09-24 07:38;7720.0;7690.25;SPXW  260924P07720000;32.2;32.4
2026-09-24 07:38;7725.0;7690.25;SPXW  260924P07725000;36.7;36.9
2026-09-24 07:38;7730.0;7690.25;SPXW  260924P07730000;41.3;41.6
2026-09-24 07:38;7735.0;7690.25;SPXW  260924P07735000;46.0;46.4
2026-09-24 07:38;7740.0;7690.25;SPXW  260924P07740000;50.9;51.2
2026-09-24 07:38;7745.0;7690.25;SPXW  260924P07745000;55.7;56.1
2026-09-24 07:38;7750.0;7690.25;SPXW  260924P07750000;60.6;61.0
2026-09-24 07:38;7755.0;7690.25;SPXW  260924P07755000;65.6;65.9
2026-09-24 07:38;7760.0;7690.25;SPXW  260924P07760000;70.5;70.9
2026-09-24 07:38;7765.0;7690.25;SPXW  260924P07765000;75.5;75.8
2026-09-24 07:38;7770.0;7690.25;SPXW  260924P07770000;80.5;80.8
2026-09-24 07:38;7775.0;7690.25;SPXW  260924P07775000;85.4;85.8
2026-09-24 07:38;7780.0;7690.25;SPXW  260924P07780000;90.4;90.8
2026-09-24 07:38;7785.0;7690.25;SPXW  260924P07785000;95.4;95.7
2026-09-24 07:38;7790.0;7690.25;SPXW  260924P07790000;100.4;100.7
2026-09-24 07:38;7795.0;7690.25;SPXW  260924P07795000;105.4;105.7
2026-09-24 07:38;7800.0;7690.25;SPXW  260924P07800000;110.3;110.7
2026-09-24 07:38;7805.0;7690.25;SPXW  260924P07805000;115.2;115.9
2026-09-24 07:38;7810.0;7690.25;SPXW  260924P07810000;120.2;120.8
2026-09-24 07:38;7815.0;7690.25;SPXW  260924P07815000;125.2;125.8
2026-09-24 07:38;7820.0;7690.25;SPXW  260924P07820000;129.8;131.1
2026-09-24 07:38;7825.0;7690.25;SPXW  260924P07825000;134.8;136.1
2026-09-24 07:38;7830.0;7690.25;SPXW  260924P07830000;139.8;141.1
2026-09-24 07:38;7835.0;7690.25;SPXW  260924P07835000;144.8;146.1
2026-09-24 07:38;7840.0;7690.25;SPXW  260924P07840000;149.8;151.1
2026-09-24 07:38;7845.0;7690.25;SPXW  260924P07845000;154.8;156.1
2026-09-24 07:38;7850.0;7690.25;SPXW  260924P07850000;159.8;161.1
2026-09-24 07:38;7855.0;7690.25;SPXW  260924P07855000;164.8;166.1
2026-09-24 07:38;7860.0;7690.25;SPXW  260924P07860000;169.8;171.1
2026-09-24 07:38;7865.0;7690.25;SPXW  260924P07865000;174.8;176.1
2026-09-24 07:38;7870.0;7690.25;SPXW  260924P07870000;179.8;181.1
2026-09-24 07:38;7875.0;7690.25;SPXW  260924P07875000;184.8;186.1
2026-09-24 07:38;7880.0;7690.25;SPXW  260924P07880000;189.8;191.1
2026-09-24 07:38;7885.0;7690.25;SPXW  260924P07885000;194.8;196.1
2026-09-24 07:38;7890.0;7690.25;SPXW  260924P07890000;199.8;201.1
2026-09-24 07:38;7895.0;7690.25;SPXW  260924P07895000;204.8;206.1
2026-09-24 07:38;7900.0;7690.25;SPXW  260924P07900000;209.8;211.1
2026-09-24 07:38;7905.0;7690.25;SPXW  260924P07905000;214.8;216.1
2026-09-24 07:38;7910.0;7690.25;SPXW  260924P07910000;211.0;231.4
2026-09-24 07:38;7915.0;7690.25;SPXW  260924P07915000;224.8;226.1
2026-09-24 07:38;7920.0;7690.25;SPXW  260924P07920000;229.8;231.1
2026-09-24 07:38;7925.0;7690.25;SPXW  260924P07925000;226.0;246.5
2026-09-24 07:38;7930.0;7690.25;SPXW  260924P07930000;239.8;241.1
2026-09-24 07:38;7935.0;7690.25;SPXW  260924P07935000;244.8;246.1
2026-09-24 07:38;7940.0;7690.25;SPXW  260924P07940000;249.8;251.1
2026-09-24 07:43;7440.0;7686.03;SPXW  260924C07440000;244.8;246.1
2026-09-24 07:43;7445.0;7686.03;SPXW  260924C07445000;240.0;240.7
2026-09-24 07:43;7450.0;7686.03;SPXW  260924C07450000;235.0;235.7
2026-09-24 07:43;7455.0;7686.03;SPXW  260924C07455000;230.0;230.7
2026-09-24 07:43;7460.0;7686.03;SPXW  260924C07460000;225.0;225.8
2026-09-24 07:43;7465.0;7686.03;SPXW  260924C07465000;220.0;220.8
2026-09-24 07:43;7470.0;7686.03;SPXW  260924C07470000;215.0;215.8
2026-09-24 07:43;7475.0;7686.03;SPXW  260924C07475000;210.0;210.8
2026-09-24 07:43;7480.0;7686.03;SPXW  260924C07480000;205.0;205.8
2026-09-24 07:43;7485.0;7686.03;SPXW  260924C07485000;200.0;200.8
2026-09-24 07:43;7490.0;7686.03;SPXW  260924C07490000;195.0;195.8
2026-09-24 07:43;7495.0;7686.03;SPXW  260924C07495000;190.0;190.8
2026-09-24 07:43;7500.0;7686.03;SPXW  260924C07500000;185.0;185.9
2026-09-24 07:43;7505.0;7686.03;SPXW  260924C07505000;180.0;180.9
2026-09-24 07:43;7510.0;7686.03;SPXW  260924C07510000;175.0;175.9
2026-09-24 07:43;7515.0;7686.03;SPXW  260924C07515000;170.0;170.8
2026-09-24 07:43;7520.0;7686.03;SPXW  260924C07520000;165.0;165.8
2026-09-24 07:43;7525.0;7686.03;SPXW  260924C07525000;160.0;160.8
2026-09-24 07:43;7530.0;7686.03;SPXW  260924C07530000;155.0;155.8
2026-09-24 07:43;7535.0;7686.03;SPXW  260924C07535000;150.0;150.8
2026-09-24 07:43;7540.0;7686.03;SPXW  260924C07540000;145.0;145.8
2026-09-24 07:43;7545.0;7686.03;SPXW  260924C07545000;140.1;140.8
2026-09-24 07:43;7550.0;7686.03;SPXW  260924C07550000;135.1;135.8
2026-09-24 07:43;7555.0;7686.03;SPXW  260924C07555000;130.1;130.8
2026-09-24 07:43;7560.0;7686.03;SPXW  260924C07560000;125.1;125.9
2026-09-24 07:43;7565.0;7686.03;SPXW  260924C07565000;120.1;120.9
2026-09-24 07:43;7570.0;7686.03;SPXW  260924C07570000;115.4;115.7
2026-09-24 07:43;7575.0;7686.03;SPXW  260924C07575000;110.4;110.8
2026-09-24 07:43;7580.0;7686.03;SPXW  260924C07580000;105.4;105.8
2026-09-24 07:43;7585.0;7686.03;SPXW  260924C07585000;100.4;100.8
2026-09-24 07:43;7590.0;7686.03;SPXW  260924C07590000;95.5;95.8
2026-09-24 07:43;7595.0;7686.03;SPXW  260924C07595000;90.5;90.9
2026-09-24 07:43;7600.0;7686.03;SPXW  260924C07600000;85.6;85.9
2026-09-24 07:43;7605.0;7686.03;SPXW  260924C07605000;80.6;81.0
2026-09-24 07:43;7610.0;7686.03;SPXW  260924C07610000;75.7;76.0
2026-09-24 07:43;7615.0;7686.03;SPXW  260924C07615000;70.8;71.1
2026-09-24 07:43;7620.0;7686.03;SPXW  260924C07620000;65.9;66.2
2026-09-24 07:43;7625.0;7686.03;SPXW  260924C07625000;61.0;61.4
2026-09-24 07:43;7630.0;7686.03;SPXW  260924C07630000;56.2;56.6
2026-09-24 07:43;7635.0;7686.03;SPXW  260924C07635000;51.4;51.8
2026-09-24 07:43;7640.0;7686.03;SPXW  260924C07640000;46.7;47.0
2026-09-24 07:43;7645.0;7686.03;SPXW  260924C07645000;42.1;42.4
2026-09-24 07:43;7650.0;7686.03;SPXW  260924C07650000;37.6;37.8
2026-09-24 07:43;7655.0;7686.03;SPXW  260924C07655000;33.2;33.4
2026-09-24 07:43;7660.0;7686.03;SPXW  260924C07660000;28.9;29.1
2026-09-24 07:43;7665.0;7686.03;SPXW  260924C07665000;24.8;25.0
2026-09-24 07:43;7670.0;7686.03;SPXW  260924C07670000;21.0;21.1
2026-09-24 07:43;7675.0;7686.03;SPXW  260924C07675000;17.4;17.6
2026-09-24 07:43;7680.0;7686.03;SPXW  260924C07680000;14.1;14.3
2026-09-24 07:43;7685.0;7686.03;SPXW  260924C07685000;11.3;11.4
2026-09-24 07:43;7690.0;7686.03;SPXW  260924C07690000;8.8;8.9
2026-09-24 07:43;7695.0;7686.03;SPXW  260924C07695000;6.7;6.8
2026-09-24 07:43;7700.0;7686.03;SPXW  260924C07700000;5.0;5.1
2026-09-24 07:43;7705.0;7686.03;SPXW  260924C07705000;3.7;3.8
2026-09-24 07:43;7710.0;7686.03;SPXW  260924C07710000;2.7;2.8
2026-09-24 07:43;7715.0;7686.03;SPXW  260924C07715000;2.0;2.05
2026-09-24 07:43;7720.0;7686.03;SPXW  260924C07720000;1.45;1.5
2026-09-24 07:43;7725.0;7686.03;SPXW  260924C07725000;1.05;1.15
2026-09-24 07:43;7730.0;7686.03;SPXW  260924C07730000;0.8;0.85
2026-09-24 07:43;7735.0;7686.03;SPXW  260924C07735000;0.65;0.7
2026-09-24 07:43;7740.0;7686.03;SPXW  260924C07740000;0.5;0.55
2026-09-24 07:43;7745.0;7686.03;SPXW  260924C07745000;0.4;0.45
2026-09-24 07:43;7750.0;7686.03;SPXW  260924C07750000;0.35;0.4
2026-09-24 07:43;7755.0;7686.03;SPXW  260924C07755000;0.3;0.35
2026-09-24 07:43;7760.0;7686.03;SPXW  260924C07760000;0.25;0.3
2026-09-24 07:43;7765.0;7686.03;SPXW  260924C07765000;0.25;0.3
2026-09-24 07:43;7770.0;7686.03;SPXW  260924C07770000;0.2;0.25
2026-09-24 07:43;7775.0;7686.03;SPXW  260924C07775000;0.2;0.25
2026-09-24 07:43;7780.0;7686.03;SPXW  260924C07780000;0.15;0.2
2026-09-24 07:43;7785.0;7686.03;SPXW  260924C07785000;0.15;0.2
2026-09-24 07:43;7790.0;7686.03;SPXW  260924C07790000;0.15;0.2
2026-09-24 07:43;7795.0;7686.03;SPXW  260924C07795000;0.1;0.15
2026-09-24 07:43;7800.0;7686.03;SPXW  260924C07800000;0.1;0.15
2026-09-24 07:43;7805.0;7686.03;SPXW  260924C07805000;0.1;0.15
2026-09-24 07:43;7810.0;7686.03;SPXW  260924C07810000;0.1;0.15
2026-09-24 07:43;7815.0;7686.03;SPXW  260924C07815000;0.1;0.15
2026-09-24 07:43;7820.0;7686.03;SPXW  260924C07820000;0.05;0.1
2026-09-24 07:43;7825.0;7686.03;SPXW  260924C07825000;0.05;0.1
2026-09-24 07:43;7830.0;7686.03;SPXW  260924C07830000;0.05;0.1
2026-09-24 07:43;7835.0;7686.03;SPXW  260924C07835000;0.05;0.1
2026-09-24 07:43;7840.0;7686.03;SPXW  260924C07840000;0.05;0.1
2026-09-24 07:43;7845.0;7686.03;SPXW  260924C07845000;0.05;0.1
2026-09-24 07:43;7850.0;7686.03;SPXW  260924C07850000;0.05;0.1
2026-09-24 07:43;7855.0;7686.03;SPXW  260924C07855000;0.05;0.1
2026-09-24 07:43;7860.0;7686.03;SPXW  260924C07860000;0.05;0.1
2026-09-24 07:43;7865.0;7686.03;SPXW  260924C07865000;0.05;0.1
2026-09-24 07:43;7870.0;7686.03;SPXW  260924C07870000;0.05;0.1
2026-09-24 07:43;7875.0;7686.03;SPXW  260924C07875000;0.05;0.1
2026-09-24 07:43;7880.0;7686.03;SPXW  260924C07880000;0.05;0.1
2026-09-24 07:43;7885.0;7686.03;SPXW  260924C07885000;0.05;0.1
2026-09-24 07:43;7890.0;7686.03;SPXW  260924C07890000;0.05;0.1
2026-09-24 07:43;7895.0;7686.03;SPXW  260924C07895000;0.0;0.05
2026-09-24 07:43;7900.0;7686.03;SPXW  260924C07900000;0.0;0.05
2026-09-24 07:43;7905.0;7686.03;SPXW  260924C07905000;0.0;0.05
2026-09-24 07:43;7910.0;7686.03;SPXW  260924C07910000;0.0;0.05
2026-09-24 07:43;7915.0;7686.03;SPXW  260924C07915000;0.0;0.05
2026-09-24 07:43;7920.0;7686.03;SPXW  260924C07920000;0.0;0.05
2026-09-24 07:43;7925.0;7686.03;SPXW  260924C07925000;0.0;0.05
2026-09-24 07:43;7930.0;7686.03;SPXW  260924C07930000;0.0;0.05
2026-09-24 07:43;7935.0;7686.03;SPXW  260924C07935000;0.0;0.05
2026-09-24 07:43;7440.0;7686.03;SPXW  260924P07440000;0.05;0.1
2026-09-24 07:43;7445.0;7686.03;SPXW  260924P07445000;0.05;0.1
2026-09-24 07:43;7450.0;7686.03;SPXW  260924P07450000;0.05;0.1
2026-09-24 07:43;7455.0;7686.03;SPXW  260924P07455000;0.05;0.1
2026-09-24 07:43;7460.0;7686.03;SPXW  260924P07460000;0.05;0.1
2026-09-24 07:43;7465.0;7686.03;SPXW  260924P07465000;0.05;0.1
2026-09-24 07:43;7470.0;7686.03;SPXW  260924P07470000;0.05;0.1
2026-09-24 07:43;7475.0;7686.03;SPXW  260924P07475000;0.05;0.1
2026-09-24 07:43;7480.0;7686.03;SPXW  260924P07480000;0.05;0.1
2026-09-24 07:43;7485.0;7686.03;SPXW  260924P07485000;0.1;0.15
2026-09-24 07:43;7490.0;7686.03;SPXW  260924P07490000;0.1;0.15
2026-09-24 07:43;7495.0;7686.03;SPXW  260924P07495000;0.1;0.15
2026-09-24 07:43;7500.0;7686.03;SPXW  260924P07500000;0.1;0.15
2026-09-24 07:43;7505.0;7686.03;SPXW  260924P07505000;0.1;0.15
2026-09-24 07:43;7510.0;7686.03;SPXW  260924P07510000;0.1;0.15
2026-09-24 07:43;7515.0;7686.03;SPXW  260924P07515000;0.1;0.15
2026-09-24 07:43;7520.0;7686.03;SPXW  260924P07520000;0.1;0.15
2026-09-24 07:43;7525.0;7686.03;SPXW  260924P07525000;0.1;0.15
2026-09-24 07:43;7530.0;7686.03;SPXW  260924P07530000;0.1;0.15
2026-09-24 07:43;7535.0;7686.03;SPXW  260924P07535000;0.1;0.15
2026-09-24 07:43;7540.0;7686.03;SPXW  260924P07540000;0.15;0.2
2026-09-24 07:43;7545.0;7686.03;SPXW  260924P07545000;0.15;0.2
2026-09-24 07:43;7550.0;7686.03;SPXW  260924P07550000;0.15;0.2
2026-09-24 07:43;7555.0;7686.03;SPXW  260924P07555000;0.15;0.2
2026-09-24 07:43;7560.0;7686.03;SPXW  260924P07560000;0.15;0.2
2026-09-24 07:43;7565.0;7686.03;SPXW  260924P07565000;0.15;0.2
2026-09-24 07:43;7570.0;7686.03;SPXW  260924P07570000;0.2;0.25
2026-09-24 07:43;7575.0;7686.03;SPXW  260924P07575000;0.2;0.25
2026-09-24 07:43;7580.0;7686.03;SPXW  260924P07580000;0.2;0.3
2026-09-24 07:43;7585.0;7686.03;SPXW  260924P07585000;0.25;0.3
2026-09-24 07:43;7590.0;7686.03;SPXW  260924P07590000;0.25;0.35
2026-09-24 07:43;7595.0;7686.03;SPXW  260924P07595000;0.3;0.35
2026-09-24 07:43;7600.0;7686.03;SPXW  260924P07600000;0.35;0.4
2026-09-24 07:43;7605.0;7686.03;SPXW  260924P07605000;0.4;0.5
2026-09-24 07:43;7610.0;7686.03;SPXW  260924P07610000;0.5;0.55
2026-09-24 07:43;7615.0;7686.03;SPXW  260924P07615000;0.6;0.65
2026-09-24 07:43;7620.0;7686.03;SPXW  260924P07620000;0.7;0.75
2026-09-24 07:43;7625.0;7686.03;SPXW  260924P07625000;0.85;0.9
2026-09-24 07:43;7630.0;7686.03;SPXW  260924P07630000;1.0;1.1
2026-09-24 07:43;7635.0;7686.03;SPXW  260924P07635000;1.25;1.3
2026-09-24 07:43;7640.0;7686.03;SPXW  260924P07640000;1.55;1.6
2026-09-24 07:43;7645.0;7686.03;SPXW  260924P07645000;1.9;1.95
2026-09-24 07:43;7650.0;7686.03;SPXW  260924P07650000;2.35;2.4
2026-09-24 07:43;7655.0;7686.03;SPXW  260924P07655000;2.95;3.0
2026-09-24 07:43;7660.0;7686.03;SPXW  260924P07660000;3.6;3.7
2026-09-24 07:43;7665.0;7686.03;SPXW  260924P07665000;4.5;4.7
2026-09-24 07:43;7670.0;7686.03;SPXW  260924P07670000;5.7;5.8
2026-09-24 07:43;7675.0;7686.03;SPXW  260924P07675000;7.1;7.2
2026-09-24 07:43;7680.0;7686.03;SPXW  260924P07680000;8.8;8.9
2026-09-24 07:43;7685.0;7686.03;SPXW  260924P07685000;10.9;11.1
2026-09-24 07:43;7690.0;7686.03;SPXW  260924P07690000;13.4;13.6
2026-09-24 07:43;7695.0;7686.03;SPXW  260924P07695000;16.3;16.5
2026-09-24 07:43;7700.0;7686.03;SPXW  260924P07700000;19.6;19.8
2026-09-24 07:43;7705.0;7686.03;SPXW  260924P07705000;23.3;23.5
2026-09-24 07:43;7710.0;7686.03;SPXW  260924P07710000;27.2;27.5
2026-09-24 07:43;7715.0;7686.03;SPXW  260924P07715000;31.5;31.7
2026-09-24 07:43;7720.0;7686.03;SPXW  260924P07720000;36.0;36.2
2026-09-24 07:43;7725.0;7686.03;SPXW  260924P07725000;40.6;40.8
2026-09-24 07:43;7730.0;7686.03;SPXW  260924P07730000;45.3;45.6
2026-09-24 07:43;7735.0;7686.03;SPXW  260924P07735000;50.1;50.4
2026-09-24 07:43;7740.0;7686.03;SPXW  260924P07740000;54.9;55.3
2026-09-24 07:43;7745.0;7686.03;SPXW  260924P07745000;59.9;60.2
2026-09-24 07:43;7750.0;7686.03;SPXW  260924P07750000;64.8;65.1
2026-09-24 07:43;7755.0;7686.03;SPXW  260924P07755000;69.7;70.1
2026-09-24 07:43;7760.0;7686.03;SPXW  260924P07760000;74.7;75.0
2026-09-24 07:43;7765.0;7686.03;SPXW  260924P07765000;79.7;80.0
2026-09-24 07:43;7770.0;7686.03;SPXW  260924P07770000;84.6;85.0
2026-09-24 07:43;7775.0;7686.03;SPXW  260924P07775000;89.6;90.0
2026-09-24 07:43;7780.0;7686.03;SPXW  260924P07780000;94.6;94.9
2026-09-24 07:43;7785.0;7686.03;SPXW  260924P07785000;99.6;99.9
2026-09-24 07:43;7790.0;7686.03;SPXW  260924P07790000;104.6;104.9
2026-09-24 07:43;7795.0;7686.03;SPXW  260924P07795000;109.5;109.9
2026-09-24 07:43;7800.0;7686.03;SPXW  260924P07800000;114.5;114.9
2026-09-24 07:43;7805.0;7686.03;SPXW  260924P07805000;119.4;120.2
2026-09-24 07:43;7810.0;7686.03;SPXW  260924P07810000;124.4;125.2
2026-09-24 07:43;7815.0;7686.03;SPXW  260924P07815000;129.1;130.3
2026-09-24 07:43;7820.0;7686.03;SPXW  260924P07820000;134.0;135.3
2026-09-24 07:43;7825.0;7686.03;SPXW  260924P07825000;139.0;140.3
2026-09-24 07:43;7830.0;7686.03;SPXW  260924P07830000;144.0;145.3
2026-09-24 07:43;7835.0;7686.03;SPXW  260924P07835000;149.0;150.3
2026-09-24 07:43;7840.0;7686.03;SPXW  260924P07840000;154.0;155.2
2026-09-24 07:43;7845.0;7686.03;SPXW  260924P07845000;159.0;160.2
2026-09-24 07:43;7850.0;7686.03;SPXW  260924P07850000;164.0;165.2
2026-09-24 07:43;7855.0;7686.03;SPXW  260924P07855000;169.0;170.2
2026-09-24 07:43;7860.0;7686.03;SPXW  260924P07860000;174.0;175.2
2026-09-24 07:43;7865.0;7686.03;SPXW  260924P07865000;179.0;180.2
2026-09-24 07:43;7870.0;7686.03;SPXW  260924P07870000;184.0;185.2
2026-09-24 07:43;7875.0;7686.03;SPXW  260924P07875000;189.0;190.2
2026-09-24 07:43;7880.0;7686.03;SPXW  260924P07880000;194.0;195.2
2026-09-24 07:43;7885.0;7686.03;SPXW  260924P07885000;199.0;200.2
2026-09-24 07:43;7890.0;7686.03;SPXW  260924P07890000;204.0;205.2
2026-09-24 07:43;7895.0;7686.03;SPXW  260924P07895000;209.0;210.2
2026-09-24 07:43;7900.0;7686.03;SPXW  260924P07900000;214.0;215.2
2026-09-24 07:43;7905.0;7686.03;SPXW  260924P07905000;219.0;220.2
2026-09-24 07:43;7910.0;7686.03;SPXW  260924P07910000;224.0;225.2
2026-09-24 07:43;7915.0;7686.03;SPXW  260924P07915000;229.0;230.2
2026-09-24 07:43;7920.0;7686.03;SPXW  260924P07920000;234.0;235.2
2026-09-24 07:43;7925.0;7686.03;SPXW  260924P07925000;230.6;247.8
2026-09-24 07:43;7930.0;7686.03;SPXW  260924P07930000;244.0;245.2
2026-09-24 07:43;7935.0;7686.03;SPXW  260924P07935000;249.0;250.2
2026-09-24 07:47;7435.0;7682.89;SPXW  260924C07435000;247.9;248.6
2026-09-24 07:47;7440.0;7682.89;SPXW  260924C07440000;242.9;243.6
2026-09-24 07:47;7445.0;7682.89;SPXW  260924C07445000;237.9;238.6
2026-09-24 07:47;7450.0;7682.89;SPXW  260924C07450000;232.8;233.8
2026-09-24 07:47;7455.0;7682.89;SPXW  260924C07455000;227.8;228.8
2026-09-24 07:47;7460.0;7682.89;SPXW  260924C07460000;222.8;223.8
2026-09-24 07:47;7465.0;7682.89;SPXW  260924C07465000;217.9;218.7
2026-09-24 07:47;7470.0;7682.89;SPXW  260924C07470000;212.9;213.7
2026-09-24 07:47;7475.0;7682.89;SPXW  260924C07475000;207.9;208.7
2026-09-24 07:47;7480.0;7682.89;SPXW  260924C07480000;202.9;203.7
2026-09-24 07:47;7485.0;7682.89;SPXW  260924C07485000;197.9;198.7
2026-09-24 07:47;7490.0;7682.89;SPXW  260924C07490000;192.9;193.7
2026-09-24 07:47;7495.0;7682.89;SPXW  260924C07495000;187.9;188.7
2026-09-24 07:47;7500.0;7682.89;SPXW  260924C07500000;182.9;183.7
2026-09-24 07:47;7505.0;7682.89;SPXW  260924C07505000;177.9;178.8
2026-09-24 07:47;7510.0;7682.89;SPXW  260924C07510000;172.9;173.8
2026-09-24 07:47;7515.0;7682.89;SPXW  260924C07515000;167.9;168.8
2026-09-24 07:47;7520.0;7682.89;SPXW  260924C07520000;162.9;163.8
2026-09-24 07:47;7525.0;7682.89;SPXW  260924C07525000;157.9;158.8
2026-09-24 07:47;7530.0;7682.89;SPXW  260924C07530000;152.9;153.7
2026-09-24 07:47;7535.0;7682.89;SPXW  260924C07535000;147.9;148.7
2026-09-24 07:47;7540.0;7682.89;SPXW  260924C07540000;143.0;143.7
2026-09-24 07:47;7545.0;7682.89;SPXW  260924C07545000;137.9;138.9
2026-09-24 07:47;7550.0;7682.89;SPXW  260924C07550000;132.9;133.5
2026-09-24 07:47;7555.0;7682.89;SPXW  260924C07555000;128.0;128.5
2026-09-24 07:47;7560.0;7682.89;SPXW  260924C07560000;123.0;123.5
2026-09-24 07:47;7565.0;7682.89;SPXW  260924C07565000;118.0;118.5
2026-09-24 07:47;7570.0;7682.89;SPXW  260924C07570000;113.0;113.5
2026-09-24 07:47;7575.0;7682.89;SPXW  260924C07575000;108.0;108.5
2026-09-24 07:47;7580.0;7682.89;SPXW  260924C07580000;103.1;103.6
2026-09-24 07:47;7585.0;7682.89;SPXW  260924C07585000;98.1;98.6
2026-09-24 07:47;7590.0;7682.89;SPXW  260924C07590000;93.1;93.6
2026-09-24 07:47;7595.0;7682.89;SPXW  260924C07595000;88.2;88.7
2026-09-24 07:47;7600.0;7682.89;SPXW  260924C07600000;83.2;83.7
2026-09-24 07:47;7605.0;7682.89;SPXW  260924C07605000;78.3;78.8
2026-09-24 07:47;7610.0;7682.89;SPXW  260924C07610000;73.4;73.9
2026-09-24 07:47;7615.0;7682.89;SPXW  260924C07615000;68.5;69.0
2026-09-24 07:47;7620.0;7682.89;SPXW  260924C07620000;63.6;64.1
2026-09-24 07:47;7625.0;7682.89;SPXW  260924C07625000;58.8;59.2
2026-09-24 07:47;7630.0;7682.89;SPXW  260924C07630000;54.2;54.4
2026-09-24 07:47;7635.0;7682.89;SPXW  260924C07635000;49.5;49.7
2026-09-24 07:47;7640.0;7682.89;SPXW  260924C07640000;44.8;45.0
2026-09-24 07:47;7645.0;7682.89;SPXW  260924C07645000;40.2;40.4
2026-09-24 07:47;7650.0;7682.89;SPXW  260924C07650000;35.7;35.9
2026-09-24 07:47;7655.0;7682.89;SPXW  260924C07655000;31.3;31.5
2026-09-24 07:47;7660.0;7682.89;SPXW  260924C07660000;27.2;27.3
2026-09-24 07:47;7665.0;7682.89;SPXW  260924C07665000;23.2;23.3
2026-09-24 07:47;7670.0;7682.89;SPXW  260924C07670000;19.4;19.6
2026-09-24 07:47;7675.0;7682.89;SPXW  260924C07675000;15.9;16.1
2026-09-24 07:47;7680.0;7682.89;SPXW  260924C07680000;12.9;13.0
2026-09-24 07:47;7685.0;7682.89;SPXW  260924C07685000;10.1;10.3
2026-09-24 07:47;7690.0;7682.89;SPXW  260924C07690000;7.8;7.9
2026-09-24 07:47;7695.0;7682.89;SPXW  260924C07695000;5.9;6.0
2026-09-24 07:47;7700.0;7682.89;SPXW  260924C07700000;4.4;4.5
2026-09-24 07:47;7705.0;7682.89;SPXW  260924C07705000;3.2;3.3
2026-09-24 07:47;7710.0;7682.89;SPXW  260924C07710000;2.35;2.4
2026-09-24 07:47;7715.0;7682.89;SPXW  260924C07715000;1.7;1.75
2026-09-24 07:47;7720.0;7682.89;SPXW  260924C07720000;1.25;1.3
2026-09-24 07:47;7725.0;7682.89;SPXW  260924C07725000;0.9;1.0
2026-09-24 07:47;7730.0;7682.89;SPXW  260924C07730000;0.7;0.75
2026-09-24 07:47;7735.0;7682.89;SPXW  260924C07735000;0.55;0.6
2026-09-24 07:47;7740.0;7682.89;SPXW  260924C07740000;0.45;0.5
2026-09-24 07:47;7745.0;7682.89;SPXW  260924C07745000;0.35;0.4
2026-09-24 07:47;7750.0;7682.89;SPXW  260924C07750000;0.3;0.35
2026-09-24 07:47;7755.0;7682.89;SPXW  260924C07755000;0.25;0.3
2026-09-24 07:47;7760.0;7682.89;SPXW  260924C07760000;0.25;0.3
2026-09-24 07:47;7765.0;7682.89;SPXW  260924C07765000;0.2;0.25
2026-09-24 07:47;7770.0;7682.89;SPXW  260924C07770000;0.2;0.25
2026-09-24 07:47;7775.0;7682.89;SPXW  260924C07775000;0.15;0.2
2026-09-24 07:47;7780.0;7682.89;SPXW  260924C07780000;0.15;0.2
2026-09-24 07:47;7785.0;7682.89;SPXW  260924C07785000;0.15;0.2
2026-09-24 07:47;7790.0;7682.89;SPXW  260924C07790000;0.1;0.15
2026-09-24 07:47;7795.0;7682.89;SPXW  260924C07795000;0.1;0.15
2026-09-24 07:47;7800.0;7682.89;SPXW  260924C07800000;0.1;0.15
2026-09-24 07:47;7805.0;7682.89;SPXW  260924C07805000;0.1;0.15
2026-09-24 07:47;7810.0;7682.89;SPXW  260924C07810000;0.1;0.15
2026-09-24 07:47;7815.0;7682.89;SPXW  260924C07815000;0.05;0.1
2026-09-24 07:47;7820.0;7682.89;SPXW  260924C07820000;0.05;0.1
2026-09-24 07:47;7825.0;7682.89;SPXW  260924C07825000;0.05;0.1
2026-09-24 07:47;7830.0;7682.89;SPXW  260924C07830000;0.05;0.1
2026-09-24 07:47;7835.0;7682.89;SPXW  260924C07835000;0.05;0.1
2026-09-24 07:47;7840.0;7682.89;SPXW  260924C07840000;0.05;0.1
2026-09-24 07:47;7845.0;7682.89;SPXW  260924C07845000;0.05;0.1
2026-09-24 07:47;7850.0;7682.89;SPXW  260924C07850000;0.05;0.1
2026-09-24 07:47;7855.0;7682.89;SPXW  260924C07855000;0.05;0.1
2026-09-24 07:47;7860.0;7682.89;SPXW  260924C07860000;0.05;0.1
2026-09-24 07:47;7865.0;7682.89;SPXW  260924C07865000;0.05;0.1
2026-09-24 07:47;7870.0;7682.89;SPXW  260924C07870000;0.05;0.1
2026-09-24 07:47;7875.0;7682.89;SPXW  260924C07875000;0.05;0.1
2026-09-24 07:47;7880.0;7682.89;SPXW  260924C07880000;0.05;0.1
2026-09-24 07:47;7885.0;7682.89;SPXW  260924C07885000;0.05;0.1
2026-09-24 07:47;7890.0;7682.89;SPXW  260924C07890000;0.05;0.1
2026-09-24 07:47;7895.0;7682.89;SPXW  260924C07895000;0.0;0.05
2026-09-24 07:47;7900.0;7682.89;SPXW  260924C07900000;0.0;0.05
2026-09-24 07:47;7905.0;7682.89;SPXW  260924C07905000;0.0;0.05
2026-09-24 07:47;7910.0;7682.89;SPXW  260924C07910000;0.0;0.05
2026-09-24 07:47;7915.0;7682.89;SPXW  260924C07915000;0.0;0.05
2026-09-24 07:47;7920.0;7682.89;SPXW  260924C07920000;0.0;0.05
2026-09-24 07:47;7925.0;7682.89;SPXW  260924C07925000;0.0;0.05
2026-09-24 07:47;7930.0;7682.89;SPXW  260924C07930000;0.0;0.05
2026-09-24 07:47;7435.0;7682.89;SPXW  260924P07435000;0.05;0.1
2026-09-24 07:47;7440.0;7682.89;SPXW  260924P07440000;0.05;0.1
2026-09-24 07:47;7445.0;7682.89;SPXW  260924P07445000;0.05;0.1
2026-09-24 07:47;7450.0;7682.89;SPXW  260924P07450000;0.05;0.1
2026-09-24 07:47;7455.0;7682.89;SPXW  260924P07455000;0.05;0.1
2026-09-24 07:47;7460.0;7682.89;SPXW  260924P07460000;0.05;0.1
2026-09-24 07:47;7465.0;7682.89;SPXW  260924P07465000;0.05;0.1
2026-09-24 07:47;7470.0;7682.89;SPXW  260924P07470000;0.1;0.15
2026-09-24 07:47;7475.0;7682.89;SPXW  260924P07475000;0.1;0.15
2026-09-24 07:47;7480.0;7682.89;SPXW  260924P07480000;0.1;0.15
2026-09-24 07:47;7485.0;7682.89;SPXW  260924P07485000;0.1;0.15
2026-09-24 07:47;7490.0;7682.89;SPXW  260924P07490000;0.1;0.15
2026-09-24 07:47;7495.0;7682.89;SPXW  260924P07495000;0.1;0.15
2026-09-24 07:47;7500.0;7682.89;SPXW  260924P07500000;0.1;0.15
2026-09-24 07:47;7505.0;7682.89;SPXW  260924P07505000;0.1;0.15
2026-09-24 07:47;7510.0;7682.89;SPXW  260924P07510000;0.1;0.15
2026-09-24 07:47;7515.0;7682.89;SPXW  260924P07515000;0.1;0.15
2026-09-24 07:47;7520.0;7682.89;SPXW  260924P07520000;0.1;0.15
2026-09-24 07:47;7525.0;7682.89;SPXW  260924P07525000;0.15;0.2
2026-09-24 07:47;7530.0;7682.89;SPXW  260924P07530000;0.15;0.2
2026-09-24 07:47;7535.0;7682.89;SPXW  260924P07535000;0.15;0.2
2026-09-24 07:47;7540.0;7682.89;SPXW  260924P07540000;0.15;0.2
2026-09-24 07:47;7545.0;7682.89;SPXW  260924P07545000;0.15;0.2
2026-09-24 07:47;7550.0;7682.89;SPXW  260924P07550000;0.15;0.2
2026-09-24 07:47;7555.0;7682.89;SPXW  260924P07555000;0.2;0.25
2026-09-24 07:47;7560.0;7682.89;SPXW  260924P07560000;0.2;0.25
2026-09-24 07:47;7565.0;7682.89;SPXW  260924P07565000;0.2;0.25
2026-09-24 07:47;7570.0;7682.89;SPXW  260924P07570000;0.2;0.25
2026-09-24 07:47;7575.0;7682.89;SPXW  260924P07575000;0.25;0.3
2026-09-24 07:47;7580.0;7682.89;SPXW  260924P07580000;0.25;0.3
2026-09-24 07:47;7585.0;7682.89;SPXW  260924P07585000;0.3;0.35
2026-09-24 07:47;7590.0;7682.89;SPXW  260924P07590000;0.3;0.35
2026-09-24 07:47;7595.0;7682.89;SPXW  260924P07595000;0.35;0.4
2026-09-24 07:47;7600.0;7682.89;SPXW  260924P07600000;0.4;0.45
2026-09-24 07:47;7605.0;7682.89;SPXW  260924P07605000;0.5;0.55
2026-09-24 07:47;7610.0;7682.89;SPXW  260924P07610000;0.55;0.6
2026-09-24 07:47;7615.0;7682.89;SPXW  260924P07615000;0.65;0.7
2026-09-24 07:47;7620.0;7682.89;SPXW  260924P07620000;0.8;0.85
2026-09-24 07:47;7625.0;7682.89;SPXW  260924P07625000;0.95;1.0
2026-09-24 07:47;7630.0;7682.89;SPXW  260924P07630000;1.15;1.2
2026-09-24 07:47;7635.0;7682.89;SPXW  260924P07635000;1.4;1.45
2026-09-24 07:47;7640.0;7682.89;SPXW  260924P07640000;1.7;1.75
2026-09-24 07:47;7645.0;7682.89;SPXW  260924P07645000;2.1;2.15
2026-09-24 07:47;7650.0;7682.89;SPXW  260924P07650000;2.6;2.65
2026-09-24 07:47;7655.0;7682.89;SPXW  260924P07655000;3.2;3.3
2026-09-24 07:47;7660.0;7682.89;SPXW  260924P07660000;4.0;4.1
2026-09-24 07:47;7665.0;7682.89;SPXW  260924P07665000;5.0;5.1
2026-09-24 07:47;7670.0;7682.89;SPXW  260924P07670000;6.2;6.4
2026-09-24 07:47;7675.0;7682.89;SPXW  260924P07675000;7.8;7.9
2026-09-24 07:47;7680.0;7682.89;SPXW  260924P07680000;9.7;9.8
2026-09-24 07:47;7685.0;7682.89;SPXW  260924P07685000;11.9;12.0
2026-09-24 07:47;7690.0;7682.89;SPXW  260924P07690000;14.6;14.7
2026-09-24 07:47;7695.0;7682.89;SPXW  260924P07695000;17.6;17.8
2026-09-24 07:47;7700.0;7682.89;SPXW  260924P07700000;21.0;21.2
2026-09-24 07:47;7705.0;7682.89;SPXW  260924P07705000;24.8;25.0
2026-09-24 07:47;7710.0;7682.89;SPXW  260924P07710000;28.9;29.1
2026-09-24 07:47;7715.0;7682.89;SPXW  260924P07715000;33.3;33.5
2026-09-24 07:47;7720.0;7682.89;SPXW  260924P07720000;37.6;38.2
2026-09-24 07:47;7725.0;7682.89;SPXW  260924P07725000;42.3;42.8
2026-09-24 07:47;7730.0;7682.89;SPXW  260924P07730000;47.1;47.6
2026-09-24 07:47;7735.0;7682.89;SPXW  260924P07735000;51.9;52.5
2026-09-24 07:47;7740.0;7682.89;SPXW  260924P07740000;56.8;57.4
2026-09-24 07:47;7745.0;7682.89;SPXW  260924P07745000;61.7;62.3
2026-09-24 07:47;7750.0;7682.89;SPXW  260924P07750000;66.7;67.2
2026-09-24 07:47;7755.0;7682.89;SPXW  260924P07755000;71.6;72.2
2026-09-24 07:47;7760.0;7682.89;SPXW  260924P07760000;76.6;77.2
2026-09-24 07:47;7765.0;7682.89;SPXW  260924P07765000;81.6;82.1
2026-09-24 07:47;7770.0;7682.89;SPXW  260924P07770000;86.6;87.1
2026-09-24 07:47;7775.0;7682.89;SPXW  260924P07775000;91.5;92.1
2026-09-24 07:47;7780.0;7682.89;SPXW  260924P07780000;96.5;97.1
2026-09-24 07:47;7785.0;7682.89;SPXW  260924P07785000;101.5;102.2
2026-09-24 07:47;7790.0;7682.89;SPXW  260924P07790000;106.5;107.2
2026-09-24 07:47;7795.0;7682.89;SPXW  260924P07795000;111.5;112.2
2026-09-24 07:47;7800.0;7682.89;SPXW  260924P07800000;116.5;117.2
2026-09-24 07:47;7805.0;7682.89;SPXW  260924P07805000;121.2;122.4
2026-09-24 07:47;7810.0;7682.89;SPXW  260924P07810000;126.2;127.4
2026-09-24 07:47;7815.0;7682.89;SPXW  260924P07815000;131.2;132.4
2026-09-24 07:47;7820.0;7682.89;SPXW  260924P07820000;136.2;137.4
2026-09-24 07:47;7825.0;7682.89;SPXW  260924P07825000;141.2;142.4
2026-09-24 07:47;7830.0;7682.89;SPXW  260924P07830000;146.2;147.4
2026-09-24 07:47;7835.0;7682.89;SPXW  260924P07835000;151.2;152.4
2026-09-24 07:47;7840.0;7682.89;SPXW  260924P07840000;156.2;157.4
2026-09-24 07:47;7845.0;7682.89;SPXW  260924P07845000;161.1;162.4
2026-09-24 07:47;7850.0;7682.89;SPXW  260924P07850000;166.1;167.4
2026-09-24 07:47;7855.0;7682.89;SPXW  260924P07855000;168.3;175.9
2026-09-24 07:47;7860.0;7682.89;SPXW  260924P07860000;176.1;177.4
2026-09-24 07:47;7865.0;7682.89;SPXW  260924P07865000;178.3;185.9
2026-09-24 07:47;7870.0;7682.89;SPXW  260924P07870000;186.1;187.4
2026-09-24 07:47;7875.0;7682.89;SPXW  260924P07875000;188.3;196.3
2026-09-24 07:47;7880.0;7682.89;SPXW  260924P07880000;193.4;200.9
2026-09-24 07:47;7885.0;7682.89;SPXW  260924P07885000;201.1;202.4
2026-09-24 07:47;7890.0;7682.89;SPXW  260924P07890000;206.1;207.3
2026-09-24 07:47;7895.0;7682.89;SPXW  260924P07895000;211.1;212.3
2026-09-24 07:47;7900.0;7682.89;SPXW  260924P07900000;216.1;217.3
2026-09-24 07:47;7905.0;7682.89;SPXW  260924P07905000;221.1;222.3
2026-09-24 07:47;7910.0;7682.89;SPXW  260924P07910000;226.1;227.3
2026-09-24 07:47;7915.0;7682.89;SPXW  260924P07915000;231.1;232.3
2026-09-24 07:47;7920.0;7682.89;SPXW  260924P07920000;236.1;237.3
2026-09-24 07:47;7925.0;7682.89;SPXW  260924P07925000;232.9;253.0
2026-09-24 07:47;7930.0;7682.89;SPXW  260924P07930000;246.1;247.3
2026-09-24 07:51;7435.0;7682.52;SPXW  260924C07435000;247.0;247.7
2026-09-24 07:51;7440.0;7682.52;SPXW  260924C07440000;242.0;242.7
2026-09-24 07:51;7445.0;7682.52;SPXW  260924C07445000;237.0;237.7
2026-09-24 07:51;7450.0;7682.52;SPXW  260924C07450000;232.0;232.7
2026-09-24 07:51;7455.0;7682.52;SPXW  260924C07455000;227.0;227.7
2026-09-24 07:51;7460.0;7682.52;SPXW  260924C07460000;222.0;222.7
2026-09-24 07:51;7465.0;7682.52;SPXW  260924C07465000;217.0;217.7
2026-09-24 07:51;7470.0;7682.52;SPXW  260924C07470000;212.0;212.7
2026-09-24 07:51;7475.0;7682.52;SPXW  260924C07475000;207.0;207.7
2026-09-24 07:51;7480.0;7682.52;SPXW  260924C07480000;202.0;202.7
2026-09-24 07:51;7485.0;7682.52;SPXW  260924C07485000;197.0;197.7
2026-09-24 07:51;7490.0;7682.52;SPXW  260924C07490000;192.0;192.7
2026-09-24 07:51;7495.0;7682.52;SPXW  260924C07495000;187.0;187.7
2026-09-24 07:51;7500.0;7682.52;SPXW  260924C07500000;182.1;182.7
2026-09-24 07:51;7505.0;7682.52;SPXW  260924C07505000;177.1;177.9
2026-09-24 07:51;7510.0;7682.52;SPXW  260924C07510000;172.1;172.9
2026-09-24 07:51;7515.0;7682.52;SPXW  260924C07515000;167.1;167.8
2026-09-24 07:51;7520.0;7682.52;SPXW  260924C07520000;162.1;162.8
2026-09-24 07:51;7525.0;7682.52;SPXW  260924C07525000;157.1;157.8
2026-09-24 07:51;7530.0;7682.52;SPXW  260924C07530000;152.1;152.8
2026-09-24 07:51;7535.0;7682.52;SPXW  260924C07535000;147.1;147.8
2026-09-24 07:51;7540.0;7682.52;SPXW  260924C07540000;142.1;142.8
2026-09-24 07:51;7545.0;7682.52;SPXW  260924C07545000;137.1;137.8
2026-09-24 07:51;7550.0;7682.52;SPXW  260924C07550000;132.1;132.8
2026-09-24 07:51;7555.0;7682.52;SPXW  260924C07555000;127.1;127.8
2026-09-24 07:51;7560.0;7682.52;SPXW  260924C07560000;122.3;122.8
2026-09-24 07:51;7565.0;7682.52;SPXW  260924C07565000;117.2;117.8
2026-09-24 07:51;7570.0;7682.52;SPXW  260924C07570000;112.2;112.8
2026-09-24 07:51;7575.0;7682.52;SPXW  260924C07575000;107.2;107.8
2026-09-24 07:51;7580.0;7682.52;SPXW  260924C07580000;102.2;102.9
2026-09-24 07:51;7585.0;7682.52;SPXW  260924C07585000;97.3;97.9
2026-09-24 07:51;7590.0;7682.52;SPXW  260924C07590000;92.3;92.9
2026-09-24 07:51;7595.0;7682.52;SPXW  260924C07595000;87.3;88.0
2026-09-24 07:51;7600.0;7682.52;SPXW  260924C07600000;82.4;83.0
2026-09-24 07:51;7605.0;7682.52;SPXW  260924C07605000;77.5;78.1
2026-09-24 07:51;7610.0;7682.52;SPXW  260924C07610000;72.5;73.1
2026-09-24 07:51;7615.0;7682.52;SPXW  260924C07615000;67.6;68.2
2026-09-24 07:51;7620.0;7682.52;SPXW  260924C07620000;62.8;63.4
2026-09-24 07:51;7625.0;7682.52;SPXW  260924C07625000;58.1;58.5
2026-09-24 07:51;7630.0;7682.52;SPXW  260924C07630000;53.5;53.7
2026-09-24 07:51;7635.0;7682.52;SPXW  260924C07635000;48.7;49.0
2026-09-24 07:51;7640.0;7682.52;SPXW  260924C07640000;44.1;44.3
2026-09-24 07:51;7645.0;7682.52;SPXW  260924C07645000;39.5;39.7
2026-09-24 07:51;7650.0;7682.52;SPXW  260924C07650000;35.0;35.2
2026-09-24 07:51;7655.0;7682.52;SPXW  260924C07655000;30.7;30.9
2026-09-24 07:51;7660.0;7682.52;SPXW  260924C07660000;26.5;26.7
2026-09-24 07:51;7665.0;7682.52;SPXW  260924C07665000;22.5;22.7
2026-09-24 07:51;7670.0;7682.52;SPXW  260924C07670000;18.8;19.0
2026-09-24 07:51;7675.0;7682.52;SPXW  260924C07675000;15.4;15.6
2026-09-24 07:51;7680.0;7682.52;SPXW  260924C07680000;12.4;12.5
2026-09-24 07:51;7685.0;7682.52;SPXW  260924C07685000;9.7;9.8
2026-09-24 07:51;7690.0;7682.52;SPXW  260924C07690000;7.4;7.6
2026-09-24 07:51;7695.0;7682.52;SPXW  260924C07695000;5.6;5.7
2026-09-24 07:51;7700.0;7682.52;SPXW  260924C07700000;4.1;4.2
2026-09-24 07:51;7705.0;7682.52;SPXW  260924C07705000;3.0;3.1
2026-09-24 07:51;7710.0;7682.52;SPXW  260924C07710000;2.2;2.25
2026-09-24 07:51;7715.0;7682.52;SPXW  260924C07715000;1.6;1.65
2026-09-24 07:51;7720.0;7682.52;SPXW  260924C07720000;1.15;1.2
2026-09-24 07:51;7725.0;7682.52;SPXW  260924C07725000;0.85;0.9
2026-09-24 07:51;7730.0;7682.52;SPXW  260924C07730000;0.65;0.7
2026-09-24 07:51;7735.0;7682.52;SPXW  260924C07735000;0.5;0.55
2026-09-24 07:51;7740.0;7682.52;SPXW  260924C07740000;0.4;0.45
2026-09-24 07:51;7745.0;7682.52;SPXW  260924C07745000;0.35;0.4
2026-09-24 07:51;7750.0;7682.52;SPXW  260924C07750000;0.3;0.35
2026-09-24 07:51;7755.0;7682.52;SPXW  260924C07755000;0.25;0.3
2026-09-24 07:51;7760.0;7682.52;SPXW  260924C07760000;0.2;0.3
2026-09-24 07:51;7765.0;7682.52;SPXW  260924C07765000;0.2;0.25
2026-09-24 07:51;7770.0;7682.52;SPXW  260924C07770000;0.15;0.25
2026-09-24 07:51;7775.0;7682.52;SPXW  260924C07775000;0.15;0.2
2026-09-24 07:51;7780.0;7682.52;SPXW  260924C07780000;0.15;0.2
2026-09-24 07:51;7785.0;7682.52;SPXW  260924C07785000;0.1;0.2
2026-09-24 07:51;7790.0;7682.52;SPXW  260924C07790000;0.1;0.15
2026-09-24 07:51;7795.0;7682.52;SPXW  260924C07795000;0.1;0.15
2026-09-24 07:51;7800.0;7682.52;SPXW  260924C07800000;0.1;0.15
2026-09-24 07:51;7805.0;7682.52;SPXW  260924C07805000;0.1;0.15
2026-09-24 07:51;7810.0;7682.52;SPXW  260924C07810000;0.05;0.1
2026-09-24 07:51;7815.0;7682.52;SPXW  260924C07815000;0.05;0.1
2026-09-24 07:51;7820.0;7682.52;SPXW  260924C07820000;0.05;0.1
2026-09-24 07:51;7825.0;7682.52;SPXW  260924C07825000;0.05;0.1
2026-09-24 07:51;7830.0;7682.52;SPXW  260924C07830000;0.05;0.1
2026-09-24 07:51;7835.0;7682.52;SPXW  260924C07835000;0.05;0.1
2026-09-24 07:51;7840.0;7682.52;SPXW  260924C07840000;0.05;0.1
2026-09-24 07:51;7845.0;7682.52;SPXW  260924C07845000;0.05;0.1
2026-09-24 07:51;7850.0;7682.52;SPXW  260924C07850000;0.05;0.1
2026-09-24 07:51;7855.0;7682.52;SPXW  260924C07855000;0.05;0.1
2026-09-24 07:51;7860.0;7682.52;SPXW  260924C07860000;0.05;0.1
2026-09-24 07:51;7865.0;7682.52;SPXW  260924C07865000;0.05;0.1
2026-09-24 07:51;7870.0;7682.52;SPXW  260924C07870000;0.05;0.1
2026-09-24 07:51;7875.0;7682.52;SPXW  260924C07875000;0.05;0.1
2026-09-24 07:51;7880.0;7682.52;SPXW  260924C07880000;0.05;0.1
2026-09-24 07:51;7885.0;7682.52;SPXW  260924C07885000;0.05;0.1
2026-09-24 07:51;7890.0;7682.52;SPXW  260924C07890000;0.0;0.05
2026-09-24 07:51;7895.0;7682.52;SPXW  260924C07895000;0.0;0.05
2026-09-24 07:51;7900.0;7682.52;SPXW  260924C07900000;0.0;0.05
2026-09-24 07:51;7905.0;7682.52;SPXW  260924C07905000;0.0;0.05
2026-09-24 07:51;7910.0;7682.52;SPXW  260924C07910000;0.0;0.05
2026-09-24 07:51;7915.0;7682.52;SPXW  260924C07915000;0.0;0.05
2026-09-24 07:51;7920.0;7682.52;SPXW  260924C07920000;0.0;0.05
2026-09-24 07:51;7925.0;7682.52;SPXW  260924C07925000;0.0;0.05
2026-09-24 07:51;7930.0;7682.52;SPXW  260924C07930000;0.0;0.05
2026-09-24 07:51;7435.0;7682.52;SPXW  260924P07435000;0.05;0.1
2026-09-24 07:51;7440.0;7682.52;SPXW  260924P07440000;0.05;0.1
2026-09-24 07:51;7445.0;7682.52;SPXW  260924P07445000;0.05;0.1
2026-09-24 07:51;7450.0;7682.52;SPXW  260924P07450000;0.05;0.1
2026-09-24 07:51;7455.0;7682.52;SPXW  260924P07455000;0.05;0.1
2026-09-24 07:51;7460.0;7682.52;SPXW  260924P07460000;0.1;0.15
2026-09-24 07:51;7465.0;7682.52;SPXW  260924P07465000;0.1;0.15
2026-09-24 07:51;7470.0;7682.52;SPXW  260924P07470000;0.1;0.15
2026-09-24 07:51;7475.0;7682.52;SPXW  260924P07475000;0.1;0.15
2026-09-24 07:51;7480.0;7682.52;SPXW  260924P07480000;0.1;0.15
2026-09-24 07:51;7485.0;7682.52;SPXW  260924P07485000;0.1;0.15
2026-09-24 07:51;7490.0;7682.52;SPXW  260924P07490000;0.1;0.15
2026-09-24 07:51;7495.0;7682.52;SPXW  260924P07495000;0.1;0.15
2026-09-24 07:51;7500.0;7682.52;SPXW  260924P07500000;0.1;0.15
2026-09-24 07:51;7505.0;7682.52;SPXW  260924P07505000;0.1;0.15
2026-09-24 07:51;7510.0;7682.52;SPXW  260924P07510000;0.1;0.2
2026-09-24 07:51;7515.0;7682.52;SPXW  260924P07515000;0.15;0.2
2026-09-24 07:51;7520.0;7682.52;SPXW  260924P07520000;0.15;0.2
2026-09-24 07:51;7525.0;7682.52;SPXW  260924P07525000;0.15;0.2
2026-09-24 07:51;7530.0;7682.52;SPXW  260924P07530000;0.15;0.2
2026-09-24 07:51;7535.0;7682.52;SPXW  260924P07535000;0.15;0.2
2026-09-24 07:51;7540.0;7682.52;SPXW  260924P07540000;0.15;0.2
2026-09-24 07:51;7545.0;7682.52;SPXW  260924P07545000;0.2;0.25
2026-09-24 07:51;7550.0;7682.52;SPXW  260924P07550000;0.2;0.25
2026-09-24 07:51;7555.0;7682.52;SPXW  260924P07555000;0.2;0.25
2026-09-24 07:51;7560.0;7682.52;SPXW  260924P07560000;0.2;0.25
2026-09-24 07:51;7565.0;7682.52;SPXW  260924P07565000;0.2;0.3
2026-09-24 07:51;7570.0;7682.52;SPXW  260924P07570000;0.25;0.3
2026-09-24 07:51;7575.0;7682.52;SPXW  260924P07575000;0.25;0.3
2026-09-24 07:51;7580.0;7682.52;SPXW  260924P07580000;0.3;0.35
2026-09-24 07:51;7585.0;7682.52;SPXW  260924P07585000;0.3;0.35
2026-09-24 07:51;7590.0;7682.52;SPXW  260924P07590000;0.35;0.4
2026-09-24 07:51;7595.0;7682.52;SPXW  260924P07595000;0.4;0.45
2026-09-24 07:51;7600.0;7682.52;SPXW  260924P07600000;0.45;0.5
2026-09-24 07:51;7605.0;7682.52;SPXW  260924P07605000;0.5;0.55
2026-09-24 07:51;7610.0;7682.52;SPXW  260924P07610000;0.6;0.65
2026-09-24 07:51;7615.0;7682.52;SPXW  260924P07615000;0.7;0.75
2026-09-24 07:51;7620.0;7682.52;SPXW  260924P07620000;0.8;0.9
2026-09-24 07:51;7625.0;7682.52;SPXW  260924P07625000;0.95;1.05
2026-09-24 07:51;7630.0;7682.52;SPXW  260924P07630000;1.2;1.25
2026-09-24 07:51;7635.0;7682.52;SPXW  260924P07635000;1.45;1.5
2026-09-24 07:51;7640.0;7682.52;SPXW  260924P07640000;1.75;1.8
2026-09-24 07:51;7645.0;7682.52;SPXW  260924P07645000;2.15;2.25
2026-09-24 07:51;7650.0;7682.52;SPXW  260924P07650000;2.7;2.75
2026-09-24 07:51;7655.0;7682.52;SPXW  260924P07655000;3.3;3.4
2026-09-24 07:51;7660.0;7682.52;SPXW  260924P07660000;4.1;4.3
2026-09-24 07:51;7665.0;7682.52;SPXW  260924P07665000;5.2;5.3
2026-09-24 07:51;7670.0;7682.52;SPXW  260924P07670000;6.4;6.6
2026-09-24 07:51;7675.0;7682.52;SPXW  260924P07675000;8.0;8.2
2026-09-24 07:51;7680.0;7682.52;SPXW  260924P07680000;10.0;10.1
2026-09-24 07:51;7685.0;7682.52;SPXW  260924P07685000;12.3;12.4
2026-09-24 07:51;7690.0;7682.52;SPXW  260924P07690000;15.0;15.2
2026-09-24 07:51;7695.0;7682.52;SPXW  260924P07695000;18.1;18.3
2026-09-24 07:51;7700.0;7682.52;SPXW  260924P07700000;21.7;21.9
2026-09-24 07:51;7705.0;7682.52;SPXW  260924P07705000;25.5;25.7
2026-09-24 07:51;7710.0;7682.52;SPXW  260924P07710000;29.6;29.9
2026-09-24 07:51;7715.0;7682.52;SPXW  260924P07715000;34.0;34.2
2026-09-24 07:51;7720.0;7682.52;SPXW  260924P07720000;38.6;39.0
2026-09-24 07:51;7725.0;7682.52;SPXW  260924P07725000;43.3;43.8
2026-09-24 07:51;7730.0;7682.52;SPXW  260924P07730000;48.1;48.6
2026-09-24 07:51;7735.0;7682.52;SPXW  260924P07735000;52.9;53.6
2026-09-24 07:51;7740.0;7682.52;SPXW  260924P07740000;57.8;58.3
2026-09-24 07:51;7745.0;7682.52;SPXW  260924P07745000;62.8;63.3
2026-09-24 07:51;7750.0;7682.52;SPXW  260924P07750000;67.7;68.4
2026-09-24 07:51;7755.0;7682.52;SPXW  260924P07755000;72.7;73.2
2026-09-24 07:51;7760.0;7682.52;SPXW  260924P07760000;77.6;78.3
2026-09-24 07:51;7765.0;7682.52;SPXW  260924P07765000;82.6;83.3
2026-09-24 07:51;7770.0;7682.52;SPXW  260924P07770000;87.6;88.1
2026-09-24 07:51;7775.0;7682.52;SPXW  260924P07775000;92.6;93.1
2026-09-24 07:51;7780.0;7682.52;SPXW  260924P07780000;97.6;98.1
2026-09-24 07:51;7785.0;7682.52;SPXW  260924P07785000;102.4;103.2
2026-09-24 07:51;7790.0;7682.52;SPXW  260924P07790000;107.4;108.2
2026-09-24 07:51;7795.0;7682.52;SPXW  260924P07795000;112.3;113.2
2026-09-24 07:51;7800.0;7682.52;SPXW  260924P07800000;117.3;118.2
2026-09-24 07:51;7805.0;7682.52;SPXW  260924P07805000;122.2;123.4
2026-09-24 07:51;7810.0;7682.52;SPXW  260924P07810000;127.2;128.4
2026-09-24 07:51;7815.0;7682.52;SPXW  260924P07815000;132.2;133.4
2026-09-24 07:51;7820.0;7682.52;SPXW  260924P07820000;137.2;138.3
2026-09-24 07:51;7825.0;7682.52;SPXW  260924P07825000;142.2;143.3
2026-09-24 07:51;7830.0;7682.52;SPXW  260924P07830000;147.2;148.3
2026-09-24 07:51;7835.0;7682.52;SPXW  260924P07835000;152.2;153.3
2026-09-24 07:51;7840.0;7682.52;SPXW  260924P07840000;157.2;158.3
2026-09-24 07:51;7845.0;7682.52;SPXW  260924P07845000;162.2;163.3
2026-09-24 07:51;7850.0;7682.52;SPXW  260924P07850000;167.0;168.3
2026-09-24 07:51;7855.0;7682.52;SPXW  260924P07855000;172.0;173.3
2026-09-24 07:51;7860.0;7682.52;SPXW  260924P07860000;177.0;178.2
2026-09-24 07:51;7865.0;7682.52;SPXW  260924P07865000;182.0;183.2
2026-09-24 07:51;7870.0;7682.52;SPXW  260924P07870000;187.0;188.2
2026-09-24 07:51;7875.0;7682.52;SPXW  260924P07875000;188.9;196.4
2026-09-24 07:51;7880.0;7682.52;SPXW  260924P07880000;194.1;201.1
2026-09-24 07:51;7885.0;7682.52;SPXW  260924P07885000;196.2;209.8
2026-09-24 07:51;7890.0;7682.52;SPXW  260924P07890000;207.0;208.2
2026-09-24 07:51;7895.0;7682.52;SPXW  260924P07895000;206.7;219.8
2026-09-24 07:51;7900.0;7682.52;SPXW  260924P07900000;217.0;218.2
2026-09-24 07:51;7905.0;7682.52;SPXW  260924P07905000;213.4;233.7
2026-09-24 07:51;7910.0;7682.52;SPXW  260924P07910000;227.0;228.2
2026-09-24 07:51;7915.0;7682.52;SPXW  260924P07915000;232.2;233.3
2026-09-24 07:51;7920.0;7682.52;SPXW  260924P07920000;228.4;245.0
2026-09-24 07:51;7925.0;7682.52;SPXW  260924P07925000;233.4;253.4
2026-09-24 07:51;7930.0;7682.52;SPXW  260924P07930000;247.2;248.3
2026-09-24 07:55;7430.0;7676.66;SPXW  260924C07430000;246.1;246.9
2026-09-24 07:55;7435.0;7676.66;SPXW  260924C07435000;241.1;241.9
2026-09-24 07:55;7440.0;7676.66;SPXW  260924C07440000;236.1;236.9
2026-09-24 07:55;7445.0;7676.66;SPXW  260924C07445000;231.1;231.9
2026-09-24 07:55;7450.0;7676.66;SPXW  260924C07450000;226.1;226.9
2026-09-24 07:55;7455.0;7676.66;SPXW  260924C07455000;221.1;221.9
2026-09-24 07:55;7460.0;7676.66;SPXW  260924C07460000;216.2;216.9
2026-09-24 07:55;7465.0;7676.66;SPXW  260924C07465000;211.2;211.9
2026-09-24 07:55;7470.0;7676.66;SPXW  260924C07470000;206.2;206.9
2026-09-24 07:55;7475.0;7676.66;SPXW  260924C07475000;201.2;201.9
2026-09-24 07:55;7480.0;7676.66;SPXW  260924C07480000;196.2;196.9
2026-09-24 07:55;7485.0;7676.66;SPXW  260924C07485000;191.1;192.3
2026-09-24 07:55;7490.0;7676.66;SPXW  260924C07490000;186.1;187.2
2026-09-24 07:55;7495.0;7676.66;SPXW  260924C07495000;181.2;182.3
2026-09-24 07:55;7500.0;7676.66;SPXW  260924C07500000;176.2;177.0
2026-09-24 07:55;7505.0;7676.66;SPXW  260924C07505000;171.2;172.0
2026-09-24 07:55;7510.0;7676.66;SPXW  260924C07510000;166.2;167.0
2026-09-24 07:55;7515.0;7676.66;SPXW  260924C07515000;161.2;162.0
2026-09-24 07:55;7520.0;7676.66;SPXW  260924C07520000;156.2;157.0
2026-09-24 07:55;7525.0;7676.66;SPXW  260924C07525000;151.2;152.0
2026-09-24 07:55;7530.0;7676.66;SPXW  260924C07530000;146.2;147.0
2026-09-24 07:55;7535.0;7676.66;SPXW  260924C07535000;141.2;142.0
2026-09-24 07:55;7540.0;7676.66;SPXW  260924C07540000;136.2;137.0
2026-09-24 07:55;7545.0;7676.66;SPXW  260924C07545000;131.3;131.9
2026-09-24 07:55;7550.0;7676.66;SPXW  260924C07550000;126.3;126.9
2026-09-24 07:55;7555.0;7676.66;SPXW  260924C07555000;121.3;121.9
2026-09-24 07:55;7560.0;7676.66;SPXW  260924C07560000;116.3;116.9
2026-09-24 07:55;7565.0;7676.66;SPXW  260924C07565000;111.3;111.9
2026-09-24 07:55;7570.0;7676.66;SPXW  260924C07570000;106.3;106.9
2026-09-24 07:55;7575.0;7676.66;SPXW  260924C07575000;101.4;102.0
2026-09-24 07:55;7580.0;7676.66;SPXW  260924C07580000;96.4;97.0
2026-09-24 07:55;7585.0;7676.66;SPXW  260924C07585000;91.4;92.0
2026-09-24 07:55;7590.0;7676.66;SPXW  260924C07590000;86.5;87.1
2026-09-24 07:55;7595.0;7676.66;SPXW  260924C07595000;81.5;82.1
2026-09-24 07:55;7600.0;7676.66;SPXW  260924C07600000;76.6;77.2
2026-09-24 07:55;7605.0;7676.66;SPXW  260924C07605000;71.7;72.3
2026-09-24 07:55;7610.0;7676.66;SPXW  260924C07610000;66.8;67.4
2026-09-24 07:55;7615.0;7676.66;SPXW  260924C07615000;62.0;62.5
2026-09-24 07:55;7620.0;7676.66;SPXW  260924C07620000;57.1;57.7
2026-09-24 07:55;7625.0;7676.66;SPXW  260924C07625000;52.4;52.9
2026-09-24 07:55;7630.0;7676.66;SPXW  260924C07630000;47.9;48.2
2026-09-24 07:55;7635.0;7676.66;SPXW  260924C07635000;43.2;43.6
2026-09-24 07:55;7640.0;7676.66;SPXW  260924C07640000;38.7;39.0
2026-09-24 07:55;7645.0;7676.66;SPXW  260924C07645000;34.3;34.5
2026-09-24 07:55;7650.0;7676.66;SPXW  260924C07650000;30.0;30.2
2026-09-24 07:55;7655.0;7676.66;SPXW  260924C07655000;25.8;26.1
2026-09-24 07:55;7660.0;7676.66;SPXW  260924C07660000;21.9;22.2
2026-09-24 07:55;7665.0;7676.66;SPXW  260924C07665000;18.3;18.5
2026-09-24 07:55;7670.0;7676.66;SPXW  260924C07670000;14.9;15.1
2026-09-24 07:55;7675.0;7676.66;SPXW  260924C07675000;12.0;12.1
2026-09-24 07:55;7680.0;7676.66;SPXW  260924C07680000;9.4;9.5
2026-09-24 07:55;7685.0;7676.66;SPXW  260924C07685000;7.1;7.3
2026-09-24 07:55;7690.0;7676.66;SPXW  260924C07690000;5.3;5.4
2026-09-24 07:55;7695.0;7676.66;SPXW  260924C07695000;3.9;4.0
2026-09-24 07:55;7700.0;7676.66;SPXW  260924C07700000;2.8;2.85
2026-09-24 07:55;7705.0;7676.66;SPXW  260924C07705000;2.0;2.05
2026-09-24 07:55;7710.0;7676.66;SPXW  260924C07710000;1.4;1.5
2026-09-24 07:55;7715.0;7676.66;SPXW  260924C07715000;1.0;1.05
2026-09-24 07:55;7720.0;7676.66;SPXW  260924C07720000;0.75;0.8
2026-09-24 07:55;7725.0;7676.66;SPXW  260924C07725000;0.55;0.6
2026-09-24 07:55;7730.0;7676.66;SPXW  260924C07730000;0.45;0.5
2026-09-24 07:55;7735.0;7676.66;SPXW  260924C07735000;0.35;0.4
2026-09-24 07:55;7740.0;7676.66;SPXW  260924C07740000;0.3;0.35
2026-09-24 07:55;7745.0;7676.66;SPXW  260924C07745000;0.25;0.3
2026-09-24 07:55;7750.0;7676.66;SPXW  260924C07750000;0.2;0.25
2026-09-24 07:55;7755.0;7676.66;SPXW  260924C07755000;0.2;0.25
2026-09-24 07:55;7760.0;7676.66;SPXW  260924C07760000;0.15;0.2
2026-09-24 07:55;7765.0;7676.66;SPXW  260924C07765000;0.15;0.2
2026-09-24 07:55;7770.0;7676.66;SPXW  260924C07770000;0.15;0.2
2026-09-24 07:55;7775.0;7676.66;SPXW  260924C07775000;0.15;0.2
2026-09-24 07:55;7780.0;7676.66;SPXW  260924C07780000;0.1;0.15
2026-09-24 07:55;7785.0;7676.66;SPXW  260924C07785000;0.1;0.15
2026-09-24 07:55;7790.0;7676.66;SPXW  260924C07790000;0.1;0.15
2026-09-24 07:55;7795.0;7676.66;SPXW  260924C07795000;0.1;0.15
2026-09-24 07:55;7800.0;7676.66;SPXW  260924C07800000;0.1;0.15
2026-09-24 07:55;7805.0;7676.66;SPXW  260924C07805000;0.05;0.1
2026-09-24 07:55;7810.0;7676.66;SPXW  260924C07810000;0.05;0.1
2026-09-24 07:55;7815.0;7676.66;SPXW  260924C07815000;0.05;0.1
2026-09-24 07:55;7820.0;7676.66;SPXW  260924C07820000;0.05;0.1
2026-09-24 07:55;7825.0;7676.66;SPXW  260924C07825000;0.05;0.1
2026-09-24 07:55;7830.0;7676.66;SPXW  260924C07830000;0.05;0.1
2026-09-24 07:55;7835.0;7676.66;SPXW  260924C07835000;0.05;0.1
2026-09-24 07:55;7840.0;7676.66;SPXW  260924C07840000;0.05;0.1
2026-09-24 07:55;7845.0;7676.66;SPXW  260924C07845000;0.05;0.1
2026-09-24 07:55;7850.0;7676.66;SPXW  260924C07850000;0.05;0.1
2026-09-24 07:55;7855.0;7676.66;SPXW  260924C07855000;0.05;0.1
2026-09-24 07:55;7860.0;7676.66;SPXW  260924C07860000;0.05;0.1
2026-09-24 07:55;7865.0;7676.66;SPXW  260924C07865000;0.05;0.1
2026-09-24 07:55;7870.0;7676.66;SPXW  260924C07870000;0.05;0.1
2026-09-24 07:55;7875.0;7676.66;SPXW  260924C07875000;0.05;0.1
2026-09-24 07:55;7880.0;7676.66;SPXW  260924C07880000;0.05;0.1
2026-09-24 07:55;7885.0;7676.66;SPXW  260924C07885000;0.05;0.1
2026-09-24 07:55;7890.0;7676.66;SPXW  260924C07890000;0.0;0.05
2026-09-24 07:55;7895.0;7676.66;SPXW  260924C07895000;0.0;0.05
2026-09-24 07:55;7900.0;7676.66;SPXW  260924C07900000;0.0;0.05
2026-09-24 07:55;7905.0;7676.66;SPXW  260924C07905000;0.0;0.05
2026-09-24 07:55;7910.0;7676.66;SPXW  260924C07910000;0.0;0.05
2026-09-24 07:55;7915.0;7676.66;SPXW  260924C07915000;0.0;0.05
2026-09-24 07:55;7920.0;7676.66;SPXW  260924C07920000;0.0;0.05
2026-09-24 07:55;7925.0;7676.66;SPXW  260924C07925000;0.0;0.05
2026-09-24 07:55;7430.0;7676.66;SPXW  260924P07430000;0.05;0.1
2026-09-24 07:55;7435.0;7676.66;SPXW  260924P07435000;0.05;0.1
2026-09-24 07:55;7440.0;7676.66;SPXW  260924P07440000;0.05;0.1
2026-09-24 07:55;7445.0;7676.66;SPXW  260924P07445000;0.05;0.1
2026-09-24 07:55;7450.0;7676.66;SPXW  260924P07450000;0.05;0.15
2026-09-24 07:55;7455.0;7676.66;SPXW  260924P07455000;0.05;0.15
2026-09-24 07:55;7460.0;7676.66;SPXW  260924P07460000;0.1;0.15
2026-09-24 07:55;7465.0;7676.66;SPXW  260924P07465000;0.1;0.15
2026-09-24 07:55;7470.0;7676.66;SPXW  260924P07470000;0.1;0.15
2026-09-24 07:55;7475.0;7676.66;SPXW  260924P07475000;0.1;0.15
2026-09-24 07:55;7480.0;7676.66;SPXW  260924P07480000;0.1;0.15
2026-09-24 07:55;7485.0;7676.66;SPXW  260924P07485000;0.1;0.15
2026-09-24 07:55;7490.0;7676.66;SPXW  260924P07490000;0.1;0.15
2026-09-24 07:55;7495.0;7676.66;SPXW  260924P07495000;0.1;0.15
2026-09-24 07:55;7500.0;7676.66;SPXW  260924P07500000;0.1;0.15
2026-09-24 07:55;7505.0;7676.66;SPXW  260924P07505000;0.1;0.15
2026-09-24 07:55;7510.0;7676.66;SPXW  260924P07510000;0.15;0.2
2026-09-24 07:55;7515.0;7676.66;SPXW  260924P07515000;0.15;0.2
2026-09-24 07:55;7520.0;7676.66;SPXW  260924P07520000;0.15;0.2
2026-09-24 07:55;7525.0;7676.66;SPXW  260924P07525000;0.15;0.2
2026-09-24 07:55;7530.0;7676.66;SPXW  260924P07530000;0.15;0.2
2026-09-24 07:55;7535.0;7676.66;SPXW  260924P07535000;0.15;0.2
2026-09-24 07:55;7540.0;7676.66;SPXW  260924P07540000;0.2;0.25
2026-09-24 07:55;7545.0;7676.66;SPXW  260924P07545000;0.2;0.25
2026-09-24 07:55;7550.0;7676.66;SPXW  260924P07550000;0.2;0.25
2026-09-24 07:55;7555.0;7676.66;SPXW  260924P07555000;0.2;0.25
2026-09-24 07:55;7560.0;7676.66;SPXW  260924P07560000;0.25;0.3
2026-09-24 07:55;7565.0;7676.66;SPXW  260924P07565000;0.25;0.3
2026-09-24 07:55;7570.0;7676.66;SPXW  260924P07570000;0.25;0.3
2026-09-24 07:55;7575.0;7676.66;SPXW  260924P07575000;0.3;0.35
2026-09-24 07:55;7580.0;7676.66;SPXW  260924P07580000;0.3;0.4
2026-09-24 07:55;7585.0;7676.66;SPXW  260924P07585000;0.35;0.4
2026-09-24 07:55;7590.0;7676.66;SPXW  260924P07590000;0.4;0.45
2026-09-24 07:55;7595.0;7676.66;SPXW  260924P07595000;0.45;0.5
2026-09-24 07:55;7600.0;7676.66;SPXW  260924P07600000;0.55;0.6
2026-09-24 07:55;7605.0;7676.66;SPXW  260924P07605000;0.6;0.7
2026-09-24 07:55;7610.0;7676.66;SPXW  260924P07610000;0.7;0.8
2026-09-24 07:55;7615.0;7676.66;SPXW  260924P07615000;0.85;0.9
2026-09-24 07:55;7620.0;7676.66;SPXW  260924P07620000;1.05;1.1
2026-09-24 07:55;7625.0;7676.66;SPXW  260924P07625000;1.25;1.3
2026-09-24 07:55;7630.0;7676.66;SPXW  260924P07630000;1.55;1.6
2026-09-24 07:55;7635.0;7676.66;SPXW  260924P07635000;1.9;1.95
2026-09-24 07:55;7640.0;7676.66;SPXW  260924P07640000;2.35;2.4
2026-09-24 07:55;7645.0;7676.66;SPXW  260924P07645000;2.9;2.95
2026-09-24 07:55;7650.0;7676.66;SPXW  260924P07650000;3.6;3.7
2026-09-24 07:55;7655.0;7676.66;SPXW  260924P07655000;4.4;4.6
2026-09-24 07:55;7660.0;7676.66;SPXW  260924P07660000;5.5;5.7
2026-09-24 07:55;7665.0;7676.66;SPXW  260924P07665000;6.9;7.0
2026-09-24 07:55;7670.0;7676.66;SPXW  260924P07670000;8.5;8.7
2026-09-24 07:55;7675.0;7676.66;SPXW  260924P07675000;10.5;10.6
2026-09-24 07:55;7680.0;7676.66;SPXW  260924P07680000;12.9;13.0
2026-09-24 07:55;7685.0;7676.66;SPXW  260924P07685000;15.7;15.8
2026-09-24 07:55;7690.0;7676.66;SPXW  260924P07690000;18.8;19.0
2026-09-24 07:55;7695.0;7676.66;SPXW  260924P07695000;22.4;22.6
2026-09-24 07:55;7700.0;7676.66;SPXW  260924P07700000;26.3;26.5
2026-09-24 07:55;7705.0;7676.66;SPXW  260924P07705000;30.5;30.7
2026-09-24 07:55;7710.0;7676.66;SPXW  260924P07710000;34.9;35.1
2026-09-24 07:55;7715.0;7676.66;SPXW  260924P07715000;39.5;39.7
2026-09-24 07:55;7720.0;7676.66;SPXW  260924P07720000;44.1;44.5
2026-09-24 07:55;7725.0;7676.66;SPXW  260924P07725000;48.9;49.3
2026-09-24 07:55;7730.0;7676.66;SPXW  260924P07730000;53.8;54.1
2026-09-24 07:55;7735.0;7676.66;SPXW  260924P07735000;58.7;59.1
2026-09-24 07:55;7740.0;7676.66;SPXW  260924P07740000;63.6;64.0
2026-09-24 07:55;7745.0;7676.66;SPXW  260924P07745000;68.6;69.0
2026-09-24 07:55;7750.0;7676.66;SPXW  260924P07750000;73.6;73.9
2026-09-24 07:55;7755.0;7676.66;SPXW  260924P07755000;78.5;78.9
2026-09-24 07:55;7760.0;7676.66;SPXW  260924P07760000;83.5;83.9
2026-09-24 07:55;7765.0;7676.66;SPXW  260924P07765000;88.5;88.8
2026-09-24 07:55;7770.0;7676.66;SPXW  260924P07770000;93.2;94.1
2026-09-24 07:55;7775.0;7676.66;SPXW  260924P07775000;98.2;99.0
2026-09-24 07:55;7780.0;7676.66;SPXW  260924P07780000;103.2;104.0
2026-09-24 07:55;7785.0;7676.66;SPXW  260924P07785000;108.2;109.0
2026-09-24 07:55;7790.0;7676.66;SPXW  260924P07790000;113.2;114.0
2026-09-24 07:55;7795.0;7676.66;SPXW  260924P07795000;118.2;119.0
2026-09-24 07:55;7800.0;7676.66;SPXW  260924P07800000;122.9;124.2
2026-09-24 07:55;7805.0;7676.66;SPXW  260924P07805000;127.9;129.2
2026-09-24 07:55;7810.0;7676.66;SPXW  260924P07810000;132.9;134.2
2026-09-24 07:55;7815.0;7676.66;SPXW  260924P07815000;137.9;139.2
2026-09-24 07:55;7820.0;7676.66;SPXW  260924P07820000;142.9;144.2
2026-09-24 07:55;7825.0;7676.66;SPXW  260924P07825000;147.9;149.2
2026-09-24 07:55;7830.0;7676.66;SPXW  260924P07830000;152.9;154.2
2026-09-24 07:55;7835.0;7676.66;SPXW  260924P07835000;157.9;159.2
2026-09-24 07:55;7840.0;7676.66;SPXW  260924P07840000;162.9;164.2
2026-09-24 07:55;7845.0;7676.66;SPXW  260924P07845000;167.9;169.2
2026-09-24 07:55;7850.0;7676.66;SPXW  260924P07850000;172.9;174.2
2026-09-24 07:55;7855.0;7676.66;SPXW  260924P07855000;174.6;182.3
2026-09-24 07:55;7860.0;7676.66;SPXW  260924P07860000;182.9;184.2
2026-09-24 07:55;7865.0;7676.66;SPXW  260924P07865000;184.6;191.8
2026-09-24 07:55;7870.0;7676.66;SPXW  260924P07870000;192.9;194.2
2026-09-24 07:55;7875.0;7676.66;SPXW  260924P07875000;197.9;199.2
2026-09-24 07:55;7880.0;7676.66;SPXW  260924P07880000;202.9;204.2
2026-09-24 07:55;7885.0;7676.66;SPXW  260924P07885000;207.9;209.2
2026-09-24 07:55;7890.0;7676.66;SPXW  260924P07890000;212.9;214.2
2026-09-24 07:55;7895.0;7676.66;SPXW  260924P07895000;217.9;219.2
2026-09-24 07:55;7900.0;7676.66;SPXW  260924P07900000;222.9;224.2
2026-09-24 07:55;7905.0;7676.66;SPXW  260924P07905000;227.9;229.2
2026-09-24 07:55;7910.0;7676.66;SPXW  260924P07910000;232.9;234.2
2026-09-24 07:55;7915.0;7676.66;SPXW  260924P07915000;237.9;239.2
2026-09-24 07:55;7920.0;7676.66;SPXW  260924P07920000;242.9;244.2
2026-09-24 07:55;7925.0;7676.66;SPXW  260924P07925000;247.9;249.1
2026-09-24 08:00;7425.0;7674.21;SPXW  260924C07425000;248.9;249.7
2026-09-24 08:00;7430.0;7674.21;SPXW  260924C07430000;243.9;244.7
2026-09-24 08:00;7435.0;7674.21;SPXW  260924C07435000;238.9;239.7
2026-09-24 08:00;7440.0;7674.21;SPXW  260924C07440000;233.9;234.7
2026-09-24 08:00;7445.0;7674.21;SPXW  260924C07445000;228.9;229.7
2026-09-24 08:00;7450.0;7674.21;SPXW  260924C07450000;223.9;224.7
2026-09-24 08:00;7455.0;7674.21;SPXW  260924C07455000;218.9;219.7
2026-09-24 08:00;7460.0;7674.21;SPXW  260924C07460000;214.0;214.7
2026-09-24 08:00;7465.0;7674.21;SPXW  260924C07465000;209.0;209.7
2026-09-24 08:00;7470.0;7674.21;SPXW  260924C07470000;204.0;204.7
2026-09-24 08:00;7475.0;7674.21;SPXW  260924C07475000;199.0;199.7
2026-09-24 08:00;7480.0;7674.21;SPXW  260924C07480000;194.0;194.7
2026-09-24 08:00;7485.0;7674.21;SPXW  260924C07485000;189.0;189.7
2026-09-24 08:00;7490.0;7674.21;SPXW  260924C07490000;184.0;184.7
2026-09-24 08:00;7495.0;7674.21;SPXW  260924C07495000;179.0;179.7
2026-09-24 08:00;7500.0;7674.21;SPXW  260924C07500000;174.0;174.7
2026-09-24 08:00;7505.0;7674.21;SPXW  260924C07505000;169.0;169.7
2026-09-24 08:00;7510.0;7674.21;SPXW  260924C07510000;164.0;164.8
2026-09-24 08:00;7515.0;7674.21;SPXW  260924C07515000;159.0;159.8
2026-09-24 08:00;7520.0;7674.21;SPXW  260924C07520000;154.0;154.8
2026-09-24 08:00;7525.0;7674.21;SPXW  260924C07525000;149.0;149.8
2026-09-24 08:00;7530.0;7674.21;SPXW  260924C07530000;144.4;144.7
2026-09-24 08:00;7535.0;7674.21;SPXW  260924C07535000;139.4;139.7
2026-09-24 08:00;7540.0;7674.21;SPXW  260924C07540000;134.4;134.7
2026-09-24 08:00;7545.0;7674.21;SPXW  260924C07545000;129.4;129.8
2026-09-24 08:00;7550.0;7674.21;SPXW  260924C07550000;124.4;124.8
2026-09-24 08:00;7555.0;7674.21;SPXW  260924C07555000;119.4;119.8
2026-09-24 08:00;7560.0;7674.21;SPXW  260924C07560000;114.4;114.8
2026-09-24 08:00;7565.0;7674.21;SPXW  260924C07565000;109.5;109.8
2026-09-24 08:00;7570.0;7674.21;SPXW  260924C07570000;104.5;104.8
2026-09-24 08:00;7575.0;7674.21;SPXW  260924C07575000;99.5;99.9
2026-09-24 08:00;7580.0;7674.21;SPXW  260924C07580000;94.5;94.9
2026-09-24 08:00;7585.0;7674.21;SPXW  260924C07585000;89.6;89.9
2026-09-24 08:00;7590.0;7674.21;SPXW  260924C07590000;84.6;85.0
2026-09-24 08:00;7595.0;7674.21;SPXW  260924C07595000;79.7;80.0
2026-09-24 08:00;7600.0;7674.21;SPXW  260924C07600000;74.8;75.1
2026-09-24 08:00;7605.0;7674.21;SPXW  260924C07605000;69.9;70.2
2026-09-24 08:00;7610.0;7674.21;SPXW  260924C07610000;65.0;65.3
2026-09-24 08:00;7615.0;7674.21;SPXW  260924C07615000;60.1;60.4
2026-09-24 08:00;7620.0;7674.21;SPXW  260924C07620000;55.3;55.6
2026-09-24 08:00;7625.0;7674.21;SPXW  260924C07625000;50.6;50.9
2026-09-24 08:00;7630.0;7674.21;SPXW  260924C07630000;45.9;46.2
2026-09-24 08:00;7635.0;7674.21;SPXW  260924C07635000;41.2;41.6
2026-09-24 08:00;7640.0;7674.21;SPXW  260924C07640000;36.8;37.0
2026-09-24 08:00;7645.0;7674.21;SPXW  260924C07645000;32.4;32.6
2026-09-24 08:00;7650.0;7674.21;SPXW  260924C07650000;28.2;28.4
2026-09-24 08:00;7655.0;7674.21;SPXW  260924C07655000;24.2;24.4
2026-09-24 08:00;7660.0;7674.21;SPXW  260924C07660000;20.4;20.6
2026-09-24 08:00;7665.0;7674.21;SPXW  260924C07665000;16.9;17.0
2026-09-24 08:00;7670.0;7674.21;SPXW  260924C07670000;13.7;13.8
2026-09-24 08:00;7675.0;7674.21;SPXW  260924C07675000;10.9;11.0
2026-09-24 08:00;7680.0;7674.21;SPXW  260924C07680000;8.4;8.5
2026-09-24 08:00;7685.0;7674.21;SPXW  260924C07685000;6.3;6.4
2026-09-24 08:00;7690.0;7674.21;SPXW  260924C07690000;4.7;4.8
2026-09-24 08:00;7695.0;7674.21;SPXW  260924C07695000;3.4;3.5
2026-09-24 08:00;7700.0;7674.21;SPXW  260924C07700000;2.4;2.45
2026-09-24 08:00;7705.0;7674.21;SPXW  260924C07705000;1.7;1.75
2026-09-24 08:00;7710.0;7674.21;SPXW  260924C07710000;1.2;1.25
2026-09-24 08:00;7715.0;7674.21;SPXW  260924C07715000;0.85;0.9
2026-09-24 08:00;7720.0;7674.21;SPXW  260924C07720000;0.6;0.7
2026-09-24 08:00;7725.0;7674.21;SPXW  260924C07725000;0.45;0.5
2026-09-24 08:00;7730.0;7674.21;SPXW  260924C07730000;0.35;0.4
2026-09-24 08:00;7735.0;7674.21;SPXW  260924C07735000;0.3;0.35
2026-09-24 08:00;7740.0;7674.21;SPXW  260924C07740000;0.25;0.3
2026-09-24 08:00;7745.0;7674.21;SPXW  260924C07745000;0.2;0.25
2026-09-24 08:00;7750.0;7674.21;SPXW  260924C07750000;0.2;0.25
2026-09-24 08:00;7755.0;7674.21;SPXW  260924C07755000;0.15;0.25
2026-09-24 08:00;7760.0;7674.21;SPXW  260924C07760000;0.15;0.2
2026-09-24 08:00;7765.0;7674.21;SPXW  260924C07765000;0.15;0.2
2026-09-24 08:00;7770.0;7674.21;SPXW  260924C07770000;0.1;0.15
2026-09-24 08:00;7775.0;7674.21;SPXW  260924C07775000;0.1;0.15
2026-09-24 08:00;7780.0;7674.21;SPXW  260924C07780000;0.1;0.15
2026-09-24 08:00;7785.0;7674.21;SPXW  260924C07785000;0.1;0.15
2026-09-24 08:00;7790.0;7674.21;SPXW  260924C07790000;0.1;0.15
2026-09-24 08:00;7795.0;7674.21;SPXW  260924C07795000;0.1;0.15
2026-09-24 08:00;7800.0;7674.21;SPXW  260924C07800000;0.05;0.1
2026-09-24 08:00;7805.0;7674.21;SPXW  260924C07805000;0.05;0.1
2026-09-24 08:00;7810.0;7674.21;SPXW  260924C07810000;0.05;0.1
2026-09-24 08:00;7815.0;7674.21;SPXW  260924C07815000;0.05;0.1
2026-09-24 08:00;7820.0;7674.21;SPXW  260924C07820000;0.05;0.1
2026-09-24 08:00;7825.0;7674.21;SPXW  260924C07825000;0.05;0.1
2026-09-24 08:00;7830.0;7674.21;SPXW  260924C07830000;0.05;0.1
2026-09-24 08:00;7835.0;7674.21;SPXW  260924C07835000;0.05;0.1
2026-09-24 08:00;7840.0;7674.21;SPXW  260924C07840000;0.05;0.1
2026-09-24 08:00;7845.0;7674.21;SPXW  260924C07845000;0.05;0.1
2026-09-24 08:00;7850.0;7674.21;SPXW  260924C07850000;0.05;0.1
2026-09-24 08:00;7855.0;7674.21;SPXW  260924C07855000;0.05;0.1
2026-09-24 08:00;7860.0;7674.21;SPXW  260924C07860000;0.05;0.1
2026-09-24 08:00;7865.0;7674.21;SPXW  260924C07865000;0.05;0.1
2026-09-24 08:00;7870.0;7674.21;SPXW  260924C07870000;0.05;0.1
2026-09-24 08:00;7875.0;7674.21;SPXW  260924C07875000;0.05;0.1
2026-09-24 08:00;7880.0;7674.21;SPXW  260924C07880000;0.05;0.1
2026-09-24 08:00;7885.0;7674.21;SPXW  260924C07885000;0.0;0.05
2026-09-24 08:00;7890.0;7674.21;SPXW  260924C07890000;0.0;0.05
2026-09-24 08:00;7895.0;7674.21;SPXW  260924C07895000;0.0;0.05
2026-09-24 08:00;7900.0;7674.21;SPXW  260924C07900000;0.0;0.05
2026-09-24 08:00;7905.0;7674.21;SPXW  260924C07905000;0.0;0.05
2026-09-24 08:00;7910.0;7674.21;SPXW  260924C07910000;0.0;0.05
2026-09-24 08:00;7915.0;7674.21;SPXW  260924C07915000;0.0;0.05
2026-09-24 08:00;7920.0;7674.21;SPXW  260924C07920000;0.0;0.05
2026-09-24 08:00;7425.0;7674.21;SPXW  260924P07425000;0.05;0.1
2026-09-24 08:00;7430.0;7674.21;SPXW  260924P07430000;0.05;0.1
2026-09-24 08:00;7435.0;7674.21;SPXW  260924P07435000;0.05;0.1
2026-09-24 08:00;7440.0;7674.21;SPXW  260924P07440000;0.05;0.1
2026-09-24 08:00;7445.0;7674.21;SPXW  260924P07445000;0.05;0.15
2026-09-24 08:00;7450.0;7674.21;SPXW  260924P07450000;0.1;0.15
2026-09-24 08:00;7455.0;7674.21;SPXW  260924P07455000;0.1;0.15
2026-09-24 08:00;7460.0;7674.21;SPXW  260924P07460000;0.1;0.15
2026-09-24 08:00;7465.0;7674.21;SPXW  260924P07465000;0.1;0.15
2026-09-24 08:00;7470.0;7674.21;SPXW  260924P07470000;0.1;0.15
2026-09-24 08:00;7475.0;7674.21;SPXW  260924P07475000;0.1;0.15
2026-09-24 08:00;7480.0;7674.21;SPXW  260924P07480000;0.1;0.15
2026-09-24 08:00;7485.0;7674.21;SPXW  260924P07485000;0.1;0.15
2026-09-24 08:00;7490.0;7674.21;SPXW  260924P07490000;0.1;0.15
2026-09-24 08:00;7495.0;7674.21;SPXW  260924P07495000;0.1;0.15
2026-09-24 08:00;7500.0;7674.21;SPXW  260924P07500000;0.1;0.2
2026-09-24 08:00;7505.0;7674.21;SPXW  260924P07505000;0.1;0.2
2026-09-24 08:00;7510.0;7674.21;SPXW  260924P07510000;0.15;0.2
2026-09-24 08:00;7515.0;7674.21;SPXW  260924P07515000;0.15;0.2
2026-09-24 08:00;7520.0;7674.21;SPXW  260924P07520000;0.15;0.2
2026-09-24 08:00;7525.0;7674.21;SPXW  260924P07525000;0.15;0.2
2026-09-24 08:00;7530.0;7674.21;SPXW  260924P07530000;0.15;0.2
2026-09-24 08:00;7535.0;7674.21;SPXW  260924P07535000;0.15;0.2
2026-09-24 08:00;7540.0;7674.21;SPXW  260924P07540000;0.15;0.25
2026-09-24 08:00;7545.0;7674.21;SPXW  260924P07545000;0.2;0.25
2026-09-24 08:00;7550.0;7674.21;SPXW  260924P07550000;0.2;0.25
2026-09-24 08:00;7555.0;7674.21;SPXW  260924P07555000;0.2;0.25
2026-09-24 08:00;7560.0;7674.21;SPXW  260924P07560000;0.2;0.3
2026-09-24 08:00;7565.0;7674.21;SPXW  260924P07565000;0.25;0.3
2026-09-24 08:00;7570.0;7674.21;SPXW  260924P07570000;0.3;0.35
2026-09-24 08:00;7575.0;7674.21;SPXW  260924P07575000;0.3;0.35
2026-09-24 08:00;7580.0;7674.21;SPXW  260924P07580000;0.35;0.4
2026-09-24 08:00;7585.0;7674.21;SPXW  260924P07585000;0.35;0.4
2026-09-24 08:00;7590.0;7674.21;SPXW  260924P07590000;0.4;0.45
2026-09-24 08:00;7595.0;7674.21;SPXW  260924P07595000;0.45;0.55
2026-09-24 08:00;7600.0;7674.21;SPXW  260924P07600000;0.55;0.6
2026-09-24 08:00;7605.0;7674.21;SPXW  260924P07605000;0.65;0.7
2026-09-24 08:00;7610.0;7674.21;SPXW  260924P07610000;0.75;0.8
2026-09-24 08:00;7615.0;7674.21;SPXW  260924P07615000;0.9;0.95
2026-09-24 08:00;7620.0;7674.21;SPXW  260924P07620000;1.1;1.15
2026-09-24 08:00;7625.0;7674.21;SPXW  260924P07625000;1.35;1.4
2026-09-24 08:00;7630.0;7674.21;SPXW  260924P07630000;1.65;1.7
2026-09-24 08:00;7635.0;7674.21;SPXW  260924P07635000;2.05;2.1
2026-09-24 08:00;7640.0;7674.21;SPXW  260924P07640000;2.5;2.55
2026-09-24 08:00;7645.0;7674.21;SPXW  260924P07645000;3.1;3.2
2026-09-24 08:00;7650.0;7674.21;SPXW  260924P07650000;3.9;4.0
2026-09-24 08:00;7655.0;7674.21;SPXW  260924P07655000;4.9;5.0
2026-09-24 08:00;7660.0;7674.21;SPXW  260924P07660000;6.1;6.2
2026-09-24 08:00;7665.0;7674.21;SPXW  260924P07665000;7.5;7.7
2026-09-24 08:00;7670.0;7674.21;SPXW  260924P07670000;9.3;9.5
2026-09-24 08:00;7675.0;7674.21;SPXW  260924P07675000;11.5;11.6
2026-09-24 08:00;7680.0;7674.21;SPXW  260924P07680000;14.0;14.2
2026-09-24 08:00;7685.0;7674.21;SPXW  260924P07685000;17.0;17.1
2026-09-24 08:00;7690.0;7674.21;SPXW  260924P07690000;20.2;20.4
2026-09-24 08:00;7695.0;7674.21;SPXW  260924P07695000;23.9;24.1
2026-09-24 08:00;7700.0;7674.21;SPXW  260924P07700000;28.0;28.2
2026-09-24 08:00;7705.0;7674.21;SPXW  260924P07705000;32.3;32.5
2026-09-24 08:00;7710.0;7674.21;SPXW  260924P07710000;36.8;36.9
2026-09-24 08:00;7715.0;7674.21;SPXW  260924P07715000;41.3;41.7
2026-09-24 08:00;7720.0;7674.21;SPXW  260924P07720000;46.1;46.4
2026-09-24 08:00;7725.0;7674.21;SPXW  260924P07725000;50.9;51.3
2026-09-24 08:00;7730.0;7674.21;SPXW  260924P07730000;55.8;56.2
2026-09-24 08:00;7735.0;7674.21;SPXW  260924P07735000;60.8;61.1
2026-09-24 08:00;7740.0;7674.21;SPXW  260924P07740000;65.7;66.1
2026-09-24 08:00;7745.0;7674.21;SPXW  260924P07745000;70.7;71.0
2026-09-24 08:00;7750.0;7674.21;SPXW  260924P07750000;75.7;76.0
2026-09-24 08:00;7755.0;7674.21;SPXW  260924P07755000;80.5;81.2
2026-09-24 08:00;7760.0;7674.21;SPXW  260924P07760000;85.5;86.2
2026-09-24 08:00;7765.0;7674.21;SPXW  260924P07765000;90.5;91.4
2026-09-24 08:00;7770.0;7674.21;SPXW  260924P07770000;95.5;96.1
2026-09-24 08:00;7775.0;7674.21;SPXW  260924P07775000;100.6;101.4
2026-09-24 08:00;7780.0;7674.21;SPXW  260924P07780000;105.5;106.1
2026-09-24 08:00;7785.0;7674.21;SPXW  260924P07785000;110.5;111.1
2026-09-24 08:00;7790.0;7674.21;SPXW  260924P07790000;115.2;116.4
2026-09-24 08:00;7795.0;7674.21;SPXW  260924P07795000;120.2;121.4
2026-09-24 08:00;7800.0;7674.21;SPXW  260924P07800000;125.2;126.3
2026-09-24 08:00;7805.0;7674.21;SPXW  260924P07805000;130.1;131.3
2026-09-24 08:00;7810.0;7674.21;SPXW  260924P07810000;135.2;136.3
2026-09-24 08:00;7815.0;7674.21;SPXW  260924P07815000;140.1;141.3
2026-09-24 08:00;7820.0;7674.21;SPXW  260924P07820000;145.1;146.3
2026-09-24 08:00;7825.0;7674.21;SPXW  260924P07825000;150.1;151.3
2026-09-24 08:00;7830.0;7674.21;SPXW  260924P07830000;152.3;159.6
2026-09-24 08:00;7835.0;7674.21;SPXW  260924P07835000;157.1;164.6
2026-09-24 08:00;7840.0;7674.21;SPXW  260924P07840000;162.1;169.6
2026-09-24 08:00;7845.0;7674.21;SPXW  260924P07845000;167.1;174.6
2026-09-24 08:00;7850.0;7674.21;SPXW  260924P07850000;175.1;176.3
2026-09-24 08:00;7855.0;7674.21;SPXW  260924P07855000;177.1;184.6
2026-09-24 08:00;7860.0;7674.21;SPXW  260924P07860000;182.1;189.6
2026-09-24 08:00;7865.0;7674.21;SPXW  260924P07865000;187.1;194.6
2026-09-24 08:00;7870.0;7674.21;SPXW  260924P07870000;195.1;196.3
2026-09-24 08:00;7875.0;7674.21;SPXW  260924P07875000;194.4;208.7
2026-09-24 08:00;7880.0;7674.21;SPXW  260924P07880000;200.1;213.1
2026-09-24 08:00;7885.0;7674.21;SPXW  260924P07885000;204.6;218.3
2026-09-24 08:00;7890.0;7674.21;SPXW  260924P07890000;209.5;223.2
2026-09-24 08:00;7895.0;7674.21;SPXW  260924P07895000;211.1;231.6
2026-09-24 08:00;7900.0;7674.21;SPXW  260924P07900000;225.1;226.3
2026-09-24 08:00;7905.0;7674.21;SPXW  260924P07905000;221.0;241.5
2026-09-24 08:00;7910.0;7674.21;SPXW  260924P07910000;226.1;246.6
2026-09-24 08:00;7915.0;7674.21;SPXW  260924P07915000;230.6;251.1
2026-09-24 08:00;7920.0;7674.21;SPXW  260924P07920000;235.7;254.2
2026-09-24 08:04;7430.0;7676.57;SPXW  260924C07430000;245.7;246.6
2026-09-24 08:04;7435.0;7676.57;SPXW  260924C07435000;240.7;241.6
2026-09-24 08:04;7440.0;7676.57;SPXW  260924C07440000;235.7;236.5
2026-09-24 08:04;7445.0;7676.57;SPXW  260924C07445000;230.7;231.5
2026-09-24 08:04;7450.0;7676.57;SPXW  260924C07450000;225.7;226.6
2026-09-24 08:04;7455.0;7676.57;SPXW  260924C07455000;220.7;221.6
2026-09-24 08:04;7460.0;7676.57;SPXW  260924C07460000;215.7;216.6
2026-09-24 08:04;7465.0;7676.57;SPXW  260924C07465000;210.7;211.6
2026-09-24 08:04;7470.0;7676.57;SPXW  260924C07470000;205.7;206.6
2026-09-24 08:04;7475.0;7676.57;SPXW  260924C07475000;200.7;201.6
2026-09-24 08:04;7480.0;7676.57;SPXW  260924C07480000;195.7;196.6
2026-09-24 08:04;7485.0;7676.57;SPXW  260924C07485000;190.7;191.6
2026-09-24 08:04;7490.0;7676.57;SPXW  260924C07490000;185.8;186.6
2026-09-24 08:04;7495.0;7676.57;SPXW  260924C07495000;180.8;181.6
2026-09-24 08:04;7500.0;7676.57;SPXW  260924C07500000;175.8;176.6
2026-09-24 08:04;7505.0;7676.57;SPXW  260924C07505000;170.8;171.8
2026-09-24 08:04;7510.0;7676.57;SPXW  260924C07510000;165.8;166.7
2026-09-24 08:04;7515.0;7676.57;SPXW  260924C07515000;160.8;161.7
2026-09-24 08:04;7520.0;7676.57;SPXW  260924C07520000;155.8;156.7
2026-09-24 08:04;7525.0;7676.57;SPXW  260924C07525000;150.8;151.8
2026-09-24 08:04;7530.0;7676.57;SPXW  260924C07530000;145.9;146.3
2026-09-24 08:04;7535.0;7676.57;SPXW  260924C07535000;140.9;141.3
2026-09-24 08:04;7540.0;7676.57;SPXW  260924C07540000;136.0;136.3
2026-09-24 08:04;7545.0;7676.57;SPXW  260924C07545000;131.0;131.3
2026-09-24 08:04;7550.0;7676.57;SPXW  260924C07550000;126.0;126.3
2026-09-24 08:04;7555.0;7676.57;SPXW  260924C07555000;121.0;121.3
2026-09-24 08:04;7560.0;7676.57;SPXW  260924C07560000;116.0;116.4
2026-09-24 08:04;7565.0;7676.57;SPXW  260924C07565000;111.0;111.4
2026-09-24 08:04;7570.0;7676.57;SPXW  260924C07570000;106.0;106.4
2026-09-24 08:04;7575.0;7676.57;SPXW  260924C07575000;101.0;101.4
2026-09-24 08:04;7580.0;7676.57;SPXW  260924C07580000;96.1;96.4
2026-09-24 08:04;7585.0;7676.57;SPXW  260924C07585000;91.1;91.5
2026-09-24 08:04;7590.0;7676.57;SPXW  260924C07590000;86.1;86.5
2026-09-24 08:04;7595.0;7676.57;SPXW  260924C07595000;81.2;81.5
2026-09-24 08:04;7600.0;7676.57;SPXW  260924C07600000;76.2;76.6
2026-09-24 08:04;7605.0;7676.57;SPXW  260924C07605000;71.3;71.7
2026-09-24 08:04;7610.0;7676.57;SPXW  260924C07610000;66.4;66.8
2026-09-24 08:04;7615.0;7676.57;SPXW  260924C07615000;61.5;61.9
2026-09-24 08:04;7620.0;7676.57;SPXW  260924C07620000;56.7;57.0
2026-09-24 08:04;7625.0;7676.57;SPXW  260924C07625000;52.0;52.2
2026-09-24 08:04;7630.0;7676.57;SPXW  260924C07630000;47.2;47.4
2026-09-24 08:04;7635.0;7676.57;SPXW  260924C07635000;42.6;42.8
2026-09-24 08:04;7640.0;7676.57;SPXW  260924C07640000;38.0;38.2
2026-09-24 08:04;7645.0;7676.57;SPXW  260924C07645000;33.5;33.7
2026-09-24 08:04;7650.0;7676.57;SPXW  260924C07650000;29.2;29.4
2026-09-24 08:04;7655.0;7676.57;SPXW  260924C07655000;25.1;25.3
2026-09-24 08:04;7660.0;7676.57;SPXW  260924C07660000;21.2;21.4
2026-09-24 08:04;7665.0;7676.57;SPXW  260924C07665000;17.6;17.8
2026-09-24 08:04;7670.0;7676.57;SPXW  260924C07670000;14.3;14.5
2026-09-24 08:04;7675.0;7676.57;SPXW  260924C07675000;11.4;11.5
2026-09-24 08:04;7680.0;7676.57;SPXW  260924C07680000;8.9;9.0
2026-09-24 08:04;7685.0;7676.57;SPXW  260924C07685000;6.7;6.8
2026-09-24 08:04;7690.0;7676.57;SPXW  260924C07690000;5.0;5.1
2026-09-24 08:04;7695.0;7676.57;SPXW  260924C07695000;3.6;3.7
2026-09-24 08:04;7700.0;7676.57;SPXW  260924C07700000;2.6;2.65
2026-09-24 08:04;7705.0;7676.57;SPXW  260924C07705000;1.85;1.9
2026-09-24 08:04;7710.0;7676.57;SPXW  260924C07710000;1.3;1.35
2026-09-24 08:04;7715.0;7676.57;SPXW  260924C07715000;0.9;1.0
2026-09-24 08:04;7720.0;7676.57;SPXW  260924C07720000;0.65;0.75
2026-09-24 08:04;7725.0;7676.57;SPXW  260924C07725000;0.5;0.55
2026-09-24 08:04;7730.0;7676.57;SPXW  260924C07730000;0.4;0.45
2026-09-24 08:04;7735.0;7676.57;SPXW  260924C07735000;0.3;0.4
2026-09-24 08:04;7740.0;7676.57;SPXW  260924C07740000;0.25;0.35
2026-09-24 08:04;7745.0;7676.57;SPXW  260924C07745000;0.25;0.3
2026-09-24 08:04;7750.0;7676.57;SPXW  260924C07750000;0.2;0.25
2026-09-24 08:04;7755.0;7676.57;SPXW  260924C07755000;0.15;0.2
2026-09-24 08:04;7760.0;7676.57;SPXW  260924C07760000;0.15;0.2
2026-09-24 08:04;7765.0;7676.57;SPXW  260924C07765000;0.15;0.2
2026-09-24 08:04;7770.0;7676.57;SPXW  260924C07770000;0.1;0.15
2026-09-24 08:04;7775.0;7676.57;SPXW  260924C07775000;0.1;0.15
2026-09-24 08:04;7780.0;7676.57;SPXW  260924C07780000;0.1;0.15
2026-09-24 08:04;7785.0;7676.57;SPXW  260924C07785000;0.1;0.15
2026-09-24 08:04;7790.0;7676.57;SPXW  260924C07790000;0.1;0.15
2026-09-24 08:04;7795.0;7676.57;SPXW  260924C07795000;0.05;0.1
2026-09-24 08:04;7800.0;7676.57;SPXW  260924C07800000;0.05;0.1
2026-09-24 08:04;7805.0;7676.57;SPXW  260924C07805000;0.05;0.1
2026-09-24 08:04;7810.0;7676.57;SPXW  260924C07810000;0.05;0.1
2026-09-24 08:04;7815.0;7676.57;SPXW  260924C07815000;0.05;0.1
2026-09-24 08:04;7820.0;7676.57;SPXW  260924C07820000;0.05;0.1
2026-09-24 08:04;7825.0;7676.57;SPXW  260924C07825000;0.05;0.1
2026-09-24 08:04;7830.0;7676.57;SPXW  260924C07830000;0.05;0.1
2026-09-24 08:04;7835.0;7676.57;SPXW  260924C07835000;0.05;0.1
2026-09-24 08:04;7840.0;7676.57;SPXW  260924C07840000;0.05;0.1
2026-09-24 08:04;7845.0;7676.57;SPXW  260924C07845000;0.05;0.1
2026-09-24 08:04;7850.0;7676.57;SPXW  260924C07850000;0.05;0.1
2026-09-24 08:04;7855.0;7676.57;SPXW  260924C07855000;0.05;0.1
2026-09-24 08:04;7860.0;7676.57;SPXW  260924C07860000;0.05;0.1
2026-09-24 08:04;7865.0;7676.57;SPXW  260924C07865000;0.05;0.1
2026-09-24 08:04;7870.0;7676.57;SPXW  260924C07870000;0.05;0.1
2026-09-24 08:04;7875.0;7676.57;SPXW  260924C07875000;0.05;0.1
2026-09-24 08:04;7880.0;7676.57;SPXW  260924C07880000;0.05;0.1
2026-09-24 08:04;7885.0;7676.57;SPXW  260924C07885000;0.0;0.05
2026-09-24 08:04;7890.0;7676.57;SPXW  260924C07890000;0.0;0.05
2026-09-24 08:04;7895.0;7676.57;SPXW  260924C07895000;0.0;0.05
2026-09-24 08:04;7900.0;7676.57;SPXW  260924C07900000;0.0;0.05
2026-09-24 08:04;7905.0;7676.57;SPXW  260924C07905000;0.0;0.05
2026-09-24 08:04;7910.0;7676.57;SPXW  260924C07910000;0.0;0.05
2026-09-24 08:04;7915.0;7676.57;SPXW  260924C07915000;0.0;0.05
2026-09-24 08:04;7920.0;7676.57;SPXW  260924C07920000;0.0;0.05
2026-09-24 08:04;7925.0;7676.57;SPXW  260924C07925000;0.0;0.05
2026-09-24 08:04;7430.0;7676.57;SPXW  260924P07430000;0.05;0.1
2026-09-24 08:04;7435.0;7676.57;SPXW  260924P07435000;0.05;0.1
2026-09-24 08:04;7440.0;7676.57;SPXW  260924P07440000;0.05;0.1
2026-09-24 08:04;7445.0;7676.57;SPXW  260924P07445000;0.05;0.1
2026-09-24 08:04;7450.0;7676.57;SPXW  260924P07450000;0.05;0.1
2026-09-24 08:04;7455.0;7676.57;SPXW  260924P07455000;0.05;0.1
2026-09-24 08:04;7460.0;7676.57;SPXW  260924P07460000;0.1;0.15
2026-09-24 08:04;7465.0;7676.57;SPXW  260924P07465000;0.1;0.15
2026-09-24 08:04;7470.0;7676.57;SPXW  260924P07470000;0.1;0.15
2026-09-24 08:04;7475.0;7676.57;SPXW  260924P07475000;0.1;0.15
2026-09-24 08:04;7480.0;7676.57;SPXW  260924P07480000;0.1;0.15
2026-09-24 08:04;7485.0;7676.57;SPXW  260924P07485000;0.1;0.15
2026-09-24 08:04;7490.0;7676.57;SPXW  260924P07490000;0.1;0.15
2026-09-24 08:04;7495.0;7676.57;SPXW  260924P07495000;0.1;0.15
2026-09-24 08:04;7500.0;7676.57;SPXW  260924P07500000;0.1;0.15
2026-09-24 08:04;7505.0;7676.57;SPXW  260924P07505000;0.1;0.15
2026-09-24 08:04;7510.0;7676.57;SPXW  260924P07510000;0.1;0.15
2026-09-24 08:04;7515.0;7676.57;SPXW  260924P07515000;0.1;0.15
2026-09-24 08:04;7520.0;7676.57;SPXW  260924P07520000;0.15;0.2
2026-09-24 08:04;7525.0;7676.57;SPXW  260924P07525000;0.15;0.2
2026-09-24 08:04;7530.0;7676.57;SPXW  260924P07530000;0.15;0.2
2026-09-24 08:04;7535.0;7676.57;SPXW  260924P07535000;0.15;0.2
2026-09-24 08:04;7540.0;7676.57;SPXW  260924P07540000;0.15;0.2
2026-09-24 08:04;7545.0;7676.57;SPXW  260924P07545000;0.15;0.2
2026-09-24 08:04;7550.0;7676.57;SPXW  260924P07550000;0.15;0.2
2026-09-24 08:04;7555.0;7676.57;SPXW  260924P07555000;0.15;0.25
2026-09-24 08:04;7560.0;7676.57;SPXW  260924P07560000;0.2;0.25
2026-09-24 08:04;7565.0;7676.57;SPXW  260924P07565000;0.2;0.25
2026-09-24 08:04;7570.0;7676.57;SPXW  260924P07570000;0.2;0.3
2026-09-24 08:04;7575.0;7676.57;SPXW  260924P07575000;0.25;0.3
2026-09-24 08:04;7580.0;7676.57;SPXW  260924P07580000;0.25;0.3
2026-09-24 08:04;7585.0;7676.57;SPXW  260924P07585000;0.3;0.35
2026-09-24 08:04;7590.0;7676.57;SPXW  260924P07590000;0.35;0.4
2026-09-24 08:04;7595.0;7676.57;SPXW  260924P07595000;0.4;0.45
2026-09-24 08:04;7600.0;7676.57;SPXW  260924P07600000;0.45;0.5
2026-09-24 08:04;7605.0;7676.57;SPXW  260924P07605000;0.5;0.55
2026-09-24 08:04;7610.0;7676.57;SPXW  260924P07610000;0.6;0.65
2026-09-24 08:04;7615.0;7676.57;SPXW  260924P07615000;0.75;0.8
2026-09-24 08:04;7620.0;7676.57;SPXW  260924P07620000;0.9;0.95
2026-09-24 08:04;7625.0;7676.57;SPXW  260924P07625000;1.1;1.15
2026-09-24 08:04;7630.0;7676.57;SPXW  260924P07630000;1.35;1.4
2026-09-24 08:04;7635.0;7676.57;SPXW  260924P07635000;1.7;1.75
2026-09-24 08:04;7640.0;7676.57;SPXW  260924P07640000;2.15;2.2
2026-09-24 08:04;7645.0;7676.57;SPXW  260924P07645000;2.7;2.75
2026-09-24 08:04;7650.0;7676.57;SPXW  260924P07650000;3.4;3.5
2026-09-24 08:04;7655.0;7676.57;SPXW  260924P07655000;4.3;4.4
2026-09-24 08:04;7660.0;7676.57;SPXW  260924P07660000;5.4;5.5
2026-09-24 08:04;7665.0;7676.57;SPXW  260924P07665000;6.8;6.9
2026-09-24 08:04;7670.0;7676.57;SPXW  260924P07670000;8.5;8.6
2026-09-24 08:04;7675.0;7676.57;SPXW  260924P07675000;10.5;10.7
2026-09-24 08:04;7680.0;7676.57;SPXW  260924P07680000;13.0;13.1
2026-09-24 08:04;7685.0;7676.57;SPXW  260924P07685000;15.9;16.0
2026-09-24 08:04;7690.0;7676.57;SPXW  260924P07690000;19.1;19.3
2026-09-24 08:04;7695.0;7676.57;SPXW  260924P07695000;22.7;22.9
2026-09-24 08:04;7700.0;7676.57;SPXW  260924P07700000;26.7;26.9
2026-09-24 08:04;7705.0;7676.57;SPXW  260924P07705000;30.9;31.2
2026-09-24 08:04;7710.0;7676.57;SPXW  260924P07710000;35.4;35.6
2026-09-24 08:04;7715.0;7676.57;SPXW  260924P07715000;39.9;40.3
2026-09-24 08:04;7720.0;7676.57;SPXW  260924P07720000;44.7;45.0
2026-09-24 08:04;7725.0;7676.57;SPXW  260924P07725000;49.5;49.9
2026-09-24 08:04;7730.0;7676.57;SPXW  260924P07730000;54.4;54.7
2026-09-24 08:04;7735.0;7676.57;SPXW  260924P07735000;59.3;59.7
2026-09-24 08:04;7740.0;7676.57;SPXW  260924P07740000;64.3;64.6
2026-09-24 08:04;7745.0;7676.57;SPXW  260924P07745000;69.2;69.6
2026-09-24 08:04;7750.0;7676.57;SPXW  260924P07750000;74.2;74.6
2026-09-24 08:04;7755.0;7676.57;SPXW  260924P07755000;79.1;79.9
2026-09-24 08:04;7760.0;7676.57;SPXW  260924P07760000;84.1;84.8
2026-09-24 08:04;7765.0;7676.57;SPXW  260924P07765000;89.0;89.8
2026-09-24 08:04;7770.0;7676.57;SPXW  260924P07770000;94.0;94.8
2026-09-24 08:04;7775.0;7676.57;SPXW  260924P07775000;99.0;99.8
2026-09-24 08:04;7780.0;7676.57;SPXW  260924P07780000;104.0;104.8
2026-09-24 08:04;7785.0;7676.57;SPXW  260924P07785000;109.0;109.8
2026-09-24 08:04;7790.0;7676.57;SPXW  260924P07790000;113.6;115.0
2026-09-24 08:04;7795.0;7676.57;SPXW  260924P07795000;118.6;120.0
2026-09-24 08:04;7800.0;7676.57;SPXW  260924P07800000;123.6;125.0
2026-09-24 08:04;7805.0;7676.57;SPXW  260924P07805000;128.6;130.0
2026-09-24 08:04;7810.0;7676.57;SPXW  260924P07810000;133.7;135.0
2026-09-24 08:04;7815.0;7676.57;SPXW  260924P07815000;138.7;140.0
2026-09-24 08:04;7820.0;7676.57;SPXW  260924P07820000;143.7;145.0
2026-09-24 08:04;7825.0;7676.57;SPXW  260924P07825000;148.7;150.0
2026-09-24 08:04;7830.0;7676.57;SPXW  260924P07830000;153.6;155.0
2026-09-24 08:04;7835.0;7676.57;SPXW  260924P07835000;158.6;160.0
2026-09-24 08:04;7840.0;7676.57;SPXW  260924P07840000;160.4;166.8
2026-09-24 08:04;7845.0;7676.57;SPXW  260924P07845000;165.4;172.1
2026-09-24 08:04;7850.0;7676.57;SPXW  260924P07850000;173.7;175.0
2026-09-24 08:04;7855.0;7676.57;SPXW  260924P07855000;175.4;181.8
2026-09-24 08:04;7860.0;7676.57;SPXW  260924P07860000;180.4;187.1
2026-09-24 08:04;7865.0;7676.57;SPXW  260924P07865000;185.4;191.8
2026-09-24 08:04;7870.0;7676.57;SPXW  260924P07870000;193.6;195.0
2026-09-24 08:04;7875.0;7676.57;SPXW  260924P07875000;195.0;202.0
2026-09-24 08:04;7880.0;7676.57;SPXW  260924P07880000;197.3;210.7
2026-09-24 08:04;7885.0;7676.57;SPXW  260924P07885000;203.2;215.6
2026-09-24 08:04;7890.0;7676.57;SPXW  260924P07890000;213.7;214.8
2026-09-24 08:04;7895.0;7676.57;SPXW  260924P07895000;210.5;229.5
2026-09-24 08:04;7900.0;7676.57;SPXW  260924P07900000;223.7;224.8
2026-09-24 08:04;7905.0;7676.57;SPXW  260924P07905000;228.7;229.8
2026-09-24 08:04;7910.0;7676.57;SPXW  260924P07910000;225.4;244.4
2026-09-24 08:04;7915.0;7676.57;SPXW  260924P07915000;238.7;239.8
2026-09-24 08:04;7920.0;7676.57;SPXW  260924P07920000;235.0;253.8
2026-09-24 08:04;7925.0;7676.57;SPXW  260924P07925000;240.3;259.4
2026-09-24 08:08;7425.0;7671.43;SPXW  260924C07425000;246.0;246.9
2026-09-24 08:08;7430.0;7671.43;SPXW  260924C07430000;241.0;241.9
2026-09-24 08:08;7435.0;7671.43;SPXW  260924C07435000;236.0;236.9
2026-09-24 08:08;7440.0;7671.43;SPXW  260924C07440000;231.0;231.9
2026-09-24 08:08;7445.0;7671.43;SPXW  260924C07445000;226.0;226.9
2026-09-24 08:08;7450.0;7671.43;SPXW  260924C07450000;221.0;221.9
2026-09-24 08:08;7455.0;7671.43;SPXW  260924C07455000;216.0;216.9
2026-09-24 08:08;7460.0;7671.43;SPXW  260924C07460000;211.0;211.9
2026-09-24 08:08;7465.0;7671.43;SPXW  260924C07465000;206.0;206.9
2026-09-24 08:08;7470.0;7671.43;SPXW  260924C07470000;201.0;201.9
2026-09-24 08:08;7475.0;7671.43;SPXW  260924C07475000;196.0;196.9
2026-09-24 08:08;7480.0;7671.43;SPXW  260924C07480000;191.0;191.9
2026-09-24 08:08;7485.0;7671.43;SPXW  260924C07485000;186.0;186.9
2026-09-24 08:08;7490.0;7671.43;SPXW  260924C07490000;181.2;181.9
2026-09-24 08:08;7495.0;7671.43;SPXW  260924C07495000;176.2;176.8
2026-09-24 08:08;7500.0;7671.43;SPXW  260924C07500000;171.2;171.8
2026-09-24 08:08;7505.0;7671.43;SPXW  260924C07505000;166.2;166.8
2026-09-24 08:08;7510.0;7671.43;SPXW  260924C07510000;161.1;161.8
2026-09-24 08:08;7515.0;7671.43;SPXW  260924C07515000;156.1;157.0
2026-09-24 08:08;7520.0;7671.43;SPXW  260924C07520000;151.1;152.0
2026-09-24 08:08;7525.0;7671.43;SPXW  260924C07525000;146.1;147.0
2026-09-24 08:08;7530.0;7671.43;SPXW  260924C07530000;141.4;141.7
2026-09-24 08:08;7535.0;7671.43;SPXW  260924C07535000;136.4;136.8
2026-09-24 08:08;7540.0;7671.43;SPXW  260924C07540000;131.4;131.8
2026-09-24 08:08;7545.0;7671.43;SPXW  260924C07545000;126.4;126.8
2026-09-24 08:08;7550.0;7671.43;SPXW  260924C07550000;121.4;121.8
2026-09-24 08:08;7555.0;7671.43;SPXW  260924C07555000;116.4;116.8
2026-09-24 08:08;7560.0;7671.43;SPXW  260924C07560000;111.5;111.8
2026-09-24 08:08;7565.0;7671.43;SPXW  260924C07565000;106.5;106.8
2026-09-24 08:08;7570.0;7671.43;SPXW  260924C07570000;101.5;101.8
2026-09-24 08:08;7575.0;7671.43;SPXW  260924C07575000;96.5;96.9
2026-09-24 08:08;7580.0;7671.43;SPXW  260924C07580000;91.6;91.9
2026-09-24 08:08;7585.0;7671.43;SPXW  260924C07585000;86.6;86.9
2026-09-24 08:08;7590.0;7671.43;SPXW  260924C07590000;81.6;82.0
2026-09-24 08:08;7595.0;7671.43;SPXW  260924C07595000;76.7;77.1
2026-09-24 08:08;7600.0;7671.43;SPXW  260924C07600000;71.8;72.1
2026-09-24 08:08;7605.0;7671.43;SPXW  260924C07605000;66.9;67.2
2026-09-24 08:08;7610.0;7671.43;SPXW  260924C07610000;62.0;62.4
2026-09-24 08:08;7615.0;7671.43;SPXW  260924C07615000;57.2;57.5
2026-09-24 08:08;7620.0;7671.43;SPXW  260924C07620000;52.4;52.8
2026-09-24 08:08;7625.0;7671.43;SPXW  260924C07625000;47.8;48.0
2026-09-24 08:08;7630.0;7671.43;SPXW  260924C07630000;43.1;43.4
2026-09-24 08:08;7635.0;7671.43;SPXW  260924C07635000;38.6;38.8
2026-09-24 08:08;7640.0;7671.43;SPXW  260924C07640000;34.1;34.3
2026-09-24 08:08;7645.0;7671.43;SPXW  260924C07645000;29.8;30.0
2026-09-24 08:08;7650.0;7671.43;SPXW  260924C07650000;25.7;25.9
2026-09-24 08:08;7655.0;7671.43;SPXW  260924C07655000;21.8;22.0
2026-09-24 08:08;7660.0;7671.43;SPXW  260924C07660000;18.2;18.3
2026-09-24 08:08;7665.0;7671.43;SPXW  260924C07665000;14.9;15.0
2026-09-24 08:08;7670.0;7671.43;SPXW  260924C07670000;11.9;12.0
2026-09-24 08:08;7675.0;7671.43;SPXW  260924C07675000;9.3;9.4
2026-09-24 08:08;7680.0;7671.43;SPXW  260924C07680000;7.1;7.2
2026-09-24 08:08;7685.0;7671.43;SPXW  260924C07685000;5.2;5.3
2026-09-24 08:08;7690.0;7671.43;SPXW  260924C07690000;3.8;3.9
2026-09-24 08:08;7695.0;7671.43;SPXW  260924C07695000;2.7;2.8
2026-09-24 08:08;7700.0;7671.43;SPXW  260924C07700000;1.9;1.95
2026-09-24 08:08;7705.0;7671.43;SPXW  260924C07705000;1.35;1.4
2026-09-24 08:08;7710.0;7671.43;SPXW  260924C07710000;0.95;1.0
2026-09-24 08:08;7715.0;7671.43;SPXW  260924C07715000;0.7;0.75
2026-09-24 08:08;7720.0;7671.43;SPXW  260924C07720000;0.5;0.55
2026-09-24 08:08;7725.0;7671.43;SPXW  260924C07725000;0.4;0.45
2026-09-24 08:08;7730.0;7671.43;SPXW  260924C07730000;0.3;0.35
2026-09-24 08:08;7735.0;7671.43;SPXW  260924C07735000;0.25;0.3
2026-09-24 08:08;7740.0;7671.43;SPXW  260924C07740000;0.2;0.25
2026-09-24 08:08;7745.0;7671.43;SPXW  260924C07745000;0.2;0.25
2026-09-24 08:08;7750.0;7671.43;SPXW  260924C07750000;0.15;0.2
2026-09-24 08:08;7755.0;7671.43;SPXW  260924C07755000;0.15;0.2
2026-09-24 08:08;7760.0;7671.43;SPXW  260924C07760000;0.15;0.2
2026-09-24 08:08;7765.0;7671.43;SPXW  260924C07765000;0.1;0.15
2026-09-24 08:08;7770.0;7671.43;SPXW  260924C07770000;0.1;0.15
2026-09-24 08:08;7775.0;7671.43;SPXW  260924C07775000;0.1;0.15
2026-09-24 08:08;7780.0;7671.43;SPXW  260924C07780000;0.1;0.15
2026-09-24 08:08;7785.0;7671.43;SPXW  260924C07785000;0.1;0.15
2026-09-24 08:08;7790.0;7671.43;SPXW  260924C07790000;0.05;0.1
2026-09-24 08:08;7795.0;7671.43;SPXW  260924C07795000;0.05;0.1
2026-09-24 08:08;7800.0;7671.43;SPXW  260924C07800000;0.05;0.1
2026-09-24 08:08;7805.0;7671.43;SPXW  260924C07805000;0.05;0.1
2026-09-24 08:08;7810.0;7671.43;SPXW  260924C07810000;0.05;0.1
2026-09-24 08:08;7815.0;7671.43;SPXW  260924C07815000;0.05;0.1
2026-09-24 08:08;7820.0;7671.43;SPXW  260924C07820000;0.05;0.1
2026-09-24 08:08;7825.0;7671.43;SPXW  260924C07825000;0.05;0.1
2026-09-24 08:08;7830.0;7671.43;SPXW  260924C07830000;0.05;0.1
2026-09-24 08:08;7835.0;7671.43;SPXW  260924C07835000;0.05;0.1
2026-09-24 08:08;7840.0;7671.43;SPXW  260924C07840000;0.05;0.1
2026-09-24 08:08;7845.0;7671.43;SPXW  260924C07845000;0.05;0.1
2026-09-24 08:08;7850.0;7671.43;SPXW  260924C07850000;0.05;0.1
2026-09-24 08:08;7855.0;7671.43;SPXW  260924C07855000;0.05;0.1
2026-09-24 08:08;7860.0;7671.43;SPXW  260924C07860000;0.05;0.1
2026-09-24 08:08;7865.0;7671.43;SPXW  260924C07865000;0.05;0.1
2026-09-24 08:08;7870.0;7671.43;SPXW  260924C07870000;0.05;0.1
2026-09-24 08:08;7875.0;7671.43;SPXW  260924C07875000;0.0;0.05
2026-09-24 08:08;7880.0;7671.43;SPXW  260924C07880000;0.0;0.05
2026-09-24 08:08;7885.0;7671.43;SPXW  260924C07885000;0.0;0.05
2026-09-24 08:08;7890.0;7671.43;SPXW  260924C07890000;0.0;0.05
2026-09-24 08:08;7895.0;7671.43;SPXW  260924C07895000;0.0;0.05
2026-09-24 08:08;7900.0;7671.43;SPXW  260924C07900000;0.0;0.05
2026-09-24 08:08;7905.0;7671.43;SPXW  260924C07905000;0.0;0.05
2026-09-24 08:08;7910.0;7671.43;SPXW  260924C07910000;0.0;0.05
2026-09-24 08:08;7915.0;7671.43;SPXW  260924C07915000;0.0;0.05
2026-09-24 08:08;7920.0;7671.43;SPXW  260924C07920000;0.0;0.05
2026-09-24 08:08;7425.0;7671.43;SPXW  260924P07425000;0.05;0.1
2026-09-24 08:08;7430.0;7671.43;SPXW  260924P07430000;0.05;0.1
2026-09-24 08:08;7435.0;7671.43;SPXW  260924P07435000;0.05;0.1
2026-09-24 08:08;7440.0;7671.43;SPXW  260924P07440000;0.05;0.1
2026-09-24 08:08;7445.0;7671.43;SPXW  260924P07445000;0.05;0.1
2026-09-24 08:08;7450.0;7671.43;SPXW  260924P07450000;0.05;0.15
2026-09-24 08:08;7455.0;7671.43;SPXW  260924P07455000;0.05;0.15
2026-09-24 08:08;7460.0;7671.43;SPXW  260924P07460000;0.05;0.15
2026-09-24 08:08;7465.0;7671.43;SPXW  260924P07465000;0.1;0.15
2026-09-24 08:08;7470.0;7671.43;SPXW  260924P07470000;0.1;0.15
2026-09-24 08:08;7475.0;7671.43;SPXW  260924P07475000;0.1;0.15
2026-09-24 08:08;7480.0;7671.43;SPXW  260924P07480000;0.1;0.15
2026-09-24 08:08;7485.0;7671.43;SPXW  260924P07485000;0.1;0.15
2026-09-24 08:08;7490.0;7671.43;SPXW  260924P07490000;0.1;0.15
2026-09-24 08:08;7495.0;7671.43;SPXW  260924P07495000;0.1;0.15
2026-09-24 08:08;7500.0;7671.43;SPXW  260924P07500000;0.1;0.15
2026-09-24 08:08;7505.0;7671.43;SPXW  260924P07505000;0.1;0.2
2026-09-24 08:08;7510.0;7671.43;SPXW  260924P07510000;0.1;0.2
2026-09-24 08:08;7515.0;7671.43;SPXW  260924P07515000;0.1;0.2
2026-09-24 08:08;7520.0;7671.43;SPXW  260924P07520000;0.15;0.2
2026-09-24 08:08;7525.0;7671.43;SPXW  260924P07525000;0.15;0.2
2026-09-24 08:08;7530.0;7671.43;SPXW  260924P07530000;0.15;0.2
2026-09-24 08:08;7535.0;7671.43;SPXW  260924P07535000;0.15;0.2
2026-09-24 08:08;7540.0;7671.43;SPXW  260924P07540000;0.2;0.25
2026-09-24 08:08;7545.0;7671.43;SPXW  260924P07545000;0.15;0.25
2026-09-24 08:08;7550.0;7671.43;SPXW  260924P07550000;0.2;0.25
2026-09-24 08:08;7555.0;7671.43;SPXW  260924P07555000;0.2;0.25
2026-09-24 08:08;7560.0;7671.43;SPXW  260924P07560000;0.2;0.25
2026-09-24 08:08;7565.0;7671.43;SPXW  260924P07565000;0.2;0.3
2026-09-24 08:08;7570.0;7671.43;SPXW  260924P07570000;0.25;0.3
2026-09-24 08:08;7575.0;7671.43;SPXW  260924P07575000;0.25;0.35
2026-09-24 08:08;7580.0;7671.43;SPXW  260924P07580000;0.3;0.35
2026-09-24 08:08;7585.0;7671.43;SPXW  260924P07585000;0.35;0.4
2026-09-24 08:08;7590.0;7671.43;SPXW  260924P07590000;0.4;0.45
2026-09-24 08:08;7595.0;7671.43;SPXW  260924P07595000;0.45;0.5
2026-09-24 08:08;7600.0;7671.43;SPXW  260924P07600000;0.55;0.6
2026-09-24 08:08;7605.0;7671.43;SPXW  260924P07605000;0.65;0.7
2026-09-24 08:08;7610.0;7671.43;SPXW  260924P07610000;0.75;0.8
2026-09-24 08:08;7615.0;7671.43;SPXW  260924P07615000;0.95;1.0
2026-09-24 08:08;7620.0;7671.43;SPXW  260924P07620000;1.15;1.2
2026-09-24 08:08;7625.0;7671.43;SPXW  260924P07625000;1.4;1.45
2026-09-24 08:08;7630.0;7671.43;SPXW  260924P07630000;1.75;1.8
2026-09-24 08:08;7635.0;7671.43;SPXW  260924P07635000;2.2;2.25
2026-09-24 08:08;7640.0;7671.43;SPXW  260924P07640000;2.75;2.8
2026-09-24 08:08;7645.0;7671.43;SPXW  260924P07645000;3.4;3.5
2026-09-24 08:08;7650.0;7671.43;SPXW  260924P07650000;4.3;4.4
2026-09-24 08:08;7655.0;7671.43;SPXW  260924P07655000;5.3;5.5
2026-09-24 08:08;7660.0;7671.43;SPXW  260924P07660000;6.7;6.8
2026-09-24 08:08;7665.0;7671.43;SPXW  260924P07665000;8.3;8.5
2026-09-24 08:08;7670.0;7671.43;SPXW  260924P07670000;10.3;10.5
2026-09-24 08:08;7675.0;7671.43;SPXW  260924P07675000;12.7;12.8
2026-09-24 08:08;7680.0;7671.43;SPXW  260924P07680000;15.4;15.6
2026-09-24 08:08;7685.0;7671.43;SPXW  260924P07685000;18.6;18.8
2026-09-24 08:08;7690.0;7671.43;SPXW  260924P07690000;22.1;22.3
2026-09-24 08:08;7695.0;7671.43;SPXW  260924P07695000;26.0;26.2
2026-09-24 08:08;7700.0;7671.43;SPXW  260924P07700000;30.2;30.4
2026-09-24 08:08;7705.0;7671.43;SPXW  260924P07705000;34.6;34.8
2026-09-24 08:08;7710.0;7671.43;SPXW  260924P07710000;39.2;39.5
2026-09-24 08:08;7715.0;7671.43;SPXW  260924P07715000;43.9;44.3
2026-09-24 08:08;7720.0;7671.43;SPXW  260924P07720000;48.7;49.1
2026-09-24 08:08;7725.0;7671.43;SPXW  260924P07725000;53.6;53.9
2026-09-24 08:08;7730.0;7671.43;SPXW  260924P07730000;58.5;58.9
2026-09-24 08:08;7735.0;7671.43;SPXW  260924P07735000;63.5;63.8
2026-09-24 08:08;7740.0;7671.43;SPXW  260924P07740000;68.4;68.8
2026-09-24 08:08;7745.0;7671.43;SPXW  260924P07745000;73.4;73.7
2026-09-24 08:08;7750.0;7671.43;SPXW  260924P07750000;78.4;78.7
2026-09-24 08:08;7755.0;7671.43;SPXW  260924P07755000;83.1;84.0
2026-09-24 08:08;7760.0;7671.43;SPXW  260924P07760000;88.1;88.9
2026-09-24 08:08;7765.0;7671.43;SPXW  260924P07765000;93.1;93.9
2026-09-24 08:08;7770.0;7671.43;SPXW  260924P07770000;98.1;98.9
2026-09-24 08:08;7775.0;7671.43;SPXW  260924P07775000;103.1;103.9
2026-09-24 08:08;7780.0;7671.43;SPXW  260924P07780000;108.1;108.9
2026-09-24 08:08;7785.0;7671.43;SPXW  260924P07785000;112.8;114.1
2026-09-24 08:08;7790.0;7671.43;SPXW  260924P07790000;117.8;119.1
2026-09-24 08:08;7795.0;7671.43;SPXW  260924P07795000;122.8;124.1
2026-09-24 08:08;7800.0;7671.43;SPXW  260924P07800000;127.8;129.1
2026-09-24 08:08;7805.0;7671.43;SPXW  260924P07805000;132.8;134.0
2026-09-24 08:08;7810.0;7671.43;SPXW  260924P07810000;137.8;139.0
2026-09-24 08:08;7815.0;7671.43;SPXW  260924P07815000;142.8;144.0
2026-09-24 08:08;7820.0;7671.43;SPXW  260924P07820000;147.8;149.0
2026-09-24 08:08;7825.0;7671.43;SPXW  260924P07825000;152.8;154.0
2026-09-24 08:08;7830.0;7671.43;SPXW  260924P07830000;155.9;162.5
2026-09-24 08:08;7835.0;7671.43;SPXW  260924P07835000;160.6;167.7
2026-09-24 08:08;7840.0;7671.43;SPXW  260924P07840000;165.6;172.7
2026-09-24 08:08;7845.0;7671.43;SPXW  260924P07845000;170.4;177.5
2026-09-24 08:08;7850.0;7671.43;SPXW  260924P07850000;177.8;179.0
2026-09-24 08:08;7855.0;7671.43;SPXW  260924P07855000;180.7;187.7
2026-09-24 08:08;7860.0;7671.43;SPXW  260924P07860000;185.4;192.5
2026-09-24 08:08;7865.0;7671.43;SPXW  260924P07865000;190.7;197.7
2026-09-24 08:08;7870.0;7671.43;SPXW  260924P07870000;197.8;199.0
2026-09-24 08:08;7875.0;7671.43;SPXW  260924P07875000;197.7;211.0
2026-09-24 08:08;7880.0;7671.43;SPXW  260924P07880000;203.0;215.9
2026-09-24 08:08;7885.0;7671.43;SPXW  260924P07885000;207.4;221.1
2026-09-24 08:08;7890.0;7671.43;SPXW  260924P07890000;217.8;219.0
2026-09-24 08:08;7895.0;7671.43;SPXW  260924P07895000;214.6;234.0
2026-09-24 08:08;7900.0;7671.43;SPXW  260924P07900000;227.8;229.0
2026-09-24 08:08;7905.0;7671.43;SPXW  260924P07905000;224.6;244.0
2026-09-24 08:08;7910.0;7671.43;SPXW  260924P07910000;230.0;249.0
2026-09-24 08:08;7915.0;7671.43;SPXW  260924P07915000;234.0;254.0
2026-09-24 08:08;7920.0;7671.43;SPXW  260924P07920000;239.6;259.0
2026-09-24 08:12;7420.0;7668.33;SPXW  260924C07420000;246.8;248.0
2026-09-24 08:12;7425.0;7668.33;SPXW  260924C07425000;241.8;243.0
2026-09-24 08:12;7430.0;7668.33;SPXW  260924C07430000;236.8;238.0
2026-09-24 08:12;7435.0;7668.33;SPXW  260924C07435000;231.8;233.0
2026-09-24 08:12;7440.0;7668.33;SPXW  260924C07440000;226.8;228.0
2026-09-24 08:12;7445.0;7668.33;SPXW  260924C07445000;221.8;223.0
2026-09-24 08:12;7450.0;7668.33;SPXW  260924C07450000;216.8;218.0
2026-09-24 08:12;7455.0;7668.33;SPXW  260924C07455000;211.8;213.0
2026-09-24 08:12;7460.0;7668.33;SPXW  260924C07460000;206.8;208.0
2026-09-24 08:12;7465.0;7668.33;SPXW  260924C07465000;201.8;203.1
2026-09-24 08:12;7470.0;7668.33;SPXW  260924C07470000;196.9;198.0
2026-09-24 08:12;7475.0;7668.33;SPXW  260924C07475000;191.9;193.0
2026-09-24 08:12;7480.0;7668.33;SPXW  260924C07480000;186.9;188.0
2026-09-24 08:12;7485.0;7668.33;SPXW  260924C07485000;181.9;183.0
2026-09-24 08:12;7490.0;7668.33;SPXW  260924C07490000;176.9;178.0
2026-09-24 08:12;7495.0;7668.33;SPXW  260924C07495000;171.9;173.0
2026-09-24 08:12;7500.0;7668.33;SPXW  260924C07500000;166.9;168.0
2026-09-24 08:12;7505.0;7668.33;SPXW  260924C07505000;161.9;163.3
2026-09-24 08:12;7510.0;7668.33;SPXW  260924C07510000;156.9;158.3
2026-09-24 08:12;7515.0;7668.33;SPXW  260924C07515000;152.0;153.1
2026-09-24 08:12;7520.0;7668.33;SPXW  260924C07520000;147.0;148.1
2026-09-24 08:12;7525.0;7668.33;SPXW  260924C07525000;141.9;143.1
2026-09-24 08:12;7530.0;7668.33;SPXW  260924C07530000;136.9;137.9
2026-09-24 08:12;7535.0;7668.33;SPXW  260924C07535000;131.9;132.9
2026-09-24 08:12;7540.0;7668.33;SPXW  260924C07540000;126.9;127.9
2026-09-24 08:12;7545.0;7668.33;SPXW  260924C07545000;121.9;122.9
2026-09-24 08:12;7550.0;7668.33;SPXW  260924C07550000;117.0;117.9
2026-09-24 08:12;7555.0;7668.33;SPXW  260924C07555000;112.0;112.9
2026-09-24 08:12;7560.0;7668.33;SPXW  260924C07560000;107.0;108.0
2026-09-24 08:12;7565.0;7668.33;SPXW  260924C07565000;102.0;103.0
2026-09-24 08:12;7570.0;7668.33;SPXW  260924C07570000;97.2;98.0
2026-09-24 08:12;7575.0;7668.33;SPXW  260924C07575000;92.2;93.0
2026-09-24 08:12;7580.0;7668.33;SPXW  260924C07580000;87.2;88.1
2026-09-24 08:12;7585.0;7668.33;SPXW  260924C07585000;82.3;83.1
2026-09-24 08:12;7590.0;7668.33;SPXW  260924C07590000;77.3;78.2
2026-09-24 08:12;7595.0;7668.33;SPXW  260924C07595000;72.4;73.3
2026-09-24 08:12;7600.0;7668.33;SPXW  260924C07600000;67.6;68.4
2026-09-24 08:12;7605.0;7668.33;SPXW  260924C07605000;62.7;63.5
2026-09-24 08:12;7610.0;7668.33;SPXW  260924C07610000;57.9;58.7
2026-09-24 08:12;7615.0;7668.33;SPXW  260924C07615000;53.1;53.9
2026-09-24 08:12;7620.0;7668.33;SPXW  260924C07620000;48.8;49.1
2026-09-24 08:12;7625.0;7668.33;SPXW  260924C07625000;44.1;44.4
2026-09-24 08:12;7630.0;7668.33;SPXW  260924C07630000;39.5;39.8
2026-09-24 08:12;7635.0;7668.33;SPXW  260924C07635000;35.1;35.4
2026-09-24 08:12;7640.0;7668.33;SPXW  260924C07640000;30.8;31.1
2026-09-24 08:12;7645.0;7668.33;SPXW  260924C07645000;26.7;26.9
2026-09-24 08:12;7650.0;7668.33;SPXW  260924C07650000;22.7;23.0
2026-09-24 08:12;7655.0;7668.33;SPXW  260924C07655000;19.1;19.3
2026-09-24 08:12;7660.0;7668.33;SPXW  260924C07660000;15.7;15.9
2026-09-24 08:12;7665.0;7668.33;SPXW  260924C07665000;12.7;12.8
2026-09-24 08:12;7670.0;7668.33;SPXW  260924C07670000;10.0;10.1
2026-09-24 08:12;7675.0;7668.33;SPXW  260924C07675000;7.7;7.8
2026-09-24 08:12;7680.0;7668.33;SPXW  260924C07680000;5.8;5.9
2026-09-24 08:12;7685.0;7668.33;SPXW  260924C07685000;4.3;4.4
2026-09-24 08:12;7690.0;7668.33;SPXW  260924C07690000;3.1;3.2
2026-09-24 08:12;7695.0;7668.33;SPXW  260924C07695000;2.2;2.3
2026-09-24 08:12;7700.0;7668.33;SPXW  260924C07700000;1.55;1.65
2026-09-24 08:12;7705.0;7668.33;SPXW  260924C07705000;1.1;1.2
2026-09-24 08:12;7710.0;7668.33;SPXW  260924C07710000;0.8;0.85
2026-09-24 08:12;7715.0;7668.33;SPXW  260924C07715000;0.6;0.65
2026-09-24 08:12;7720.0;7668.33;SPXW  260924C07720000;0.45;0.5
2026-09-24 08:12;7725.0;7668.33;SPXW  260924C07725000;0.35;0.4
2026-09-24 08:12;7730.0;7668.33;SPXW  260924C07730000;0.3;0.35
2026-09-24 08:12;7735.0;7668.33;SPXW  260924C07735000;0.25;0.3
2026-09-24 08:12;7740.0;7668.33;SPXW  260924C07740000;0.2;0.25
2026-09-24 08:12;7745.0;7668.33;SPXW  260924C07745000;0.15;0.25
2026-09-24 08:12;7750.0;7668.33;SPXW  260924C07750000;0.15;0.2
2026-09-24 08:12;7755.0;7668.33;SPXW  260924C07755000;0.15;0.2
2026-09-24 08:12;7760.0;7668.33;SPXW  260924C07760000;0.1;0.15
2026-09-24 08:12;7765.0;7668.33;SPXW  260924C07765000;0.1;0.15
2026-09-24 08:12;7770.0;7668.33;SPXW  260924C07770000;0.1;0.15
2026-09-24 08:12;7775.0;7668.33;SPXW  260924C07775000;0.1;0.15
2026-09-24 08:12;7780.0;7668.33;SPXW  260924C07780000;0.1;0.15
2026-09-24 08:12;7785.0;7668.33;SPXW  260924C07785000;0.05;0.15
2026-09-24 08:12;7790.0;7668.33;SPXW  260924C07790000;0.05;0.1
2026-09-24 08:12;7795.0;7668.33;SPXW  260924C07795000;0.05;0.1
2026-09-24 08:12;7800.0;7668.33;SPXW  260924C07800000;0.05;0.1
2026-09-24 08:12;7805.0;7668.33;SPXW  260924C07805000;0.05;0.1
2026-09-24 08:12;7810.0;7668.33;SPXW  260924C07810000;0.05;0.1
2026-09-24 08:12;7815.0;7668.33;SPXW  260924C07815000;0.05;0.1
2026-09-24 08:12;7820.0;7668.33;SPXW  260924C07820000;0.05;0.1
2026-09-24 08:12;7825.0;7668.33;SPXW  260924C07825000;0.05;0.1
2026-09-24 08:12;7830.0;7668.33;SPXW  260924C07830000;0.05;0.1
2026-09-24 08:12;7835.0;7668.33;SPXW  260924C07835000;0.05;0.1
2026-09-24 08:12;7840.0;7668.33;SPXW  260924C07840000;0.05;0.1
2026-09-24 08:12;7845.0;7668.33;SPXW  260924C07845000;0.05;0.1
2026-09-24 08:12;7850.0;7668.33;SPXW  260924C07850000;0.05;0.1
2026-09-24 08:12;7855.0;7668.33;SPXW  260924C07855000;0.05;0.1
2026-09-24 08:12;7860.0;7668.33;SPXW  260924C07860000;0.05;0.1
2026-09-24 08:12;7865.0;7668.33;SPXW  260924C07865000;0.05;0.1
2026-09-24 08:12;7870.0;7668.33;SPXW  260924C07870000;0.0;0.05
2026-09-24 08:12;7875.0;7668.33;SPXW  260924C07875000;0.0;0.05
2026-09-24 08:12;7880.0;7668.33;SPXW  260924C07880000;0.0;0.05
2026-09-24 08:12;7885.0;7668.33;SPXW  260924C07885000;0.0;0.05
2026-09-24 08:12;7890.0;7668.33;SPXW  260924C07890000;0.0;0.05
2026-09-24 08:12;7895.0;7668.33;SPXW  260924C07895000;0.0;0.05
2026-09-24 08:12;7900.0;7668.33;SPXW  260924C07900000;0.0;0.05
2026-09-24 08:12;7905.0;7668.33;SPXW  260924C07905000;0.0;0.05
2026-09-24 08:12;7910.0;7668.33;SPXW  260924C07910000;0.0;0.05
2026-09-24 08:12;7915.0;7668.33;SPXW  260924C07915000;0.0;0.05
2026-09-24 08:12;7420.0;7668.33;SPXW  260924P07420000;0.05;0.1
2026-09-24 08:12;7425.0;7668.33;SPXW  260924P07425000;0.05;0.1
2026-09-24 08:12;7430.0;7668.33;SPXW  260924P07430000;0.05;0.1
2026-09-24 08:12;7435.0;7668.33;SPXW  260924P07435000;0.05;0.1
2026-09-24 08:12;7440.0;7668.33;SPXW  260924P07440000;0.05;0.1
2026-09-24 08:12;7445.0;7668.33;SPXW  260924P07445000;0.05;0.1
2026-09-24 08:12;7450.0;7668.33;SPXW  260924P07450000;0.05;0.15
2026-09-24 08:12;7455.0;7668.33;SPXW  260924P07455000;0.05;0.15
2026-09-24 08:12;7460.0;7668.33;SPXW  260924P07460000;0.1;0.15
2026-09-24 08:12;7465.0;7668.33;SPXW  260924P07465000;0.1;0.15
2026-09-24 08:12;7470.0;7668.33;SPXW  260924P07470000;0.1;0.15
2026-09-24 08:12;7475.0;7668.33;SPXW  260924P07475000;0.1;0.15
2026-09-24 08:12;7480.0;7668.33;SPXW  260924P07480000;0.1;0.15
2026-09-24 08:12;7485.0;7668.33;SPXW  260924P07485000;0.1;0.15
2026-09-24 08:12;7490.0;7668.33;SPXW  260924P07490000;0.1;0.15
2026-09-24 08:12;7495.0;7668.33;SPXW  260924P07495000;0.1;0.15
2026-09-24 08:12;7500.0;7668.33;SPXW  260924P07500000;0.1;0.2
2026-09-24 08:12;7505.0;7668.33;SPXW  260924P07505000;0.1;0.2
2026-09-24 08:12;7510.0;7668.33;SPXW  260924P07510000;0.15;0.2
2026-09-24 08:12;7515.0;7668.33;SPXW  260924P07515000;0.15;0.2
2026-09-24 08:12;7520.0;7668.33;SPXW  260924P07520000;0.15;0.2
2026-09-24 08:12;7525.0;7668.33;SPXW  260924P07525000;0.15;0.2
2026-09-24 08:12;7530.0;7668.33;SPXW  260924P07530000;0.15;0.2
2026-09-24 08:12;7535.0;7668.33;SPXW  260924P07535000;0.2;0.25
2026-09-24 08:12;7540.0;7668.33;SPXW  260924P07540000;0.2;0.25
2026-09-24 08:12;7545.0;7668.33;SPXW  260924P07545000;0.2;0.25
2026-09-24 08:12;7550.0;7668.33;SPXW  260924P07550000;0.2;0.25
2026-09-24 08:12;7555.0;7668.33;SPXW  260924P07555000;0.2;0.3
2026-09-24 08:12;7560.0;7668.33;SPXW  260924P07560000;0.25;0.3
2026-09-24 08:12;7565.0;7668.33;SPXW  260924P07565000;0.25;0.3
2026-09-24 08:12;7570.0;7668.33;SPXW  260924P07570000;0.3;0.35
2026-09-24 08:12;7575.0;7668.33;SPXW  260924P07575000;0.35;0.4
2026-09-24 08:12;7580.0;7668.33;SPXW  260924P07580000;0.4;0.45
2026-09-24 08:12;7585.0;7668.33;SPXW  260924P07585000;0.45;0.5
2026-09-24 08:12;7590.0;7668.33;SPXW  260924P07590000;0.5;0.55
2026-09-24 08:12;7595.0;7668.33;SPXW  260924P07595000;0.6;0.65
2026-09-24 08:12;7600.0;7668.33;SPXW  260924P07600000;0.7;0.75
2026-09-24 08:12;7605.0;7668.33;SPXW  260924P07605000;0.85;0.9
2026-09-24 08:12;7610.0;7668.33;SPXW  260924P07610000;1.05;1.1
2026-09-24 08:12;7615.0;7668.33;SPXW  260924P07615000;1.25;1.3
2026-09-24 08:12;7620.0;7668.33;SPXW  260924P07620000;1.55;1.6
2026-09-24 08:12;7625.0;7668.33;SPXW  260924P07625000;1.9;1.95
2026-09-24 08:12;7630.0;7668.33;SPXW  260924P07630000;2.35;2.4
2026-09-24 08:12;7635.0;7668.33;SPXW  260924P07635000;2.9;2.95
2026-09-24 08:12;7640.0;7668.33;SPXW  260924P07640000;3.6;3.7
2026-09-24 08:12;7645.0;7668.33;SPXW  260924P07645000;4.5;4.6
2026-09-24 08:12;7650.0;7668.33;SPXW  260924P07650000;5.6;5.7
2026-09-24 08:12;7655.0;7668.33;SPXW  260924P07655000;6.9;7.0
2026-09-24 08:12;7660.0;7668.33;SPXW  260924P07660000;8.6;8.7
2026-09-24 08:12;7665.0;7668.33;SPXW  260924P07665000;10.6;10.7
2026-09-24 08:12;7670.0;7668.33;SPXW  260924P07670000;12.9;13.0
2026-09-24 08:12;7675.0;7668.33;SPXW  260924P07675000;15.6;15.8
2026-09-24 08:12;7680.0;7668.33;SPXW  260924P07680000;18.7;18.9
2026-09-24 08:12;7685.0;7668.33;SPXW  260924P07685000;22.1;22.4
2026-09-24 08:12;7690.0;7668.33;SPXW  260924P07690000;26.0;26.2
2026-09-24 08:12;7695.0;7668.33;SPXW  260924P07695000;30.2;30.4
2026-09-24 08:12;7700.0;7668.33;SPXW  260924P07700000;34.4;34.7
2026-09-24 08:12;7705.0;7668.33;SPXW  260924P07705000;39.0;39.3
2026-09-24 08:12;7710.0;7668.33;SPXW  260924P07710000;43.6;44.2
2026-09-24 08:12;7715.0;7668.33;SPXW  260924P07715000;48.4;49.0
2026-09-24 08:12;7720.0;7668.33;SPXW  260924P07720000;53.3;53.9
2026-09-24 08:12;7725.0;7668.33;SPXW  260924P07725000;58.2;58.8
2026-09-24 08:12;7730.0;7668.33;SPXW  260924P07730000;63.1;63.7
2026-09-24 08:12;7735.0;7668.33;SPXW  260924P07735000;68.1;68.7
2026-09-24 08:12;7740.0;7668.33;SPXW  260924P07740000;73.0;73.6
2026-09-24 08:12;7745.0;7668.33;SPXW  260924P07745000;78.0;78.6
2026-09-24 08:12;7750.0;7668.33;SPXW  260924P07750000;83.0;83.4
2026-09-24 08:12;7755.0;7668.33;SPXW  260924P07755000;87.8;88.6
2026-09-24 08:12;7760.0;7668.33;SPXW  260924P07760000;92.7;93.6
2026-09-24 08:12;7765.0;7668.33;SPXW  260924P07765000;97.8;98.5
2026-09-24 08:12;7770.0;7668.33;SPXW  260924P07770000;102.6;103.5
2026-09-24 08:12;7775.0;7668.33;SPXW  260924P07775000;107.6;108.5
2026-09-24 08:12;7780.0;7668.33;SPXW  260924P07780000;112.5;113.7
2026-09-24 08:12;7785.0;7668.33;SPXW  260924P07785000;117.5;118.7
2026-09-24 08:12;7790.0;7668.33;SPXW  260924P07790000;122.4;123.7
2026-09-24 08:12;7795.0;7668.33;SPXW  260924P07795000;127.4;128.7
2026-09-24 08:12;7800.0;7668.33;SPXW  260924P07800000;132.4;133.7
2026-09-24 08:12;7805.0;7668.33;SPXW  260924P07805000;137.4;138.7
2026-09-24 08:12;7810.0;7668.33;SPXW  260924P07810000;142.4;143.7
2026-09-24 08:12;7815.0;7668.33;SPXW  260924P07815000;147.4;148.7
2026-09-24 08:12;7820.0;7668.33;SPXW  260924P07820000;152.4;153.6
2026-09-24 08:12;7825.0;7668.33;SPXW  260924P07825000;157.4;158.6
2026-09-24 08:12;7830.0;7668.33;SPXW  260924P07830000;159.0;166.3
2026-09-24 08:12;7835.0;7668.33;SPXW  260924P07835000;163.9;172.2
2026-09-24 08:12;7840.0;7668.33;SPXW  260924P07840000;169.2;177.2
2026-09-24 08:12;7845.0;7668.33;SPXW  260924P07845000;174.2;181.3
2026-09-24 08:12;7850.0;7668.33;SPXW  260924P07850000;182.4;183.6
2026-09-24 08:12;7855.0;7668.33;SPXW  260924P07855000;184.2;192.2
2026-09-24 08:12;7860.0;7668.33;SPXW  260924P07860000;189.2;196.3
2026-09-24 08:12;7865.0;7668.33;SPXW  260924P07865000;194.2;202.2
2026-09-24 08:12;7870.0;7668.33;SPXW  260924P07870000;195.9;209.3
2026-09-24 08:12;7875.0;7668.33;SPXW  260924P07875000;200.5;214.2
2026-09-24 08:12;7880.0;7668.33;SPXW  260924P07880000;206.3;219.1
2026-09-24 08:12;7885.0;7668.33;SPXW  260924P07885000;207.9;224.5
2026-09-24 08:12;7890.0;7668.33;SPXW  260924P07890000;212.2;229.4
2026-09-24 08:12;7895.0;7668.33;SPXW  260924P07895000;216.7;234.5
2026-09-24 08:12;7900.0;7668.33;SPXW  260924P07900000;232.4;233.6
2026-09-24 08:12;7905.0;7668.33;SPXW  260924P07905000;226.7;244.5
2026-09-24 08:12;7910.0;7668.33;SPXW  260924P07910000;232.1;249.4
2026-09-24 08:12;7915.0;7668.33;SPXW  260924P07915000;237.7;254.5
2026-09-24 08:17;7425.0;7671.04;SPXW  260924C07425000;245.4;246.5
2026-09-24 08:17;7430.0;7671.04;SPXW  260924C07430000;240.4;241.5
2026-09-24 08:17;7435.0;7671.04;SPXW  260924C07435000;235.4;236.5
2026-09-24 08:17;7440.0;7671.04;SPXW  260924C07440000;230.4;231.3
2026-09-24 08:17;7445.0;7671.04;SPXW  260924C07445000;225.4;226.3
2026-09-24 08:17;7450.0;7671.04;SPXW  260924C07450000;220.4;221.3
2026-09-24 08:17;7455.0;7671.04;SPXW  260924C07455000;215.4;216.3
2026-09-24 08:17;7460.0;7671.04;SPXW  260924C07460000;210.4;211.3
2026-09-24 08:17;7465.0;7671.04;SPXW  260924C07465000;205.4;206.3
2026-09-24 08:17;7470.0;7671.04;SPXW  260924C07470000;200.4;201.3
2026-09-24 08:17;7475.0;7671.04;SPXW  260924C07475000;195.4;196.3
2026-09-24 08:17;7480.0;7671.04;SPXW  260924C07480000;190.4;191.3
2026-09-24 08:17;7485.0;7671.04;SPXW  260924C07485000;185.4;186.3
2026-09-24 08:17;7490.0;7671.04;SPXW  260924C07490000;180.4;181.3
2026-09-24 08:17;7495.0;7671.04;SPXW  260924C07495000;175.4;176.3
2026-09-24 08:17;7500.0;7671.04;SPXW  260924C07500000;170.4;171.3
2026-09-24 08:17;7505.0;7671.04;SPXW  260924C07505000;165.4;166.3
2026-09-24 08:17;7510.0;7671.04;SPXW  260924C07510000;160.4;161.3
2026-09-24 08:17;7515.0;7671.04;SPXW  260924C07515000;155.4;156.3
2026-09-24 08:17;7520.0;7671.04;SPXW  260924C07520000;150.4;151.3
2026-09-24 08:17;7525.0;7671.04;SPXW  260924C07525000;145.8;146.2
2026-09-24 08:17;7530.0;7671.04;SPXW  260924C07530000;140.8;141.2
2026-09-24 08:17;7535.0;7671.04;SPXW  260924C07535000;135.8;136.2
2026-09-24 08:17;7540.0;7671.04;SPXW  260924C07540000;130.8;131.2
2026-09-24 08:17;7545.0;7671.04;SPXW  260924C07545000;125.8;126.2
2026-09-24 08:17;7550.0;7671.04;SPXW  260924C07550000;120.8;121.2
2026-09-24 08:17;7555.0;7671.04;SPXW  260924C07555000;115.8;116.2
2026-09-24 08:17;7560.0;7671.04;SPXW  260924C07560000;110.8;111.3
2026-09-24 08:17;7565.0;7671.04;SPXW  260924C07565000;105.9;106.3
2026-09-24 08:17;7570.0;7671.04;SPXW  260924C07570000;100.9;101.3
2026-09-24 08:17;7575.0;7671.04;SPXW  260924C07575000;95.9;96.3
2026-09-24 08:17;7580.0;7671.04;SPXW  260924C07580000;91.0;91.4
2026-09-24 08:17;7585.0;7671.04;SPXW  260924C07585000;86.0;86.4
2026-09-24 08:17;7590.0;7671.04;SPXW  260924C07590000;81.1;81.5
2026-09-24 08:17;7595.0;7671.04;SPXW  260924C07595000;76.1;76.5
2026-09-24 08:17;7600.0;7671.04;SPXW  260924C07600000;71.2;71.6
2026-09-24 08:17;7605.0;7671.04;SPXW  260924C07605000;66.3;66.7
2026-09-24 08:17;7610.0;7671.04;SPXW  260924C07610000;61.5;61.7
2026-09-24 08:17;7615.0;7671.04;SPXW  260924C07615000;56.7;56.9
2026-09-24 08:17;7620.0;7671.04;SPXW  260924C07620000;51.9;52.2
2026-09-24 08:17;7625.0;7671.04;SPXW  260924C07625000;47.2;47.5
2026-09-24 08:17;7630.0;7671.04;SPXW  260924C07630000;42.6;42.9
2026-09-24 08:17;7635.0;7671.04;SPXW  260924C07635000;38.1;38.4
2026-09-24 08:17;7640.0;7671.04;SPXW  260924C07640000;33.7;34.0
2026-09-24 08:17;7645.0;7671.04;SPXW  260924C07645000;29.5;29.7
2026-09-24 08:17;7650.0;7671.04;SPXW  260924C07650000;25.4;25.7
2026-09-24 08:17;7655.0;7671.04;SPXW  260924C07655000;21.6;21.8
2026-09-24 08:17;7660.0;7671.04;SPXW  260924C07660000;18.0;18.2
2026-09-24 08:17;7665.0;7671.04;SPXW  260924C07665000;14.7;14.9
2026-09-24 08:17;7670.0;7671.04;SPXW  260924C07670000;11.8;12.0
2026-09-24 08:17;7675.0;7671.04;SPXW  260924C07675000;9.3;9.4
2026-09-24 08:17;7680.0;7671.04;SPXW  260924C07680000;7.1;7.2
2026-09-24 08:17;7685.0;7671.04;SPXW  260924C07685000;5.3;5.4
2026-09-24 08:17;7690.0;7671.04;SPXW  260924C07690000;3.9;4.0
2026-09-24 08:17;7695.0;7671.04;SPXW  260924C07695000;2.8;2.9
2026-09-24 08:17;7700.0;7671.04;SPXW  260924C07700000;2.0;2.05
2026-09-24 08:17;7705.0;7671.04;SPXW  260924C07705000;1.4;1.5
2026-09-24 08:17;7710.0;7671.04;SPXW  260924C07710000;1.0;1.1
2026-09-24 08:17;7715.0;7671.04;SPXW  260924C07715000;0.75;0.8
2026-09-24 08:17;7720.0;7671.04;SPXW  260924C07720000;0.55;0.6
2026-09-24 08:17;7725.0;7671.04;SPXW  260924C07725000;0.4;0.45
2026-09-24 08:17;7730.0;7671.04;SPXW  260924C07730000;0.3;0.4
2026-09-24 08:17;7735.0;7671.04;SPXW  260924C07735000;0.25;0.3
2026-09-24 08:17;7740.0;7671.04;SPXW  260924C07740000;0.2;0.25
2026-09-24 08:17;7745.0;7671.04;SPXW  260924C07745000;0.2;0.25
2026-09-24 08:17;7750.0;7671.04;SPXW  260924C07750000;0.15;0.2
2026-09-24 08:17;7755.0;7671.04;SPXW  260924C07755000;0.15;0.2
2026-09-24 08:17;7760.0;7671.04;SPXW  260924C07760000;0.1;0.2
2026-09-24 08:17;7765.0;7671.04;SPXW  260924C07765000;0.1;0.15
2026-09-24 08:17;7770.0;7671.04;SPXW  260924C07770000;0.1;0.15
2026-09-24 08:17;7775.0;7671.04;SPXW  260924C07775000;0.1;0.15
2026-09-24 08:17;7780.0;7671.04;SPXW  260924C07780000;0.1;0.15
2026-09-24 08:17;7785.0;7671.04;SPXW  260924C07785000;0.05;0.15
2026-09-24 08:17;7790.0;7671.04;SPXW  260924C07790000;0.05;0.1
2026-09-24 08:17;7795.0;7671.04;SPXW  260924C07795000;0.05;0.1
2026-09-24 08:17;7800.0;7671.04;SPXW  260924C07800000;0.05;0.1
2026-09-24 08:17;7805.0;7671.04;SPXW  260924C07805000;0.05;0.1
2026-09-24 08:17;7810.0;7671.04;SPXW  260924C07810000;0.05;0.1
2026-09-24 08:17;7815.0;7671.04;SPXW  260924C07815000;0.05;0.1
2026-09-24 08:17;7820.0;7671.04;SPXW  260924C07820000;0.05;0.1
2026-09-24 08:17;7825.0;7671.04;SPXW  260924C07825000;0.05;0.1
2026-09-24 08:17;7830.0;7671.04;SPXW  260924C07830000;0.05;0.1
2026-09-24 08:17;7835.0;7671.04;SPXW  260924C07835000;0.05;0.1
2026-09-24 08:17;7840.0;7671.04;SPXW  260924C07840000;0.05;0.1
2026-09-24 08:17;7845.0;7671.04;SPXW  260924C07845000;0.05;0.1
2026-09-24 08:17;7850.0;7671.04;SPXW  260924C07850000;0.05;0.1
2026-09-24 08:17;7855.0;7671.04;SPXW  260924C07855000;0.05;0.1
2026-09-24 08:17;7860.0;7671.04;SPXW  260924C07860000;0.05;0.1
2026-09-24 08:17;7865.0;7671.04;SPXW  260924C07865000;0.05;0.1
2026-09-24 08:17;7870.0;7671.04;SPXW  260924C07870000;0.0;0.05
2026-09-24 08:17;7875.0;7671.04;SPXW  260924C07875000;0.0;0.05
2026-09-24 08:17;7880.0;7671.04;SPXW  260924C07880000;0.0;0.05
2026-09-24 08:17;7885.0;7671.04;SPXW  260924C07885000;0.0;0.05
2026-09-24 08:17;7890.0;7671.04;SPXW  260924C07890000;0.0;0.05
2026-09-24 08:17;7895.0;7671.04;SPXW  260924C07895000;0.0;0.05
2026-09-24 08:17;7900.0;7671.04;SPXW  260924C07900000;0.0;0.05
2026-09-24 08:17;7905.0;7671.04;SPXW  260924C07905000;0.0;0.05
2026-09-24 08:17;7910.0;7671.04;SPXW  260924C07910000;0.0;0.05
2026-09-24 08:17;7915.0;7671.04;SPXW  260924C07915000;0.0;0.05
2026-09-24 08:17;7920.0;7671.04;SPXW  260924C07920000;0.0;0.05
2026-09-24 08:17;7425.0;7671.04;SPXW  260924P07425000;0.05;0.1
2026-09-24 08:17;7430.0;7671.04;SPXW  260924P07430000;0.05;0.1
2026-09-24 08:17;7435.0;7671.04;SPXW  260924P07435000;0.05;0.1
2026-09-24 08:17;7440.0;7671.04;SPXW  260924P07440000;0.05;0.1
2026-09-24 08:17;7445.0;7671.04;SPXW  260924P07445000;0.05;0.1
2026-09-24 08:17;7450.0;7671.04;SPXW  260924P07450000;0.05;0.1
2026-09-24 08:17;7455.0;7671.04;SPXW  260924P07455000;0.1;0.15
2026-09-24 08:17;7460.0;7671.04;SPXW  260924P07460000;0.1;0.15
2026-09-24 08:17;7465.0;7671.04;SPXW  260924P07465000;0.1;0.15
2026-09-24 08:17;7470.0;7671.04;SPXW  260924P07470000;0.1;0.15
2026-09-24 08:17;7475.0;7671.04;SPXW  260924P07475000;0.1;0.15
2026-09-24 08:17;7480.0;7671.04;SPXW  260924P07480000;0.1;0.15
2026-09-24 08:17;7485.0;7671.04;SPXW  260924P07485000;0.1;0.15
2026-09-24 08:17;7490.0;7671.04;SPXW  260924P07490000;0.1;0.15
2026-09-24 08:17;7495.0;7671.04;SPXW  260924P07495000;0.1;0.15
2026-09-24 08:17;7500.0;7671.04;SPXW  260924P07500000;0.1;0.15
2026-09-24 08:17;7505.0;7671.04;SPXW  260924P07505000;0.1;0.15
2026-09-24 08:17;7510.0;7671.04;SPXW  260924P07510000;0.1;0.15
2026-09-24 08:17;7515.0;7671.04;SPXW  260924P07515000;0.1;0.2
2026-09-24 08:17;7520.0;7671.04;SPXW  260924P07520000;0.15;0.2
2026-09-24 08:17;7525.0;7671.04;SPXW  260924P07525000;0.15;0.2
2026-09-24 08:17;7530.0;7671.04;SPXW  260924P07530000;0.15;0.2
2026-09-24 08:17;7535.0;7671.04;SPXW  260924P07535000;0.15;0.2
2026-09-24 08:17;7540.0;7671.04;SPXW  260924P07540000;0.15;0.2
2026-09-24 08:17;7545.0;7671.04;SPXW  260924P07545000;0.2;0.25
2026-09-24 08:17;7550.0;7671.04;SPXW  260924P07550000;0.2;0.25
2026-09-24 08:17;7555.0;7671.04;SPXW  260924P07555000;0.2;0.25
2026-09-24 08:17;7560.0;7671.04;SPXW  260924P07560000;0.2;0.25
2026-09-24 08:17;7565.0;7671.04;SPXW  260924P07565000;0.25;0.3
2026-09-24 08:17;7570.0;7671.04;SPXW  260924P07570000;0.25;0.3
2026-09-24 08:17;7575.0;7671.04;SPXW  260924P07575000;0.3;0.35
2026-09-24 08:17;7580.0;7671.04;SPXW  260924P07580000;0.3;0.35
2026-09-24 08:17;7585.0;7671.04;SPXW  260924P07585000;0.35;0.4
2026-09-24 08:17;7590.0;7671.04;SPXW  260924P07590000;0.45;0.5
2026-09-24 08:17;7595.0;7671.04;SPXW  260924P07595000;0.5;0.55
2026-09-24 08:17;7600.0;7671.04;SPXW  260924P07600000;0.6;0.65
2026-09-24 08:17;7605.0;7671.04;SPXW  260924P07605000;0.75;0.8
2026-09-24 08:17;7610.0;7671.04;SPXW  260924P07610000;0.9;0.95
2026-09-24 08:17;7615.0;7671.04;SPXW  260924P07615000;1.1;1.15
2026-09-24 08:17;7620.0;7671.04;SPXW  260924P07620000;1.35;1.4
2026-09-24 08:17;7625.0;7671.04;SPXW  260924P07625000;1.65;1.7
2026-09-24 08:17;7630.0;7671.04;SPXW  260924P07630000;2.05;2.1
2026-09-24 08:17;7635.0;7671.04;SPXW  260924P07635000;2.55;2.6
2026-09-24 08:17;7640.0;7671.04;SPXW  260924P07640000;3.1;3.2
2026-09-24 08:17;7645.0;7671.04;SPXW  260924P07645000;3.9;4.0
2026-09-24 08:17;7650.0;7671.04;SPXW  260924P07650000;4.8;5.0
2026-09-24 08:17;7655.0;7671.04;SPXW  260924P07655000;6.0;6.1
2026-09-24 08:17;7660.0;7671.04;SPXW  260924P07660000;7.5;7.6
2026-09-24 08:17;7665.0;7671.04;SPXW  260924P07665000;9.2;9.4
2026-09-24 08:17;7670.0;7671.04;SPXW  260924P07670000;11.3;11.5
2026-09-24 08:17;7675.0;7671.04;SPXW  260924P07675000;13.8;13.9
2026-09-24 08:17;7680.0;7671.04;SPXW  260924P07680000;16.7;16.8
2026-09-24 08:17;7685.0;7671.04;SPXW  260924P07685000;19.9;20.1
2026-09-24 08:17;7690.0;7671.04;SPXW  260924P07690000;23.5;23.8
2026-09-24 08:17;7695.0;7671.04;SPXW  260924P07695000;27.5;27.7
2026-09-24 08:17;7700.0;7671.04;SPXW  260924P07700000;31.7;31.9
2026-09-24 08:17;7705.0;7671.04;SPXW  260924P07705000;36.1;36.4
2026-09-24 08:17;7710.0;7671.04;SPXW  260924P07710000;40.7;41.1
2026-09-24 08:17;7715.0;7671.04;SPXW  260924P07715000;45.4;45.8
2026-09-24 08:17;7720.0;7671.04;SPXW  260924P07720000;50.2;50.6
2026-09-24 08:17;7725.0;7671.04;SPXW  260924P07725000;55.1;55.5
2026-09-24 08:17;7730.0;7671.04;SPXW  260924P07730000;60.0;60.4
2026-09-24 08:17;7735.0;7671.04;SPXW  260924P07735000;64.9;65.3
2026-09-24 08:17;7740.0;7671.04;SPXW  260924P07740000;69.9;70.3
2026-09-24 08:17;7745.0;7671.04;SPXW  260924P07745000;74.9;75.3
2026-09-24 08:17;7750.0;7671.04;SPXW  260924P07750000;79.8;80.2
2026-09-24 08:17;7755.0;7671.04;SPXW  260924P07755000;84.4;85.3
2026-09-24 08:17;7760.0;7671.04;SPXW  260924P07760000;89.4;90.3
2026-09-24 08:17;7765.0;7671.04;SPXW  260924P07765000;94.4;95.3
2026-09-24 08:17;7770.0;7671.04;SPXW  260924P07770000;99.4;100.3
2026-09-24 08:17;7775.0;7671.04;SPXW  260924P07775000;104.2;105.7
2026-09-24 08:17;7780.0;7671.04;SPXW  260924P07780000;109.2;110.7
2026-09-24 08:17;7785.0;7671.04;SPXW  260924P07785000;114.2;115.7
2026-09-24 08:17;7790.0;7671.04;SPXW  260924P07790000;119.2;120.7
2026-09-24 08:17;7795.0;7671.04;SPXW  260924P07795000;124.2;125.6
2026-09-24 08:17;7800.0;7671.04;SPXW  260924P07800000;129.2;130.6
2026-09-24 08:17;7805.0;7671.04;SPXW  260924P07805000;134.2;135.6
2026-09-24 08:17;7810.0;7671.04;SPXW  260924P07810000;139.2;140.6
2026-09-24 08:17;7815.0;7671.04;SPXW  260924P07815000;144.2;145.6
2026-09-24 08:17;7820.0;7671.04;SPXW  260924P07820000;149.2;150.6
2026-09-24 08:17;7825.0;7671.04;SPXW  260924P07825000;154.2;155.6
2026-09-24 08:17;7830.0;7671.04;SPXW  260924P07830000;159.2;160.6
2026-09-24 08:17;7835.0;7671.04;SPXW  260924P07835000;164.2;165.6
2026-09-24 08:17;7840.0;7671.04;SPXW  260924P07840000;169.2;170.6
2026-09-24 08:17;7845.0;7671.04;SPXW  260924P07845000;170.7;178.7
2026-09-24 08:17;7850.0;7671.04;SPXW  260924P07850000;179.2;180.6
2026-09-24 08:17;7855.0;7671.04;SPXW  260924P07855000;180.7;188.7
2026-09-24 08:17;7860.0;7671.04;SPXW  260924P07860000;185.7;193.7
2026-09-24 08:17;7865.0;7671.04;SPXW  260924P07865000;190.7;198.7
2026-09-24 08:17;7870.0;7671.04;SPXW  260924P07870000;199.1;200.6
2026-09-24 08:17;7875.0;7671.04;SPXW  260924P07875000;198.5;212.1
2026-09-24 08:17;7880.0;7671.04;SPXW  260924P07880000;203.5;217.1
2026-09-24 08:17;7885.0;7671.04;SPXW  260924P07885000;208.3;221.9
2026-09-24 08:17;7890.0;7671.04;SPXW  260924P07890000;213.3;230.0
2026-09-24 08:17;7895.0;7671.04;SPXW  260924P07895000;218.3;235.6
2026-09-24 08:17;7900.0;7671.04;SPXW  260924P07900000;229.1;230.6
2026-09-24 08:17;7905.0;7671.04;SPXW  260924P07905000;228.3;245.4
2026-09-24 08:17;7910.0;7671.04;SPXW  260924P07910000;233.3;250.6
2026-09-24 08:17;7915.0;7671.04;SPXW  260924P07915000;238.3;256.0
2026-09-24 08:17;7920.0;7671.04;SPXW  260924P07920000;240.8;260.8
2026-09-24 08:21;7420.0;7668.73;SPXW  260924C07420000;248.1;248.9
2026-09-24 08:21;7425.0;7668.73;SPXW  260924C07425000;243.1;243.9
2026-09-24 08:21;7430.0;7668.73;SPXW  260924C07430000;238.1;238.9
2026-09-24 08:21;7435.0;7668.73;SPXW  260924C07435000;233.1;233.9
2026-09-24 08:21;7440.0;7668.73;SPXW  260924C07440000;228.1;228.9
2026-09-24 08:21;7445.0;7668.73;SPXW  260924C07445000;223.1;223.9
2026-09-24 08:21;7450.0;7668.73;SPXW  260924C07450000;218.1;218.9
2026-09-24 08:21;7455.0;7668.73;SPXW  260924C07455000;213.1;213.9
2026-09-24 08:21;7460.0;7668.73;SPXW  260924C07460000;208.1;208.9
2026-09-24 08:21;7465.0;7668.73;SPXW  260924C07465000;203.2;203.9
2026-09-24 08:21;7470.0;7668.73;SPXW  260924C07470000;198.2;198.9
2026-09-24 08:21;7475.0;7668.73;SPXW  260924C07475000;193.2;193.9
2026-09-24 08:21;7480.0;7668.73;SPXW  260924C07480000;188.2;188.9
2026-09-24 08:21;7485.0;7668.73;SPXW  260924C07485000;183.2;183.9
2026-09-24 08:21;7490.0;7668.73;SPXW  260924C07490000;178.2;178.9
2026-09-24 08:21;7495.0;7668.73;SPXW  260924C07495000;173.2;174.0
2026-09-24 08:21;7500.0;7668.73;SPXW  260924C07500000;168.2;169.0
2026-09-24 08:21;7505.0;7668.73;SPXW  260924C07505000;163.2;164.0
2026-09-24 08:21;7510.0;7668.73;SPXW  260924C07510000;158.2;159.0
2026-09-24 08:21;7515.0;7668.73;SPXW  260924C07515000;153.2;154.0
2026-09-24 08:21;7520.0;7668.73;SPXW  260924C07520000;148.1;149.0
2026-09-24 08:21;7525.0;7668.73;SPXW  260924C07525000;143.4;144.0
2026-09-24 08:21;7530.0;7668.73;SPXW  260924C07530000;138.4;139.0
2026-09-24 08:21;7535.0;7668.73;SPXW  260924C07535000;133.4;134.0
2026-09-24 08:21;7540.0;7668.73;SPXW  260924C07540000;128.4;129.0
2026-09-24 08:21;7545.0;7668.73;SPXW  260924C07545000;123.4;124.0
2026-09-24 08:21;7550.0;7668.73;SPXW  260924C07550000;118.4;119.0
2026-09-24 08:21;7555.0;7668.73;SPXW  260924C07555000;113.4;114.0
2026-09-24 08:21;7560.0;7668.73;SPXW  260924C07560000;108.4;109.1
2026-09-24 08:21;7565.0;7668.73;SPXW  260924C07565000;103.5;104.1
2026-09-24 08:21;7570.0;7668.73;SPXW  260924C07570000;98.5;99.1
2026-09-24 08:21;7575.0;7668.73;SPXW  260924C07575000;93.5;94.1
2026-09-24 08:21;7580.0;7668.73;SPXW  260924C07580000;88.6;89.2
2026-09-24 08:21;7585.0;7668.73;SPXW  260924C07585000;83.6;84.2
2026-09-24 08:21;7590.0;7668.73;SPXW  260924C07590000;78.7;79.3
2026-09-24 08:21;7595.0;7668.73;SPXW  260924C07595000;73.8;74.4
2026-09-24 08:21;7600.0;7668.73;SPXW  260924C07600000;68.9;69.5
2026-09-24 08:21;7605.0;7668.73;SPXW  260924C07605000;64.0;64.5
2026-09-24 08:21;7610.0;7668.73;SPXW  260924C07610000;59.2;59.3
2026-09-24 08:21;7615.0;7668.73;SPXW  260924C07615000;54.4;54.6
2026-09-24 08:21;7620.0;7668.73;SPXW  260924C07620000;49.7;49.8
2026-09-24 08:21;7625.0;7668.73;SPXW  260924C07625000;45.1;45.2
2026-09-24 08:21;7630.0;7668.73;SPXW  260924C07630000;40.5;40.6
2026-09-24 08:21;7635.0;7668.73;SPXW  260924C07635000;36.0;36.2
2026-09-24 08:21;7640.0;7668.73;SPXW  260924C07640000;31.7;31.9
2026-09-24 08:21;7645.0;7668.73;SPXW  260924C07645000;27.5;27.7
2026-09-24 08:21;7650.0;7668.73;SPXW  260924C07650000;23.6;23.8
2026-09-24 08:21;7655.0;7668.73;SPXW  260924C07655000;19.9;20.0
2026-09-24 08:21;7660.0;7668.73;SPXW  260924C07660000;16.5;16.6
2026-09-24 08:21;7665.0;7668.73;SPXW  260924C07665000;13.3;13.5
2026-09-24 08:21;7670.0;7668.73;SPXW  260924C07670000;10.6;10.7
2026-09-24 08:21;7675.0;7668.73;SPXW  260924C07675000;8.2;8.3
2026-09-24 08:21;7680.0;7668.73;SPXW  260924C07680000;6.2;6.3
2026-09-24 08:21;7685.0;7668.73;SPXW  260924C07685000;4.6;4.7
2026-09-24 08:21;7690.0;7668.73;SPXW  260924C07690000;3.3;3.4
2026-09-24 08:21;7695.0;7668.73;SPXW  260924C07695000;2.35;2.4
2026-09-24 08:21;7700.0;7668.73;SPXW  260924C07700000;1.65;1.7
2026-09-24 08:21;7705.0;7668.73;SPXW  260924C07705000;1.2;1.25
2026-09-24 08:21;7710.0;7668.73;SPXW  260924C07710000;0.85;0.9
2026-09-24 08:21;7715.0;7668.73;SPXW  260924C07715000;0.6;0.65
2026-09-24 08:21;7720.0;7668.73;SPXW  260924C07720000;0.45;0.5
2026-09-24 08:21;7725.0;7668.73;SPXW  260924C07725000;0.35;0.4
2026-09-24 08:21;7730.0;7668.73;SPXW  260924C07730000;0.25;0.35
2026-09-24 08:21;7735.0;7668.73;SPXW  260924C07735000;0.2;0.25
2026-09-24 08:21;7740.0;7668.73;SPXW  260924C07740000;0.2;0.25
2026-09-24 08:21;7745.0;7668.73;SPXW  260924C07745000;0.15;0.2
2026-09-24 08:21;7750.0;7668.73;SPXW  260924C07750000;0.15;0.2
2026-09-24 08:21;7755.0;7668.73;SPXW  260924C07755000;0.1;0.15
2026-09-24 08:21;7760.0;7668.73;SPXW  260924C07760000;0.1;0.15
2026-09-24 08:21;7765.0;7668.73;SPXW  260924C07765000;0.1;0.15
2026-09-24 08:21;7770.0;7668.73;SPXW  260924C07770000;0.1;0.15
2026-09-24 08:21;7775.0;7668.73;SPXW  260924C07775000;0.1;0.15
2026-09-24 08:21;7780.0;7668.73;SPXW  260924C07780000;0.05;0.1
2026-09-24 08:21;7785.0;7668.73;SPXW  260924C07785000;0.05;0.15
2026-09-24 08:21;7790.0;7668.73;SPXW  260924C07790000;0.05;0.15
2026-09-24 08:21;7795.0;7668.73;SPXW  260924C07795000;0.05;0.1
2026-09-24 08:21;7800.0;7668.73;SPXW  260924C07800000;0.05;0.1
2026-09-24 08:21;7805.0;7668.73;SPXW  260924C07805000;0.05;0.1
2026-09-24 08:21;7810.0;7668.73;SPXW  260924C07810000;0.05;0.1
2026-09-24 08:21;7815.0;7668.73;SPXW  260924C07815000;0.05;0.1
2026-09-24 08:21;7820.0;7668.73;SPXW  260924C07820000;0.05;0.1
2026-09-24 08:21;7825.0;7668.73;SPXW  260924C07825000;0.05;0.1
2026-09-24 08:21;7830.0;7668.73;SPXW  260924C07830000;0.05;0.1
2026-09-24 08:21;7835.0;7668.73;SPXW  260924C07835000;0.05;0.1
2026-09-24 08:21;7840.0;7668.73;SPXW  260924C07840000;0.05;0.1
2026-09-24 08:21;7845.0;7668.73;SPXW  260924C07845000;0.05;0.1
2026-09-24 08:21;7850.0;7668.73;SPXW  260924C07850000;0.05;0.1
2026-09-24 08:21;7855.0;7668.73;SPXW  260924C07855000;0.05;0.1
2026-09-24 08:21;7860.0;7668.73;SPXW  260924C07860000;0.05;0.1
2026-09-24 08:21;7865.0;7668.73;SPXW  260924C07865000;0.05;0.1
2026-09-24 08:21;7870.0;7668.73;SPXW  260924C07870000;0.0;0.05
2026-09-24 08:21;7875.0;7668.73;SPXW  260924C07875000;0.0;0.05
2026-09-24 08:21;7880.0;7668.73;SPXW  260924C07880000;0.0;0.05
2026-09-24 08:21;7885.0;7668.73;SPXW  260924C07885000;0.0;0.05
2026-09-24 08:21;7890.0;7668.73;SPXW  260924C07890000;0.0;0.05
2026-09-24 08:21;7895.0;7668.73;SPXW  260924C07895000;0.0;0.05
2026-09-24 08:21;7900.0;7668.73;SPXW  260924C07900000;0.0;0.05
2026-09-24 08:21;7905.0;7668.73;SPXW  260924C07905000;0.0;0.05
2026-09-24 08:21;7910.0;7668.73;SPXW  260924C07910000;0.0;0.05
2026-09-24 08:21;7915.0;7668.73;SPXW  260924C07915000;0.0;0.05
2026-09-24 08:21;7420.0;7668.73;SPXW  260924P07420000;0.05;0.1
2026-09-24 08:21;7425.0;7668.73;SPXW  260924P07425000;0.05;0.1
2026-09-24 08:21;7430.0;7668.73;SPXW  260924P07430000;0.05;0.1
2026-09-24 08:21;7435.0;7668.73;SPXW  260924P07435000;0.05;0.1
2026-09-24 08:21;7440.0;7668.73;SPXW  260924P07440000;0.05;0.1
2026-09-24 08:21;7445.0;7668.73;SPXW  260924P07445000;0.05;0.1
2026-09-24 08:21;7450.0;7668.73;SPXW  260924P07450000;0.05;0.1
2026-09-24 08:21;7455.0;7668.73;SPXW  260924P07455000;0.05;0.1
2026-09-24 08:21;7460.0;7668.73;SPXW  260924P07460000;0.05;0.15
2026-09-24 08:21;7465.0;7668.73;SPXW  260924P07465000;0.1;0.15
2026-09-24 08:21;7470.0;7668.73;SPXW  260924P07470000;0.1;0.15
2026-09-24 08:21;7475.0;7668.73;SPXW  260924P07475000;0.1;0.15
2026-09-24 08:21;7480.0;7668.73;SPXW  260924P07480000;0.1;0.15
2026-09-24 08:21;7485.0;7668.73;SPXW  260924P07485000;0.1;0.15
2026-09-24 08:21;7490.0;7668.73;SPXW  260924P07490000;0.1;0.15
2026-09-24 08:21;7495.0;7668.73;SPXW  260924P07495000;0.1;0.15
2026-09-24 08:21;7500.0;7668.73;SPXW  260924P07500000;0.1;0.15
2026-09-24 08:21;7505.0;7668.73;SPXW  260924P07505000;0.1;0.15
2026-09-24 08:21;7510.0;7668.73;SPXW  260924P07510000;0.1;0.2
2026-09-24 08:21;7515.0;7668.73;SPXW  260924P07515000;0.1;0.2
2026-09-24 08:21;7520.0;7668.73;SPXW  260924P07520000;0.15;0.2
2026-09-24 08:21;7525.0;7668.73;SPXW  260924P07525000;0.15;0.2
2026-09-24 08:21;7530.0;7668.73;SPXW  260924P07530000;0.15;0.2
2026-09-24 08:21;7535.0;7668.73;SPXW  260924P07535000;0.15;0.2
2026-09-24 08:21;7540.0;7668.73;SPXW  260924P07540000;0.15;0.2
2026-09-24 08:21;7545.0;7668.73;SPXW  260924P07545000;0.2;0.25
2026-09-24 08:21;7550.0;7668.73;SPXW  260924P07550000;0.2;0.25
2026-09-24 08:21;7555.0;7668.73;SPXW  260924P07555000;0.2;0.25
2026-09-24 08:21;7560.0;7668.73;SPXW  260924P07560000;0.2;0.25
2026-09-24 08:21;7565.0;7668.73;SPXW  260924P07565000;0.25;0.3
2026-09-24 08:21;7570.0;7668.73;SPXW  260924P07570000;0.25;0.3
2026-09-24 08:21;7575.0;7668.73;SPXW  260924P07575000;0.3;0.35
2026-09-24 08:21;7580.0;7668.73;SPXW  260924P07580000;0.35;0.4
2026-09-24 08:21;7585.0;7668.73;SPXW  260924P07585000;0.4;0.45
2026-09-24 08:21;7590.0;7668.73;SPXW  260924P07590000;0.45;0.5
2026-09-24 08:21;7595.0;7668.73;SPXW  260924P07595000;0.55;0.6
2026-09-24 08:21;7600.0;7668.73;SPXW  260924P07600000;0.65;0.7
2026-09-24 08:21;7605.0;7668.73;SPXW  260924P07605000;0.75;0.85
2026-09-24 08:21;7610.0;7668.73;SPXW  260924P07610000;0.95;1.0
2026-09-24 08:21;7615.0;7668.73;SPXW  260924P07615000;1.15;1.2
2026-09-24 08:21;7620.0;7668.73;SPXW  260924P07620000;1.45;1.5
2026-09-24 08:21;7625.0;7668.73;SPXW  260924P07625000;1.8;1.85
2026-09-24 08:21;7630.0;7668.73;SPXW  260924P07630000;2.2;2.3
2026-09-24 08:21;7635.0;7668.73;SPXW  260924P07635000;2.75;2.85
2026-09-24 08:21;7640.0;7668.73;SPXW  260924P07640000;3.4;3.6
2026-09-24 08:21;7645.0;7668.73;SPXW  260924P07645000;4.3;4.4
2026-09-24 08:21;7650.0;7668.73;SPXW  260924P07650000;5.4;5.5
2026-09-24 08:21;7655.0;7668.73;SPXW  260924P07655000;6.6;6.8
2026-09-24 08:21;7660.0;7668.73;SPXW  260924P07660000;8.2;8.4
2026-09-24 08:21;7665.0;7668.73;SPXW  260924P07665000;10.1;10.3
2026-09-24 08:21;7670.0;7668.73;SPXW  260924P07670000;12.4;12.5
2026-09-24 08:21;7675.0;7668.73;SPXW  260924P07675000;15.0;15.2
2026-09-24 08:21;7680.0;7668.73;SPXW  260924P07680000;18.0;18.2
2026-09-24 08:21;7685.0;7668.73;SPXW  260924P07685000;21.4;21.6
2026-09-24 08:21;7690.0;7668.73;SPXW  260924P07690000;25.2;25.4
2026-09-24 08:21;7695.0;7668.73;SPXW  260924P07695000;29.2;29.4
2026-09-24 08:21;7700.0;7668.73;SPXW  260924P07700000;33.6;33.7
2026-09-24 08:21;7705.0;7668.73;SPXW  260924P07705000;38.0;38.3
2026-09-24 08:21;7710.0;7668.73;SPXW  260924P07710000;42.6;42.9
2026-09-24 08:21;7715.0;7668.73;SPXW  260924P07715000;47.4;47.7
2026-09-24 08:21;7720.0;7668.73;SPXW  260924P07720000;52.2;52.5
2026-09-24 08:21;7725.0;7668.73;SPXW  260924P07725000;57.0;57.4
2026-09-24 08:21;7730.0;7668.73;SPXW  260924P07730000;62.1;62.4
2026-09-24 08:21;7735.0;7668.73;SPXW  260924P07735000;67.0;67.3
2026-09-24 08:21;7740.0;7668.73;SPXW  260924P07740000;72.0;72.3
2026-09-24 08:21;7745.0;7668.73;SPXW  260924P07745000;77.0;77.2
2026-09-24 08:21;7750.0;7668.73;SPXW  260924P07750000;82.0;82.4
2026-09-24 08:21;7755.0;7668.73;SPXW  260924P07755000;86.4;87.4
2026-09-24 08:21;7760.0;7668.73;SPXW  260924P07760000;91.4;92.4
2026-09-24 08:21;7765.0;7668.73;SPXW  260924P07765000;96.4;97.4
2026-09-24 08:21;7770.0;7668.73;SPXW  260924P07770000;101.4;106.3
2026-09-24 08:21;7775.0;7668.73;SPXW  260924P07775000;106.4;110.8
2026-09-24 08:21;7780.0;7668.73;SPXW  260924P07780000;111.4;115.8
2026-09-24 08:21;7785.0;7668.73;SPXW  260924P07785000;116.3;122.2
2026-09-24 08:21;7790.0;7668.73;SPXW  260924P07790000;121.3;125.8
2026-09-24 08:21;7795.0;7668.73;SPXW  260924P07795000;126.3;130.8
2026-09-24 08:21;7800.0;7668.73;SPXW  260924P07800000;131.3;136.8
2026-09-24 08:21;7805.0;7668.73;SPXW  260924P07805000;136.3;140.8
2026-09-24 08:21;7810.0;7668.73;SPXW  260924P07810000;141.3;145.8
2026-09-24 08:21;7815.0;7668.73;SPXW  260924P07815000;146.3;152.5
2026-09-24 08:21;7820.0;7668.73;SPXW  260924P07820000;151.3;155.8
2026-09-24 08:21;7825.0;7668.73;SPXW  260924P07825000;156.3;160.8
2026-09-24 08:21;7830.0;7668.73;SPXW  260924P07830000;157.6;165.6
2026-09-24 08:21;7835.0;7668.73;SPXW  260924P07835000;163.3;170.6
2026-09-24 08:21;7840.0;7668.73;SPXW  260924P07840000;168.3;175.6
2026-09-24 08:21;7845.0;7668.73;SPXW  260924P07845000;172.6;180.8
2026-09-24 08:21;7850.0;7668.73;SPXW  260924P07850000;181.3;185.8
2026-09-24 08:21;7855.0;7668.73;SPXW  260924P07855000;183.3;190.6
2026-09-24 08:21;7860.0;7668.73;SPXW  260924P07860000;187.7;195.8
2026-09-24 08:21;7865.0;7668.73;SPXW  260924P07865000;192.6;200.6
2026-09-24 08:21;7870.0;7668.73;SPXW  260924P07870000;200.8;209.1
2026-09-24 08:21;7875.0;7668.73;SPXW  260924P07875000;200.8;214.1
2026-09-24 08:21;7880.0;7668.73;SPXW  260924P07880000;206.0;219.5
2026-09-24 08:21;7885.0;7668.73;SPXW  260924P07885000;210.3;224.0
2026-09-24 08:21;7890.0;7668.73;SPXW  260924P07890000;220.8;232.4
2026-09-24 08:21;7895.0;7668.73;SPXW  260924P07895000;218.6;237.4
2026-09-24 08:21;7900.0;7668.73;SPXW  260924P07900000;231.3;242.8
2026-09-24 08:21;7905.0;7668.73;SPXW  260924P07905000;228.3;247.4
2026-09-24 08:21;7910.0;7668.73;SPXW  260924P07910000;233.6;252.4
2026-09-24 08:21;7915.0;7668.73;SPXW  260924P07915000;238.3;257.8
2026-09-24 08:25;7420.0;7669.66;SPXW  260924C07420000;248.5;249.3
2026-09-24 08:25;7425.0;7669.66;SPXW  260924C07425000;243.5;244.3
2026-09-24 08:25;7430.0;7669.66;SPXW  260924C07430000;238.5;239.3
2026-09-24 08:25;7435.0;7669.66;SPXW  260924C07435000;233.5;234.3
2026-09-24 08:25;7440.0;7669.66;SPXW  260924C07440000;228.5;229.3
2026-09-24 08:25;7445.0;7669.66;SPXW  260924C07445000;223.5;224.3
2026-09-24 08:25;7450.0;7669.66;SPXW  260924C07450000;218.5;219.3
2026-09-24 08:25;7455.0;7669.66;SPXW  260924C07455000;213.5;214.3
2026-09-24 08:25;7460.0;7669.66;SPXW  260924C07460000;208.5;209.3
2026-09-24 08:25;7465.0;7669.66;SPXW  260924C07465000;203.5;204.4
2026-09-24 08:25;7470.0;7669.66;SPXW  260924C07470000;198.5;199.4
2026-09-24 08:25;7475.0;7669.66;SPXW  260924C07475000;193.5;194.4
2026-09-24 08:25;7480.0;7669.66;SPXW  260924C07480000;188.5;189.4
2026-09-24 08:25;7485.0;7669.66;SPXW  260924C07485000;183.5;184.4
2026-09-24 08:25;7490.0;7669.66;SPXW  260924C07490000;178.5;179.4
2026-09-24 08:25;7495.0;7669.66;SPXW  260924C07495000;173.5;174.4
2026-09-24 08:25;7500.0;7669.66;SPXW  260924C07500000;168.6;169.4
2026-09-24 08:25;7505.0;7669.66;SPXW  260924C07505000;163.6;164.4
2026-09-24 08:25;7510.0;7669.66;SPXW  260924C07510000;158.6;159.4
2026-09-24 08:25;7515.0;7669.66;SPXW  260924C07515000;153.6;154.4
2026-09-24 08:25;7520.0;7669.66;SPXW  260924C07520000;148.6;149.4
2026-09-24 08:25;7525.0;7669.66;SPXW  260924C07525000;143.6;144.4
2026-09-24 08:25;7530.0;7669.66;SPXW  260924C07530000;138.6;139.4
2026-09-24 08:25;7535.0;7669.66;SPXW  260924C07535000;133.8;134.2
2026-09-24 08:25;7540.0;7669.66;SPXW  260924C07540000;128.8;129.2
2026-09-24 08:25;7545.0;7669.66;SPXW  260924C07545000;123.8;124.2
2026-09-24 08:25;7550.0;7669.66;SPXW  260924C07550000;118.9;119.2
2026-09-24 08:25;7555.0;7669.66;SPXW  260924C07555000;113.9;114.2
2026-09-24 08:25;7560.0;7669.66;SPXW  260924C07560000;108.9;109.2
2026-09-24 08:25;7565.0;7669.66;SPXW  260924C07565000;103.9;104.3
2026-09-24 08:25;7570.0;7669.66;SPXW  260924C07570000;98.9;99.3
2026-09-24 08:25;7575.0;7669.66;SPXW  260924C07575000;94.0;94.3
2026-09-24 08:25;7580.0;7669.66;SPXW  260924C07580000;89.0;89.3
2026-09-24 08:25;7585.0;7669.66;SPXW  260924C07585000;84.1;84.4
2026-09-24 08:25;7590.0;7669.66;SPXW  260924C07590000;79.1;79.5
2026-09-24 08:25;7595.0;7669.66;SPXW  260924C07595000;74.2;74.5
2026-09-24 08:25;7600.0;7669.66;SPXW  260924C07600000;69.3;69.6
2026-09-24 08:25;7605.0;7669.66;SPXW  260924C07605000;64.4;64.8
2026-09-24 08:25;7610.0;7669.66;SPXW  260924C07610000;59.6;59.9
2026-09-24 08:25;7615.0;7669.66;SPXW  260924C07615000;54.9;55.1
2026-09-24 08:25;7620.0;7669.66;SPXW  260924C07620000;50.1;50.3
2026-09-24 08:25;7625.0;7669.66;SPXW  260924C07625000;45.5;45.7
2026-09-24 08:25;7630.0;7669.66;SPXW  260924C07630000;40.9;41.1
2026-09-24 08:25;7635.0;7669.66;SPXW  260924C07635000;36.4;36.6
2026-09-24 08:25;7640.0;7669.66;SPXW  260924C07640000;32.1;32.3
2026-09-24 08:25;7645.0;7669.66;SPXW  260924C07645000;27.9;28.1
2026-09-24 08:25;7650.0;7669.66;SPXW  260924C07650000;23.9;24.1
2026-09-24 08:25;7655.0;7669.66;SPXW  260924C07655000;20.1;20.3
2026-09-24 08:25;7660.0;7669.66;SPXW  260924C07660000;16.7;16.8
2026-09-24 08:25;7665.0;7669.66;SPXW  260924C07665000;13.5;13.6
2026-09-24 08:25;7670.0;7669.66;SPXW  260924C07670000;10.7;10.8
2026-09-24 08:25;7675.0;7669.66;SPXW  260924C07675000;8.2;8.4
2026-09-24 08:25;7680.0;7669.66;SPXW  260924C07680000;6.2;6.3
2026-09-24 08:25;7685.0;7669.66;SPXW  260924C07685000;4.5;4.7
2026-09-24 08:25;7690.0;7669.66;SPXW  260924C07690000;3.3;3.4
2026-09-24 08:25;7695.0;7669.66;SPXW  260924C07695000;2.3;2.4
2026-09-24 08:25;7700.0;7669.66;SPXW  260924C07700000;1.65;1.7
2026-09-24 08:25;7705.0;7669.66;SPXW  260924C07705000;1.15;1.2
2026-09-24 08:25;7710.0;7669.66;SPXW  260924C07710000;0.8;0.85
2026-09-24 08:25;7715.0;7669.66;SPXW  260924C07715000;0.6;0.65
2026-09-24 08:25;7720.0;7669.66;SPXW  260924C07720000;0.45;0.5
2026-09-24 08:25;7725.0;7669.66;SPXW  260924C07725000;0.35;0.4
2026-09-24 08:25;7730.0;7669.66;SPXW  260924C07730000;0.25;0.35
2026-09-24 08:25;7735.0;7669.66;SPXW  260924C07735000;0.25;0.3
2026-09-24 08:25;7740.0;7669.66;SPXW  260924C07740000;0.2;0.25
2026-09-24 08:25;7745.0;7669.66;SPXW  260924C07745000;0.15;0.2
2026-09-24 08:25;7750.0;7669.66;SPXW  260924C07750000;0.15;0.2
2026-09-24 08:25;7755.0;7669.66;SPXW  260924C07755000;0.15;0.2
2026-09-24 08:25;7760.0;7669.66;SPXW  260924C07760000;0.1;0.15
2026-09-24 08:25;7765.0;7669.66;SPXW  260924C07765000;0.1;0.15
2026-09-24 08:25;7770.0;7669.66;SPXW  260924C07770000;0.1;0.15
2026-09-24 08:25;7775.0;7669.66;SPXW  260924C07775000;0.1;0.15
2026-09-24 08:25;7780.0;7669.66;SPXW  260924C07780000;0.1;0.15
2026-09-24 08:25;7785.0;7669.66;SPXW  260924C07785000;0.05;0.1
2026-09-24 08:25;7790.0;7669.66;SPXW  260924C07790000;0.05;0.1
2026-09-24 08:25;7795.0;7669.66;SPXW  260924C07795000;0.05;0.1
2026-09-24 08:25;7800.0;7669.66;SPXW  260924C07800000;0.05;0.1
2026-09-24 08:25;7805.0;7669.66;SPXW  260924C07805000;0.05;0.1
2026-09-24 08:25;7810.0;7669.66;SPXW  260924C07810000;0.05;0.1
2026-09-24 08:25;7815.0;7669.66;SPXW  260924C07815000;0.05;0.1
2026-09-24 08:25;7820.0;7669.66;SPXW  260924C07820000;0.05;0.1
2026-09-24 08:25;7825.0;7669.66;SPXW  260924C07825000;0.05;0.1
2026-09-24 08:25;7830.0;7669.66;SPXW  260924C07830000;0.05;0.1
2026-09-24 08:25;7835.0;7669.66;SPXW  260924C07835000;0.05;0.1
2026-09-24 08:25;7840.0;7669.66;SPXW  260924C07840000;0.05;0.1
2026-09-24 08:25;7845.0;7669.66;SPXW  260924C07845000;0.05;0.1
2026-09-24 08:25;7850.0;7669.66;SPXW  260924C07850000;0.05;0.1
2026-09-24 08:25;7855.0;7669.66;SPXW  260924C07855000;0.05;0.1
2026-09-24 08:25;7860.0;7669.66;SPXW  260924C07860000;0.05;0.1
2026-09-24 08:25;7865.0;7669.66;SPXW  260924C07865000;0.05;0.1
2026-09-24 08:25;7870.0;7669.66;SPXW  260924C07870000;0.0;0.1
2026-09-24 08:25;7875.0;7669.66;SPXW  260924C07875000;0.0;0.1
2026-09-24 08:25;7880.0;7669.66;SPXW  260924C07880000;0.0;0.05
2026-09-24 08:25;7885.0;7669.66;SPXW  260924C07885000;0.0;0.05
2026-09-24 08:25;7890.0;7669.66;SPXW  260924C07890000;0.0;0.05
2026-09-24 08:25;7895.0;7669.66;SPXW  260924C07895000;0.0;0.05
2026-09-24 08:25;7900.0;7669.66;SPXW  260924C07900000;0.0;0.05
2026-09-24 08:25;7905.0;7669.66;SPXW  260924C07905000;0.0;0.05
2026-09-24 08:25;7910.0;7669.66;SPXW  260924C07910000;0.0;0.05
2026-09-24 08:25;7915.0;7669.66;SPXW  260924C07915000;0.0;0.05
2026-09-24 08:25;7420.0;7669.66;SPXW  260924P07420000;0.05;0.1
2026-09-24 08:25;7425.0;7669.66;SPXW  260924P07425000;0.05;0.1
2026-09-24 08:25;7430.0;7669.66;SPXW  260924P07430000;0.05;0.1
2026-09-24 08:25;7435.0;7669.66;SPXW  260924P07435000;0.05;0.1
2026-09-24 08:25;7440.0;7669.66;SPXW  260924P07440000;0.05;0.1
2026-09-24 08:25;7445.0;7669.66;SPXW  260924P07445000;0.05;0.1
2026-09-24 08:25;7450.0;7669.66;SPXW  260924P07450000;0.05;0.1
2026-09-24 08:25;7455.0;7669.66;SPXW  260924P07455000;0.05;0.1
2026-09-24 08:25;7460.0;7669.66;SPXW  260924P07460000;0.05;0.15
2026-09-24 08:25;7465.0;7669.66;SPXW  260924P07465000;0.05;0.15
2026-09-24 08:25;7470.0;7669.66;SPXW  260924P07470000;0.05;0.15
2026-09-24 08:25;7475.0;7669.66;SPXW  260924P07475000;0.1;0.15
2026-09-24 08:25;7480.0;7669.66;SPXW  260924P07480000;0.1;0.15
2026-09-24 08:25;7485.0;7669.66;SPXW  260924P07485000;0.1;0.15
2026-09-24 08:25;7490.0;7669.66;SPXW  260924P07490000;0.1;0.15
2026-09-24 08:25;7495.0;7669.66;SPXW  260924P07495000;0.1;0.15
2026-09-24 08:25;7500.0;7669.66;SPXW  260924P07500000;0.1;0.15
2026-09-24 08:25;7505.0;7669.66;SPXW  260924P07505000;0.1;0.15
2026-09-24 08:25;7510.0;7669.66;SPXW  260924P07510000;0.1;0.15
2026-09-24 08:25;7515.0;7669.66;SPXW  260924P07515000;0.1;0.2
2026-09-24 08:25;7520.0;7669.66;SPXW  260924P07520000;0.1;0.2
2026-09-24 08:25;7525.0;7669.66;SPXW  260924P07525000;0.15;0.2
2026-09-24 08:25;7530.0;7669.66;SPXW  260924P07530000;0.15;0.2
2026-09-24 08:25;7535.0;7669.66;SPXW  260924P07535000;0.15;0.2
2026-09-24 08:25;7540.0;7669.66;SPXW  260924P07540000;0.15;0.2
2026-09-24 08:25;7545.0;7669.66;SPXW  260924P07545000;0.15;0.2
2026-09-24 08:25;7550.0;7669.66;SPXW  260924P07550000;0.2;0.25
2026-09-24 08:25;7555.0;7669.66;SPXW  260924P07555000;0.2;0.25
2026-09-24 08:25;7560.0;7669.66;SPXW  260924P07560000;0.2;0.25
2026-09-24 08:25;7565.0;7669.66;SPXW  260924P07565000;0.25;0.3
2026-09-24 08:25;7570.0;7669.66;SPXW  260924P07570000;0.25;0.3
2026-09-24 08:25;7575.0;7669.66;SPXW  260924P07575000;0.3;0.35
2026-09-24 08:25;7580.0;7669.66;SPXW  260924P07580000;0.35;0.4
2026-09-24 08:25;7585.0;7669.66;SPXW  260924P07585000;0.35;0.4
2026-09-24 08:25;7590.0;7669.66;SPXW  260924P07590000;0.45;0.5
2026-09-24 08:25;7595.0;7669.66;SPXW  260924P07595000;0.5;0.55
2026-09-24 08:25;7600.0;7669.66;SPXW  260924P07600000;0.6;0.65
2026-09-24 08:25;7605.0;7669.66;SPXW  260924P07605000;0.75;0.8
2026-09-24 08:25;7610.0;7669.66;SPXW  260924P07610000;0.9;0.95
2026-09-24 08:25;7615.0;7669.66;SPXW  260924P07615000;1.1;1.15
2026-09-24 08:25;7620.0;7669.66;SPXW  260924P07620000;1.35;1.4
2026-09-24 08:25;7625.0;7669.66;SPXW  260924P07625000;1.65;1.7
2026-09-24 08:25;7630.0;7669.66;SPXW  260924P07630000;2.1;2.15
2026-09-24 08:25;7635.0;7669.66;SPXW  260924P07635000;2.6;2.65
2026-09-24 08:25;7640.0;7669.66;SPXW  260924P07640000;3.2;3.3
2026-09-24 08:25;7645.0;7669.66;SPXW  260924P07645000;4.0;4.1
2026-09-24 08:25;7650.0;7669.66;SPXW  260924P07650000;5.0;5.1
2026-09-24 08:25;7655.0;7669.66;SPXW  260924P07655000;6.2;6.4
2026-09-24 08:25;7660.0;7669.66;SPXW  260924P07660000;7.7;7.9
2026-09-24 08:25;7665.0;7669.66;SPXW  260924P07665000;9.5;9.7
2026-09-24 08:25;7670.0;7669.66;SPXW  260924P07670000;11.7;11.8
2026-09-24 08:25;7675.0;7669.66;SPXW  260924P07675000;14.2;14.4
2026-09-24 08:25;7680.0;7669.66;SPXW  260924P07680000;17.1;17.3
2026-09-24 08:25;7685.0;7669.66;SPXW  260924P07685000;20.5;20.7
2026-09-24 08:25;7690.0;7669.66;SPXW  260924P07690000;24.2;24.4
2026-09-24 08:25;7695.0;7669.66;SPXW  260924P07695000;28.2;28.4
2026-09-24 08:25;7700.0;7669.66;SPXW  260924P07700000;32.5;32.7
2026-09-24 08:25;7705.0;7669.66;SPXW  260924P07705000;37.0;37.3
2026-09-24 08:25;7710.0;7669.66;SPXW  260924P07710000;41.7;42.0
2026-09-24 08:25;7715.0;7669.66;SPXW  260924P07715000;46.4;46.8
2026-09-24 08:25;7720.0;7669.66;SPXW  260924P07720000;51.3;51.6
2026-09-24 08:25;7725.0;7669.66;SPXW  260924P07725000;56.2;56.5
2026-09-24 08:25;7730.0;7669.66;SPXW  260924P07730000;61.1;61.4
2026-09-24 08:25;7735.0;7669.66;SPXW  260924P07735000;66.1;66.4
2026-09-24 08:25;7740.0;7669.66;SPXW  260924P07740000;71.0;71.4
2026-09-24 08:25;7745.0;7669.66;SPXW  260924P07745000;76.0;76.3
2026-09-24 08:25;7750.0;7669.66;SPXW  260924P07750000;81.0;81.3
2026-09-24 08:25;7755.0;7669.66;SPXW  260924P07755000;85.9;86.5
2026-09-24 08:25;7760.0;7669.66;SPXW  260924P07760000;90.9;91.5
2026-09-24 08:25;7765.0;7669.66;SPXW  260924P07765000;95.8;96.5
2026-09-24 08:25;7770.0;7669.66;SPXW  260924P07770000;100.5;101.7
2026-09-24 08:25;7775.0;7669.66;SPXW  260924P07775000;105.5;106.7
2026-09-24 08:25;7780.0;7669.66;SPXW  260924P07780000;110.5;111.7
2026-09-24 08:25;7785.0;7669.66;SPXW  260924P07785000;115.5;116.7
2026-09-24 08:25;7790.0;7669.66;SPXW  260924P07790000;120.5;121.7
2026-09-24 08:25;7795.0;7669.66;SPXW  260924P07795000;125.5;126.7
2026-09-24 08:25;7800.0;7669.66;SPXW  260924P07800000;130.4;131.7
2026-09-24 08:25;7805.0;7669.66;SPXW  260924P07805000;135.4;136.7
2026-09-24 08:25;7810.0;7669.66;SPXW  260924P07810000;140.4;141.7
2026-09-24 08:25;7815.0;7669.66;SPXW  260924P07815000;145.4;146.7
2026-09-24 08:25;7820.0;7669.66;SPXW  260924P07820000;150.4;151.7
2026-09-24 08:25;7825.0;7669.66;SPXW  260924P07825000;155.4;156.7
2026-09-24 08:25;7830.0;7669.66;SPXW  260924P07830000;157.5;164.0
2026-09-24 08:25;7835.0;7669.66;SPXW  260924P07835000;162.5;169.3
2026-09-24 08:25;7840.0;7669.66;SPXW  260924P07840000;167.5;174.3
2026-09-24 08:25;7845.0;7669.66;SPXW  260924P07845000;172.5;179.0
2026-09-24 08:25;7850.0;7669.66;SPXW  260924P07850000;180.4;181.7
2026-09-24 08:25;7855.0;7669.66;SPXW  260924P07855000;182.5;189.3
2026-09-24 08:25;7860.0;7669.66;SPXW  260924P07860000;187.5;194.3
2026-09-24 08:25;7865.0;7669.66;SPXW  260924P07865000;192.5;198.9
2026-09-24 08:25;7870.0;7669.66;SPXW  260924P07870000;200.4;201.6
2026-09-24 08:25;7875.0;7669.66;SPXW  260924P07875000;200.1;212.9
2026-09-24 08:25;7880.0;7669.66;SPXW  260924P07880000;204.7;217.3
2026-09-24 08:25;7885.0;7669.66;SPXW  260924P07885000;210.1;223.2
2026-09-24 08:25;7890.0;7669.66;SPXW  260924P07890000;220.4;221.6
2026-09-24 08:25;7895.0;7669.66;SPXW  260924P07895000;215.2;234.6
2026-09-24 08:25;7900.0;7669.66;SPXW  260924P07900000;230.4;231.6
2026-09-24 08:25;7905.0;7669.66;SPXW  260924P07905000;226.7;244.7
2026-09-24 08:25;7910.0;7669.66;SPXW  260924P07910000;230.2;249.8
2026-09-24 08:25;7915.0;7669.66;SPXW  260924P07915000;236.3;254.7
2026-09-24 08:30;7420.0;7666.32;SPXW  260924C07420000;245.4;246.0
2026-09-24 08:30;7425.0;7666.32;SPXW  260924C07425000;240.4;241.0
2026-09-24 08:30;7430.0;7666.32;SPXW  260924C07430000;235.4;236.0
2026-09-24 08:30;7435.0;7666.32;SPXW  260924C07435000;230.4;231.0
2026-09-24 08:30;7440.0;7666.32;SPXW  260924C07440000;225.4;226.0
2026-09-24 08:30;7445.0;7666.32;SPXW  260924C07445000;220.4;221.1
2026-09-24 08:30;7450.0;7666.32;SPXW  260924C07450000;215.4;216.1
2026-09-24 08:30;7455.0;7666.32;SPXW  260924C07455000;210.4;211.1
2026-09-24 08:30;7460.0;7666.32;SPXW  260924C07460000;205.4;206.0
2026-09-24 08:30;7465.0;7666.32;SPXW  260924C07465000;200.4;201.0
2026-09-24 08:30;7470.0;7666.32;SPXW  260924C07470000;195.4;196.0
2026-09-24 08:30;7475.0;7666.32;SPXW  260924C07475000;190.4;191.0
2026-09-24 08:30;7480.0;7666.32;SPXW  260924C07480000;185.4;186.1
2026-09-24 08:30;7485.0;7666.32;SPXW  260924C07485000;180.4;181.1
2026-09-24 08:30;7490.0;7666.32;SPXW  260924C07490000;175.4;176.1
2026-09-24 08:30;7495.0;7666.32;SPXW  260924C07495000;170.4;171.1
2026-09-24 08:30;7500.0;7666.32;SPXW  260924C07500000;165.4;166.1
2026-09-24 08:30;7505.0;7666.32;SPXW  260924C07505000;160.4;161.1
2026-09-24 08:30;7510.0;7666.32;SPXW  260924C07510000;155.4;156.1
2026-09-24 08:30;7515.0;7666.32;SPXW  260924C07515000;150.4;151.1
2026-09-24 08:30;7520.0;7666.32;SPXW  260924C07520000;145.4;146.1
2026-09-24 08:30;7525.0;7666.32;SPXW  260924C07525000;140.4;141.1
2026-09-24 08:30;7530.0;7666.32;SPXW  260924C07530000;135.4;136.1
2026-09-24 08:30;7535.0;7666.32;SPXW  260924C07535000;130.6;131.0
2026-09-24 08:30;7540.0;7666.32;SPXW  260924C07540000;125.6;126.0
2026-09-24 08:30;7545.0;7666.32;SPXW  260924C07545000;120.6;121.0
2026-09-24 08:30;7550.0;7666.32;SPXW  260924C07550000;115.7;116.0
2026-09-24 08:30;7555.0;7666.32;SPXW  260924C07555000;110.7;111.0
2026-09-24 08:30;7560.0;7666.32;SPXW  260924C07560000;105.7;106.0
2026-09-24 08:30;7565.0;7666.32;SPXW  260924C07565000;100.7;101.1
2026-09-24 08:30;7570.0;7666.32;SPXW  260924C07570000;95.7;96.1
2026-09-24 08:30;7575.0;7666.32;SPXW  260924C07575000;90.8;91.1
2026-09-24 08:30;7580.0;7666.32;SPXW  260924C07580000;85.8;86.2
2026-09-24 08:30;7585.0;7666.32;SPXW  260924C07585000;80.9;81.2
2026-09-24 08:30;7590.0;7666.32;SPXW  260924C07590000;75.9;76.3
2026-09-24 08:30;7595.0;7666.32;SPXW  260924C07595000;71.0;71.4
2026-09-24 08:30;7600.0;7666.32;SPXW  260924C07600000;66.1;66.5
2026-09-24 08:30;7605.0;7666.32;SPXW  260924C07605000;61.3;61.6
2026-09-24 08:30;7610.0;7666.32;SPXW  260924C07610000;56.5;56.8
2026-09-24 08:30;7615.0;7666.32;SPXW  260924C07615000;51.8;52.0
2026-09-24 08:30;7620.0;7666.32;SPXW  260924C07620000;47.1;47.3
2026-09-24 08:30;7625.0;7666.32;SPXW  260924C07625000;42.4;42.7
2026-09-24 08:30;7630.0;7666.32;SPXW  260924C07630000;37.9;38.2
2026-09-24 08:30;7635.0;7666.32;SPXW  260924C07635000;33.5;33.8
2026-09-24 08:30;7640.0;7666.32;SPXW  260924C07640000;29.3;29.5
2026-09-24 08:30;7645.0;7666.32;SPXW  260924C07645000;25.3;25.5
2026-09-24 08:30;7650.0;7666.32;SPXW  260924C07650000;21.5;21.7
2026-09-24 08:30;7655.0;7666.32;SPXW  260924C07655000;17.9;18.1
2026-09-24 08:30;7660.0;7666.32;SPXW  260924C07660000;14.7;14.8
2026-09-24 08:30;7665.0;7666.32;SPXW  260924C07665000;11.7;11.9
2026-09-24 08:30;7670.0;7666.32;SPXW  260924C07670000;9.2;9.3
2026-09-24 08:30;7675.0;7666.32;SPXW  260924C07675000;7.0;7.1
2026-09-24 08:30;7680.0;7666.32;SPXW  260924C07680000;5.2;5.3
2026-09-24 08:30;7685.0;7666.32;SPXW  260924C07685000;3.8;3.9
2026-09-24 08:30;7690.0;7666.32;SPXW  260924C07690000;2.7;2.75
2026-09-24 08:30;7695.0;7666.32;SPXW  260924C07695000;1.9;1.95
2026-09-24 08:30;7700.0;7666.32;SPXW  260924C07700000;1.35;1.4
2026-09-24 08:30;7705.0;7666.32;SPXW  260924C07705000;0.95;1.0
2026-09-24 08:30;7710.0;7666.32;SPXW  260924C07710000;0.65;0.75
2026-09-24 08:30;7715.0;7666.32;SPXW  260924C07715000;0.5;0.55
2026-09-24 08:30;7720.0;7666.32;SPXW  260924C07720000;0.35;0.45
2026-09-24 08:30;7725.0;7666.32;SPXW  260924C07725000;0.3;0.35
2026-09-24 08:30;7730.0;7666.32;SPXW  260924C07730000;0.25;0.3
2026-09-24 08:30;7735.0;7666.32;SPXW  260924C07735000;0.2;0.25
2026-09-24 08:30;7740.0;7666.32;SPXW  260924C07740000;0.15;0.25
2026-09-24 08:30;7745.0;7666.32;SPXW  260924C07745000;0.15;0.2
2026-09-24 08:30;7750.0;7666.32;SPXW  260924C07750000;0.15;0.2
2026-09-24 08:30;7755.0;7666.32;SPXW  260924C07755000;0.1;0.2
2026-09-24 08:30;7760.0;7666.32;SPXW  260924C07760000;0.1;0.15
2026-09-24 08:30;7765.0;7666.32;SPXW  260924C07765000;0.1;0.15
2026-09-24 08:30;7770.0;7666.32;SPXW  260924C07770000;0.1;0.15
2026-09-24 08:30;7775.0;7666.32;SPXW  260924C07775000;0.1;0.15
2026-09-24 08:30;7780.0;7666.32;SPXW  260924C07780000;0.05;0.15
2026-09-24 08:30;7785.0;7666.32;SPXW  260924C07785000;0.05;0.1
2026-09-24 08:30;7790.0;7666.32;SPXW  260924C07790000;0.05;0.1
2026-09-24 08:30;7795.0;7666.32;SPXW  260924C07795000;0.05;0.1
2026-09-24 08:30;7800.0;7666.32;SPXW  260924C07800000;0.05;0.1
2026-09-24 08:30;7805.0;7666.32;SPXW  260924C07805000;0.05;0.1
2026-09-24 08:30;7810.0;7666.32;SPXW  260924C07810000;0.05;0.1
2026-09-24 08:30;7815.0;7666.32;SPXW  260924C07815000;0.05;0.1
2026-09-24 08:30;7820.0;7666.32;SPXW  260924C07820000;0.05;0.1
2026-09-24 08:30;7825.0;7666.32;SPXW  260924C07825000;0.05;0.1
2026-09-24 08:30;7830.0;7666.32;SPXW  260924C07830000;0.05;0.1
2026-09-24 08:30;7835.0;7666.32;SPXW  260924C07835000;0.05;0.1
2026-09-24 08:30;7840.0;7666.32;SPXW  260924C07840000;0.05;0.1
2026-09-24 08:30;7845.0;7666.32;SPXW  260924C07845000;0.05;0.1
2026-09-24 08:30;7850.0;7666.32;SPXW  260924C07850000;0.05;0.1
2026-09-24 08:30;7855.0;7666.32;SPXW  260924C07855000;0.05;0.1
2026-09-24 08:30;7860.0;7666.32;SPXW  260924C07860000;0.05;0.1
2026-09-24 08:30;7865.0;7666.32;SPXW  260924C07865000;0.05;0.1
2026-09-24 08:30;7870.0;7666.32;SPXW  260924C07870000;0.0;0.1
2026-09-24 08:30;7875.0;7666.32;SPXW  260924C07875000;0.0;0.05
2026-09-24 08:30;7880.0;7666.32;SPXW  260924C07880000;0.0;0.05
2026-09-24 08:30;7885.0;7666.32;SPXW  260924C07885000;0.0;0.05
2026-09-24 08:30;7890.0;7666.32;SPXW  260924C07890000;0.0;0.05
2026-09-24 08:30;7895.0;7666.32;SPXW  260924C07895000;0.0;0.05
2026-09-24 08:30;7900.0;7666.32;SPXW  260924C07900000;0.0;0.05
2026-09-24 08:30;7905.0;7666.32;SPXW  260924C07905000;0.0;0.05
2026-09-24 08:30;7910.0;7666.32;SPXW  260924C07910000;0.0;0.05
2026-09-24 08:30;7915.0;7666.32;SPXW  260924C07915000;0.0;0.05
2026-09-24 08:30;7420.0;7666.32;SPXW  260924P07420000;0.05;0.1
2026-09-24 08:30;7425.0;7666.32;SPXW  260924P07425000;0.05;0.1
2026-09-24 08:30;7430.0;7666.32;SPXW  260924P07430000;0.05;0.1
2026-09-24 08:30;7435.0;7666.32;SPXW  260924P07435000;0.05;0.1
2026-09-24 08:30;7440.0;7666.32;SPXW  260924P07440000;0.05;0.1
2026-09-24 08:30;7445.0;7666.32;SPXW  260924P07445000;0.05;0.1
2026-09-24 08:30;7450.0;7666.32;SPXW  260924P07450000;0.1;0.15
2026-09-24 08:30;7455.0;7666.32;SPXW  260924P07455000;0.1;0.15
2026-09-24 08:30;7460.0;7666.32;SPXW  260924P07460000;0.1;0.15
2026-09-24 08:30;7465.0;7666.32;SPXW  260924P07465000;0.1;0.15
2026-09-24 08:30;7470.0;7666.32;SPXW  260924P07470000;0.1;0.15
2026-09-24 08:30;7475.0;7666.32;SPXW  260924P07475000;0.1;0.15
2026-09-24 08:30;7480.0;7666.32;SPXW  260924P07480000;0.1;0.15
2026-09-24 08:30;7485.0;7666.32;SPXW  260924P07485000;0.1;0.15
2026-09-24 08:30;7490.0;7666.32;SPXW  260924P07490000;0.1;0.15
2026-09-24 08:30;7495.0;7666.32;SPXW  260924P07495000;0.1;0.15
2026-09-24 08:30;7500.0;7666.32;SPXW  260924P07500000;0.1;0.15
2026-09-24 08:30;7505.0;7666.32;SPXW  260924P07505000;0.1;0.2
2026-09-24 08:30;7510.0;7666.32;SPXW  260924P07510000;0.1;0.2
2026-09-24 08:30;7515.0;7666.32;SPXW  260924P07515000;0.1;0.2
2026-09-24 08:30;7520.0;7666.32;SPXW  260924P07520000;0.15;0.2
2026-09-24 08:30;7525.0;7666.32;SPXW  260924P07525000;0.15;0.2
2026-09-24 08:30;7530.0;7666.32;SPXW  260924P07530000;0.15;0.2
2026-09-24 08:30;7535.0;7666.32;SPXW  260924P07535000;0.15;0.2
2026-09-24 08:30;7540.0;7666.32;SPXW  260924P07540000;0.15;0.2
2026-09-24 08:30;7545.0;7666.32;SPXW  260924P07545000;0.15;0.25
2026-09-24 08:30;7550.0;7666.32;SPXW  260924P07550000;0.2;0.25
2026-09-24 08:30;7555.0;7666.32;SPXW  260924P07555000;0.2;0.25
2026-09-24 08:30;7560.0;7666.32;SPXW  260924P07560000;0.2;0.3
2026-09-24 08:30;7565.0;7666.32;SPXW  260924P07565000;0.25;0.3
2026-09-24 08:30;7570.0;7666.32;SPXW  260924P07570000;0.25;0.35
2026-09-24 08:30;7575.0;7666.32;SPXW  260924P07575000;0.3;0.35
2026-09-24 08:30;7580.0;7666.32;SPXW  260924P07580000;0.35;0.4
2026-09-24 08:30;7585.0;7666.32;SPXW  260924P07585000;0.4;0.45
2026-09-24 08:30;7590.0;7666.32;SPXW  260924P07590000;0.45;0.5
2026-09-24 08:30;7595.0;7666.32;SPXW  260924P07595000;0.55;0.6
2026-09-24 08:30;7600.0;7666.32;SPXW  260924P07600000;0.65;0.7
2026-09-24 08:30;7605.0;7666.32;SPXW  260924P07605000;0.8;0.85
2026-09-24 08:30;7610.0;7666.32;SPXW  260924P07610000;1.0;1.05
2026-09-24 08:30;7615.0;7666.32;SPXW  260924P07615000;1.2;1.25
2026-09-24 08:30;7620.0;7666.32;SPXW  260924P07620000;1.5;1.55
2026-09-24 08:30;7625.0;7666.32;SPXW  260924P07625000;1.9;1.95
2026-09-24 08:30;7630.0;7666.32;SPXW  260924P07630000;2.35;2.4
2026-09-24 08:30;7635.0;7666.32;SPXW  260924P07635000;2.95;3.1
2026-09-24 08:30;7640.0;7666.32;SPXW  260924P07640000;3.7;3.8
2026-09-24 08:30;7645.0;7666.32;SPXW  260924P07645000;4.6;4.7
2026-09-24 08:30;7650.0;7666.32;SPXW  260924P07650000;5.8;5.9
2026-09-24 08:30;7655.0;7666.32;SPXW  260924P07655000;7.2;7.3
2026-09-24 08:30;7660.0;7666.32;SPXW  260924P07660000;8.9;9.0
2026-09-24 08:30;7665.0;7666.32;SPXW  260924P07665000;11.0;11.1
2026-09-24 08:30;7670.0;7666.32;SPXW  260924P07670000;13.4;13.5
2026-09-24 08:30;7675.0;7666.32;SPXW  260924P07675000;16.2;16.3
2026-09-24 08:30;7680.0;7666.32;SPXW  260924P07680000;19.3;19.5
2026-09-24 08:30;7685.0;7666.32;SPXW  260924P07685000;22.9;23.1
2026-09-24 08:30;7690.0;7666.32;SPXW  260924P07690000;26.8;27.0
2026-09-24 08:30;7695.0;7666.32;SPXW  260924P07695000;30.9;31.1
2026-09-24 08:30;7700.0;7666.32;SPXW  260924P07700000;35.3;35.6
2026-09-24 08:30;7705.0;7666.32;SPXW  260924P07705000;39.9;40.3
2026-09-24 08:30;7710.0;7666.32;SPXW  260924P07710000;44.6;45.0
2026-09-24 08:30;7715.0;7666.32;SPXW  260924P07715000;49.5;49.8
2026-09-24 08:30;7720.0;7666.32;SPXW  260924P07720000;54.4;54.7
2026-09-24 08:30;7725.0;7666.32;SPXW  260924P07725000;59.3;59.6
2026-09-24 08:30;7730.0;7666.32;SPXW  260924P07730000;64.2;64.6
2026-09-24 08:30;7735.0;7666.32;SPXW  260924P07735000;69.2;69.5
2026-09-24 08:30;7740.0;7666.32;SPXW  260924P07740000;74.1;74.5
2026-09-24 08:30;7745.0;7666.32;SPXW  260924P07745000;79.1;79.5
2026-09-24 08:30;7750.0;7666.32;SPXW  260924P07750000;84.1;84.4
2026-09-24 08:30;7755.0;7666.32;SPXW  260924P07755000;89.0;89.7
2026-09-24 08:30;7760.0;7666.32;SPXW  260924P07760000;94.0;94.7
2026-09-24 08:30;7765.0;7666.32;SPXW  260924P07765000;98.9;99.8
2026-09-24 08:30;7770.0;7666.32;SPXW  260924P07770000;103.7;104.8
2026-09-24 08:30;7775.0;7666.32;SPXW  260924P07775000;108.7;109.8
2026-09-24 08:30;7780.0;7666.32;SPXW  260924P07780000;113.7;114.8
2026-09-24 08:30;7785.0;7666.32;SPXW  260924P07785000;118.7;119.8
2026-09-24 08:30;7790.0;7666.32;SPXW  260924P07790000;123.7;124.8
2026-09-24 08:30;7795.0;7666.32;SPXW  260924P07795000;128.7;129.8
2026-09-24 08:30;7800.0;7666.32;SPXW  260924P07800000;133.7;134.8
2026-09-24 08:30;7805.0;7666.32;SPXW  260924P07805000;138.7;139.8
2026-09-24 08:30;7810.0;7666.32;SPXW  260924P07810000;143.6;144.8
2026-09-24 08:30;7815.0;7666.32;SPXW  260924P07815000;148.6;149.8
2026-09-24 08:30;7820.0;7666.32;SPXW  260924P07820000;153.6;154.8
2026-09-24 08:30;7825.0;7666.32;SPXW  260924P07825000;158.6;159.8
2026-09-24 08:30;7830.0;7666.32;SPXW  260924P07830000;160.8;168.3
2026-09-24 08:30;7835.0;7666.32;SPXW  260924P07835000;165.8;173.1
2026-09-24 08:30;7840.0;7666.32;SPXW  260924P07840000;170.8;178.1
2026-09-24 08:30;7845.0;7666.32;SPXW  260924P07845000;175.8;183.3
2026-09-24 08:30;7850.0;7666.32;SPXW  260924P07850000;183.6;184.8
2026-09-24 08:30;7855.0;7666.32;SPXW  260924P07855000;185.8;193.1
2026-09-24 08:30;7860.0;7666.32;SPXW  260924P07860000;190.8;198.1
2026-09-24 08:30;7865.0;7666.32;SPXW  260924P07865000;195.7;203.1
2026-09-24 08:30;7870.0;7666.32;SPXW  260924P07870000;203.6;204.7
2026-09-24 08:30;7875.0;7666.32;SPXW  260924P07875000;202.8;216.5
2026-09-24 08:30;7880.0;7666.32;SPXW  260924P07880000;208.5;221.8
2026-09-24 08:30;7885.0;7666.32;SPXW  260924P07885000;209.4;229.9
2026-09-24 08:30;7890.0;7666.32;SPXW  260924P07890000;223.6;224.7
2026-09-24 08:30;7895.0;7666.32;SPXW  260924P07895000;218.9;239.4
2026-09-24 08:30;7900.0;7666.32;SPXW  260924P07900000;233.6;234.7
2026-09-24 08:30;7905.0;7666.32;SPXW  260924P07905000;230.3;249.4
2026-09-24 08:30;7910.0;7666.32;SPXW  260924P07910000;233.9;254.4
2026-09-24 08:30;7915.0;7666.32;SPXW  260924P07915000;240.1;260.5
2026-09-24 08:34;7420.0;7665.15;SPXW  260924C07420000;244.2;245.2
2026-09-24 08:34;7425.0;7665.15;SPXW  260924C07425000;239.2;240.2
2026-09-24 08:34;7430.0;7665.15;SPXW  260924C07430000;234.2;235.2
2026-09-24 08:34;7435.0;7665.15;SPXW  260924C07435000;229.2;230.2
2026-09-24 08:34;7440.0;7665.15;SPXW  260924C07440000;224.2;225.1
2026-09-24 08:34;7445.0;7665.15;SPXW  260924C07445000;219.2;220.1
2026-09-24 08:34;7450.0;7665.15;SPXW  260924C07450000;214.2;215.1
2026-09-24 08:34;7455.0;7665.15;SPXW  260924C07455000;209.2;210.1
2026-09-24 08:34;7460.0;7665.15;SPXW  260924C07460000;204.2;205.1
2026-09-24 08:34;7465.0;7665.15;SPXW  260924C07465000;199.2;200.1
2026-09-24 08:34;7470.0;7665.15;SPXW  260924C07470000;194.2;195.2
2026-09-24 08:34;7475.0;7665.15;SPXW  260924C07475000;189.2;190.2
2026-09-24 08:34;7480.0;7665.15;SPXW  260924C07480000;184.2;185.2
2026-09-24 08:34;7485.0;7665.15;SPXW  260924C07485000;179.2;180.2
2026-09-24 08:34;7490.0;7665.15;SPXW  260924C07490000;174.2;175.2
2026-09-24 08:34;7495.0;7665.15;SPXW  260924C07495000;169.3;170.2
2026-09-24 08:34;7500.0;7665.15;SPXW  260924C07500000;164.3;165.2
2026-09-24 08:34;7505.0;7665.15;SPXW  260924C07505000;159.3;160.2
2026-09-24 08:34;7510.0;7665.15;SPXW  260924C07510000;154.3;155.2
2026-09-24 08:34;7515.0;7665.15;SPXW  260924C07515000;149.3;150.3
2026-09-24 08:34;7520.0;7665.15;SPXW  260924C07520000;144.3;145.3
2026-09-24 08:34;7525.0;7665.15;SPXW  260924C07525000;139.3;140.3
2026-09-24 08:34;7530.0;7665.15;SPXW  260924C07530000;134.3;135.3
2026-09-24 08:34;7535.0;7665.15;SPXW  260924C07535000;129.7;130.0
2026-09-24 08:34;7540.0;7665.15;SPXW  260924C07540000;124.7;125.0
2026-09-24 08:34;7545.0;7665.15;SPXW  260924C07545000;119.7;120.0
2026-09-24 08:34;7550.0;7665.15;SPXW  260924C07550000;114.7;115.0
2026-09-24 08:34;7555.0;7665.15;SPXW  260924C07555000;109.7;110.1
2026-09-24 08:34;7560.0;7665.15;SPXW  260924C07560000;104.7;105.1
2026-09-24 08:34;7565.0;7665.15;SPXW  260924C07565000;99.8;100.1
2026-09-24 08:34;7570.0;7665.15;SPXW  260924C07570000;94.8;95.1
2026-09-24 08:34;7575.0;7665.15;SPXW  260924C07575000;89.8;90.2
2026-09-24 08:34;7580.0;7665.15;SPXW  260924C07580000;84.9;85.2
2026-09-24 08:34;7585.0;7665.15;SPXW  260924C07585000;79.9;80.3
2026-09-24 08:34;7590.0;7665.15;SPXW  260924C07590000;75.0;75.3
2026-09-24 08:34;7595.0;7665.15;SPXW  260924C07595000;70.1;70.4
2026-09-24 08:34;7600.0;7665.15;SPXW  260924C07600000;65.2;65.5
2026-09-24 08:34;7605.0;7665.15;SPXW  260924C07605000;60.4;60.7
2026-09-24 08:34;7610.0;7665.15;SPXW  260924C07610000;55.6;55.8
2026-09-24 08:34;7615.0;7665.15;SPXW  260924C07615000;50.8;51.0
2026-09-24 08:34;7620.0;7665.15;SPXW  260924C07620000;46.1;46.3
2026-09-24 08:34;7625.0;7665.15;SPXW  260924C07625000;41.5;41.7
2026-09-24 08:34;7630.0;7665.15;SPXW  260924C07630000;37.0;37.2
2026-09-24 08:34;7635.0;7665.15;SPXW  260924C07635000;32.6;32.8
2026-09-24 08:34;7640.0;7665.15;SPXW  260924C07640000;28.4;28.6
2026-09-24 08:34;7645.0;7665.15;SPXW  260924C07645000;24.4;24.6
2026-09-24 08:34;7650.0;7665.15;SPXW  260924C07650000;20.6;20.8
2026-09-24 08:34;7655.0;7665.15;SPXW  260924C07655000;17.1;17.2
2026-09-24 08:34;7660.0;7665.15;SPXW  260924C07660000;13.9;14.0
2026-09-24 08:34;7665.0;7665.15;SPXW  260924C07665000;11.0;11.2
2026-09-24 08:34;7670.0;7665.15;SPXW  260924C07670000;8.6;8.7
2026-09-24 08:34;7675.0;7665.15;SPXW  260924C07675000;6.5;6.6
2026-09-24 08:34;7680.0;7665.15;SPXW  260924C07680000;4.8;4.9
2026-09-24 08:34;7685.0;7665.15;SPXW  260924C07685000;3.4;3.5
2026-09-24 08:34;7690.0;7665.15;SPXW  260924C07690000;2.45;2.5
2026-09-24 08:34;7695.0;7665.15;SPXW  260924C07695000;1.7;1.75
2026-09-24 08:34;7700.0;7665.15;SPXW  260924C07700000;1.2;1.25
2026-09-24 08:34;7705.0;7665.15;SPXW  260924C07705000;0.85;0.9
2026-09-24 08:34;7710.0;7665.15;SPXW  260924C07710000;0.6;0.65
2026-09-24 08:34;7715.0;7665.15;SPXW  260924C07715000;0.45;0.5
2026-09-24 08:34;7720.0;7665.15;SPXW  260924C07720000;0.35;0.4
2026-09-24 08:34;7725.0;7665.15;SPXW  260924C07725000;0.3;0.35
2026-09-24 08:34;7730.0;7665.15;SPXW  260924C07730000;0.25;0.3
2026-09-24 08:34;7735.0;7665.15;SPXW  260924C07735000;0.2;0.25
2026-09-24 08:34;7740.0;7665.15;SPXW  260924C07740000;0.2;0.25
2026-09-24 08:34;7745.0;7665.15;SPXW  260924C07745000;0.15;0.2
2026-09-24 08:34;7750.0;7665.15;SPXW  260924C07750000;0.15;0.2
2026-09-24 08:34;7755.0;7665.15;SPXW  260924C07755000;0.1;0.15
2026-09-24 08:34;7760.0;7665.15;SPXW  260924C07760000;0.1;0.15
2026-09-24 08:34;7765.0;7665.15;SPXW  260924C07765000;0.1;0.15
2026-09-24 08:34;7770.0;7665.15;SPXW  260924C07770000;0.1;0.15
2026-09-24 08:34;7775.0;7665.15;SPXW  260924C07775000;0.1;0.15
2026-09-24 08:34;7780.0;7665.15;SPXW  260924C07780000;0.1;0.15
2026-09-24 08:34;7785.0;7665.15;SPXW  260924C07785000;0.05;0.15
2026-09-24 08:34;7790.0;7665.15;SPXW  260924C07790000;0.05;0.1
2026-09-24 08:34;7795.0;7665.15;SPXW  260924C07795000;0.05;0.1
2026-09-24 08:34;7800.0;7665.15;SPXW  260924C07800000;0.05;0.1
2026-09-24 08:34;7805.0;7665.15;SPXW  260924C07805000;0.05;0.1
2026-09-24 08:34;7810.0;7665.15;SPXW  260924C07810000;0.05;0.1
2026-09-24 08:34;7815.0;7665.15;SPXW  260924C07815000;0.05;0.1
2026-09-24 08:34;7820.0;7665.15;SPXW  260924C07820000;0.05;0.1
2026-09-24 08:34;7825.0;7665.15;SPXW  260924C07825000;0.05;0.1
2026-09-24 08:34;7830.0;7665.15;SPXW  260924C07830000;0.05;0.1
2026-09-24 08:34;7835.0;7665.15;SPXW  260924C07835000;0.05;0.1
2026-09-24 08:34;7840.0;7665.15;SPXW  260924C07840000;0.05;0.1
2026-09-24 08:34;7845.0;7665.15;SPXW  260924C07845000;0.05;0.1
2026-09-24 08:34;7850.0;7665.15;SPXW  260924C07850000;0.05;0.1
2026-09-24 08:34;7855.0;7665.15;SPXW  260924C07855000;0.05;0.1
2026-09-24 08:34;7860.0;7665.15;SPXW  260924C07860000;0.05;0.1
2026-09-24 08:34;7865.0;7665.15;SPXW  260924C07865000;0.05;0.1
2026-09-24 08:34;7870.0;7665.15;SPXW  260924C07870000;0.0;0.1
2026-09-24 08:34;7875.0;7665.15;SPXW  260924C07875000;0.0;0.1
2026-09-24 08:34;7880.0;7665.15;SPXW  260924C07880000;0.0;0.05
2026-09-24 08:34;7885.0;7665.15;SPXW  260924C07885000;0.0;0.05
2026-09-24 08:34;7890.0;7665.15;SPXW  260924C07890000;0.0;0.05
2026-09-24 08:34;7895.0;7665.15;SPXW  260924C07895000;0.0;0.05
2026-09-24 08:34;7900.0;7665.15;SPXW  260924C07900000;0.0;0.05
2026-09-24 08:34;7905.0;7665.15;SPXW  260924C07905000;0.0;0.05
2026-09-24 08:34;7910.0;7665.15;SPXW  260924C07910000;0.0;0.05
2026-09-24 08:34;7915.0;7665.15;SPXW  260924C07915000;0.0;0.05
2026-09-24 08:34;7420.0;7665.15;SPXW  260924P07420000;0.05;0.1
2026-09-24 08:34;7425.0;7665.15;SPXW  260924P07425000;0.05;0.1
2026-09-24 08:34;7430.0;7665.15;SPXW  260924P07430000;0.05;0.1
2026-09-24 08:34;7435.0;7665.15;SPXW  260924P07435000;0.05;0.1
2026-09-24 08:34;7440.0;7665.15;SPXW  260924P07440000;0.05;0.1
2026-09-24 08:34;7445.0;7665.15;SPXW  260924P07445000;0.05;0.1
2026-09-24 08:34;7450.0;7665.15;SPXW  260924P07450000;0.05;0.1
2026-09-24 08:34;7455.0;7665.15;SPXW  260924P07455000;0.1;0.15
2026-09-24 08:34;7460.0;7665.15;SPXW  260924P07460000;0.1;0.15
2026-09-24 08:34;7465.0;7665.15;SPXW  260924P07465000;0.1;0.15
2026-09-24 08:34;7470.0;7665.15;SPXW  260924P07470000;0.1;0.15
2026-09-24 08:34;7475.0;7665.15;SPXW  260924P07475000;0.1;0.15
2026-09-24 08:34;7480.0;7665.15;SPXW  260924P07480000;0.1;0.15
2026-09-24 08:34;7485.0;7665.15;SPXW  260924P07485000;0.1;0.15
2026-09-24 08:34;7490.0;7665.15;SPXW  260924P07490000;0.1;0.15
2026-09-24 08:34;7495.0;7665.15;SPXW  260924P07495000;0.1;0.15
2026-09-24 08:34;7500.0;7665.15;SPXW  260924P07500000;0.1;0.15
2026-09-24 08:34;7505.0;7665.15;SPXW  260924P07505000;0.1;0.2
2026-09-24 08:34;7510.0;7665.15;SPXW  260924P07510000;0.1;0.2
2026-09-24 08:34;7515.0;7665.15;SPXW  260924P07515000;0.15;0.2
2026-09-24 08:34;7520.0;7665.15;SPXW  260924P07520000;0.15;0.2
2026-09-24 08:34;7525.0;7665.15;SPXW  260924P07525000;0.15;0.2
2026-09-24 08:34;7530.0;7665.15;SPXW  260924P07530000;0.15;0.2
2026-09-24 08:34;7535.0;7665.15;SPXW  260924P07535000;0.15;0.2
2026-09-24 08:34;7540.0;7665.15;SPXW  260924P07540000;0.2;0.25
2026-09-24 08:34;7545.0;7665.15;SPXW  260924P07545000;0.2;0.25
2026-09-24 08:34;7550.0;7665.15;SPXW  260924P07550000;0.2;0.25
2026-09-24 08:34;7555.0;7665.15;SPXW  260924P07555000;0.2;0.25
2026-09-24 08:34;7560.0;7665.15;SPXW  260924P07560000;0.25;0.3
2026-09-24 08:34;7565.0;7665.15;SPXW  260924P07565000;0.25;0.3
2026-09-24 08:34;7570.0;7665.15;SPXW  260924P07570000;0.3;0.35
2026-09-24 08:34;7575.0;7665.15;SPXW  260924P07575000;0.3;0.35
2026-09-24 08:34;7580.0;7665.15;SPXW  260924P07580000;0.35;0.4
2026-09-24 08:34;7585.0;7665.15;SPXW  260924P07585000;0.4;0.45
2026-09-24 08:34;7590.0;7665.15;SPXW  260924P07590000;0.5;0.55
2026-09-24 08:34;7595.0;7665.15;SPXW  260924P07595000;0.55;0.6
2026-09-24 08:34;7600.0;7665.15;SPXW  260924P07600000;0.7;0.75
2026-09-24 08:34;7605.0;7665.15;SPXW  260924P07605000;0.8;0.9
2026-09-24 08:34;7610.0;7665.15;SPXW  260924P07610000;1.0;1.05
2026-09-24 08:34;7615.0;7665.15;SPXW  260924P07615000;1.25;1.3
2026-09-24 08:34;7620.0;7665.15;SPXW  260924P07620000;1.55;1.6
2026-09-24 08:34;7625.0;7665.15;SPXW  260924P07625000;1.95;2.0
2026-09-24 08:34;7630.0;7665.15;SPXW  260924P07630000;2.45;2.5
2026-09-24 08:34;7635.0;7665.15;SPXW  260924P07635000;3.0;3.1
2026-09-24 08:34;7640.0;7665.15;SPXW  260924P07640000;3.8;3.9
2026-09-24 08:34;7645.0;7665.15;SPXW  260924P07645000;4.8;4.9
2026-09-24 08:34;7650.0;7665.15;SPXW  260924P07650000;6.0;6.1
2026-09-24 08:34;7655.0;7665.15;SPXW  260924P07655000;7.5;7.6
2026-09-24 08:34;7660.0;7665.15;SPXW  260924P07660000;9.3;9.4
2026-09-24 08:34;7665.0;7665.15;SPXW  260924P07665000;11.4;11.6
2026-09-24 08:34;7670.0;7665.15;SPXW  260924P07670000;14.0;14.1
2026-09-24 08:34;7675.0;7665.15;SPXW  260924P07675000;16.9;17.0
2026-09-24 08:34;7680.0;7665.15;SPXW  260924P07680000;20.2;20.3
2026-09-24 08:34;7685.0;7665.15;SPXW  260924P07685000;23.8;24.0
2026-09-24 08:34;7690.0;7665.15;SPXW  260924P07690000;27.8;28.0
2026-09-24 08:34;7695.0;7665.15;SPXW  260924P07695000;32.1;32.3
2026-09-24 08:34;7700.0;7665.15;SPXW  260924P07700000;36.6;36.8
2026-09-24 08:34;7705.0;7665.15;SPXW  260924P07705000;41.1;41.5
2026-09-24 08:34;7710.0;7665.15;SPXW  260924P07710000;45.9;46.2
2026-09-24 08:34;7715.0;7665.15;SPXW  260924P07715000;50.7;51.1
2026-09-24 08:34;7720.0;7665.15;SPXW  260924P07720000;55.6;56.0
2026-09-24 08:34;7725.0;7665.15;SPXW  260924P07725000;60.6;60.9
2026-09-24 08:34;7730.0;7665.15;SPXW  260924P07730000;65.5;65.9
2026-09-24 08:34;7735.0;7665.15;SPXW  260924P07735000;70.5;70.8
2026-09-24 08:34;7740.0;7665.15;SPXW  260924P07740000;75.5;75.8
2026-09-24 08:34;7745.0;7665.15;SPXW  260924P07745000;80.3;81.0
2026-09-24 08:34;7750.0;7665.15;SPXW  260924P07750000;85.3;85.9
2026-09-24 08:34;7755.0;7665.15;SPXW  260924P07755000;90.2;91.0
2026-09-24 08:34;7760.0;7665.15;SPXW  260924P07760000;95.2;96.0
2026-09-24 08:34;7765.0;7665.15;SPXW  260924P07765000;100.0;101.2
2026-09-24 08:34;7770.0;7665.15;SPXW  260924P07770000;105.0;106.2
2026-09-24 08:34;7775.0;7665.15;SPXW  260924P07775000;110.0;111.2
2026-09-24 08:34;7780.0;7665.15;SPXW  260924P07780000;114.9;116.2
2026-09-24 08:34;7785.0;7665.15;SPXW  260924P07785000;119.9;121.2
2026-09-24 08:34;7790.0;7665.15;SPXW  260924P07790000;124.9;126.1
2026-09-24 08:34;7795.0;7665.15;SPXW  260924P07795000;129.9;131.1
2026-09-24 08:34;7800.0;7665.15;SPXW  260924P07800000;134.9;136.1
2026-09-24 08:34;7805.0;7665.15;SPXW  260924P07805000;139.9;141.1
2026-09-24 08:34;7810.0;7665.15;SPXW  260924P07810000;144.9;146.1
2026-09-24 08:34;7815.0;7665.15;SPXW  260924P07815000;149.9;151.1
2026-09-24 08:34;7820.0;7665.15;SPXW  260924P07820000;154.9;156.1
2026-09-24 08:34;7825.0;7665.15;SPXW  260924P07825000;159.4;163.8
2026-09-24 08:34;7830.0;7665.15;SPXW  260924P07830000;161.7;169.1
2026-09-24 08:34;7835.0;7665.15;SPXW  260924P07835000;166.4;174.1
2026-09-24 08:34;7840.0;7665.15;SPXW  260924P07840000;171.4;179.1
2026-09-24 08:34;7845.0;7665.15;SPXW  260924P07845000;176.7;183.8
2026-09-24 08:34;7850.0;7665.15;SPXW  260924P07850000;184.9;186.1
2026-09-24 08:34;7855.0;7665.15;SPXW  260924P07855000;186.4;194.1
2026-09-24 08:34;7860.0;7665.15;SPXW  260924P07860000;191.7;199.1
2026-09-24 08:34;7865.0;7665.15;SPXW  260924P07865000;193.9;208.1
2026-09-24 08:34;7870.0;7665.15;SPXW  260924P07870000;198.9;212.6
2026-09-24 08:34;7875.0;7665.15;SPXW  260924P07875000;203.9;218.0
2026-09-24 08:34;7880.0;7665.15;SPXW  260924P07880000;208.9;222.6
2026-09-24 08:34;7885.0;7665.15;SPXW  260924P07885000;210.8;229.9
2026-09-24 08:34;7890.0;7665.15;SPXW  260924P07890000;215.5;236.4
2026-09-24 08:34;7895.0;7665.15;SPXW  260924P07895000;220.8;239.9
2026-09-24 08:34;7900.0;7665.15;SPXW  260924P07900000;234.9;236.1
2026-09-24 08:34;7905.0;7665.15;SPXW  260924P07905000;230.3;251.3
2026-09-24 08:34;7910.0;7665.15;SPXW  260924P07910000;235.8;254.9
2026-09-24 08:34;7915.0;7665.15;SPXW  260924P07915000;239.7;260.2
2026-09-24 08:38;7420.0;7667.9;SPXW  260924C07420000;246.8;247.6
2026-09-24 08:38;7425.0;7667.9;SPXW  260924C07425000;241.8;242.6
2026-09-24 08:38;7430.0;7667.9;SPXW  260924C07430000;236.8;237.6
2026-09-24 08:38;7435.0;7667.9;SPXW  260924C07435000;231.8;232.7
2026-09-24 08:38;7440.0;7667.9;SPXW  260924C07440000;226.8;227.7
2026-09-24 08:38;7445.0;7667.9;SPXW  260924C07445000;221.8;222.7
2026-09-24 08:38;7450.0;7667.9;SPXW  260924C07450000;216.8;217.7
2026-09-24 08:38;7455.0;7667.9;SPXW  260924C07455000;211.8;212.6
2026-09-24 08:38;7460.0;7667.9;SPXW  260924C07460000;206.8;207.6
2026-09-24 08:38;7465.0;7667.9;SPXW  260924C07465000;201.8;202.6
2026-09-24 08:38;7470.0;7667.9;SPXW  260924C07470000;196.8;197.6
2026-09-24 08:38;7475.0;7667.9;SPXW  260924C07475000;191.8;192.6
2026-09-24 08:38;7480.0;7667.9;SPXW  260924C07480000;186.8;187.6
2026-09-24 08:38;7485.0;7667.9;SPXW  260924C07485000;181.8;182.6
2026-09-24 08:38;7490.0;7667.9;SPXW  260924C07490000;176.8;177.6
2026-09-24 08:38;7495.0;7667.9;SPXW  260924C07495000;171.8;172.6
2026-09-24 08:38;7500.0;7667.9;SPXW  260924C07500000;166.8;167.6
2026-09-24 08:38;7505.0;7667.9;SPXW  260924C07505000;161.8;162.7
2026-09-24 08:38;7510.0;7667.9;SPXW  260924C07510000;156.8;157.7
2026-09-24 08:38;7515.0;7667.9;SPXW  260924C07515000;152.0;152.7
2026-09-24 08:38;7520.0;7667.9;SPXW  260924C07520000;147.0;147.7
2026-09-24 08:38;7525.0;7667.9;SPXW  260924C07525000;141.9;142.7
2026-09-24 08:38;7530.0;7667.9;SPXW  260924C07530000;136.9;137.7
2026-09-24 08:38;7535.0;7667.9;SPXW  260924C07535000;132.2;132.6
2026-09-24 08:38;7540.0;7667.9;SPXW  260924C07540000;127.2;127.6
2026-09-24 08:38;7545.0;7667.9;SPXW  260924C07545000;122.2;122.6
2026-09-24 08:38;7550.0;7667.9;SPXW  260924C07550000;117.3;117.6
2026-09-24 08:38;7555.0;7667.9;SPXW  260924C07555000;112.3;112.6
2026-09-24 08:38;7560.0;7667.9;SPXW  260924C07560000;107.3;107.6
2026-09-24 08:38;7565.0;7667.9;SPXW  260924C07565000;102.3;102.6
2026-09-24 08:38;7570.0;7667.9;SPXW  260924C07570000;97.3;97.7
2026-09-24 08:38;7575.0;7667.9;SPXW  260924C07575000;92.3;92.7
2026-09-24 08:38;7580.0;7667.9;SPXW  260924C07580000;87.4;87.7
2026-09-24 08:38;7585.0;7667.9;SPXW  260924C07585000;82.4;82.8
2026-09-24 08:38;7590.0;7667.9;SPXW  260924C07590000;77.5;77.8
2026-09-24 08:38;7595.0;7667.9;SPXW  260924C07595000;72.5;72.9
2026-09-24 08:38;7600.0;7667.9;SPXW  260924C07600000;67.6;68.0
2026-09-24 08:38;7605.0;7667.9;SPXW  260924C07605000;62.7;63.1
2026-09-24 08:38;7610.0;7667.9;SPXW  260924C07610000;57.9;58.2
2026-09-24 08:38;7615.0;7667.9;SPXW  260924C07615000;53.2;53.4
2026-09-24 08:38;7620.0;7667.9;SPXW  260924C07620000;48.5;48.6
2026-09-24 08:38;7625.0;7667.9;SPXW  260924C07625000;43.8;44.0
2026-09-24 08:38;7630.0;7667.9;SPXW  260924C07630000;39.2;39.4
2026-09-24 08:38;7635.0;7667.9;SPXW  260924C07635000;34.7;34.9
2026-09-24 08:38;7640.0;7667.9;SPXW  260924C07640000;30.4;30.5
2026-09-24 08:38;7645.0;7667.9;SPXW  260924C07645000;26.1;26.3
2026-09-24 08:38;7650.0;7667.9;SPXW  260924C07650000;22.2;22.3
2026-09-24 08:38;7655.0;7667.9;SPXW  260924C07655000;18.5;18.6
2026-09-24 08:38;7660.0;7667.9;SPXW  260924C07660000;15.1;15.2
2026-09-24 08:38;7665.0;7667.9;SPXW  260924C07665000;12.0;12.1
2026-09-24 08:38;7670.0;7667.9;SPXW  260924C07670000;9.3;9.4
2026-09-24 08:38;7675.0;7667.9;SPXW  260924C07675000;7.0;7.1
2026-09-24 08:38;7680.0;7667.9;SPXW  260924C07680000;5.2;5.3
2026-09-24 08:38;7685.0;7667.9;SPXW  260924C07685000;3.7;3.8
2026-09-24 08:38;7690.0;7667.9;SPXW  260924C07690000;2.6;2.7
2026-09-24 08:38;7695.0;7667.9;SPXW  260924C07695000;1.8;1.9
2026-09-24 08:38;7700.0;7667.9;SPXW  260924C07700000;1.25;1.3
2026-09-24 08:38;7705.0;7667.9;SPXW  260924C07705000;0.9;0.95
2026-09-24 08:38;7710.0;7667.9;SPXW  260924C07710000;0.65;0.7
2026-09-24 08:38;7715.0;7667.9;SPXW  260924C07715000;0.5;0.55
2026-09-24 08:38;7720.0;7667.9;SPXW  260924C07720000;0.35;0.4
2026-09-24 08:38;7725.0;7667.9;SPXW  260924C07725000;0.3;0.35
2026-09-24 08:38;7730.0;7667.9;SPXW  260924C07730000;0.25;0.3
2026-09-24 08:38;7735.0;7667.9;SPXW  260924C07735000;0.2;0.25
2026-09-24 08:38;7740.0;7667.9;SPXW  260924C07740000;0.15;0.25
2026-09-24 08:38;7745.0;7667.9;SPXW  260924C07745000;0.15;0.2
2026-09-24 08:38;7750.0;7667.9;SPXW  260924C07750000;0.15;0.2
2026-09-24 08:38;7755.0;7667.9;SPXW  260924C07755000;0.15;0.2
2026-09-24 08:38;7760.0;7667.9;SPXW  260924C07760000;0.1;0.15
2026-09-24 08:38;7765.0;7667.9;SPXW  260924C07765000;0.1;0.15
2026-09-24 08:38;7770.0;7667.9;SPXW  260924C07770000;0.1;0.15
2026-09-24 08:38;7775.0;7667.9;SPXW  260924C07775000;0.1;0.15
2026-09-24 08:38;7780.0;7667.9;SPXW  260924C07780000;0.1;0.15
2026-09-24 08:38;7785.0;7667.9;SPXW  260924C07785000;0.05;0.1
2026-09-24 08:38;7790.0;7667.9;SPXW  260924C07790000;0.05;0.1
2026-09-24 08:38;7795.0;7667.9;SPXW  260924C07795000;0.05;0.1
2026-09-24 08:38;7800.0;7667.9;SPXW  260924C07800000;0.05;0.1
2026-09-24 08:38;7805.0;7667.9;SPXW  260924C07805000;0.05;0.1
2026-09-24 08:38;7810.0;7667.9;SPXW  260924C07810000;0.05;0.1
2026-09-24 08:38;7815.0;7667.9;SPXW  260924C07815000;0.05;0.1
2026-09-24 08:38;7820.0;7667.9;SPXW  260924C07820000;0.05;0.1
2026-09-24 08:38;7825.0;7667.9;SPXW  260924C07825000;0.05;0.1
2026-09-24 08:38;7830.0;7667.9;SPXW  260924C07830000;0.05;0.1
2026-09-24 08:38;7835.0;7667.9;SPXW  260924C07835000;0.05;0.1
2026-09-24 08:38;7840.0;7667.9;SPXW  260924C07840000;0.05;0.1
2026-09-24 08:38;7845.0;7667.9;SPXW  260924C07845000;0.05;0.1
2026-09-24 08:38;7850.0;7667.9;SPXW  260924C07850000;0.05;0.1
2026-09-24 08:38;7855.0;7667.9;SPXW  260924C07855000;0.05;0.1
2026-09-24 08:38;7860.0;7667.9;SPXW  260924C07860000;0.05;0.1
2026-09-24 08:38;7865.0;7667.9;SPXW  260924C07865000;0.05;0.1
2026-09-24 08:38;7870.0;7667.9;SPXW  260924C07870000;0.0;0.05
2026-09-24 08:38;7875.0;7667.9;SPXW  260924C07875000;0.0;0.05
2026-09-24 08:38;7880.0;7667.9;SPXW  260924C07880000;0.0;0.05
2026-09-24 08:38;7885.0;7667.9;SPXW  260924C07885000;0.0;0.05
2026-09-24 08:38;7890.0;7667.9;SPXW  260924C07890000;0.0;0.05
2026-09-24 08:38;7895.0;7667.9;SPXW  260924C07895000;0.0;0.05
2026-09-24 08:38;7900.0;7667.9;SPXW  260924C07900000;0.0;0.05
2026-09-24 08:38;7905.0;7667.9;SPXW  260924C07905000;0.0;0.05
2026-09-24 08:38;7910.0;7667.9;SPXW  260924C07910000;0.0;0.05
2026-09-24 08:38;7915.0;7667.9;SPXW  260924C07915000;0.0;0.05
2026-09-24 08:38;7420.0;7667.9;SPXW  260924P07420000;0.05;0.1
2026-09-24 08:38;7425.0;7667.9;SPXW  260924P07425000;0.05;0.1
2026-09-24 08:38;7430.0;7667.9;SPXW  260924P07430000;0.05;0.1
2026-09-24 08:38;7435.0;7667.9;SPXW  260924P07435000;0.05;0.1
2026-09-24 08:38;7440.0;7667.9;SPXW  260924P07440000;0.05;0.1
2026-09-24 08:38;7445.0;7667.9;SPXW  260924P07445000;0.05;0.1
2026-09-24 08:38;7450.0;7667.9;SPXW  260924P07450000;0.05;0.1
2026-09-24 08:38;7455.0;7667.9;SPXW  260924P07455000;0.05;0.1
2026-09-24 08:38;7460.0;7667.9;SPXW  260924P07460000;0.05;0.1
2026-09-24 08:38;7465.0;7667.9;SPXW  260924P07465000;0.05;0.1
2026-09-24 08:38;7470.0;7667.9;SPXW  260924P07470000;0.05;0.1
2026-09-24 08:38;7475.0;7667.9;SPXW  260924P07475000;0.1;0.15
2026-09-24 08:38;7480.0;7667.9;SPXW  260924P07480000;0.1;0.15
2026-09-24 08:38;7485.0;7667.9;SPXW  260924P07485000;0.1;0.15
2026-09-24 08:38;7490.0;7667.9;SPXW  260924P07490000;0.1;0.15
2026-09-24 08:38;7495.0;7667.9;SPXW  260924P07495000;0.1;0.15
2026-09-24 08:38;7500.0;7667.9;SPXW  260924P07500000;0.1;0.15
2026-09-24 08:38;7505.0;7667.9;SPXW  260924P07505000;0.1;0.15
2026-09-24 08:38;7510.0;7667.9;SPXW  260924P07510000;0.1;0.15
2026-09-24 08:38;7515.0;7667.9;SPXW  260924P07515000;0.1;0.2
2026-09-24 08:38;7520.0;7667.9;SPXW  260924P07520000;0.1;0.15
2026-09-24 08:38;7525.0;7667.9;SPXW  260924P07525000;0.15;0.2
2026-09-24 08:38;7530.0;7667.9;SPXW  260924P07530000;0.15;0.2
2026-09-24 08:38;7535.0;7667.9;SPXW  260924P07535000;0.15;0.2
2026-09-24 08:38;7540.0;7667.9;SPXW  260924P07540000;0.15;0.2
2026-09-24 08:38;7545.0;7667.9;SPXW  260924P07545000;0.15;0.2
2026-09-24 08:38;7550.0;7667.9;SPXW  260924P07550000;0.15;0.2
2026-09-24 08:38;7555.0;7667.9;SPXW  260924P07555000;0.2;0.25
2026-09-24 08:38;7560.0;7667.9;SPXW  260924P07560000;0.2;0.25
2026-09-24 08:38;7565.0;7667.9;SPXW  260924P07565000;0.2;0.3
2026-09-24 08:38;7570.0;7667.9;SPXW  260924P07570000;0.25;0.3
2026-09-24 08:38;7575.0;7667.9;SPXW  260924P07575000;0.3;0.35
2026-09-24 08:38;7580.0;7667.9;SPXW  260924P07580000;0.3;0.35
2026-09-24 08:38;7585.0;7667.9;SPXW  260924P07585000;0.35;0.4
2026-09-24 08:38;7590.0;7667.9;SPXW  260924P07590000;0.4;0.45
2026-09-24 08:38;7595.0;7667.9;SPXW  260924P07595000;0.5;0.55
2026-09-24 08:38;7600.0;7667.9;SPXW  260924P07600000;0.55;0.6
2026-09-24 08:38;7605.0;7667.9;SPXW  260924P07605000;0.7;0.75
2026-09-24 08:38;7610.0;7667.9;SPXW  260924P07610000;0.85;0.9
2026-09-24 08:38;7615.0;7667.9;SPXW  260924P07615000;1.0;1.05
2026-09-24 08:38;7620.0;7667.9;SPXW  260924P07620000;1.25;1.35
2026-09-24 08:38;7625.0;7667.9;SPXW  260924P07625000;1.6;1.65
2026-09-24 08:38;7630.0;7667.9;SPXW  260924P07630000;2.0;2.1
2026-09-24 08:38;7635.0;7667.9;SPXW  260924P07635000;2.55;2.6
2026-09-24 08:38;7640.0;7667.9;SPXW  260924P07640000;3.2;3.3
2026-09-24 08:38;7645.0;7667.9;SPXW  260924P07645000;4.0;4.1
2026-09-24 08:38;7650.0;7667.9;SPXW  260924P07650000;5.1;5.2
2026-09-24 08:38;7655.0;7667.9;SPXW  260924P07655000;6.4;6.5
2026-09-24 08:38;7660.0;7667.9;SPXW  260924P07660000;8.0;8.2
2026-09-24 08:38;7665.0;7667.9;SPXW  260924P07665000;10.0;10.1
2026-09-24 08:38;7670.0;7667.9;SPXW  260924P07670000;12.3;12.5
2026-09-24 08:38;7675.0;7667.9;SPXW  260924P07675000;15.1;15.3
2026-09-24 08:38;7680.0;7667.9;SPXW  260924P07680000;18.3;18.4
2026-09-24 08:38;7685.0;7667.9;SPXW  260924P07685000;21.8;22.0
2026-09-24 08:38;7690.0;7667.9;SPXW  260924P07690000;25.8;25.9
2026-09-24 08:38;7695.0;7667.9;SPXW  260924P07695000;30.0;30.2
2026-09-24 08:38;7700.0;7667.9;SPXW  260924P07700000;34.4;34.6
2026-09-24 08:38;7705.0;7667.9;SPXW  260924P07705000;39.0;39.3
2026-09-24 08:38;7710.0;7667.9;SPXW  260924P07710000;43.8;44.1
2026-09-24 08:38;7715.0;7667.9;SPXW  260924P07715000;48.6;48.9
2026-09-24 08:38;7720.0;7667.9;SPXW  260924P07720000;53.5;53.8
2026-09-24 08:38;7725.0;7667.9;SPXW  260924P07725000;58.5;58.8
2026-09-24 08:38;7730.0;7667.9;SPXW  260924P07730000;63.4;63.7
2026-09-24 08:38;7735.0;7667.9;SPXW  260924P07735000;68.4;68.7
2026-09-24 08:38;7740.0;7667.9;SPXW  260924P07740000;73.3;73.6
2026-09-24 08:38;7745.0;7667.9;SPXW  260924P07745000;78.2;79.0
2026-09-24 08:38;7750.0;7667.9;SPXW  260924P07750000;83.0;83.9
2026-09-24 08:38;7755.0;7667.9;SPXW  260924P07755000;88.0;88.9
2026-09-24 08:38;7760.0;7667.9;SPXW  260924P07760000;93.0;93.9
2026-09-24 08:38;7765.0;7667.9;SPXW  260924P07765000;98.0;98.9
2026-09-24 08:38;7770.0;7667.9;SPXW  260924P07770000;102.8;104.0
2026-09-24 08:38;7775.0;7667.9;SPXW  260924P07775000;107.8;109.0
2026-09-24 08:38;7780.0;7667.9;SPXW  260924P07780000;112.8;114.0
2026-09-24 08:38;7785.0;7667.9;SPXW  260924P07785000;117.7;119.0
2026-09-24 08:38;7790.0;7667.9;SPXW  260924P07790000;122.7;124.0
2026-09-24 08:38;7795.0;7667.9;SPXW  260924P07795000;127.7;129.0
2026-09-24 08:38;7800.0;7667.9;SPXW  260924P07800000;132.7;134.0
2026-09-24 08:38;7805.0;7667.9;SPXW  260924P07805000;137.7;139.0
2026-09-24 08:38;7810.0;7667.9;SPXW  260924P07810000;142.7;144.0
2026-09-24 08:38;7815.0;7667.9;SPXW  260924P07815000;147.7;149.0
2026-09-24 08:38;7820.0;7667.9;SPXW  260924P07820000;152.7;154.0
2026-09-24 08:38;7825.0;7667.9;SPXW  260924P07825000;157.1;160.9
2026-09-24 08:38;7830.0;7667.9;SPXW  260924P07830000;159.3;166.7
2026-09-24 08:38;7835.0;7667.9;SPXW  260924P07835000;164.0;171.0
2026-09-24 08:38;7840.0;7667.9;SPXW  260924P07840000;169.0;175.9
2026-09-24 08:38;7845.0;7667.9;SPXW  260924P07845000;174.3;181.7
2026-09-24 08:38;7850.0;7667.9;SPXW  260924P07850000;182.7;184.0
2026-09-24 08:38;7855.0;7667.9;SPXW  260924P07855000;186.9;190.9
2026-09-24 08:38;7860.0;7667.9;SPXW  260924P07860000;189.3;196.7
2026-09-24 08:38;7865.0;7667.9;SPXW  260924P07865000;194.3;200.9
2026-09-24 08:38;7870.0;7667.9;SPXW  260924P07870000;196.5;210.2
2026-09-24 08:38;7875.0;7667.9;SPXW  260924P07875000;201.2;214.9
2026-09-24 08:38;7880.0;7667.9;SPXW  260924P07880000;206.5;219.2
2026-09-24 08:38;7885.0;7667.9;SPXW  260924P07885000;207.9;228.1
2026-09-24 08:38;7890.0;7667.9;SPXW  260924P07890000;212.9;233.3
2026-09-24 08:38;7895.0;7667.9;SPXW  260924P07895000;217.9;238.3
2026-09-24 08:38;7900.0;7667.9;SPXW  260924P07900000;232.7;233.9
2026-09-24 08:38;7905.0;7667.9;SPXW  260924P07905000;228.1;248.6
2026-09-24 08:38;7910.0;7667.9;SPXW  260924P07910000;233.0;253.3
2026-09-24 08:38;7915.0;7667.9;SPXW  260924P07915000;237.9;258.3
2026-09-24 08:43;7420.0;7667.33;SPXW  260924C07420000;247.0;247.8
2026-09-24 08:43;7425.0;7667.33;SPXW  260924C07425000;242.0;242.8
2026-09-24 08:43;7430.0;7667.33;SPXW  260924C07430000;237.0;237.8
2026-09-24 08:43;7435.0;7667.33;SPXW  260924C07435000;232.0;232.8
2026-09-24 08:43;7440.0;7667.33;SPXW  260924C07440000;227.0;227.8
2026-09-24 08:43;7445.0;7667.33;SPXW  260924C07445000;222.0;222.8
2026-09-24 08:43;7450.0;7667.33;SPXW  260924C07450000;217.0;217.8
2026-09-24 08:43;7455.0;7667.33;SPXW  260924C07455000;212.0;212.8
2026-09-24 08:43;7460.0;7667.33;SPXW  260924C07460000;207.0;207.9
2026-09-24 08:43;7465.0;7667.33;SPXW  260924C07465000;202.0;202.9
2026-09-24 08:43;7470.0;7667.33;SPXW  260924C07470000;197.0;197.9
2026-09-24 08:43;7475.0;7667.33;SPXW  260924C07475000;192.1;192.9
2026-09-24 08:43;7480.0;7667.33;SPXW  260924C07480000;187.1;187.9
2026-09-24 08:43;7485.0;7667.33;SPXW  260924C07485000;182.1;182.9
2026-09-24 08:43;7490.0;7667.33;SPXW  260924C07490000;177.1;177.9
2026-09-24 08:43;7495.0;7667.33;SPXW  260924C07495000;172.1;172.9
2026-09-24 08:43;7500.0;7667.33;SPXW  260924C07500000;167.0;167.9
2026-09-24 08:43;7505.0;7667.33;SPXW  260924C07505000;162.1;162.9
2026-09-24 08:43;7510.0;7667.33;SPXW  260924C07510000;157.1;157.9
2026-09-24 08:43;7515.0;7667.33;SPXW  260924C07515000;152.1;152.9
2026-09-24 08:43;7520.0;7667.33;SPXW  260924C07520000;147.1;147.9
2026-09-24 08:43;7525.0;7667.33;SPXW  260924C07525000;142.1;142.9
2026-09-24 08:43;7530.0;7667.33;SPXW  260924C07530000;137.1;137.9
2026-09-24 08:43;7535.0;7667.33;SPXW  260924C07535000;132.3;132.9
2026-09-24 08:43;7540.0;7667.33;SPXW  260924C07540000;127.3;127.7
2026-09-24 08:43;7545.0;7667.33;SPXW  260924C07545000;122.3;122.7
2026-09-24 08:43;7550.0;7667.33;SPXW  260924C07550000;117.3;117.7
2026-09-24 08:43;7555.0;7667.33;SPXW  260924C07555000;112.3;112.7
2026-09-24 08:43;7560.0;7667.33;SPXW  260924C07560000;107.4;107.7
2026-09-24 08:43;7565.0;7667.33;SPXW  260924C07565000;102.4;102.7
2026-09-24 08:43;7570.0;7667.33;SPXW  260924C07570000;97.4;98.0
2026-09-24 08:43;7575.0;7667.33;SPXW  260924C07575000;92.4;92.8
2026-09-24 08:43;7580.0;7667.33;SPXW  260924C07580000;87.4;87.8
2026-09-24 08:43;7585.0;7667.33;SPXW  260924C07585000;82.5;82.8
2026-09-24 08:43;7590.0;7667.33;SPXW  260924C07590000;77.5;77.9
2026-09-24 08:43;7595.0;7667.33;SPXW  260924C07595000;72.6;73.0
2026-09-24 08:43;7600.0;7667.33;SPXW  260924C07600000;67.7;68.0
2026-09-24 08:43;7605.0;7667.33;SPXW  260924C07605000;62.8;63.1
2026-09-24 08:43;7610.0;7667.33;SPXW  260924C07610000;57.9;58.3
2026-09-24 08:43;7615.0;7667.33;SPXW  260924C07615000;53.2;53.4
2026-09-24 08:43;7620.0;7667.33;SPXW  260924C07620000;48.4;48.6
2026-09-24 08:43;7625.0;7667.33;SPXW  260924C07625000;43.7;43.9
2026-09-24 08:43;7630.0;7667.33;SPXW  260924C07630000;39.1;39.3
2026-09-24 08:43;7635.0;7667.33;SPXW  260924C07635000;34.6;34.8
2026-09-24 08:43;7640.0;7667.33;SPXW  260924C07640000;30.2;30.4
2026-09-24 08:43;7645.0;7667.33;SPXW  260924C07645000;26.0;26.2
2026-09-24 08:43;7650.0;7667.33;SPXW  260924C07650000;22.0;22.2
2026-09-24 08:43;7655.0;7667.33;SPXW  260924C07655000;18.2;18.4
2026-09-24 08:43;7660.0;7667.33;SPXW  260924C07660000;14.8;15.0
2026-09-24 08:43;7665.0;7667.33;SPXW  260924C07665000;11.7;11.9
2026-09-24 08:43;7670.0;7667.33;SPXW  260924C07670000;9.1;9.2
2026-09-24 08:43;7675.0;7667.33;SPXW  260924C07675000;6.8;6.9
2026-09-24 08:43;7680.0;7667.33;SPXW  260924C07680000;5.0;5.1
2026-09-24 08:43;7685.0;7667.33;SPXW  260924C07685000;3.5;3.7
2026-09-24 08:43;7690.0;7667.33;SPXW  260924C07690000;2.5;2.55
2026-09-24 08:43;7695.0;7667.33;SPXW  260924C07695000;1.75;1.8
2026-09-24 08:43;7700.0;7667.33;SPXW  260924C07700000;1.2;1.25
2026-09-24 08:43;7705.0;7667.33;SPXW  260924C07705000;0.85;0.9
2026-09-24 08:43;7710.0;7667.33;SPXW  260924C07710000;0.6;0.65
2026-09-24 08:43;7715.0;7667.33;SPXW  260924C07715000;0.45;0.5
2026-09-24 08:43;7720.0;7667.33;SPXW  260924C07720000;0.35;0.4
2026-09-24 08:43;7725.0;7667.33;SPXW  260924C07725000;0.3;0.35
2026-09-24 08:43;7730.0;7667.33;SPXW  260924C07730000;0.25;0.3
2026-09-24 08:43;7735.0;7667.33;SPXW  260924C07735000;0.2;0.25
2026-09-24 08:43;7740.0;7667.33;SPXW  260924C07740000;0.15;0.2
2026-09-24 08:43;7745.0;7667.33;SPXW  260924C07745000;0.15;0.2
2026-09-24 08:43;7750.0;7667.33;SPXW  260924C07750000;0.15;0.2
2026-09-24 08:43;7755.0;7667.33;SPXW  260924C07755000;0.15;0.2
2026-09-24 08:43;7760.0;7667.33;SPXW  260924C07760000;0.1;0.15
2026-09-24 08:43;7765.0;7667.33;SPXW  260924C07765000;0.1;0.15
2026-09-24 08:43;7770.0;7667.33;SPXW  260924C07770000;0.1;0.15
2026-09-24 08:43;7775.0;7667.33;SPXW  260924C07775000;0.1;0.15
2026-09-24 08:43;7780.0;7667.33;SPXW  260924C07780000;0.05;0.15
2026-09-24 08:43;7785.0;7667.33;SPXW  260924C07785000;0.05;0.15
2026-09-24 08:43;7790.0;7667.33;SPXW  260924C07790000;0.05;0.1
2026-09-24 08:43;7795.0;7667.33;SPXW  260924C07795000;0.05;0.1
2026-09-24 08:43;7800.0;7667.33;SPXW  260924C07800000;0.05;0.1
2026-09-24 08:43;7805.0;7667.33;SPXW  260924C07805000;0.05;0.1
2026-09-24 08:43;7810.0;7667.33;SPXW  260924C07810000;0.05;0.1
2026-09-24 08:43;7815.0;7667.33;SPXW  260924C07815000;0.05;0.1
2026-09-24 08:43;7820.0;7667.33;SPXW  260924C07820000;0.05;0.1
2026-09-24 08:43;7825.0;7667.33;SPXW  260924C07825000;0.05;0.1
2026-09-24 08:43;7830.0;7667.33;SPXW  260924C07830000;0.05;0.1
2026-09-24 08:43;7835.0;7667.33;SPXW  260924C07835000;0.05;0.1
2026-09-24 08:43;7840.0;7667.33;SPXW  260924C07840000;0.05;0.1
2026-09-24 08:43;7845.0;7667.33;SPXW  260924C07845000;0.05;0.1
2026-09-24 08:43;7850.0;7667.33;SPXW  260924C07850000;0.05;0.1
2026-09-24 08:43;7855.0;7667.33;SPXW  260924C07855000;0.05;0.1
2026-09-24 08:43;7860.0;7667.33;SPXW  260924C07860000;0.05;0.1
2026-09-24 08:43;7865.0;7667.33;SPXW  260924C07865000;0.0;0.05
2026-09-24 08:43;7870.0;7667.33;SPXW  260924C07870000;0.0;0.05
2026-09-24 08:43;7875.0;7667.33;SPXW  260924C07875000;0.0;0.05
2026-09-24 08:43;7880.0;7667.33;SPXW  260924C07880000;0.0;0.05
2026-09-24 08:43;7885.0;7667.33;SPXW  260924C07885000;0.0;0.05
2026-09-24 08:43;7890.0;7667.33;SPXW  260924C07890000;0.0;0.05
2026-09-24 08:43;7895.0;7667.33;SPXW  260924C07895000;0.0;0.05
2026-09-24 08:43;7900.0;7667.33;SPXW  260924C07900000;0.0;0.05
2026-09-24 08:43;7905.0;7667.33;SPXW  260924C07905000;0.0;0.05
2026-09-24 08:43;7910.0;7667.33;SPXW  260924C07910000;0.0;0.05
2026-09-24 08:43;7915.0;7667.33;SPXW  260924C07915000;0.0;0.05
2026-09-24 08:43;7420.0;7667.33;SPXW  260924P07420000;0.05;0.1
2026-09-24 08:43;7425.0;7667.33;SPXW  260924P07425000;0.05;0.1
2026-09-24 08:43;7430.0;7667.33;SPXW  260924P07430000;0.05;0.1
2026-09-24 08:43;7435.0;7667.33;SPXW  260924P07435000;0.05;0.1
2026-09-24 08:43;7440.0;7667.33;SPXW  260924P07440000;0.05;0.1
2026-09-24 08:43;7445.0;7667.33;SPXW  260924P07445000;0.05;0.1
2026-09-24 08:43;7450.0;7667.33;SPXW  260924P07450000;0.05;0.1
2026-09-24 08:43;7455.0;7667.33;SPXW  260924P07455000;0.05;0.1
2026-09-24 08:43;7460.0;7667.33;SPXW  260924P07460000;0.05;0.1
2026-09-24 08:43;7465.0;7667.33;SPXW  260924P07465000;0.05;0.1
2026-09-24 08:43;7470.0;7667.33;SPXW  260924P07470000;0.1;0.15
2026-09-24 08:43;7475.0;7667.33;SPXW  260924P07475000;0.1;0.15
2026-09-24 08:43;7480.0;7667.33;SPXW  260924P07480000;0.1;0.15
2026-09-24 08:43;7485.0;7667.33;SPXW  260924P07485000;0.1;0.15
2026-09-24 08:43;7490.0;7667.33;SPXW  260924P07490000;0.1;0.15
2026-09-24 08:43;7495.0;7667.33;SPXW  260924P07495000;0.1;0.15
2026-09-24 08:43;7500.0;7667.33;SPXW  260924P07500000;0.1;0.15
2026-09-24 08:43;7505.0;7667.33;SPXW  260924P07505000;0.1;0.15
2026-09-24 08:43;7510.0;7667.33;SPXW  260924P07510000;0.1;0.15
2026-09-24 08:43;7515.0;7667.33;SPXW  260924P07515000;0.1;0.2
2026-09-24 08:43;7520.0;7667.33;SPXW  260924P07520000;0.1;0.2
2026-09-24 08:43;7525.0;7667.33;SPXW  260924P07525000;0.15;0.2
2026-09-24 08:43;7530.0;7667.33;SPXW  260924P07530000;0.15;0.2
2026-09-24 08:43;7535.0;7667.33;SPXW  260924P07535000;0.15;0.2
2026-09-24 08:43;7540.0;7667.33;SPXW  260924P07540000;0.15;0.2
2026-09-24 08:43;7545.0;7667.33;SPXW  260924P07545000;0.15;0.2
2026-09-24 08:43;7550.0;7667.33;SPXW  260924P07550000;0.2;0.25
2026-09-24 08:43;7555.0;7667.33;SPXW  260924P07555000;0.2;0.25
2026-09-24 08:43;7560.0;7667.33;SPXW  260924P07560000;0.2;0.25
2026-09-24 08:43;7565.0;7667.33;SPXW  260924P07565000;0.2;0.25
2026-09-24 08:43;7570.0;7667.33;SPXW  260924P07570000;0.25;0.3
2026-09-24 08:43;7575.0;7667.33;SPXW  260924P07575000;0.25;0.3
2026-09-24 08:43;7580.0;7667.33;SPXW  260924P07580000;0.3;0.35
2026-09-24 08:43;7585.0;7667.33;SPXW  260924P07585000;0.35;0.4
2026-09-24 08:43;7590.0;7667.33;SPXW  260924P07590000;0.4;0.45
2026-09-24 08:43;7595.0;7667.33;SPXW  260924P07595000;0.45;0.5
2026-09-24 08:43;7600.0;7667.33;SPXW  260924P07600000;0.55;0.6
2026-09-24 08:43;7605.0;7667.33;SPXW  260924P07605000;0.65;0.7
2026-09-24 08:43;7610.0;7667.33;SPXW  260924P07610000;0.75;0.8
2026-09-24 08:43;7615.0;7667.33;SPXW  260924P07615000;0.95;1.0
2026-09-24 08:43;7620.0;7667.33;SPXW  260924P07620000;1.15;1.25
2026-09-24 08:43;7625.0;7667.33;SPXW  260924P07625000;1.45;1.5
2026-09-24 08:43;7630.0;7667.33;SPXW  260924P07630000;1.85;1.9
2026-09-24 08:43;7635.0;7667.33;SPXW  260924P07635000;2.35;2.4
2026-09-24 08:43;7640.0;7667.33;SPXW  260924P07640000;3.0;3.1
2026-09-24 08:43;7645.0;7667.33;SPXW  260924P07645000;3.8;3.9
2026-09-24 08:43;7650.0;7667.33;SPXW  260924P07650000;4.8;4.9
2026-09-24 08:43;7655.0;7667.33;SPXW  260924P07655000;6.1;6.2
2026-09-24 08:43;7660.0;7667.33;SPXW  260924P07660000;7.7;7.8
2026-09-24 08:43;7665.0;7667.33;SPXW  260924P07665000;9.6;9.7
2026-09-24 08:43;7670.0;7667.33;SPXW  260924P07670000;11.9;12.1
2026-09-24 08:43;7675.0;7667.33;SPXW  260924P07675000;14.7;14.8
2026-09-24 08:43;7680.0;7667.33;SPXW  260924P07680000;17.8;18.0
2026-09-24 08:43;7685.0;7667.33;SPXW  260924P07685000;21.4;21.6
2026-09-24 08:43;7690.0;7667.33;SPXW  260924P07690000;25.4;25.6
2026-09-24 08:43;7695.0;7667.33;SPXW  260924P07695000;29.6;29.8
2026-09-24 08:43;7700.0;7667.33;SPXW  260924P07700000;34.1;34.3
2026-09-24 08:43;7705.0;7667.33;SPXW  260924P07705000;38.7;39.0
2026-09-24 08:43;7710.0;7667.33;SPXW  260924P07710000;43.4;43.8
2026-09-24 08:43;7715.0;7667.33;SPXW  260924P07715000;48.3;48.6
2026-09-24 08:43;7720.0;7667.33;SPXW  260924P07720000;53.2;53.5
2026-09-24 08:43;7725.0;7667.33;SPXW  260924P07725000;58.1;58.5
2026-09-24 08:43;7730.0;7667.33;SPXW  260924P07730000;63.1;63.4
2026-09-24 08:43;7735.0;7667.33;SPXW  260924P07735000;68.0;68.4
2026-09-24 08:43;7740.0;7667.33;SPXW  260924P07740000;73.0;73.4
2026-09-24 08:43;7745.0;7667.33;SPXW  260924P07745000;77.7;78.3
2026-09-24 08:43;7750.0;7667.33;SPXW  260924P07750000;82.7;83.4
2026-09-24 08:43;7755.0;7667.33;SPXW  260924P07755000;87.6;88.4
2026-09-24 08:43;7760.0;7667.33;SPXW  260924P07760000;92.6;93.3
2026-09-24 08:43;7765.0;7667.33;SPXW  260924P07765000;97.6;98.6
2026-09-24 08:43;7770.0;7667.33;SPXW  260924P07770000;102.4;103.7
2026-09-24 08:43;7775.0;7667.33;SPXW  260924P07775000;107.4;108.7
2026-09-24 08:43;7780.0;7667.33;SPXW  260924P07780000;112.4;113.7
2026-09-24 08:43;7785.0;7667.33;SPXW  260924P07785000;117.4;118.7
2026-09-24 08:43;7790.0;7667.33;SPXW  260924P07790000;122.4;123.7
2026-09-24 08:43;7795.0;7667.33;SPXW  260924P07795000;127.4;128.7
2026-09-24 08:43;7800.0;7667.33;SPXW  260924P07800000;132.4;133.6
2026-09-24 08:43;7805.0;7667.33;SPXW  260924P07805000;137.4;138.6
2026-09-24 08:43;7810.0;7667.33;SPXW  260924P07810000;142.4;143.6
2026-09-24 08:43;7815.0;7667.33;SPXW  260924P07815000;147.4;148.6
2026-09-24 08:43;7820.0;7667.33;SPXW  260924P07820000;152.4;153.6
2026-09-24 08:43;7825.0;7667.33;SPXW  260924P07825000;157.0;158.6
2026-09-24 08:43;7830.0;7667.33;SPXW  260924P07830000;160.2;167.1
2026-09-24 08:43;7835.0;7667.33;SPXW  260924P07835000;164.8;172.1
2026-09-24 08:43;7840.0;7667.33;SPXW  260924P07840000;169.8;177.1
2026-09-24 08:43;7845.0;7667.33;SPXW  260924P07845000;175.2;182.1
2026-09-24 08:43;7850.0;7667.33;SPXW  260924P07850000;182.4;183.6
2026-09-24 08:43;7855.0;7667.33;SPXW  260924P07855000;184.8;192.1
2026-09-24 08:43;7860.0;7667.33;SPXW  260924P07860000;190.2;197.1
2026-09-24 08:43;7865.0;7667.33;SPXW  260924P07865000;194.8;202.1
2026-09-24 08:43;7870.0;7667.33;SPXW  260924P07870000;197.4;210.3
2026-09-24 08:43;7875.0;7667.33;SPXW  260924P07875000;202.3;215.3
2026-09-24 08:43;7880.0;7667.33;SPXW  260924P07880000;207.4;220.3
2026-09-24 08:43;7885.0;7667.33;SPXW  260924P07885000;209.8;228.6
2026-09-24 08:43;7890.0;7667.33;SPXW  260924P07890000;213.4;233.9
2026-09-24 08:43;7895.0;7667.33;SPXW  260924P07895000;218.4;238.9
2026-09-24 08:43;7900.0;7667.33;SPXW  260924P07900000;232.4;233.6
2026-09-24 08:43;7905.0;7667.33;SPXW  260924P07905000;228.3;248.8
2026-09-24 08:43;7910.0;7667.33;SPXW  260924P07910000;233.4;253.9
2026-09-24 08:43;7915.0;7667.33;SPXW  260924P07915000;238.4;258.9
2026-09-24 08:47;7425.0;7670.72;SPXW  260924C07425000;244.5;245.0
2026-09-24 08:47;7430.0;7670.72;SPXW  260924C07430000;239.5;240.2
2026-09-24 08:47;7435.0;7670.72;SPXW  260924C07435000;234.5;235.2
2026-09-24 08:47;7440.0;7670.72;SPXW  260924C07440000;229.5;230.1
2026-09-24 08:47;7445.0;7670.72;SPXW  260924C07445000;224.5;225.1
2026-09-24 08:47;7450.0;7670.72;SPXW  260924C07450000;219.5;220.3
2026-09-24 08:47;7455.0;7670.72;SPXW  260924C07455000;214.5;215.3
2026-09-24 08:47;7460.0;7670.72;SPXW  260924C07460000;209.5;210.3
2026-09-24 08:47;7465.0;7670.72;SPXW  260924C07465000;204.5;205.4
2026-09-24 08:47;7470.0;7670.72;SPXW  260924C07470000;199.5;200.4
2026-09-24 08:47;7475.0;7670.72;SPXW  260924C07475000;194.5;195.4
2026-09-24 08:47;7480.0;7670.72;SPXW  260924C07480000;189.5;190.4
2026-09-24 08:47;7485.0;7670.72;SPXW  260924C07485000;184.5;185.4
2026-09-24 08:47;7490.0;7670.72;SPXW  260924C07490000;179.5;180.4
2026-09-24 08:47;7495.0;7670.72;SPXW  260924C07495000;174.5;175.3
2026-09-24 08:47;7500.0;7670.72;SPXW  260924C07500000;169.5;170.3
2026-09-24 08:47;7505.0;7670.72;SPXW  260924C07505000;164.5;165.3
2026-09-24 08:47;7510.0;7670.72;SPXW  260924C07510000;159.4;160.3
2026-09-24 08:47;7515.0;7670.72;SPXW  260924C07515000;154.5;155.3
2026-09-24 08:47;7520.0;7670.72;SPXW  260924C07520000;149.5;150.3
2026-09-24 08:47;7525.0;7670.72;SPXW  260924C07525000;144.5;145.1
2026-09-24 08:47;7530.0;7670.72;SPXW  260924C07530000;139.5;140.1
2026-09-24 08:47;7535.0;7670.72;SPXW  260924C07535000;134.6;135.0
2026-09-24 08:47;7540.0;7670.72;SPXW  260924C07540000;129.6;130.0
2026-09-24 08:47;7545.0;7670.72;SPXW  260924C07545000;124.6;125.0
2026-09-24 08:47;7550.0;7670.72;SPXW  260924C07550000;119.7;120.0
2026-09-24 08:47;7555.0;7670.72;SPXW  260924C07555000;114.7;115.0
2026-09-24 08:47;7560.0;7670.72;SPXW  260924C07560000;109.7;110.0
2026-09-24 08:47;7565.0;7670.72;SPXW  260924C07565000;104.7;105.0
2026-09-24 08:47;7570.0;7670.72;SPXW  260924C07570000;99.7;100.0
2026-09-24 08:47;7575.0;7670.72;SPXW  260924C07575000;94.7;95.1
2026-09-24 08:47;7580.0;7670.72;SPXW  260924C07580000;89.8;90.1
2026-09-24 08:47;7585.0;7670.72;SPXW  260924C07585000;84.8;85.1
2026-09-24 08:47;7590.0;7670.72;SPXW  260924C07590000;79.8;80.2
2026-09-24 08:47;7595.0;7670.72;SPXW  260924C07595000;74.9;75.2
2026-09-24 08:47;7600.0;7670.72;SPXW  260924C07600000;69.9;70.3
2026-09-24 08:47;7605.0;7670.72;SPXW  260924C07605000;65.0;65.4
2026-09-24 08:47;7610.0;7670.72;SPXW  260924C07610000;60.1;60.5
2026-09-24 08:47;7615.0;7670.72;SPXW  260924C07615000;55.3;55.6
2026-09-24 08:47;7620.0;7670.72;SPXW  260924C07620000;50.5;50.7
2026-09-24 08:47;7625.0;7670.72;SPXW  260924C07625000;45.7;45.9
2026-09-24 08:47;7630.0;7670.72;SPXW  260924C07630000;41.0;41.3
2026-09-24 08:47;7635.0;7670.72;SPXW  260924C07635000;36.4;36.6
2026-09-24 08:47;7640.0;7670.72;SPXW  260924C07640000;31.9;32.2
2026-09-24 08:47;7645.0;7670.72;SPXW  260924C07645000;27.6;27.8
2026-09-24 08:47;7650.0;7670.72;SPXW  260924C07650000;23.5;23.7
2026-09-24 08:47;7655.0;7670.72;SPXW  260924C07655000;19.5;19.7
2026-09-24 08:47;7660.0;7670.72;SPXW  260924C07660000;16.0;16.1
2026-09-24 08:47;7665.0;7670.72;SPXW  260924C07665000;12.7;12.8
2026-09-24 08:47;7670.0;7670.72;SPXW  260924C07670000;9.8;9.9
2026-09-24 08:47;7675.0;7670.72;SPXW  260924C07675000;7.3;7.5
2026-09-24 08:47;7680.0;7670.72;SPXW  260924C07680000;5.3;5.4
2026-09-24 08:47;7685.0;7670.72;SPXW  260924C07685000;3.8;3.9
2026-09-24 08:47;7690.0;7670.72;SPXW  260924C07690000;2.6;2.65
2026-09-24 08:47;7695.0;7670.72;SPXW  260924C07695000;1.8;1.85
2026-09-24 08:47;7700.0;7670.72;SPXW  260924C07700000;1.25;1.3
2026-09-24 08:47;7705.0;7670.72;SPXW  260924C07705000;0.85;0.9
2026-09-24 08:47;7710.0;7670.72;SPXW  260924C07710000;0.6;0.65
2026-09-24 08:47;7715.0;7670.72;SPXW  260924C07715000;0.45;0.5
2026-09-24 08:47;7720.0;7670.72;SPXW  260924C07720000;0.35;0.4
2026-09-24 08:47;7725.0;7670.72;SPXW  260924C07725000;0.25;0.35
2026-09-24 08:47;7730.0;7670.72;SPXW  260924C07730000;0.25;0.3
2026-09-24 08:47;7735.0;7670.72;SPXW  260924C07735000;0.2;0.25
2026-09-24 08:47;7740.0;7670.72;SPXW  260924C07740000;0.15;0.25
2026-09-24 08:47;7745.0;7670.72;SPXW  260924C07745000;0.15;0.2
2026-09-24 08:47;7750.0;7670.72;SPXW  260924C07750000;0.15;0.2
2026-09-24 08:47;7755.0;7670.72;SPXW  260924C07755000;0.15;0.2
2026-09-24 08:47;7760.0;7670.72;SPXW  260924C07760000;0.1;0.15
2026-09-24 08:47;7765.0;7670.72;SPXW  260924C07765000;0.1;0.15
2026-09-24 08:47;7770.0;7670.72;SPXW  260924C07770000;0.1;0.15
2026-09-24 08:47;7775.0;7670.72;SPXW  260924C07775000;0.1;0.15
2026-09-24 08:47;7780.0;7670.72;SPXW  260924C07780000;0.1;0.15
2026-09-24 08:47;7785.0;7670.72;SPXW  260924C07785000;0.05;0.1
2026-09-24 08:47;7790.0;7670.72;SPXW  260924C07790000;0.05;0.1
2026-09-24 08:47;7795.0;7670.72;SPXW  260924C07795000;0.05;0.1
2026-09-24 08:47;7800.0;7670.72;SPXW  260924C07800000;0.05;0.1
2026-09-24 08:47;7805.0;7670.72;SPXW  260924C07805000;0.05;0.1
2026-09-24 08:47;7810.0;7670.72;SPXW  260924C07810000;0.05;0.1
2026-09-24 08:47;7815.0;7670.72;SPXW  260924C07815000;0.05;0.1
2026-09-24 08:47;7820.0;7670.72;SPXW  260924C07820000;0.05;0.1
2026-09-24 08:47;7825.0;7670.72;SPXW  260924C07825000;0.05;0.1
2026-09-24 08:47;7830.0;7670.72;SPXW  260924C07830000;0.05;0.1
2026-09-24 08:47;7835.0;7670.72;SPXW  260924C07835000;0.05;0.1
2026-09-24 08:47;7840.0;7670.72;SPXW  260924C07840000;0.05;0.1
2026-09-24 08:47;7845.0;7670.72;SPXW  260924C07845000;0.05;0.1
2026-09-24 08:47;7850.0;7670.72;SPXW  260924C07850000;0.05;0.1
2026-09-24 08:47;7855.0;7670.72;SPXW  260924C07855000;0.05;0.1
2026-09-24 08:47;7860.0;7670.72;SPXW  260924C07860000;0.05;0.1
2026-09-24 08:47;7865.0;7670.72;SPXW  260924C07865000;0.0;0.05
2026-09-24 08:47;7870.0;7670.72;SPXW  260924C07870000;0.0;0.05
2026-09-24 08:47;7875.0;7670.72;SPXW  260924C07875000;0.0;0.05
2026-09-24 08:47;7880.0;7670.72;SPXW  260924C07880000;0.0;0.05
2026-09-24 08:47;7885.0;7670.72;SPXW  260924C07885000;0.0;0.05
2026-09-24 08:47;7890.0;7670.72;SPXW  260924C07890000;0.0;0.05
2026-09-24 08:47;7895.0;7670.72;SPXW  260924C07895000;0.0;0.05
2026-09-24 08:47;7900.0;7670.72;SPXW  260924C07900000;0.0;0.05
2026-09-24 08:47;7905.0;7670.72;SPXW  260924C07905000;0.0;0.05
2026-09-24 08:47;7910.0;7670.72;SPXW  260924C07910000;0.0;0.05
2026-09-24 08:47;7915.0;7670.72;SPXW  260924C07915000;0.0;0.05
2026-09-24 08:47;7920.0;7670.72;SPXW  260924C07920000;0.0;0.05
2026-09-24 08:47;7425.0;7670.72;SPXW  260924P07425000;0.05;0.1
2026-09-24 08:47;7430.0;7670.72;SPXW  260924P07430000;0.05;0.1
2026-09-24 08:47;7435.0;7670.72;SPXW  260924P07435000;0.05;0.1
2026-09-24 08:47;7440.0;7670.72;SPXW  260924P07440000;0.05;0.1
2026-09-24 08:47;7445.0;7670.72;SPXW  260924P07445000;0.05;0.1
2026-09-24 08:47;7450.0;7670.72;SPXW  260924P07450000;0.05;0.1
2026-09-24 08:47;7455.0;7670.72;SPXW  260924P07455000;0.05;0.1
2026-09-24 08:47;7460.0;7670.72;SPXW  260924P07460000;0.05;0.1
2026-09-24 08:47;7465.0;7670.72;SPXW  260924P07465000;0.05;0.1
2026-09-24 08:47;7470.0;7670.72;SPXW  260924P07470000;0.05;0.1
2026-09-24 08:47;7475.0;7670.72;SPXW  260924P07475000;0.05;0.1
2026-09-24 08:47;7480.0;7670.72;SPXW  260924P07480000;0.1;0.15
2026-09-24 08:47;7485.0;7670.72;SPXW  260924P07485000;0.1;0.15
2026-09-24 08:47;7490.0;7670.72;SPXW  260924P07490000;0.1;0.15
2026-09-24 08:47;7495.0;7670.72;SPXW  260924P07495000;0.1;0.15
2026-09-24 08:47;7500.0;7670.72;SPXW  260924P07500000;0.1;0.15
2026-09-24 08:47;7505.0;7670.72;SPXW  260924P07505000;0.1;0.15
2026-09-24 08:47;7510.0;7670.72;SPXW  260924P07510000;0.1;0.15
2026-09-24 08:47;7515.0;7670.72;SPXW  260924P07515000;0.1;0.15
2026-09-24 08:47;7520.0;7670.72;SPXW  260924P07520000;0.1;0.15
2026-09-24 08:47;7525.0;7670.72;SPXW  260924P07525000;0.1;0.2
2026-09-24 08:47;7530.0;7670.72;SPXW  260924P07530000;0.15;0.2
2026-09-24 08:47;7535.0;7670.72;SPXW  260924P07535000;0.15;0.2
2026-09-24 08:47;7540.0;7670.72;SPXW  260924P07540000;0.15;0.2
2026-09-24 08:47;7545.0;7670.72;SPXW  260924P07545000;0.15;0.2
2026-09-24 08:47;7550.0;7670.72;SPXW  260924P07550000;0.15;0.2
2026-09-24 08:47;7555.0;7670.72;SPXW  260924P07555000;0.15;0.2
2026-09-24 08:47;7560.0;7670.72;SPXW  260924P07560000;0.15;0.2
2026-09-24 08:47;7565.0;7670.72;SPXW  260924P07565000;0.2;0.25
2026-09-24 08:47;7570.0;7670.72;SPXW  260924P07570000;0.2;0.25
2026-09-24 08:47;7575.0;7670.72;SPXW  260924P07575000;0.2;0.3
2026-09-24 08:47;7580.0;7670.72;SPXW  260924P07580000;0.25;0.3
2026-09-24 08:47;7585.0;7670.72;SPXW  260924P07585000;0.25;0.35
2026-09-24 08:47;7590.0;7670.72;SPXW  260924P07590000;0.3;0.35
2026-09-24 08:47;7595.0;7670.72;SPXW  260924P07595000;0.35;0.4
2026-09-24 08:47;7600.0;7670.72;SPXW  260924P07600000;0.4;0.45
2026-09-24 08:47;7605.0;7670.72;SPXW  260924P07605000;0.5;0.55
2026-09-24 08:47;7610.0;7670.72;SPXW  260924P07610000;0.6;0.65
2026-09-24 08:47;7615.0;7670.72;SPXW  260924P07615000;0.75;0.8
2026-09-24 08:47;7620.0;7670.72;SPXW  260924P07620000;0.9;0.95
2026-09-24 08:47;7625.0;7670.72;SPXW  260924P07625000;1.15;1.2
2026-09-24 08:47;7630.0;7670.72;SPXW  260924P07630000;1.45;1.5
2026-09-24 08:47;7635.0;7670.72;SPXW  260924P07635000;1.85;1.9
2026-09-24 08:47;7640.0;7670.72;SPXW  260924P07640000;2.35;2.4
2026-09-24 08:47;7645.0;7670.72;SPXW  260924P07645000;3.0;3.1
2026-09-24 08:47;7650.0;7670.72;SPXW  260924P07650000;3.8;3.9
2026-09-24 08:47;7655.0;7670.72;SPXW  260924P07655000;4.9;5.0
2026-09-24 08:47;7660.0;7670.72;SPXW  260924P07660000;6.2;6.4
2026-09-24 08:47;7665.0;7670.72;SPXW  260924P07665000;7.9;8.1
2026-09-24 08:47;7670.0;7670.72;SPXW  260924P07670000;10.0;10.2
2026-09-24 08:47;7675.0;7670.72;SPXW  260924P07675000;12.5;12.7
2026-09-24 08:47;7680.0;7670.72;SPXW  260924P07680000;15.5;15.7
2026-09-24 08:47;7685.0;7670.72;SPXW  260924P07685000;18.9;19.1
2026-09-24 08:47;7690.0;7670.72;SPXW  260924P07690000;22.7;22.9
2026-09-24 08:47;7695.0;7670.72;SPXW  260924P07695000;26.9;27.1
2026-09-24 08:47;7700.0;7670.72;SPXW  260924P07700000;31.3;31.5
2026-09-24 08:47;7705.0;7670.72;SPXW  260924P07705000;35.9;36.2
2026-09-24 08:47;7710.0;7670.72;SPXW  260924P07710000;40.6;41.0
2026-09-24 08:47;7715.0;7670.72;SPXW  260924P07715000;45.5;45.8
2026-09-24 08:47;7720.0;7670.72;SPXW  260924P07720000;50.4;50.7
2026-09-24 08:47;7725.0;7670.72;SPXW  260924P07725000;55.3;55.7
2026-09-24 08:47;7730.0;7670.72;SPXW  260924P07730000;60.3;60.6
2026-09-24 08:47;7735.0;7670.72;SPXW  260924P07735000;65.2;65.6
2026-09-24 08:47;7740.0;7670.72;SPXW  260924P07740000;70.2;70.6
2026-09-24 08:47;7745.0;7670.72;SPXW  260924P07745000;75.1;75.8
2026-09-24 08:47;7750.0;7670.72;SPXW  260924P07750000;80.1;80.7
2026-09-24 08:47;7755.0;7670.72;SPXW  260924P07755000;85.1;85.7
2026-09-24 08:47;7760.0;7670.72;SPXW  260924P07760000;90.1;90.7
2026-09-24 08:47;7765.0;7670.72;SPXW  260924P07765000;94.9;95.9
2026-09-24 08:47;7770.0;7670.72;SPXW  260924P07770000;99.7;100.9
2026-09-24 08:47;7775.0;7670.72;SPXW  260924P07775000;104.7;106.0
2026-09-24 08:47;7780.0;7670.72;SPXW  260924P07780000;109.7;111.0
2026-09-24 08:47;7785.0;7670.72;SPXW  260924P07785000;114.7;116.0
2026-09-24 08:47;7790.0;7670.72;SPXW  260924P07790000;119.7;121.0
2026-09-24 08:47;7795.0;7670.72;SPXW  260924P07795000;124.7;126.0
2026-09-24 08:47;7800.0;7670.72;SPXW  260924P07800000;129.7;131.0
2026-09-24 08:47;7805.0;7670.72;SPXW  260924P07805000;134.7;136.0
2026-09-24 08:47;7810.0;7670.72;SPXW  260924P07810000;139.7;141.0
2026-09-24 08:47;7815.0;7670.72;SPXW  260924P07815000;144.7;146.0
2026-09-24 08:47;7820.0;7670.72;SPXW  260924P07820000;149.7;151.0
2026-09-24 08:47;7825.0;7670.72;SPXW  260924P07825000;154.7;156.0
2026-09-24 08:47;7830.0;7670.72;SPXW  260924P07830000;156.4;163.3
2026-09-24 08:47;7835.0;7670.72;SPXW  260924P07835000;161.4;168.3
2026-09-24 08:47;7840.0;7670.72;SPXW  260924P07840000;166.4;173.3
2026-09-24 08:47;7845.0;7670.72;SPXW  260924P07845000;171.4;178.3
2026-09-24 08:47;7850.0;7670.72;SPXW  260924P07850000;179.6;180.9
2026-09-24 08:47;7855.0;7670.72;SPXW  260924P07855000;181.4;188.3
2026-09-24 08:47;7860.0;7670.72;SPXW  260924P07860000;186.4;193.3
2026-09-24 08:47;7865.0;7670.72;SPXW  260924P07865000;191.3;198.3
2026-09-24 08:47;7870.0;7670.72;SPXW  260924P07870000;193.7;207.5
2026-09-24 08:47;7875.0;7670.72;SPXW  260924P07875000;198.4;212.3
2026-09-24 08:47;7880.0;7670.72;SPXW  260924P07880000;202.8;216.5
2026-09-24 08:47;7885.0;7670.72;SPXW  260924P07885000;209.0;222.7
2026-09-24 08:47;7890.0;7670.72;SPXW  260924P07890000;209.9;229.5
2026-09-24 08:47;7895.0;7670.72;SPXW  260924P07895000;214.9;234.6
2026-09-24 08:47;7900.0;7670.72;SPXW  260924P07900000;229.6;230.9
2026-09-24 08:47;7905.0;7670.72;SPXW  260924P07905000;224.2;244.7
2026-09-24 08:47;7910.0;7670.72;SPXW  260924P07910000;229.9;249.8
2026-09-24 08:47;7915.0;7670.72;SPXW  260924P07915000;234.9;254.7
2026-09-24 08:47;7920.0;7670.72;SPXW  260924P07920000;239.9;260.4
2026-09-24 08:52;7425.0;7672.05;SPXW  260924C07425000;246.7;247.4
2026-09-24 08:52;7430.0;7672.05;SPXW  260924C07430000;241.7;242.3
2026-09-24 08:52;7435.0;7672.05;SPXW  260924C07435000;236.7;237.3
2026-09-24 08:52;7440.0;7672.05;SPXW  260924C07440000;231.7;232.3
2026-09-24 08:52;7445.0;7672.05;SPXW  260924C07445000;226.7;227.3
2026-09-24 08:52;7450.0;7672.05;SPXW  260924C07450000;221.7;222.3
2026-09-24 08:52;7455.0;7672.05;SPXW  260924C07455000;216.7;217.3
2026-09-24 08:52;7460.0;7672.05;SPXW  260924C07460000;211.7;212.3
2026-09-24 08:52;7465.0;7672.05;SPXW  260924C07465000;206.7;207.4
2026-09-24 08:52;7470.0;7672.05;SPXW  260924C07470000;201.7;202.4
2026-09-24 08:52;7475.0;7672.05;SPXW  260924C07475000;196.7;197.4
2026-09-24 08:52;7480.0;7672.05;SPXW  260924C07480000;191.7;192.4
2026-09-24 08:52;7485.0;7672.05;SPXW  260924C07485000;186.7;187.4
2026-09-24 08:52;7490.0;7672.05;SPXW  260924C07490000;181.7;182.4
2026-09-24 08:52;7495.0;7672.05;SPXW  260924C07495000;176.7;177.4
2026-09-24 08:52;7500.0;7672.05;SPXW  260924C07500000;171.7;172.4
2026-09-24 08:52;7505.0;7672.05;SPXW  260924C07505000;166.7;167.4
2026-09-24 08:52;7510.0;7672.05;SPXW  260924C07510000;161.7;162.4
2026-09-24 08:52;7515.0;7672.05;SPXW  260924C07515000;156.6;157.5
2026-09-24 08:52;7520.0;7672.05;SPXW  260924C07520000;151.6;152.5
2026-09-24 08:52;7525.0;7672.05;SPXW  260924C07525000;146.6;147.5
2026-09-24 08:52;7530.0;7672.05;SPXW  260924C07530000;141.8;142.5
2026-09-24 08:52;7535.0;7672.05;SPXW  260924C07535000;136.9;137.5
2026-09-24 08:52;7540.0;7672.05;SPXW  260924C07540000;131.9;132.3
2026-09-24 08:52;7545.0;7672.05;SPXW  260924C07545000;126.9;127.3
2026-09-24 08:52;7550.0;7672.05;SPXW  260924C07550000;121.9;122.3
2026-09-24 08:52;7555.0;7672.05;SPXW  260924C07555000;116.9;117.4
2026-09-24 08:52;7560.0;7672.05;SPXW  260924C07560000;111.9;112.5
2026-09-24 08:52;7565.0;7672.05;SPXW  260924C07565000;107.0;107.5
2026-09-24 08:52;7570.0;7672.05;SPXW  260924C07570000;102.0;102.5
2026-09-24 08:52;7575.0;7672.05;SPXW  260924C07575000;97.0;97.6
2026-09-24 08:52;7580.0;7672.05;SPXW  260924C07580000;92.0;92.4
2026-09-24 08:52;7585.0;7672.05;SPXW  260924C07585000;87.0;87.5
2026-09-24 08:52;7590.0;7672.05;SPXW  260924C07590000;82.1;82.6
2026-09-24 08:52;7595.0;7672.05;SPXW  260924C07595000;77.1;77.5
2026-09-24 08:52;7600.0;7672.05;SPXW  260924C07600000;72.2;72.6
2026-09-24 08:52;7605.0;7672.05;SPXW  260924C07605000;67.2;67.6
2026-09-24 08:52;7610.0;7672.05;SPXW  260924C07610000;62.3;62.7
2026-09-24 08:52;7615.0;7672.05;SPXW  260924C07615000;57.4;57.8
2026-09-24 08:52;7620.0;7672.05;SPXW  260924C07620000;52.7;52.9
2026-09-24 08:52;7625.0;7672.05;SPXW  260924C07625000;47.9;48.1
2026-09-24 08:52;7630.0;7672.05;SPXW  260924C07630000;43.2;43.4
2026-09-24 08:52;7635.0;7672.05;SPXW  260924C07635000;38.5;38.7
2026-09-24 08:52;7640.0;7672.05;SPXW  260924C07640000;34.0;34.2
2026-09-24 08:52;7645.0;7672.05;SPXW  260924C07645000;29.6;29.7
2026-09-24 08:52;7650.0;7672.05;SPXW  260924C07650000;25.3;25.5
2026-09-24 08:52;7655.0;7672.05;SPXW  260924C07655000;21.3;21.5
2026-09-24 08:52;7660.0;7672.05;SPXW  260924C07660000;17.6;17.7
2026-09-24 08:52;7665.0;7672.05;SPXW  260924C07665000;14.1;14.2
2026-09-24 08:52;7670.0;7672.05;SPXW  260924C07670000;11.0;11.1
2026-09-24 08:52;7675.0;7672.05;SPXW  260924C07675000;8.4;8.5
2026-09-24 08:52;7680.0;7672.05;SPXW  260924C07680000;6.2;6.3
2026-09-24 08:52;7685.0;7672.05;SPXW  260924C07685000;4.4;4.5
2026-09-24 08:52;7690.0;7672.05;SPXW  260924C07690000;3.1;3.2
2026-09-24 08:52;7695.0;7672.05;SPXW  260924C07695000;2.1;2.2
2026-09-24 08:52;7700.0;7672.05;SPXW  260924C07700000;1.45;1.5
2026-09-24 08:52;7705.0;7672.05;SPXW  260924C07705000;1.0;1.05
2026-09-24 08:52;7710.0;7672.05;SPXW  260924C07710000;0.7;0.75
2026-09-24 08:52;7715.0;7672.05;SPXW  260924C07715000;0.5;0.55
2026-09-24 08:52;7720.0;7672.05;SPXW  260924C07720000;0.4;0.45
2026-09-24 08:52;7725.0;7672.05;SPXW  260924C07725000;0.3;0.35
2026-09-24 08:52;7730.0;7672.05;SPXW  260924C07730000;0.25;0.3
2026-09-24 08:52;7735.0;7672.05;SPXW  260924C07735000;0.2;0.25
2026-09-24 08:52;7740.0;7672.05;SPXW  260924C07740000;0.2;0.25
2026-09-24 08:52;7745.0;7672.05;SPXW  260924C07745000;0.15;0.2
2026-09-24 08:52;7750.0;7672.05;SPXW  260924C07750000;0.15;0.2
2026-09-24 08:52;7755.0;7672.05;SPXW  260924C07755000;0.15;0.2
2026-09-24 08:52;7760.0;7672.05;SPXW  260924C07760000;0.1;0.15
2026-09-24 08:52;7765.0;7672.05;SPXW  260924C07765000;0.1;0.15
2026-09-24 08:52;7770.0;7672.05;SPXW  260924C07770000;0.1;0.15
2026-09-24 08:52;7775.0;7672.05;SPXW  260924C07775000;0.1;0.15
2026-09-24 08:52;7780.0;7672.05;SPXW  260924C07780000;0.05;0.1
2026-09-24 08:52;7785.0;7672.05;SPXW  260924C07785000;0.05;0.1
2026-09-24 08:52;7790.0;7672.05;SPXW  260924C07790000;0.05;0.1
2026-09-24 08:52;7795.0;7672.05;SPXW  260924C07795000;0.05;0.1
2026-09-24 08:52;7800.0;7672.05;SPXW  260924C07800000;0.05;0.1
2026-09-24 08:52;7805.0;7672.05;SPXW  260924C07805000;0.05;0.1
2026-09-24 08:52;7810.0;7672.05;SPXW  260924C07810000;0.05;0.1
2026-09-24 08:52;7815.0;7672.05;SPXW  260924C07815000;0.05;0.1
2026-09-24 08:52;7820.0;7672.05;SPXW  260924C07820000;0.05;0.1
2026-09-24 08:52;7825.0;7672.05;SPXW  260924C07825000;0.05;0.1
2026-09-24 08:52;7830.0;7672.05;SPXW  260924C07830000;0.05;0.1
2026-09-24 08:52;7835.0;7672.05;SPXW  260924C07835000;0.05;0.1
2026-09-24 08:52;7840.0;7672.05;SPXW  260924C07840000;0.05;0.1
2026-09-24 08:52;7845.0;7672.05;SPXW  260924C07845000;0.05;0.1
2026-09-24 08:52;7850.0;7672.05;SPXW  260924C07850000;0.05;0.1
2026-09-24 08:52;7855.0;7672.05;SPXW  260924C07855000;0.05;0.1
2026-09-24 08:52;7860.0;7672.05;SPXW  260924C07860000;0.05;0.1
2026-09-24 08:52;7865.0;7672.05;SPXW  260924C07865000;0.05;0.1
2026-09-24 08:52;7870.0;7672.05;SPXW  260924C07870000;0.0;0.05
2026-09-24 08:52;7875.0;7672.05;SPXW  260924C07875000;0.0;0.05
2026-09-24 08:52;7880.0;7672.05;SPXW  260924C07880000;0.0;0.05
2026-09-24 08:52;7885.0;7672.05;SPXW  260924C07885000;0.0;0.05
2026-09-24 08:52;7890.0;7672.05;SPXW  260924C07890000;0.0;0.05
2026-09-24 08:52;7895.0;7672.05;SPXW  260924C07895000;0.0;0.05
2026-09-24 08:52;7900.0;7672.05;SPXW  260924C07900000;0.0;0.05
2026-09-24 08:52;7905.0;7672.05;SPXW  260924C07905000;0.0;0.05
2026-09-24 08:52;7910.0;7672.05;SPXW  260924C07910000;0.0;0.05
2026-09-24 08:52;7915.0;7672.05;SPXW  260924C07915000;0.0;0.05
2026-09-24 08:52;7920.0;7672.05;SPXW  260924C07920000;0.0;0.05
2026-09-24 08:52;7425.0;7672.05;SPXW  260924P07425000;0.05;0.1
2026-09-24 08:52;7430.0;7672.05;SPXW  260924P07430000;0.05;0.1
2026-09-24 08:52;7435.0;7672.05;SPXW  260924P07435000;0.05;0.1
2026-09-24 08:52;7440.0;7672.05;SPXW  260924P07440000;0.05;0.1
2026-09-24 08:52;7445.0;7672.05;SPXW  260924P07445000;0.05;0.1
2026-09-24 08:52;7450.0;7672.05;SPXW  260924P07450000;0.05;0.1
2026-09-24 08:52;7455.0;7672.05;SPXW  260924P07455000;0.05;0.1
2026-09-24 08:52;7460.0;7672.05;SPXW  260924P07460000;0.05;0.1
2026-09-24 08:52;7465.0;7672.05;SPXW  260924P07465000;0.05;0.1
2026-09-24 08:52;7470.0;7672.05;SPXW  260924P07470000;0.05;0.1
2026-09-24 08:52;7475.0;7672.05;SPXW  260924P07475000;0.05;0.1
2026-09-24 08:52;7480.0;7672.05;SPXW  260924P07480000;0.1;0.15
2026-09-24 08:52;7485.0;7672.05;SPXW  260924P07485000;0.1;0.15
2026-09-24 08:52;7490.0;7672.05;SPXW  260924P07490000;0.1;0.15
2026-09-24 08:52;7495.0;7672.05;SPXW  260924P07495000;0.1;0.15
2026-09-24 08:52;7500.0;7672.05;SPXW  260924P07500000;0.1;0.15
2026-09-24 08:52;7505.0;7672.05;SPXW  260924P07505000;0.1;0.15
2026-09-24 08:52;7510.0;7672.05;SPXW  260924P07510000;0.1;0.15
2026-09-24 08:52;7515.0;7672.05;SPXW  260924P07515000;0.1;0.15
2026-09-24 08:52;7520.0;7672.05;SPXW  260924P07520000;0.1;0.15
2026-09-24 08:52;7525.0;7672.05;SPXW  260924P07525000;0.1;0.15
2026-09-24 08:52;7530.0;7672.05;SPXW  260924P07530000;0.15;0.2
2026-09-24 08:52;7535.0;7672.05;SPXW  260924P07535000;0.15;0.2
2026-09-24 08:52;7540.0;7672.05;SPXW  260924P07540000;0.15;0.2
2026-09-24 08:52;7545.0;7672.05;SPXW  260924P07545000;0.15;0.2
2026-09-24 08:52;7550.0;7672.05;SPXW  260924P07550000;0.15;0.2
2026-09-24 08:52;7555.0;7672.05;SPXW  260924P07555000;0.15;0.2
2026-09-24 08:52;7560.0;7672.05;SPXW  260924P07560000;0.15;0.2
2026-09-24 08:52;7565.0;7672.05;SPXW  260924P07565000;0.15;0.25
2026-09-24 08:52;7570.0;7672.05;SPXW  260924P07570000;0.2;0.25
2026-09-24 08:52;7575.0;7672.05;SPXW  260924P07575000;0.2;0.25
2026-09-24 08:52;7580.0;7672.05;SPXW  260924P07580000;0.25;0.3
2026-09-24 08:52;7585.0;7672.05;SPXW  260924P07585000;0.25;0.3
2026-09-24 08:52;7590.0;7672.05;SPXW  260924P07590000;0.3;0.35
2026-09-24 08:52;7595.0;7672.05;SPXW  260924P07595000;0.35;0.4
2026-09-24 08:52;7600.0;7672.05;SPXW  260924P07600000;0.4;0.45
2026-09-24 08:52;7605.0;7672.05;SPXW  260924P07605000;0.45;0.5
2026-09-24 08:52;7610.0;7672.05;SPXW  260924P07610000;0.55;0.6
2026-09-24 08:52;7615.0;7672.05;SPXW  260924P07615000;0.65;0.7
2026-09-24 08:52;7620.0;7672.05;SPXW  260924P07620000;0.8;0.85
2026-09-24 08:52;7625.0;7672.05;SPXW  260924P07625000;1.0;1.05
2026-09-24 08:52;7630.0;7672.05;SPXW  260924P07630000;1.25;1.3
2026-09-24 08:52;7635.0;7672.05;SPXW  260924P07635000;1.6;1.65
2026-09-24 08:52;7640.0;7672.05;SPXW  260924P07640000;2.05;2.1
2026-09-24 08:52;7645.0;7672.05;SPXW  260924P07645000;2.6;2.7
2026-09-24 08:52;7650.0;7672.05;SPXW  260924P07650000;3.3;3.5
2026-09-24 08:52;7655.0;7672.05;SPXW  260924P07655000;4.3;4.4
2026-09-24 08:52;7660.0;7672.05;SPXW  260924P07660000;5.5;5.6
2026-09-24 08:52;7665.0;7672.05;SPXW  260924P07665000;7.1;7.2
2026-09-24 08:52;7670.0;7672.05;SPXW  260924P07670000;9.0;9.1
2026-09-24 08:52;7675.0;7672.05;SPXW  260924P07675000;11.3;11.4
2026-09-24 08:52;7680.0;7672.05;SPXW  260924P07680000;14.1;14.2
2026-09-24 08:52;7685.0;7672.05;SPXW  260924P07685000;17.3;17.4
2026-09-24 08:52;7690.0;7672.05;SPXW  260924P07690000;20.9;21.1
2026-09-24 08:52;7695.0;7672.05;SPXW  260924P07695000;24.9;25.1
2026-09-24 08:52;7700.0;7672.05;SPXW  260924P07700000;29.2;29.4
2026-09-24 08:52;7705.0;7672.05;SPXW  260924P07705000;33.7;34.0
2026-09-24 08:52;7710.0;7672.05;SPXW  260924P07710000;38.4;38.7
2026-09-24 08:52;7715.0;7672.05;SPXW  260924P07715000;43.2;43.5
2026-09-24 08:52;7720.0;7672.05;SPXW  260924P07720000;48.1;48.4
2026-09-24 08:52;7725.0;7672.05;SPXW  260924P07725000;53.0;53.3
2026-09-24 08:52;7730.0;7672.05;SPXW  260924P07730000;57.9;58.2
2026-09-24 08:52;7735.0;7672.05;SPXW  260924P07735000;62.9;63.2
2026-09-24 08:52;7740.0;7672.05;SPXW  260924P07740000;67.8;68.2
2026-09-24 08:52;7745.0;7672.05;SPXW  260924P07745000;72.6;73.4
2026-09-24 08:52;7750.0;7672.05;SPXW  260924P07750000;77.6;78.3
2026-09-24 08:52;7755.0;7672.05;SPXW  260924P07755000;82.6;83.4
2026-09-24 08:52;7760.0;7672.05;SPXW  260924P07760000;87.6;88.4
2026-09-24 08:52;7765.0;7672.05;SPXW  260924P07765000;92.6;93.5
2026-09-24 08:52;7770.0;7672.05;SPXW  260924P07770000;97.6;98.5
2026-09-24 08:52;7775.0;7672.05;SPXW  260924P07775000;102.4;103.6
2026-09-24 08:52;7780.0;7672.05;SPXW  260924P07780000;107.4;108.6
2026-09-24 08:52;7785.0;7672.05;SPXW  260924P07785000;112.4;113.6
2026-09-24 08:52;7790.0;7672.05;SPXW  260924P07790000;117.4;118.6
2026-09-24 08:52;7795.0;7672.05;SPXW  260924P07795000;122.4;123.5
2026-09-24 08:52;7800.0;7672.05;SPXW  260924P07800000;127.4;128.5
2026-09-24 08:52;7805.0;7672.05;SPXW  260924P07805000;132.4;133.4
2026-09-24 08:52;7810.0;7672.05;SPXW  260924P07810000;137.3;138.4
2026-09-24 08:52;7815.0;7672.05;SPXW  260924P07815000;142.3;143.4
2026-09-24 08:52;7820.0;7672.05;SPXW  260924P07820000;147.3;148.4
2026-09-24 08:52;7825.0;7672.05;SPXW  260924P07825000;152.3;153.4
2026-09-24 08:52;7830.0;7672.05;SPXW  260924P07830000;154.7;162.3
2026-09-24 08:52;7835.0;7672.05;SPXW  260924P07835000;159.9;167.1
2026-09-24 08:52;7840.0;7672.05;SPXW  260924P07840000;164.9;172.1
2026-09-24 08:52;7845.0;7672.05;SPXW  260924P07845000;169.7;177.3
2026-09-24 08:52;7850.0;7672.05;SPXW  260924P07850000;177.3;178.4
2026-09-24 08:52;7855.0;7672.05;SPXW  260924P07855000;180.1;187.1
2026-09-24 08:52;7860.0;7672.05;SPXW  260924P07860000;184.7;192.2
2026-09-24 08:52;7865.0;7672.05;SPXW  260924P07865000;189.7;197.3
2026-09-24 08:52;7870.0;7672.05;SPXW  260924P07870000;197.3;198.4
2026-09-24 08:52;7875.0;7672.05;SPXW  260924P07875000;197.3;210.7
2026-09-24 08:52;7880.0;7672.05;SPXW  260924P07880000;202.4;215.7
2026-09-24 08:52;7885.0;7672.05;SPXW  260924P07885000;207.4;220.7
2026-09-24 08:52;7890.0;7672.05;SPXW  260924P07890000;209.2;228.8
2026-09-24 08:52;7895.0;7672.05;SPXW  260924P07895000;214.2;234.1
2026-09-24 08:52;7900.0;7672.05;SPXW  260924P07900000;227.3;228.5
2026-09-24 08:52;7905.0;7672.05;SPXW  260924P07905000;223.3;243.8
2026-09-24 08:52;7910.0;7672.05;SPXW  260924P07910000;229.2;249.1
2026-09-24 08:52;7915.0;7672.05;SPXW  260924P07915000;234.2;254.1
2026-09-24 08:52;7920.0;7672.05;SPXW  260924P07920000;238.9;259.4
2026-09-24 08:56;7425.0;7670.82;SPXW  260924C07425000;244.7;245.5
2026-09-24 08:56;7430.0;7670.82;SPXW  260924C07430000;239.7;240.5
2026-09-24 08:56;7435.0;7670.82;SPXW  260924C07435000;234.7;235.5
2026-09-24 08:56;7440.0;7670.82;SPXW  260924C07440000;229.8;230.5
2026-09-24 08:56;7445.0;7670.82;SPXW  260924C07445000;224.8;225.5
2026-09-24 08:56;7450.0;7670.82;SPXW  260924C07450000;219.8;220.5
2026-09-24 08:56;7455.0;7670.82;SPXW  260924C07455000;214.8;215.5
2026-09-24 08:56;7460.0;7670.82;SPXW  260924C07460000;209.8;210.5
2026-09-24 08:56;7465.0;7670.82;SPXW  260924C07465000;204.8;205.5
2026-09-24 08:56;7470.0;7670.82;SPXW  260924C07470000;199.8;200.5
2026-09-24 08:56;7475.0;7670.82;SPXW  260924C07475000;194.8;195.5
2026-09-24 08:56;7480.0;7670.82;SPXW  260924C07480000;189.8;190.5
2026-09-24 08:56;7485.0;7670.82;SPXW  260924C07485000;184.8;185.5
2026-09-24 08:56;7490.0;7670.82;SPXW  260924C07490000;179.8;180.4
2026-09-24 08:56;7495.0;7670.82;SPXW  260924C07495000;174.8;175.4
2026-09-24 08:56;7500.0;7670.82;SPXW  260924C07500000;169.8;170.6
2026-09-24 08:56;7505.0;7670.82;SPXW  260924C07505000;164.8;165.6
2026-09-24 08:56;7510.0;7670.82;SPXW  260924C07510000;159.8;160.6
2026-09-24 08:56;7515.0;7670.82;SPXW  260924C07515000;154.8;155.6
2026-09-24 08:56;7520.0;7670.82;SPXW  260924C07520000;149.8;150.6
2026-09-24 08:56;7525.0;7670.82;SPXW  260924C07525000;144.8;145.6
2026-09-24 08:56;7530.0;7670.82;SPXW  260924C07530000;139.8;140.6
2026-09-24 08:56;7535.0;7670.82;SPXW  260924C07535000;134.8;135.6
2026-09-24 08:56;7540.0;7670.82;SPXW  260924C07540000;129.8;130.6
2026-09-24 08:56;7545.0;7670.82;SPXW  260924C07545000;124.9;125.6
2026-09-24 08:56;7550.0;7670.82;SPXW  260924C07550000;119.9;120.6
2026-09-24 08:56;7555.0;7670.82;SPXW  260924C07555000;115.0;115.4
2026-09-24 08:56;7560.0;7670.82;SPXW  260924C07560000;110.0;110.4
2026-09-24 08:56;7565.0;7670.82;SPXW  260924C07565000;105.0;105.4
2026-09-24 08:56;7570.0;7670.82;SPXW  260924C07570000;100.1;100.4
2026-09-24 08:56;7575.0;7670.82;SPXW  260924C07575000;95.1;95.4
2026-09-24 08:56;7580.0;7670.82;SPXW  260924C07580000;90.1;90.4
2026-09-24 08:56;7585.0;7670.82;SPXW  260924C07585000;85.1;85.5
2026-09-24 08:56;7590.0;7670.82;SPXW  260924C07590000;80.2;80.5
2026-09-24 08:56;7595.0;7670.82;SPXW  260924C07595000;75.2;75.5
2026-09-24 08:56;7600.0;7670.82;SPXW  260924C07600000;70.2;70.6
2026-09-24 08:56;7605.0;7670.82;SPXW  260924C07605000;65.3;65.7
2026-09-24 08:56;7610.0;7670.82;SPXW  260924C07610000;60.4;60.7
2026-09-24 08:56;7615.0;7670.82;SPXW  260924C07615000;55.5;55.9
2026-09-24 08:56;7620.0;7670.82;SPXW  260924C07620000;50.7;51.0
2026-09-24 08:56;7625.0;7670.82;SPXW  260924C07625000;46.0;46.2
2026-09-24 08:56;7630.0;7670.82;SPXW  260924C07630000;41.2;41.5
2026-09-24 08:56;7635.0;7670.82;SPXW  260924C07635000;36.6;36.9
2026-09-24 08:56;7640.0;7670.82;SPXW  260924C07640000;32.1;32.4
2026-09-24 08:56;7645.0;7670.82;SPXW  260924C07645000;27.7;28.0
2026-09-24 08:56;7650.0;7670.82;SPXW  260924C07650000;23.6;23.8
2026-09-24 08:56;7655.0;7670.82;SPXW  260924C07655000;19.6;19.8
2026-09-24 08:56;7660.0;7670.82;SPXW  260924C07660000;15.9;16.1
2026-09-24 08:56;7665.0;7670.82;SPXW  260924C07665000;12.7;12.8
2026-09-24 08:56;7670.0;7670.82;SPXW  260924C07670000;9.7;9.9
2026-09-24 08:56;7675.0;7670.82;SPXW  260924C07675000;7.3;7.4
2026-09-24 08:56;7680.0;7670.82;SPXW  260924C07680000;5.3;5.4
2026-09-24 08:56;7685.0;7670.82;SPXW  260924C07685000;3.7;3.8
2026-09-24 08:56;7690.0;7670.82;SPXW  260924C07690000;2.55;2.6
2026-09-24 08:56;7695.0;7670.82;SPXW  260924C07695000;1.75;1.8
2026-09-24 08:56;7700.0;7670.82;SPXW  260924C07700000;1.2;1.25
2026-09-24 08:56;7705.0;7670.82;SPXW  260924C07705000;0.8;0.9
2026-09-24 08:56;7710.0;7670.82;SPXW  260924C07710000;0.6;0.65
2026-09-24 08:56;7715.0;7670.82;SPXW  260924C07715000;0.45;0.5
2026-09-24 08:56;7720.0;7670.82;SPXW  260924C07720000;0.35;0.4
2026-09-24 08:56;7725.0;7670.82;SPXW  260924C07725000;0.3;0.35
2026-09-24 08:56;7730.0;7670.82;SPXW  260924C07730000;0.25;0.3
2026-09-24 08:56;7735.0;7670.82;SPXW  260924C07735000;0.2;0.25
2026-09-24 08:56;7740.0;7670.82;SPXW  260924C07740000;0.15;0.2
2026-09-24 08:56;7745.0;7670.82;SPXW  260924C07745000;0.15;0.2
2026-09-24 08:56;7750.0;7670.82;SPXW  260924C07750000;0.15;0.2
2026-09-24 08:56;7755.0;7670.82;SPXW  260924C07755000;0.1;0.2
2026-09-24 08:56;7760.0;7670.82;SPXW  260924C07760000;0.1;0.15
2026-09-24 08:56;7765.0;7670.82;SPXW  260924C07765000;0.1;0.15
2026-09-24 08:56;7770.0;7670.82;SPXW  260924C07770000;0.1;0.15
2026-09-24 08:56;7775.0;7670.82;SPXW  260924C07775000;0.1;0.15
2026-09-24 08:56;7780.0;7670.82;SPXW  260924C07780000;0.05;0.1
2026-09-24 08:56;7785.0;7670.82;SPXW  260924C07785000;0.05;0.1
2026-09-24 08:56;7790.0;7670.82;SPXW  260924C07790000;0.05;0.1
2026-09-24 08:56;7795.0;7670.82;SPXW  260924C07795000;0.05;0.1
2026-09-24 08:56;7800.0;7670.82;SPXW  260924C07800000;0.05;0.1
2026-09-24 08:56;7805.0;7670.82;SPXW  260924C07805000;0.05;0.1
2026-09-24 08:56;7810.0;7670.82;SPXW  260924C07810000;0.05;0.1
2026-09-24 08:56;7815.0;7670.82;SPXW  260924C07815000;0.05;0.1
2026-09-24 08:56;7820.0;7670.82;SPXW  260924C07820000;0.05;0.1
2026-09-24 08:56;7825.0;7670.82;SPXW  260924C07825000;0.05;0.1
2026-09-24 08:56;7830.0;7670.82;SPXW  260924C07830000;0.05;0.1
2026-09-24 08:56;7835.0;7670.82;SPXW  260924C07835000;0.05;0.1
2026-09-24 08:56;7840.0;7670.82;SPXW  260924C07840000;0.05;0.1
2026-09-24 08:56;7845.0;7670.82;SPXW  260924C07845000;0.05;0.1
2026-09-24 08:56;7850.0;7670.82;SPXW  260924C07850000;0.05;0.1
2026-09-24 08:56;7855.0;7670.82;SPXW  260924C07855000;0.05;0.1
2026-09-24 08:56;7860.0;7670.82;SPXW  260924C07860000;0.05;0.1
2026-09-24 08:56;7865.0;7670.82;SPXW  260924C07865000;0.0;0.1
2026-09-24 08:56;7870.0;7670.82;SPXW  260924C07870000;0.05;0.1
2026-09-24 08:56;7875.0;7670.82;SPXW  260924C07875000;0.0;0.05
2026-09-24 08:56;7880.0;7670.82;SPXW  260924C07880000;0.0;0.05
2026-09-24 08:56;7885.0;7670.82;SPXW  260924C07885000;0.0;0.05
2026-09-24 08:56;7890.0;7670.82;SPXW  260924C07890000;0.0;0.05
2026-09-24 08:56;7895.0;7670.82;SPXW  260924C07895000;0.0;0.05
2026-09-24 08:56;7900.0;7670.82;SPXW  260924C07900000;0.0;0.05
2026-09-24 08:56;7905.0;7670.82;SPXW  260924C07905000;0.0;0.05
2026-09-24 08:56;7910.0;7670.82;SPXW  260924C07910000;0.0;0.05
2026-09-24 08:56;7915.0;7670.82;SPXW  260924C07915000;0.0;0.05
2026-09-24 08:56;7920.0;7670.82;SPXW  260924C07920000;0.0;0.05
2026-09-24 08:56;7425.0;7670.82;SPXW  260924P07425000;0.05;0.1
2026-09-24 08:56;7430.0;7670.82;SPXW  260924P07430000;0.05;0.1
2026-09-24 08:56;7435.0;7670.82;SPXW  260924P07435000;0.05;0.1
2026-09-24 08:56;7440.0;7670.82;SPXW  260924P07440000;0.05;0.1
2026-09-24 08:56;7445.0;7670.82;SPXW  260924P07445000;0.05;0.1
2026-09-24 08:56;7450.0;7670.82;SPXW  260924P07450000;0.05;0.1
2026-09-24 08:56;7455.0;7670.82;SPXW  260924P07455000;0.05;0.1
2026-09-24 08:56;7460.0;7670.82;SPXW  260924P07460000;0.05;0.1
2026-09-24 08:56;7465.0;7670.82;SPXW  260924P07465000;0.05;0.1
2026-09-24 08:56;7470.0;7670.82;SPXW  260924P07470000;0.05;0.1
2026-09-24 08:56;7475.0;7670.82;SPXW  260924P07475000;0.05;0.1
2026-09-24 08:56;7480.0;7670.82;SPXW  260924P07480000;0.05;0.1
2026-09-24 08:56;7485.0;7670.82;SPXW  260924P07485000;0.05;0.15
2026-09-24 08:56;7490.0;7670.82;SPXW  260924P07490000;0.1;0.15
2026-09-24 08:56;7495.0;7670.82;SPXW  260924P07495000;0.1;0.15
2026-09-24 08:56;7500.0;7670.82;SPXW  260924P07500000;0.1;0.15
2026-09-24 08:56;7505.0;7670.82;SPXW  260924P07505000;0.1;0.15
2026-09-24 08:56;7510.0;7670.82;SPXW  260924P07510000;0.1;0.15
2026-09-24 08:56;7515.0;7670.82;SPXW  260924P07515000;0.1;0.15
2026-09-24 08:56;7520.0;7670.82;SPXW  260924P07520000;0.1;0.15
2026-09-24 08:56;7525.0;7670.82;SPXW  260924P07525000;0.1;0.15
2026-09-24 08:56;7530.0;7670.82;SPXW  260924P07530000;0.15;0.2
2026-09-24 08:56;7535.0;7670.82;SPXW  260924P07535000;0.15;0.2
2026-09-24 08:56;7540.0;7670.82;SPXW  260924P07540000;0.15;0.2
2026-09-24 08:56;7545.0;7670.82;SPXW  260924P07545000;0.15;0.2
2026-09-24 08:56;7550.0;7670.82;SPXW  260924P07550000;0.15;0.2
2026-09-24 08:56;7555.0;7670.82;SPXW  260924P07555000;0.15;0.2
2026-09-24 08:56;7560.0;7670.82;SPXW  260924P07560000;0.2;0.25
2026-09-24 08:56;7565.0;7670.82;SPXW  260924P07565000;0.2;0.25
2026-09-24 08:56;7570.0;7670.82;SPXW  260924P07570000;0.2;0.25
2026-09-24 08:56;7575.0;7670.82;SPXW  260924P07575000;0.2;0.3
2026-09-24 08:56;7580.0;7670.82;SPXW  260924P07580000;0.25;0.3
2026-09-24 08:56;7585.0;7670.82;SPXW  260924P07585000;0.25;0.35
2026-09-24 08:56;7590.0;7670.82;SPXW  260924P07590000;0.3;0.35
2026-09-24 08:56;7595.0;7670.82;SPXW  260924P07595000;0.35;0.4
2026-09-24 08:56;7600.0;7670.82;SPXW  260924P07600000;0.4;0.45
2026-09-24 08:56;7605.0;7670.82;SPXW  260924P07605000;0.45;0.55
2026-09-24 08:56;7610.0;7670.82;SPXW  260924P07610000;0.55;0.6
2026-09-24 08:56;7615.0;7670.82;SPXW  260924P07615000;0.7;0.75
2026-09-24 08:56;7620.0;7670.82;SPXW  260924P07620000;0.85;0.9
2026-09-24 08:56;7625.0;7670.82;SPXW  260924P07625000;1.05;1.15
2026-09-24 08:56;7630.0;7670.82;SPXW  260924P07630000;1.35;1.4
2026-09-24 08:56;7635.0;7670.82;SPXW  260924P07635000;1.75;1.8
2026-09-24 08:56;7640.0;7670.82;SPXW  260924P07640000;2.2;2.3
2026-09-24 08:56;7645.0;7670.82;SPXW  260924P07645000;2.85;2.9
2026-09-24 08:56;7650.0;7670.82;SPXW  260924P07650000;3.7;3.8
2026-09-24 08:56;7655.0;7670.82;SPXW  260924P07655000;4.7;4.8
2026-09-24 08:56;7660.0;7670.82;SPXW  260924P07660000;6.1;6.2
2026-09-24 08:56;7665.0;7670.82;SPXW  260924P07665000;7.7;7.9
2026-09-24 08:56;7670.0;7670.82;SPXW  260924P07670000;9.8;10.0
2026-09-24 08:56;7675.0;7670.82;SPXW  260924P07675000;12.4;12.5
2026-09-24 08:56;7680.0;7670.82;SPXW  260924P07680000;15.3;15.5
2026-09-24 08:56;7685.0;7670.82;SPXW  260924P07685000;18.7;18.9
2026-09-24 08:56;7690.0;7670.82;SPXW  260924P07690000;22.6;22.8
2026-09-24 08:56;7695.0;7670.82;SPXW  260924P07695000;26.7;27.0
2026-09-24 08:56;7700.0;7670.82;SPXW  260924P07700000;31.2;31.5
2026-09-24 08:56;7705.0;7670.82;SPXW  260924P07705000;35.8;36.2
2026-09-24 08:56;7710.0;7670.82;SPXW  260924P07710000;40.6;41.0
2026-09-24 08:56;7715.0;7670.82;SPXW  260924P07715000;45.4;45.8
2026-09-24 08:56;7720.0;7670.82;SPXW  260924P07720000;50.3;50.7
2026-09-24 08:56;7725.0;7670.82;SPXW  260924P07725000;55.3;55.6
2026-09-24 08:56;7730.0;7670.82;SPXW  260924P07730000;60.2;60.6
2026-09-24 08:56;7735.0;7670.82;SPXW  260924P07735000;65.2;65.6
2026-09-24 08:56;7740.0;7670.82;SPXW  260924P07740000;70.2;70.6
2026-09-24 08:56;7745.0;7670.82;SPXW  260924P07745000;74.9;75.5
2026-09-24 08:56;7750.0;7670.82;SPXW  260924P07750000;79.8;80.5
2026-09-24 08:56;7755.0;7670.82;SPXW  260924P07755000;84.8;85.5
2026-09-24 08:56;7760.0;7670.82;SPXW  260924P07760000;89.8;90.5
2026-09-24 08:56;7765.0;7670.82;SPXW  260924P07765000;94.7;95.8
2026-09-24 08:56;7770.0;7670.82;SPXW  260924P07770000;99.7;100.8
2026-09-24 08:56;7775.0;7670.82;SPXW  260924P07775000;104.7;105.8
2026-09-24 08:56;7780.0;7670.82;SPXW  260924P07780000;109.7;110.8
2026-09-24 08:56;7785.0;7670.82;SPXW  260924P07785000;114.7;115.8
2026-09-24 08:56;7790.0;7670.82;SPXW  260924P07790000;119.6;120.8
2026-09-24 08:56;7795.0;7670.82;SPXW  260924P07795000;124.6;125.8
2026-09-24 08:56;7800.0;7670.82;SPXW  260924P07800000;129.6;130.8
2026-09-24 08:56;7805.0;7670.82;SPXW  260924P07805000;134.6;135.8
2026-09-24 08:56;7810.0;7670.82;SPXW  260924P07810000;139.6;140.8
2026-09-24 08:56;7815.0;7670.82;SPXW  260924P07815000;144.6;145.8
2026-09-24 08:56;7820.0;7670.82;SPXW  260924P07820000;149.6;150.7
2026-09-24 08:56;7825.0;7670.82;SPXW  260924P07825000;154.6;155.7
2026-09-24 08:56;7830.0;7670.82;SPXW  260924P07830000;156.2;163.2
2026-09-24 08:56;7835.0;7670.82;SPXW  260924P07835000;161.2;168.1
2026-09-24 08:56;7840.0;7670.82;SPXW  260924P07840000;166.2;173.1
2026-09-24 08:56;7845.0;7670.82;SPXW  260924P07845000;171.2;178.2
2026-09-24 08:56;7850.0;7670.82;SPXW  260924P07850000;179.6;180.7
2026-09-24 08:56;7855.0;7670.82;SPXW  260924P07855000;181.2;188.1
2026-09-24 08:56;7860.0;7670.82;SPXW  260924P07860000;186.2;193.2
2026-09-24 08:56;7865.0;7670.82;SPXW  260924P07865000;191.2;198.7
2026-09-24 08:56;7870.0;7670.82;SPXW  260924P07870000;193.4;206.3
2026-09-24 08:56;7875.0;7670.82;SPXW  260924P07875000;198.7;212.4
2026-09-24 08:56;7880.0;7670.82;SPXW  260924P07880000;202.8;216.5
2026-09-24 08:56;7885.0;7670.82;SPXW  260924P07885000;208.7;221.5
2026-09-24 08:56;7890.0;7670.82;SPXW  260924P07890000;210.3;230.3
2026-09-24 08:56;7895.0;7670.82;SPXW  260924P07895000;214.0;234.5
2026-09-24 08:56;7900.0;7670.82;SPXW  260924P07900000;229.6;230.7
2026-09-24 08:56;7905.0;7670.82;SPXW  260924P07905000;225.3;245.3
2026-09-24 08:56;7910.0;7670.82;SPXW  260924P07910000;229.0;249.5
2026-09-24 08:56;7915.0;7670.82;SPXW  260924P07915000;234.1;254.6
2026-09-24 08:56;7920.0;7670.82;SPXW  260924P07920000;239.3;259.8
2026-09-24 09:00;7420.0;7669.27;SPXW  260924C07420000;247.7;248.5
2026-09-24 09:00;7425.0;7669.27;SPXW  260924C07425000;242.7;243.5
2026-09-24 09:00;7430.0;7669.27;SPXW  260924C07430000;237.7;238.5
2026-09-24 09:00;7435.0;7669.27;SPXW  260924C07435000;232.7;233.5
2026-09-24 09:00;7440.0;7669.27;SPXW  260924C07440000;227.7;228.5
2026-09-24 09:00;7445.0;7669.27;SPXW  260924C07445000;222.7;223.5
2026-09-24 09:00;7450.0;7669.27;SPXW  260924C07450000;217.7;218.8
2026-09-24 09:00;7455.0;7669.27;SPXW  260924C07455000;212.6;213.8
2026-09-24 09:00;7460.0;7669.27;SPXW  260924C07460000;207.6;208.8
2026-09-24 09:00;7465.0;7669.27;SPXW  260924C07465000;202.6;203.8
2026-09-24 09:00;7470.0;7669.27;SPXW  260924C07470000;197.6;198.8
2026-09-24 09:00;7475.0;7669.27;SPXW  260924C07475000;192.6;193.8
2026-09-24 09:00;7480.0;7669.27;SPXW  260924C07480000;187.6;188.8
2026-09-24 09:00;7485.0;7669.27;SPXW  260924C07485000;182.6;183.8
2026-09-24 09:00;7490.0;7669.27;SPXW  260924C07490000;177.6;178.8
2026-09-24 09:00;7495.0;7669.27;SPXW  260924C07495000;172.6;173.8
2026-09-24 09:00;7500.0;7669.27;SPXW  260924C07500000;167.8;168.6
2026-09-24 09:00;7505.0;7669.27;SPXW  260924C07505000;162.8;163.6
2026-09-24 09:00;7510.0;7669.27;SPXW  260924C07510000;157.8;158.6
2026-09-24 09:00;7515.0;7669.27;SPXW  260924C07515000;152.7;153.6
2026-09-24 09:00;7520.0;7669.27;SPXW  260924C07520000;147.7;148.6
2026-09-24 09:00;7525.0;7669.27;SPXW  260924C07525000;142.7;143.6
2026-09-24 09:00;7530.0;7669.27;SPXW  260924C07530000;137.7;138.6
2026-09-24 09:00;7535.0;7669.27;SPXW  260924C07535000;132.7;133.6
2026-09-24 09:00;7540.0;7669.27;SPXW  260924C07540000;127.8;128.6
2026-09-24 09:00;7545.0;7669.27;SPXW  260924C07545000;122.8;123.6
2026-09-24 09:00;7550.0;7669.27;SPXW  260924C07550000;117.7;118.9
2026-09-24 09:00;7555.0;7669.27;SPXW  260924C07555000;113.0;113.4
2026-09-24 09:00;7560.0;7669.27;SPXW  260924C07560000;108.0;108.4
2026-09-24 09:00;7565.0;7669.27;SPXW  260924C07565000;103.1;103.4
2026-09-24 09:00;7570.0;7669.27;SPXW  260924C07570000;98.1;98.4
2026-09-24 09:00;7575.0;7669.27;SPXW  260924C07575000;93.1;93.4
2026-09-24 09:00;7580.0;7669.27;SPXW  260924C07580000;88.1;88.5
2026-09-24 09:00;7585.0;7669.27;SPXW  260924C07585000;83.1;83.5
2026-09-24 09:00;7590.0;7669.27;SPXW  260924C07590000;78.2;78.5
2026-09-24 09:00;7595.0;7669.27;SPXW  260924C07595000;73.2;73.6
2026-09-24 09:00;7600.0;7669.27;SPXW  260924C07600000;68.3;68.6
2026-09-24 09:00;7605.0;7669.27;SPXW  260924C07605000;63.4;63.7
2026-09-24 09:00;7610.0;7669.27;SPXW  260924C07610000;58.5;58.8
2026-09-24 09:00;7615.0;7669.27;SPXW  260924C07615000;53.6;53.9
2026-09-24 09:00;7620.0;7669.27;SPXW  260924C07620000;48.8;49.1
2026-09-24 09:00;7625.0;7669.27;SPXW  260924C07625000;44.1;44.3
2026-09-24 09:00;7630.0;7669.27;SPXW  260924C07630000;39.4;39.6
2026-09-24 09:00;7635.0;7669.27;SPXW  260924C07635000;34.8;35.0
2026-09-24 09:00;7640.0;7669.27;SPXW  260924C07640000;30.3;30.5
2026-09-24 09:00;7645.0;7669.27;SPXW  260924C07645000;26.0;26.2
2026-09-24 09:00;7650.0;7669.27;SPXW  260924C07650000;21.9;22.1
2026-09-24 09:00;7655.0;7669.27;SPXW  260924C07655000;18.1;18.3
2026-09-24 09:00;7660.0;7669.27;SPXW  260924C07660000;14.6;14.7
2026-09-24 09:00;7665.0;7669.27;SPXW  260924C07665000;11.4;11.6
2026-09-24 09:00;7670.0;7669.27;SPXW  260924C07670000;8.7;8.8
2026-09-24 09:00;7675.0;7669.27;SPXW  260924C07675000;6.4;6.5
2026-09-24 09:00;7680.0;7669.27;SPXW  260924C07680000;4.6;4.7
2026-09-24 09:00;7685.0;7669.27;SPXW  260924C07685000;3.2;3.3
2026-09-24 09:00;7690.0;7669.27;SPXW  260924C07690000;2.2;2.25
2026-09-24 09:00;7695.0;7669.27;SPXW  260924C07695000;1.45;1.5
2026-09-24 09:00;7700.0;7669.27;SPXW  260924C07700000;1.0;1.05
2026-09-24 09:00;7705.0;7669.27;SPXW  260924C07705000;0.7;0.75
2026-09-24 09:00;7710.0;7669.27;SPXW  260924C07710000;0.5;0.55
2026-09-24 09:00;7715.0;7669.27;SPXW  260924C07715000;0.4;0.45
2026-09-24 09:00;7720.0;7669.27;SPXW  260924C07720000;0.3;0.35
2026-09-24 09:00;7725.0;7669.27;SPXW  260924C07725000;0.25;0.3
2026-09-24 09:00;7730.0;7669.27;SPXW  260924C07730000;0.2;0.25
2026-09-24 09:00;7735.0;7669.27;SPXW  260924C07735000;0.2;0.25
2026-09-24 09:00;7740.0;7669.27;SPXW  260924C07740000;0.15;0.2
2026-09-24 09:00;7745.0;7669.27;SPXW  260924C07745000;0.15;0.2
2026-09-24 09:00;7750.0;7669.27;SPXW  260924C07750000;0.1;0.2
2026-09-24 09:00;7755.0;7669.27;SPXW  260924C07755000;0.1;0.15
2026-09-24 09:00;7760.0;7669.27;SPXW  260924C07760000;0.1;0.15
2026-09-24 09:00;7765.0;7669.27;SPXW  260924C07765000;0.1;0.15
2026-09-24 09:00;7770.0;7669.27;SPXW  260924C07770000;0.1;0.15
2026-09-24 09:00;7775.0;7669.27;SPXW  260924C07775000;0.1;0.15
2026-09-24 09:00;7780.0;7669.27;SPXW  260924C07780000;0.1;0.15
2026-09-24 09:00;7785.0;7669.27;SPXW  260924C07785000;0.05;0.1
2026-09-24 09:00;7790.0;7669.27;SPXW  260924C07790000;0.05;0.1
2026-09-24 09:00;7795.0;7669.27;SPXW  260924C07795000;0.05;0.1
2026-09-24 09:00;7800.0;7669.27;SPXW  260924C07800000;0.05;0.1
2026-09-24 09:00;7805.0;7669.27;SPXW  260924C07805000;0.05;0.1
2026-09-24 09:00;7810.0;7669.27;SPXW  260924C07810000;0.05;0.1
2026-09-24 09:00;7815.0;7669.27;SPXW  260924C07815000;0.05;0.1
2026-09-24 09:00;7820.0;7669.27;SPXW  260924C07820000;0.05;0.1
2026-09-24 09:00;7825.0;7669.27;SPXW  260924C07825000;0.05;0.1
2026-09-24 09:00;7830.0;7669.27;SPXW  260924C07830000;0.05;0.1
2026-09-24 09:00;7835.0;7669.27;SPXW  260924C07835000;0.05;0.1
2026-09-24 09:00;7840.0;7669.27;SPXW  260924C07840000;0.05;0.1
2026-09-24 09:00;7845.0;7669.27;SPXW  260924C07845000;0.05;0.1
2026-09-24 09:00;7850.0;7669.27;SPXW  260924C07850000;0.05;0.1
2026-09-24 09:00;7855.0;7669.27;SPXW  260924C07855000;0.05;0.1
2026-09-24 09:00;7860.0;7669.27;SPXW  260924C07860000;0.05;0.1
2026-09-24 09:00;7865.0;7669.27;SPXW  260924C07865000;0.0;0.1
2026-09-24 09:00;7870.0;7669.27;SPXW  260924C07870000;0.0;0.1
2026-09-24 09:00;7875.0;7669.27;SPXW  260924C07875000;0.0;0.05
2026-09-24 09:00;7880.0;7669.27;SPXW  260924C07880000;0.0;0.05
2026-09-24 09:00;7885.0;7669.27;SPXW  260924C07885000;0.0;0.05
2026-09-24 09:00;7890.0;7669.27;SPXW  260924C07890000;0.0;0.05
2026-09-24 09:00;7895.0;7669.27;SPXW  260924C07895000;0.0;0.05
2026-09-24 09:00;7900.0;7669.27;SPXW  260924C07900000;0.0;0.05
2026-09-24 09:00;7905.0;7669.27;SPXW  260924C07905000;0.0;0.05
2026-09-24 09:00;7910.0;7669.27;SPXW  260924C07910000;0.0;0.05
2026-09-24 09:00;7915.0;7669.27;SPXW  260924C07915000;0.0;0.05
2026-09-24 09:00;7420.0;7669.27;SPXW  260924P07420000;0.05;0.1
2026-09-24 09:00;7425.0;7669.27;SPXW  260924P07425000;0.05;0.1
2026-09-24 09:00;7430.0;7669.27;SPXW  260924P07430000;0.05;0.1
2026-09-24 09:00;7435.0;7669.27;SPXW  260924P07435000;0.05;0.1
2026-09-24 09:00;7440.0;7669.27;SPXW  260924P07440000;0.05;0.1
2026-09-24 09:00;7445.0;7669.27;SPXW  260924P07445000;0.05;0.1
2026-09-24 09:00;7450.0;7669.27;SPXW  260924P07450000;0.05;0.1
2026-09-24 09:00;7455.0;7669.27;SPXW  260924P07455000;0.05;0.1
2026-09-24 09:00;7460.0;7669.27;SPXW  260924P07460000;0.05;0.1
2026-09-24 09:00;7465.0;7669.27;SPXW  260924P07465000;0.05;0.1
2026-09-24 09:00;7470.0;7669.27;SPXW  260924P07470000;0.05;0.1
2026-09-24 09:00;7475.0;7669.27;SPXW  260924P07475000;0.05;0.1
2026-09-24 09:00;7480.0;7669.27;SPXW  260924P07480000;0.05;0.1
2026-09-24 09:00;7485.0;7669.27;SPXW  260924P07485000;0.1;0.15
2026-09-24 09:00;7490.0;7669.27;SPXW  260924P07490000;0.1;0.15
2026-09-24 09:00;7495.0;7669.27;SPXW  260924P07495000;0.1;0.15
2026-09-24 09:00;7500.0;7669.27;SPXW  260924P07500000;0.1;0.15
2026-09-24 09:00;7505.0;7669.27;SPXW  260924P07505000;0.1;0.15
2026-09-24 09:00;7510.0;7669.27;SPXW  260924P07510000;0.1;0.15
2026-09-24 09:00;7515.0;7669.27;SPXW  260924P07515000;0.1;0.15
2026-09-24 09:00;7520.0;7669.27;SPXW  260924P07520000;0.1;0.15
2026-09-24 09:00;7525.0;7669.27;SPXW  260924P07525000;0.1;0.2
2026-09-24 09:00;7530.0;7669.27;SPXW  260924P07530000;0.15;0.2
2026-09-24 09:00;7535.0;7669.27;SPXW  260924P07535000;0.15;0.2
2026-09-24 09:00;7540.0;7669.27;SPXW  260924P07540000;0.15;0.2
2026-09-24 09:00;7545.0;7669.27;SPXW  260924P07545000;0.15;0.2
2026-09-24 09:00;7550.0;7669.27;SPXW  260924P07550000;0.15;0.2
2026-09-24 09:00;7555.0;7669.27;SPXW  260924P07555000;0.15;0.25
2026-09-24 09:00;7560.0;7669.27;SPXW  260924P07560000;0.2;0.25
2026-09-24 09:00;7565.0;7669.27;SPXW  260924P07565000;0.2;0.25
2026-09-24 09:00;7570.0;7669.27;SPXW  260924P07570000;0.2;0.25
2026-09-24 09:00;7575.0;7669.27;SPXW  260924P07575000;0.25;0.3
2026-09-24 09:00;7580.0;7669.27;SPXW  260924P07580000;0.25;0.3
2026-09-24 09:00;7585.0;7669.27;SPXW  260924P07585000;0.3;0.35
2026-09-24 09:00;7590.0;7669.27;SPXW  260924P07590000;0.35;0.4
2026-09-24 09:00;7595.0;7669.27;SPXW  260924P07595000;0.4;0.45
2026-09-24 09:00;7600.0;7669.27;SPXW  260924P07600000;0.45;0.5
2026-09-24 09:00;7605.0;7669.27;SPXW  260924P07605000;0.55;0.6
2026-09-24 09:00;7610.0;7669.27;SPXW  260924P07610000;0.65;0.7
2026-09-24 09:00;7615.0;7669.27;SPXW  260924P07615000;0.8;0.85
2026-09-24 09:00;7620.0;7669.27;SPXW  260924P07620000;0.95;1.0
2026-09-24 09:00;7625.0;7669.27;SPXW  260924P07625000;1.2;1.25
2026-09-24 09:00;7630.0;7669.27;SPXW  260924P07630000;1.55;1.6
2026-09-24 09:00;7635.0;7669.27;SPXW  260924P07635000;2.0;2.05
2026-09-24 09:00;7640.0;7669.27;SPXW  260924P07640000;2.55;2.6
2026-09-24 09:00;7645.0;7669.27;SPXW  260924P07645000;3.3;3.4
2026-09-24 09:00;7650.0;7669.27;SPXW  260924P07650000;4.2;4.3
2026-09-24 09:00;7655.0;7669.27;SPXW  260924P07655000;5.4;5.5
2026-09-24 09:00;7660.0;7669.27;SPXW  260924P07660000;6.9;7.1
2026-09-24 09:00;7665.0;7669.27;SPXW  260924P07665000;8.9;9.0
2026-09-24 09:00;7670.0;7669.27;SPXW  260924P07670000;11.2;11.3
2026-09-24 09:00;7675.0;7669.27;SPXW  260924P07675000;13.9;14.1
2026-09-24 09:00;7680.0;7669.27;SPXW  260924P07680000;17.2;17.3
2026-09-24 09:00;7685.0;7669.27;SPXW  260924P07685000;20.8;21.0
2026-09-24 09:00;7690.0;7669.27;SPXW  260924P07690000;24.9;25.0
2026-09-24 09:00;7695.0;7669.27;SPXW  260924P07695000;29.2;29.3
2026-09-24 09:00;7700.0;7669.27;SPXW  260924P07700000;33.7;33.9
2026-09-24 09:00;7705.0;7669.27;SPXW  260924P07705000;38.3;38.7
2026-09-24 09:00;7710.0;7669.27;SPXW  260924P07710000;43.1;43.6
2026-09-24 09:00;7715.0;7669.27;SPXW  260924P07715000;47.7;48.7
2026-09-24 09:00;7720.0;7669.27;SPXW  260924P07720000;52.7;53.6
2026-09-24 09:00;7725.0;7669.27;SPXW  260924P07725000;57.8;58.3
2026-09-24 09:00;7730.0;7669.27;SPXW  260924P07730000;62.8;63.3
2026-09-24 09:00;7735.0;7669.27;SPXW  260924P07735000;67.5;68.5
2026-09-24 09:00;7740.0;7669.27;SPXW  260924P07740000;72.5;73.6
2026-09-24 09:00;7745.0;7669.27;SPXW  260924P07745000;77.5;78.5
2026-09-24 09:00;7750.0;7669.27;SPXW  260924P07750000;82.5;83.5
2026-09-24 09:00;7755.0;7669.27;SPXW  260924P07755000;87.5;88.5
2026-09-24 09:00;7760.0;7669.27;SPXW  260924P07760000;92.5;93.4
2026-09-24 09:00;7765.0;7669.27;SPXW  260924P07765000;97.4;98.4
2026-09-24 09:00;7770.0;7669.27;SPXW  260924P07770000;102.3;103.5
2026-09-24 09:00;7775.0;7669.27;SPXW  260924P07775000;107.3;108.5
2026-09-24 09:00;7780.0;7669.27;SPXW  260924P07780000;112.3;113.5
2026-09-24 09:00;7785.0;7669.27;SPXW  260924P07785000;117.3;118.5
2026-09-24 09:00;7790.0;7669.27;SPXW  260924P07790000;122.2;123.5
2026-09-24 09:00;7795.0;7669.27;SPXW  260924P07795000;127.2;128.5
2026-09-24 09:00;7800.0;7669.27;SPXW  260924P07800000;132.2;133.5
2026-09-24 09:00;7805.0;7669.27;SPXW  260924P07805000;137.2;138.5
2026-09-24 09:00;7810.0;7669.27;SPXW  260924P07810000;142.2;143.5
2026-09-24 09:00;7815.0;7669.27;SPXW  260924P07815000;147.2;148.5
2026-09-24 09:00;7820.0;7669.27;SPXW  260924P07820000;152.2;153.5
2026-09-24 09:00;7825.0;7669.27;SPXW  260924P07825000;157.2;158.5
2026-09-24 09:00;7830.0;7669.27;SPXW  260924P07830000;158.7;166.8
2026-09-24 09:00;7835.0;7669.27;SPXW  260924P07835000;163.7;171.1
2026-09-24 09:00;7840.0;7669.27;SPXW  260924P07840000;168.7;176.1
2026-09-24 09:00;7845.0;7669.27;SPXW  260924P07845000;173.7;181.8
2026-09-24 09:00;7850.0;7669.27;SPXW  260924P07850000;182.2;183.5
2026-09-24 09:00;7855.0;7669.27;SPXW  260924P07855000;183.7;191.1
2026-09-24 09:00;7860.0;7669.27;SPXW  260924P07860000;188.7;196.8
2026-09-24 09:00;7865.0;7669.27;SPXW  260924P07865000;193.5;201.1
2026-09-24 09:00;7870.0;7669.27;SPXW  260924P07870000;202.2;203.5
2026-09-24 09:00;7875.0;7669.27;SPXW  260924P07875000;200.8;213.8
2026-09-24 09:00;7880.0;7669.27;SPXW  260924P07880000;205.8;218.9
2026-09-24 09:00;7885.0;7669.27;SPXW  260924P07885000;207.8;225.4
2026-09-24 09:00;7890.0;7669.27;SPXW  260924P07890000;213.3;227.0
2026-09-24 09:00;7895.0;7669.27;SPXW  260924P07895000;216.1;235.5
2026-09-24 09:00;7900.0;7669.27;SPXW  260924P07900000;232.2;233.5
2026-09-24 09:00;7905.0;7669.27;SPXW  260924P07905000;227.4;245.5
2026-09-24 09:00;7910.0;7669.27;SPXW  260924P07910000;232.1;250.8
2026-09-24 09:00;7915.0;7669.27;SPXW  260924P07915000;237.1;255.5
2026-09-24 09:04;7425.0;7670.18;SPXW  260924C07425000;244.9;245.8
2026-09-24 09:04;7430.0;7670.18;SPXW  260924C07430000;239.9;240.8
2026-09-24 09:04;7435.0;7670.18;SPXW  260924C07435000;234.9;235.8
2026-09-24 09:04;7440.0;7670.18;SPXW  260924C07440000;229.9;230.8
2026-09-24 09:04;7445.0;7670.18;SPXW  260924C07445000;224.9;225.8
2026-09-24 09:04;7450.0;7670.18;SPXW  260924C07450000;219.9;220.8
2026-09-24 09:04;7455.0;7670.18;SPXW  260924C07455000;214.9;215.8
2026-09-24 09:04;7460.0;7670.18;SPXW  260924C07460000;209.9;210.8
2026-09-24 09:04;7465.0;7670.18;SPXW  260924C07465000;204.9;205.8
2026-09-24 09:04;7470.0;7670.18;SPXW  260924C07470000;199.9;200.8
2026-09-24 09:04;7475.0;7670.18;SPXW  260924C07475000;194.9;195.8
2026-09-24 09:04;7480.0;7670.18;SPXW  260924C07480000;189.9;190.9
2026-09-24 09:04;7485.0;7670.18;SPXW  260924C07485000;184.9;185.9
2026-09-24 09:04;7490.0;7670.18;SPXW  260924C07490000;179.9;180.9
2026-09-24 09:04;7495.0;7670.18;SPXW  260924C07495000;174.9;175.9
2026-09-24 09:04;7500.0;7670.18;SPXW  260924C07500000;169.9;170.9
2026-09-24 09:04;7505.0;7670.18;SPXW  260924C07505000;164.9;165.9
2026-09-24 09:04;7510.0;7670.18;SPXW  260924C07510000;159.9;160.9
2026-09-24 09:04;7515.0;7670.18;SPXW  260924C07515000;155.0;155.9
2026-09-24 09:04;7520.0;7670.18;SPXW  260924C07520000;149.9;150.9
2026-09-24 09:04;7525.0;7670.18;SPXW  260924C07525000;144.9;145.9
2026-09-24 09:04;7530.0;7670.18;SPXW  260924C07530000;139.9;140.9
2026-09-24 09:04;7535.0;7670.18;SPXW  260924C07535000;134.9;135.9
2026-09-24 09:04;7540.0;7670.18;SPXW  260924C07540000;130.0;130.9
2026-09-24 09:04;7545.0;7670.18;SPXW  260924C07545000;125.0;125.9
2026-09-24 09:04;7550.0;7670.18;SPXW  260924C07550000;120.0;120.9
2026-09-24 09:04;7555.0;7670.18;SPXW  260924C07555000;115.3;115.7
2026-09-24 09:04;7560.0;7670.18;SPXW  260924C07560000;110.3;110.7
2026-09-24 09:04;7565.0;7670.18;SPXW  260924C07565000;105.4;105.7
2026-09-24 09:04;7570.0;7670.18;SPXW  260924C07570000;100.4;100.7
2026-09-24 09:04;7575.0;7670.18;SPXW  260924C07575000;95.4;95.8
2026-09-24 09:04;7580.0;7670.18;SPXW  260924C07580000;90.4;90.8
2026-09-24 09:04;7585.0;7670.18;SPXW  260924C07585000;85.4;85.8
2026-09-24 09:04;7590.0;7670.18;SPXW  260924C07590000;80.5;80.8
2026-09-24 09:04;7595.0;7670.18;SPXW  260924C07595000;75.5;75.9
2026-09-24 09:04;7600.0;7670.18;SPXW  260924C07600000;70.5;70.9
2026-09-24 09:04;7605.0;7670.18;SPXW  260924C07605000;65.6;66.0
2026-09-24 09:04;7610.0;7670.18;SPXW  260924C07610000;60.7;61.1
2026-09-24 09:04;7615.0;7670.18;SPXW  260924C07615000;55.8;56.2
2026-09-24 09:04;7620.0;7670.18;SPXW  260924C07620000;50.9;51.3
2026-09-24 09:04;7625.0;7670.18;SPXW  260924C07625000;46.3;46.5
2026-09-24 09:04;7630.0;7670.18;SPXW  260924C07630000;41.5;41.7
2026-09-24 09:04;7635.0;7670.18;SPXW  260924C07635000;36.9;37.1
2026-09-24 09:04;7640.0;7670.18;SPXW  260924C07640000;32.3;32.5
2026-09-24 09:04;7645.0;7670.18;SPXW  260924C07645000;27.9;28.1
2026-09-24 09:04;7650.0;7670.18;SPXW  260924C07650000;23.6;23.9
2026-09-24 09:04;7655.0;7670.18;SPXW  260924C07655000;19.7;19.9
2026-09-24 09:04;7660.0;7670.18;SPXW  260924C07660000;16.0;16.2
2026-09-24 09:04;7665.0;7670.18;SPXW  260924C07665000;12.6;12.8
2026-09-24 09:04;7670.0;7670.18;SPXW  260924C07670000;9.7;9.9
2026-09-24 09:04;7675.0;7670.18;SPXW  260924C07675000;7.2;7.4
2026-09-24 09:04;7680.0;7670.18;SPXW  260924C07680000;5.2;5.3
2026-09-24 09:04;7685.0;7670.18;SPXW  260924C07685000;3.7;3.8
2026-09-24 09:04;7690.0;7670.18;SPXW  260924C07690000;2.55;2.6
2026-09-24 09:04;7695.0;7670.18;SPXW  260924C07695000;1.7;1.75
2026-09-24 09:04;7700.0;7670.18;SPXW  260924C07700000;1.15;1.2
2026-09-24 09:04;7705.0;7670.18;SPXW  260924C07705000;0.8;0.85
2026-09-24 09:04;7710.0;7670.18;SPXW  260924C07710000;0.55;0.6
2026-09-24 09:04;7715.0;7670.18;SPXW  260924C07715000;0.4;0.45
2026-09-24 09:04;7720.0;7670.18;SPXW  260924C07720000;0.3;0.35
2026-09-24 09:04;7725.0;7670.18;SPXW  260924C07725000;0.25;0.3
2026-09-24 09:04;7730.0;7670.18;SPXW  260924C07730000;0.2;0.25
2026-09-24 09:04;7735.0;7670.18;SPXW  260924C07735000;0.2;0.25
2026-09-24 09:04;7740.0;7670.18;SPXW  260924C07740000;0.15;0.2
2026-09-24 09:04;7745.0;7670.18;SPXW  260924C07745000;0.15;0.2
2026-09-24 09:04;7750.0;7670.18;SPXW  260924C07750000;0.1;0.15
2026-09-24 09:04;7755.0;7670.18;SPXW  260924C07755000;0.1;0.15
2026-09-24 09:04;7760.0;7670.18;SPXW  260924C07760000;0.1;0.15
2026-09-24 09:04;7765.0;7670.18;SPXW  260924C07765000;0.1;0.15
2026-09-24 09:04;7770.0;7670.18;SPXW  260924C07770000;0.1;0.15
2026-09-24 09:04;7775.0;7670.18;SPXW  260924C07775000;0.05;0.1
2026-09-24 09:04;7780.0;7670.18;SPXW  260924C07780000;0.05;0.1
2026-09-24 09:04;7785.0;7670.18;SPXW  260924C07785000;0.05;0.1
2026-09-24 09:04;7790.0;7670.18;SPXW  260924C07790000;0.05;0.1
2026-09-24 09:04;7795.0;7670.18;SPXW  260924C07795000;0.05;0.1
2026-09-24 09:04;7800.0;7670.18;SPXW  260924C07800000;0.05;0.1
2026-09-24 09:04;7805.0;7670.18;SPXW  260924C07805000;0.05;0.1
2026-09-24 09:04;7810.0;7670.18;SPXW  260924C07810000;0.05;0.1
2026-09-24 09:04;7815.0;7670.18;SPXW  260924C07815000;0.05;0.1
2026-09-24 09:04;7820.0;7670.18;SPXW  260924C07820000;0.05;0.1
2026-09-24 09:04;7825.0;7670.18;SPXW  260924C07825000;0.05;0.1
2026-09-24 09:04;7830.0;7670.18;SPXW  260924C07830000;0.05;0.1
2026-09-24 09:04;7835.0;7670.18;SPXW  260924C07835000;0.05;0.1
2026-09-24 09:04;7840.0;7670.18;SPXW  260924C07840000;0.05;0.1
2026-09-24 09:04;7845.0;7670.18;SPXW  260924C07845000;0.05;0.1
2026-09-24 09:04;7850.0;7670.18;SPXW  260924C07850000;0.05;0.1
2026-09-24 09:04;7855.0;7670.18;SPXW  260924C07855000;0.05;0.1
2026-09-24 09:04;7860.0;7670.18;SPXW  260924C07860000;0.05;0.1
2026-09-24 09:04;7865.0;7670.18;SPXW  260924C07865000;0.0;0.05
2026-09-24 09:04;7870.0;7670.18;SPXW  260924C07870000;0.0;0.05
2026-09-24 09:04;7875.0;7670.18;SPXW  260924C07875000;0.0;0.05
2026-09-24 09:04;7880.0;7670.18;SPXW  260924C07880000;0.0;0.05
2026-09-24 09:04;7885.0;7670.18;SPXW  260924C07885000;0.0;0.05
2026-09-24 09:04;7890.0;7670.18;SPXW  260924C07890000;0.0;0.05
2026-09-24 09:04;7895.0;7670.18;SPXW  260924C07895000;0.0;0.05
2026-09-24 09:04;7900.0;7670.18;SPXW  260924C07900000;0.0;0.05
2026-09-24 09:04;7905.0;7670.18;SPXW  260924C07905000;0.0;0.05
2026-09-24 09:04;7910.0;7670.18;SPXW  260924C07910000;0.0;0.05
2026-09-24 09:04;7915.0;7670.18;SPXW  260924C07915000;0.0;0.05
2026-09-24 09:04;7920.0;7670.18;SPXW  260924C07920000;0.0;0.05
2026-09-24 09:04;7425.0;7670.18;SPXW  260924P07425000;0.05;0.1
2026-09-24 09:04;7430.0;7670.18;SPXW  260924P07430000;0.05;0.1
2026-09-24 09:04;7435.0;7670.18;SPXW  260924P07435000;0.05;0.1
2026-09-24 09:04;7440.0;7670.18;SPXW  260924P07440000;0.05;0.1
2026-09-24 09:04;7445.0;7670.18;SPXW  260924P07445000;0.05;0.1
2026-09-24 09:04;7450.0;7670.18;SPXW  260924P07450000;0.05;0.1
2026-09-24 09:04;7455.0;7670.18;SPXW  260924P07455000;0.05;0.1
2026-09-24 09:04;7460.0;7670.18;SPXW  260924P07460000;0.05;0.1
2026-09-24 09:04;7465.0;7670.18;SPXW  260924P07465000;0.05;0.1
2026-09-24 09:04;7470.0;7670.18;SPXW  260924P07470000;0.05;0.1
2026-09-24 09:04;7475.0;7670.18;SPXW  260924P07475000;0.05;0.1
2026-09-24 09:04;7480.0;7670.18;SPXW  260924P07480000;0.05;0.1
2026-09-24 09:04;7485.0;7670.18;SPXW  260924P07485000;0.05;0.15
2026-09-24 09:04;7490.0;7670.18;SPXW  260924P07490000;0.1;0.15
2026-09-24 09:04;7495.0;7670.18;SPXW  260924P07495000;0.1;0.15
2026-09-24 09:04;7500.0;7670.18;SPXW  260924P07500000;0.1;0.15
2026-09-24 09:04;7505.0;7670.18;SPXW  260924P07505000;0.1;0.15
2026-09-24 09:04;7510.0;7670.18;SPXW  260924P07510000;0.1;0.15
2026-09-24 09:04;7515.0;7670.18;SPXW  260924P07515000;0.1;0.15
2026-09-24 09:04;7520.0;7670.18;SPXW  260924P07520000;0.1;0.15
2026-09-24 09:04;7525.0;7670.18;SPXW  260924P07525000;0.1;0.15
2026-09-24 09:04;7530.0;7670.18;SPXW  260924P07530000;0.1;0.2
2026-09-24 09:04;7535.0;7670.18;SPXW  260924P07535000;0.15;0.2
2026-09-24 09:04;7540.0;7670.18;SPXW  260924P07540000;0.15;0.2
2026-09-24 09:04;7545.0;7670.18;SPXW  260924P07545000;0.15;0.2
2026-09-24 09:04;7550.0;7670.18;SPXW  260924P07550000;0.15;0.2
2026-09-24 09:04;7555.0;7670.18;SPXW  260924P07555000;0.15;0.2
2026-09-24 09:04;7560.0;7670.18;SPXW  260924P07560000;0.15;0.2
2026-09-24 09:04;7565.0;7670.18;SPXW  260924P07565000;0.15;0.25
2026-09-24 09:04;7570.0;7670.18;SPXW  260924P07570000;0.2;0.25
2026-09-24 09:04;7575.0;7670.18;SPXW  260924P07575000;0.2;0.25
2026-09-24 09:04;7580.0;7670.18;SPXW  260924P07580000;0.25;0.3
2026-09-24 09:04;7585.0;7670.18;SPXW  260924P07585000;0.25;0.3
2026-09-24 09:04;7590.0;7670.18;SPXW  260924P07590000;0.3;0.35
2026-09-24 09:04;7595.0;7670.18;SPXW  260924P07595000;0.3;0.35
2026-09-24 09:04;7600.0;7670.18;SPXW  260924P07600000;0.35;0.4
2026-09-24 09:04;7605.0;7670.18;SPXW  260924P07605000;0.4;0.5
2026-09-24 09:04;7610.0;7670.18;SPXW  260924P07610000;0.5;0.55
2026-09-24 09:04;7615.0;7670.18;SPXW  260924P07615000;0.6;0.65
2026-09-24 09:04;7620.0;7670.18;SPXW  260924P07620000;0.75;0.8
2026-09-24 09:04;7625.0;7670.18;SPXW  260924P07625000;0.95;1.0
2026-09-24 09:04;7630.0;7670.18;SPXW  260924P07630000;1.2;1.25
2026-09-24 09:04;7635.0;7670.18;SPXW  260924P07635000;1.55;1.6
2026-09-24 09:04;7640.0;7670.18;SPXW  260924P07640000;2.0;2.05
2026-09-24 09:04;7645.0;7670.18;SPXW  260924P07645000;2.6;2.65
2026-09-24 09:04;7650.0;7670.18;SPXW  260924P07650000;3.3;3.5
2026-09-24 09:04;7655.0;7670.18;SPXW  260924P07655000;4.4;4.5
2026-09-24 09:04;7660.0;7670.18;SPXW  260924P07660000;5.7;5.8
2026-09-24 09:04;7665.0;7670.18;SPXW  260924P07665000;7.3;7.5
2026-09-24 09:04;7670.0;7670.18;SPXW  260924P07670000;9.4;9.5
2026-09-24 09:04;7675.0;7670.18;SPXW  260924P07675000;11.9;12.0
2026-09-24 09:04;7680.0;7670.18;SPXW  260924P07680000;14.9;15.0
2026-09-24 09:04;7685.0;7670.18;SPXW  260924P07685000;18.3;18.5
2026-09-24 09:04;7690.0;7670.18;SPXW  260924P07690000;22.2;22.4
2026-09-24 09:04;7695.0;7670.18;SPXW  260924P07695000;26.3;26.6
2026-09-24 09:04;7700.0;7670.18;SPXW  260924P07700000;30.8;31.0
2026-09-24 09:04;7705.0;7670.18;SPXW  260924P07705000;35.3;35.7
2026-09-24 09:04;7710.0;7670.18;SPXW  260924P07710000;40.1;40.5
2026-09-24 09:04;7715.0;7670.18;SPXW  260924P07715000;45.0;45.3
2026-09-24 09:04;7720.0;7670.18;SPXW  260924P07720000;49.9;50.2
2026-09-24 09:04;7725.0;7670.18;SPXW  260924P07725000;54.8;55.2
2026-09-24 09:04;7730.0;7670.18;SPXW  260924P07730000;59.8;60.1
2026-09-24 09:04;7735.0;7670.18;SPXW  260924P07735000;64.7;65.1
2026-09-24 09:04;7740.0;7670.18;SPXW  260924P07740000;69.7;70.1
2026-09-24 09:04;7745.0;7670.18;SPXW  260924P07745000;74.5;75.3
2026-09-24 09:04;7750.0;7670.18;SPXW  260924P07750000;79.4;80.3
2026-09-24 09:04;7755.0;7670.18;SPXW  260924P07755000;84.4;85.3
2026-09-24 09:04;7760.0;7670.18;SPXW  260924P07760000;89.4;90.3
2026-09-24 09:04;7765.0;7670.18;SPXW  260924P07765000;94.3;95.2
2026-09-24 09:04;7770.0;7670.18;SPXW  260924P07770000;99.3;100.4
2026-09-24 09:04;7775.0;7670.18;SPXW  260924P07775000;104.1;105.5
2026-09-24 09:04;7780.0;7670.18;SPXW  260924P07780000;109.1;110.5
2026-09-24 09:04;7785.0;7670.18;SPXW  260924P07785000;114.1;115.5
2026-09-24 09:04;7790.0;7670.18;SPXW  260924P07790000;119.1;120.4
2026-09-24 09:04;7795.0;7670.18;SPXW  260924P07795000;124.1;125.4
2026-09-24 09:04;7800.0;7670.18;SPXW  260924P07800000;129.1;130.4
2026-09-24 09:04;7805.0;7670.18;SPXW  260924P07805000;134.1;135.4
2026-09-24 09:04;7810.0;7670.18;SPXW  260924P07810000;139.1;140.4
2026-09-24 09:04;7815.0;7670.18;SPXW  260924P07815000;144.1;145.4
2026-09-24 09:04;7820.0;7670.18;SPXW  260924P07820000;149.1;150.4
2026-09-24 09:04;7825.0;7670.18;SPXW  260924P07825000;154.1;155.4
2026-09-24 09:04;7830.0;7670.18;SPXW  260924P07830000;156.6;163.7
2026-09-24 09:04;7835.0;7670.18;SPXW  260924P07835000;161.3;168.7
2026-09-24 09:04;7840.0;7670.18;SPXW  260924P07840000;166.3;173.7
2026-09-24 09:04;7845.0;7670.18;SPXW  260924P07845000;171.6;178.7
2026-09-24 09:04;7850.0;7670.18;SPXW  260924P07850000;179.1;180.4
2026-09-24 09:04;7855.0;7670.18;SPXW  260924P07855000;181.3;188.7
2026-09-24 09:04;7860.0;7670.18;SPXW  260924P07860000;186.3;193.7
2026-09-24 09:04;7865.0;7670.18;SPXW  260924P07865000;191.5;198.7
2026-09-24 09:04;7870.0;7670.18;SPXW  260924P07870000;195.8;203.9
2026-09-24 09:04;7875.0;7670.18;SPXW  260924P07875000;198.9;212.4
2026-09-24 09:04;7880.0;7670.18;SPXW  260924P07880000;203.6;217.0
2026-09-24 09:04;7885.0;7670.18;SPXW  260924P07885000;209.2;222.1
2026-09-24 09:04;7890.0;7670.18;SPXW  260924P07890000;211.5;230.5
2026-09-24 09:04;7895.0;7670.18;SPXW  260924P07895000;216.3;235.5
2026-09-24 09:04;7900.0;7670.18;SPXW  260924P07900000;229.1;230.4
2026-09-24 09:04;7905.0;7670.18;SPXW  260924P07905000;225.5;245.5
2026-09-24 09:04;7910.0;7670.18;SPXW  260924P07910000;231.8;250.5
2026-09-24 09:04;7915.0;7670.18;SPXW  260924P07915000;236.8;255.5
2026-09-24 09:04;7920.0;7670.18;SPXW  260924P07920000;239.9;260.4
2026-09-24 09:09;7420.0;7668.09;SPXW  260924C07420000;247.7;248.5
2026-09-24 09:09;7425.0;7668.09;SPXW  260924C07425000;242.7;243.5
2026-09-24 09:09;7430.0;7668.09;SPXW  260924C07430000;237.7;238.5
2026-09-24 09:09;7435.0;7668.09;SPXW  260924C07435000;232.7;233.5
2026-09-24 09:09;7440.0;7668.09;SPXW  260924C07440000;227.5;228.6
2026-09-24 09:09;7445.0;7668.09;SPXW  260924C07445000;222.5;223.5
2026-09-24 09:09;7450.0;7668.09;SPXW  260924C07450000;217.5;218.6
2026-09-24 09:09;7455.0;7668.09;SPXW  260924C07455000;212.7;213.6
2026-09-24 09:09;7460.0;7668.09;SPXW  260924C07460000;207.6;208.6
2026-09-24 09:09;7465.0;7668.09;SPXW  260924C07465000;202.6;203.6
2026-09-24 09:09;7470.0;7668.09;SPXW  260924C07470000;197.6;198.6
2026-09-24 09:09;7475.0;7668.09;SPXW  260924C07475000;192.6;193.7
2026-09-24 09:09;7480.0;7668.09;SPXW  260924C07480000;187.6;188.7
2026-09-24 09:09;7485.0;7668.09;SPXW  260924C07485000;182.5;183.7
2026-09-24 09:09;7490.0;7668.09;SPXW  260924C07490000;177.5;178.7
2026-09-24 09:09;7495.0;7668.09;SPXW  260924C07495000;172.5;173.6
2026-09-24 09:09;7500.0;7668.09;SPXW  260924C07500000;167.5;168.7
2026-09-24 09:09;7505.0;7668.09;SPXW  260924C07505000;162.6;163.7
2026-09-24 09:09;7510.0;7668.09;SPXW  260924C07510000;157.6;158.7
2026-09-24 09:09;7515.0;7668.09;SPXW  260924C07515000;152.8;153.6
2026-09-24 09:09;7520.0;7668.09;SPXW  260924C07520000;147.8;148.6
2026-09-24 09:09;7525.0;7668.09;SPXW  260924C07525000;142.8;143.6
2026-09-24 09:09;7530.0;7668.09;SPXW  260924C07530000;137.8;138.6
2026-09-24 09:09;7535.0;7668.09;SPXW  260924C07535000;132.8;133.6
2026-09-24 09:09;7540.0;7668.09;SPXW  260924C07540000;127.6;128.6
2026-09-24 09:09;7545.0;7668.09;SPXW  260924C07545000;122.8;123.7
2026-09-24 09:09;7550.0;7668.09;SPXW  260924C07550000;117.7;118.7
2026-09-24 09:09;7555.0;7668.09;SPXW  260924C07555000;113.0;113.3
2026-09-24 09:09;7560.0;7668.09;SPXW  260924C07560000;108.0;108.3
2026-09-24 09:09;7565.0;7668.09;SPXW  260924C07565000;103.0;103.4
2026-09-24 09:09;7570.0;7668.09;SPXW  260924C07570000;98.0;98.4
2026-09-24 09:09;7575.0;7668.09;SPXW  260924C07575000;93.0;93.4
2026-09-24 09:09;7580.0;7668.09;SPXW  260924C07580000;88.1;88.4
2026-09-24 09:09;7585.0;7668.09;SPXW  260924C07585000;83.1;83.4
2026-09-24 09:09;7590.0;7668.09;SPXW  260924C07590000;78.1;78.5
2026-09-24 09:09;7595.0;7668.09;SPXW  260924C07595000;73.2;73.5
2026-09-24 09:09;7600.0;7668.09;SPXW  260924C07600000;68.2;68.6
2026-09-24 09:09;7605.0;7668.09;SPXW  260924C07605000;63.3;63.6
2026-09-24 09:09;7610.0;7668.09;SPXW  260924C07610000;58.4;58.7
2026-09-24 09:09;7615.0;7668.09;SPXW  260924C07615000;53.5;53.8
2026-09-24 09:09;7620.0;7668.09;SPXW  260924C07620000;48.7;49.0
2026-09-24 09:09;7625.0;7668.09;SPXW  260924C07625000;44.0;44.2
2026-09-24 09:09;7630.0;7668.09;SPXW  260924C07630000;39.3;39.5
2026-09-24 09:09;7635.0;7668.09;SPXW  260924C07635000;34.7;34.9
2026-09-24 09:09;7640.0;7668.09;SPXW  260924C07640000;30.2;30.4
2026-09-24 09:09;7645.0;7668.09;SPXW  260924C07645000;25.8;26.1
2026-09-24 09:09;7650.0;7668.09;SPXW  260924C07650000;21.7;21.9
2026-09-24 09:09;7655.0;7668.09;SPXW  260924C07655000;17.9;18.0
2026-09-24 09:09;7660.0;7668.09;SPXW  260924C07660000;14.3;14.5
2026-09-24 09:09;7665.0;7668.09;SPXW  260924C07665000;11.2;11.3
2026-09-24 09:09;7670.0;7668.09;SPXW  260924C07670000;8.5;8.6
2026-09-24 09:09;7675.0;7668.09;SPXW  260924C07675000;6.2;6.3
2026-09-24 09:09;7680.0;7668.09;SPXW  260924C07680000;4.4;4.5
2026-09-24 09:09;7685.0;7668.09;SPXW  260924C07685000;3.0;3.1
2026-09-24 09:09;7690.0;7668.09;SPXW  260924C07690000;2.05;2.1
2026-09-24 09:09;7695.0;7668.09;SPXW  260924C07695000;1.4;1.45
2026-09-24 09:09;7700.0;7668.09;SPXW  260924C07700000;0.95;1.0
2026-09-24 09:09;7705.0;7668.09;SPXW  260924C07705000;0.65;0.7
2026-09-24 09:09;7710.0;7668.09;SPXW  260924C07710000;0.45;0.5
2026-09-24 09:09;7715.0;7668.09;SPXW  260924C07715000;0.35;0.4
2026-09-24 09:09;7720.0;7668.09;SPXW  260924C07720000;0.25;0.35
2026-09-24 09:09;7725.0;7668.09;SPXW  260924C07725000;0.25;0.3
2026-09-24 09:09;7730.0;7668.09;SPXW  260924C07730000;0.2;0.25
2026-09-24 09:09;7735.0;7668.09;SPXW  260924C07735000;0.15;0.2
2026-09-24 09:09;7740.0;7668.09;SPXW  260924C07740000;0.15;0.2
2026-09-24 09:09;7745.0;7668.09;SPXW  260924C07745000;0.15;0.2
2026-09-24 09:09;7750.0;7668.09;SPXW  260924C07750000;0.1;0.15
2026-09-24 09:09;7755.0;7668.09;SPXW  260924C07755000;0.1;0.15
2026-09-24 09:09;7760.0;7668.09;SPXW  260924C07760000;0.1;0.15
2026-09-24 09:09;7765.0;7668.09;SPXW  260924C07765000;0.1;0.15
2026-09-24 09:09;7770.0;7668.09;SPXW  260924C07770000;0.1;0.15
2026-09-24 09:09;7775.0;7668.09;SPXW  260924C07775000;0.05;0.1
2026-09-24 09:09;7780.0;7668.09;SPXW  260924C07780000;0.05;0.1
2026-09-24 09:09;7785.0;7668.09;SPXW  260924C07785000;0.05;0.1
2026-09-24 09:09;7790.0;7668.09;SPXW  260924C07790000;0.05;0.1
2026-09-24 09:09;7795.0;7668.09;SPXW  260924C07795000;0.05;0.1
2026-09-24 09:09;7800.0;7668.09;SPXW  260924C07800000;0.05;0.1
2026-09-24 09:09;7805.0;7668.09;SPXW  260924C07805000;0.05;0.1
2026-09-24 09:09;7810.0;7668.09;SPXW  260924C07810000;0.05;0.1
2026-09-24 09:09;7815.0;7668.09;SPXW  260924C07815000;0.05;0.1
2026-09-24 09:09;7820.0;7668.09;SPXW  260924C07820000;0.05;0.1
2026-09-24 09:09;7825.0;7668.09;SPXW  260924C07825000;0.05;0.1
2026-09-24 09:09;7830.0;7668.09;SPXW  260924C07830000;0.05;0.1
2026-09-24 09:09;7835.0;7668.09;SPXW  260924C07835000;0.05;0.1
2026-09-24 09:09;7840.0;7668.09;SPXW  260924C07840000;0.05;0.1
2026-09-24 09:09;7845.0;7668.09;SPXW  260924C07845000;0.05;0.1
2026-09-24 09:09;7850.0;7668.09;SPXW  260924C07850000;0.05;0.1
2026-09-24 09:09;7855.0;7668.09;SPXW  260924C07855000;0.05;0.1
2026-09-24 09:09;7860.0;7668.09;SPXW  260924C07860000;0.0;0.05
2026-09-24 09:09;7865.0;7668.09;SPXW  260924C07865000;0.0;0.05
2026-09-24 09:09;7870.0;7668.09;SPXW  260924C07870000;0.0;0.05
2026-09-24 09:09;7875.0;7668.09;SPXW  260924C07875000;0.0;0.05
2026-09-24 09:09;7880.0;7668.09;SPXW  260924C07880000;0.0;0.05
2026-09-24 09:09;7885.0;7668.09;SPXW  260924C07885000;0.0;0.05
2026-09-24 09:09;7890.0;7668.09;SPXW  260924C07890000;0.0;0.05
2026-09-24 09:09;7895.0;7668.09;SPXW  260924C07895000;0.0;0.05
2026-09-24 09:09;7900.0;7668.09;SPXW  260924C07900000;0.0;0.05
2026-09-24 09:09;7905.0;7668.09;SPXW  260924C07905000;0.0;0.05
2026-09-24 09:09;7910.0;7668.09;SPXW  260924C07910000;0.0;0.05
2026-09-24 09:09;7915.0;7668.09;SPXW  260924C07915000;0.0;0.05
2026-09-24 09:09;7420.0;7668.09;SPXW  260924P07420000;0.05;0.1
2026-09-24 09:09;7425.0;7668.09;SPXW  260924P07425000;0.05;0.1
2026-09-24 09:09;7430.0;7668.09;SPXW  260924P07430000;0.05;0.1
2026-09-24 09:09;7435.0;7668.09;SPXW  260924P07435000;0.05;0.1
2026-09-24 09:09;7440.0;7668.09;SPXW  260924P07440000;0.05;0.1
2026-09-24 09:09;7445.0;7668.09;SPXW  260924P07445000;0.05;0.1
2026-09-24 09:09;7450.0;7668.09;SPXW  260924P07450000;0.05;0.1
2026-09-24 09:09;7455.0;7668.09;SPXW  260924P07455000;0.05;0.1
2026-09-24 09:09;7460.0;7668.09;SPXW  260924P07460000;0.05;0.1
2026-09-24 09:09;7465.0;7668.09;SPXW  260924P07465000;0.05;0.1
2026-09-24 09:09;7470.0;7668.09;SPXW  260924P07470000;0.05;0.1
2026-09-24 09:09;7475.0;7668.09;SPXW  260924P07475000;0.05;0.1
2026-09-24 09:09;7480.0;7668.09;SPXW  260924P07480000;0.05;0.15
2026-09-24 09:09;7485.0;7668.09;SPXW  260924P07485000;0.1;0.15
2026-09-24 09:09;7490.0;7668.09;SPXW  260924P07490000;0.1;0.15
2026-09-24 09:09;7495.0;7668.09;SPXW  260924P07495000;0.1;0.15
2026-09-24 09:09;7500.0;7668.09;SPXW  260924P07500000;0.1;0.15
2026-09-24 09:09;7505.0;7668.09;SPXW  260924P07505000;0.1;0.15
2026-09-24 09:09;7510.0;7668.09;SPXW  260924P07510000;0.1;0.15
2026-09-24 09:09;7515.0;7668.09;SPXW  260924P07515000;0.1;0.15
2026-09-24 09:09;7520.0;7668.09;SPXW  260924P07520000;0.1;0.15
2026-09-24 09:09;7525.0;7668.09;SPXW  260924P07525000;0.1;0.2
2026-09-24 09:09;7530.0;7668.09;SPXW  260924P07530000;0.15;0.2
2026-09-24 09:09;7535.0;7668.09;SPXW  260924P07535000;0.15;0.2
2026-09-24 09:09;7540.0;7668.09;SPXW  260924P07540000;0.15;0.2
2026-09-24 09:09;7545.0;7668.09;SPXW  260924P07545000;0.15;0.2
2026-09-24 09:09;7550.0;7668.09;SPXW  260924P07550000;0.15;0.2
2026-09-24 09:09;7555.0;7668.09;SPXW  260924P07555000;0.15;0.2
2026-09-24 09:09;7560.0;7668.09;SPXW  260924P07560000;0.2;0.25
2026-09-24 09:09;7565.0;7668.09;SPXW  260924P07565000;0.2;0.25
2026-09-24 09:09;7570.0;7668.09;SPXW  260924P07570000;0.2;0.25
2026-09-24 09:09;7575.0;7668.09;SPXW  260924P07575000;0.2;0.25
2026-09-24 09:09;7580.0;7668.09;SPXW  260924P07580000;0.25;0.3
2026-09-24 09:09;7585.0;7668.09;SPXW  260924P07585000;0.25;0.3
2026-09-24 09:09;7590.0;7668.09;SPXW  260924P07590000;0.3;0.35
2026-09-24 09:09;7595.0;7668.09;SPXW  260924P07595000;0.35;0.4
2026-09-24 09:09;7600.0;7668.09;SPXW  260924P07600000;0.4;0.45
2026-09-24 09:09;7605.0;7668.09;SPXW  260924P07605000;0.45;0.5
2026-09-24 09:09;7610.0;7668.09;SPXW  260924P07610000;0.55;0.6
2026-09-24 09:09;7615.0;7668.09;SPXW  260924P07615000;0.7;0.75
2026-09-24 09:09;7620.0;7668.09;SPXW  260924P07620000;0.85;0.9
2026-09-24 09:09;7625.0;7668.09;SPXW  260924P07625000;1.05;1.1
2026-09-24 09:09;7630.0;7668.09;SPXW  260924P07630000;1.35;1.4
2026-09-24 09:09;7635.0;7668.09;SPXW  260924P07635000;1.75;1.8
2026-09-24 09:09;7640.0;7668.09;SPXW  260924P07640000;2.3;2.35
2026-09-24 09:09;7645.0;7668.09;SPXW  260924P07645000;2.95;3.0
2026-09-24 09:09;7650.0;7668.09;SPXW  260924P07650000;3.8;3.9
2026-09-24 09:09;7655.0;7668.09;SPXW  260924P07655000;4.9;5.1
2026-09-24 09:09;7660.0;7668.09;SPXW  260924P07660000;6.4;6.5
2026-09-24 09:09;7665.0;7668.09;SPXW  260924P07665000;8.3;8.4
2026-09-24 09:09;7670.0;7668.09;SPXW  260924P07670000;10.6;10.7
2026-09-24 09:09;7675.0;7668.09;SPXW  260924P07675000;13.3;13.4
2026-09-24 09:09;7680.0;7668.09;SPXW  260924P07680000;16.5;16.6
2026-09-24 09:09;7685.0;7668.09;SPXW  260924P07685000;20.1;20.3
2026-09-24 09:09;7690.0;7668.09;SPXW  260924P07690000;24.1;24.3
2026-09-24 09:09;7695.0;7668.09;SPXW  260924P07695000;28.4;28.6
2026-09-24 09:09;7700.0;7668.09;SPXW  260924P07700000;33.0;33.2
2026-09-24 09:09;7705.0;7668.09;SPXW  260924P07705000;37.6;38.0
2026-09-24 09:09;7710.0;7668.09;SPXW  260924P07710000;42.4;42.8
2026-09-24 09:09;7715.0;7668.09;SPXW  260924P07715000;47.3;47.7
2026-09-24 09:09;7720.0;7668.09;SPXW  260924P07720000;52.2;52.6
2026-09-24 09:09;7725.0;7668.09;SPXW  260924P07725000;57.2;57.5
2026-09-24 09:09;7730.0;7668.09;SPXW  260924P07730000;62.2;62.5
2026-09-24 09:09;7735.0;7668.09;SPXW  260924P07735000;67.1;67.5
2026-09-24 09:09;7740.0;7668.09;SPXW  260924P07740000;72.1;72.8
2026-09-24 09:09;7745.0;7668.09;SPXW  260924P07745000;76.9;77.7
2026-09-24 09:09;7750.0;7668.09;SPXW  260924P07750000;81.9;82.7
2026-09-24 09:09;7755.0;7668.09;SPXW  260924P07755000;86.9;87.7
2026-09-24 09:09;7760.0;7668.09;SPXW  260924P07760000;91.9;92.7
2026-09-24 09:09;7765.0;7668.09;SPXW  260924P07765000;96.9;97.8
2026-09-24 09:09;7770.0;7668.09;SPXW  260924P07770000;101.6;102.8
2026-09-24 09:09;7775.0;7668.09;SPXW  260924P07775000;106.6;107.8
2026-09-24 09:09;7780.0;7668.09;SPXW  260924P07780000;111.6;112.8
2026-09-24 09:09;7785.0;7668.09;SPXW  260924P07785000;116.6;117.8
2026-09-24 09:09;7790.0;7668.09;SPXW  260924P07790000;121.6;122.8
2026-09-24 09:09;7795.0;7668.09;SPXW  260924P07795000;126.6;127.7
2026-09-24 09:09;7800.0;7668.09;SPXW  260924P07800000;131.6;132.7
2026-09-24 09:09;7805.0;7668.09;SPXW  260924P07805000;136.6;137.7
2026-09-24 09:09;7810.0;7668.09;SPXW  260924P07810000;141.6;142.7
2026-09-24 09:09;7815.0;7668.09;SPXW  260924P07815000;146.6;147.7
2026-09-24 09:09;7820.0;7668.09;SPXW  260924P07820000;151.6;152.7
2026-09-24 09:09;7825.0;7668.09;SPXW  260924P07825000;156.3;158.0
2026-09-24 09:09;7830.0;7668.09;SPXW  260924P07830000;158.5;165.9
2026-09-24 09:09;7835.0;7668.09;SPXW  260924P07835000;163.7;170.8
2026-09-24 09:09;7840.0;7668.09;SPXW  260924P07840000;168.7;175.8
2026-09-24 09:09;7845.0;7668.09;SPXW  260924P07845000;173.5;180.9
2026-09-24 09:09;7850.0;7668.09;SPXW  260924P07850000;181.6;182.7
2026-09-24 09:09;7855.0;7668.09;SPXW  260924P07855000;183.5;190.8
2026-09-24 09:09;7860.0;7668.09;SPXW  260924P07860000;188.7;195.8
2026-09-24 09:09;7865.0;7668.09;SPXW  260924P07865000;193.5;200.8
2026-09-24 09:09;7870.0;7668.09;SPXW  260924P07870000;195.7;203.5
2026-09-24 09:09;7875.0;7668.09;SPXW  260924P07875000;201.3;213.9
2026-09-24 09:09;7880.0;7668.09;SPXW  260924P07880000;206.2;219.7
2026-09-24 09:09;7885.0;7668.09;SPXW  260924P07885000;207.6;224.5
2026-09-24 09:09;7890.0;7668.09;SPXW  260924P07890000;213.3;230.5
2026-09-24 09:09;7895.0;7668.09;SPXW  260924P07895000;218.1;235.5
2026-09-24 09:09;7900.0;7668.09;SPXW  260924P07900000;231.6;232.7
2026-09-24 09:09;7905.0;7668.09;SPXW  260924P07905000;227.4;245.5
2026-09-24 09:09;7910.0;7668.09;SPXW  260924P07910000;231.7;250.8
2026-09-24 09:09;7915.0;7668.09;SPXW  260924P07915000;236.7;255.5
2026-09-24 09:14;7425.0;7670.01;SPXW  260924C07425000;245.0;245.9
2026-09-24 09:14;7430.0;7670.01;SPXW  260924C07430000;240.0;240.9
2026-09-24 09:14;7435.0;7670.01;SPXW  260924C07435000;235.0;235.9
2026-09-24 09:14;7440.0;7670.01;SPXW  260924C07440000;230.0;230.9
2026-09-24 09:14;7445.0;7670.01;SPXW  260924C07445000;225.0;225.9
2026-09-24 09:14;7450.0;7670.01;SPXW  260924C07450000;220.0;220.9
2026-09-24 09:14;7455.0;7670.01;SPXW  260924C07455000;215.0;215.9
2026-09-24 09:14;7460.0;7670.01;SPXW  260924C07460000;210.0;210.9
2026-09-24 09:14;7465.0;7670.01;SPXW  260924C07465000;205.0;205.9
2026-09-24 09:14;7470.0;7670.01;SPXW  260924C07470000;200.0;200.9
2026-09-24 09:14;7475.0;7670.01;SPXW  260924C07475000;195.0;195.9
2026-09-24 09:14;7480.0;7670.01;SPXW  260924C07480000;190.0;190.9
2026-09-24 09:14;7485.0;7670.01;SPXW  260924C07485000;184.9;185.9
2026-09-24 09:14;7490.0;7670.01;SPXW  260924C07490000;180.0;180.8
2026-09-24 09:14;7495.0;7670.01;SPXW  260924C07495000;175.0;175.8
2026-09-24 09:14;7500.0;7670.01;SPXW  260924C07500000;170.1;170.8
2026-09-24 09:14;7505.0;7670.01;SPXW  260924C07505000;165.1;165.8
2026-09-24 09:14;7510.0;7670.01;SPXW  260924C07510000;160.1;161.0
2026-09-24 09:14;7515.0;7670.01;SPXW  260924C07515000;155.1;156.0
2026-09-24 09:14;7520.0;7670.01;SPXW  260924C07520000;150.1;151.0
2026-09-24 09:14;7525.0;7670.01;SPXW  260924C07525000;144.9;146.0
2026-09-24 09:14;7530.0;7670.01;SPXW  260924C07530000;139.9;141.0
2026-09-24 09:14;7535.0;7670.01;SPXW  260924C07535000;135.0;136.0
2026-09-24 09:14;7540.0;7670.01;SPXW  260924C07540000;130.1;131.0
2026-09-24 09:14;7545.0;7670.01;SPXW  260924C07545000;125.1;126.0
2026-09-24 09:14;7550.0;7670.01;SPXW  260924C07550000;120.1;121.0
2026-09-24 09:14;7555.0;7670.01;SPXW  260924C07555000;115.4;115.7
2026-09-24 09:14;7560.0;7670.01;SPXW  260924C07560000;110.4;110.7
2026-09-24 09:14;7565.0;7670.01;SPXW  260924C07565000;105.4;108.6
2026-09-24 09:14;7570.0;7670.01;SPXW  260924C07570000;100.4;100.9
2026-09-24 09:14;7575.0;7670.01;SPXW  260924C07575000;95.4;95.8
2026-09-24 09:14;7580.0;7670.01;SPXW  260924C07580000;90.4;90.8
2026-09-24 09:14;7585.0;7670.01;SPXW  260924C07585000;85.5;85.8
2026-09-24 09:14;7590.0;7670.01;SPXW  260924C07590000;80.5;80.8
2026-09-24 09:14;7595.0;7670.01;SPXW  260924C07595000;75.5;75.9
2026-09-24 09:14;7600.0;7670.01;SPXW  260924C07600000;70.6;70.9
2026-09-24 09:14;7605.0;7670.01;SPXW  260924C07605000;65.6;66.0
2026-09-24 09:14;7610.0;7670.01;SPXW  260924C07610000;60.7;61.0
2026-09-24 09:14;7615.0;7670.01;SPXW  260924C07615000;55.8;56.1
2026-09-24 09:14;7620.0;7670.01;SPXW  260924C07620000;50.9;51.3
2026-09-24 09:14;7625.0;7670.01;SPXW  260924C07625000;46.2;46.4
2026-09-24 09:14;7630.0;7670.01;SPXW  260924C07630000;41.5;41.7
2026-09-24 09:14;7635.0;7670.01;SPXW  260924C07635000;36.8;37.0
2026-09-24 09:14;7640.0;7670.01;SPXW  260924C07640000;32.2;32.4
2026-09-24 09:14;7645.0;7670.01;SPXW  260924C07645000;27.8;28.0
2026-09-24 09:14;7650.0;7670.01;SPXW  260924C07650000;23.5;23.7
2026-09-24 09:14;7655.0;7670.01;SPXW  260924C07655000;19.5;19.7
2026-09-24 09:14;7660.0;7670.01;SPXW  260924C07660000;15.8;15.9
2026-09-24 09:14;7665.0;7670.01;SPXW  260924C07665000;12.4;12.6
2026-09-24 09:14;7670.0;7670.01;SPXW  260924C07670000;9.5;9.6
2026-09-24 09:14;7675.0;7670.01;SPXW  260924C07675000;7.0;7.1
2026-09-24 09:14;7680.0;7670.01;SPXW  260924C07680000;5.0;5.1
2026-09-24 09:14;7685.0;7670.01;SPXW  260924C07685000;3.4;3.5
2026-09-24 09:14;7690.0;7670.01;SPXW  260924C07690000;2.35;2.4
2026-09-24 09:14;7695.0;7670.01;SPXW  260924C07695000;1.55;1.6
2026-09-24 09:14;7700.0;7670.01;SPXW  260924C07700000;1.05;1.1
2026-09-24 09:14;7705.0;7670.01;SPXW  260924C07705000;0.7;0.75
2026-09-24 09:14;7710.0;7670.01;SPXW  260924C07710000;0.5;0.55
2026-09-24 09:14;7715.0;7670.01;SPXW  260924C07715000;0.35;0.4
2026-09-24 09:14;7720.0;7670.01;SPXW  260924C07720000;0.3;0.35
2026-09-24 09:14;7725.0;7670.01;SPXW  260924C07725000;0.25;0.3
2026-09-24 09:14;7730.0;7670.01;SPXW  260924C07730000;0.2;0.25
2026-09-24 09:14;7735.0;7670.01;SPXW  260924C07735000;0.15;0.2
2026-09-24 09:14;7740.0;7670.01;SPXW  260924C07740000;0.15;0.2
2026-09-24 09:14;7745.0;7670.01;SPXW  260924C07745000;0.15;0.2
2026-09-24 09:14;7750.0;7670.01;SPXW  260924C07750000;0.1;0.15
2026-09-24 09:14;7755.0;7670.01;SPXW  260924C07755000;0.1;0.15
2026-09-24 09:14;7760.0;7670.01;SPXW  260924C07760000;0.1;0.15
2026-09-24 09:14;7765.0;7670.01;SPXW  260924C07765000;0.1;0.15
2026-09-24 09:14;7770.0;7670.01;SPXW  260924C07770000;0.1;0.15
2026-09-24 09:14;7775.0;7670.01;SPXW  260924C07775000;0.1;0.15
2026-09-24 09:14;7780.0;7670.01;SPXW  260924C07780000;0.05;0.1
2026-09-24 09:14;7785.0;7670.01;SPXW  260924C07785000;0.05;0.1
2026-09-24 09:14;7790.0;7670.01;SPXW  260924C07790000;0.05;0.1
2026-09-24 09:14;7795.0;7670.01;SPXW  260924C07795000;0.05;0.1
2026-09-24 09:14;7800.0;7670.01;SPXW  260924C07800000;0.05;0.1
2026-09-24 09:14;7805.0;7670.01;SPXW  260924C07805000;0.05;0.1
2026-09-24 09:14;7810.0;7670.01;SPXW  260924C07810000;0.05;0.1
2026-09-24 09:14;7815.0;7670.01;SPXW  260924C07815000;0.05;0.1
2026-09-24 09:14;7820.0;7670.01;SPXW  260924C07820000;0.05;0.1
2026-09-24 09:14;7825.0;7670.01;SPXW  260924C07825000;0.05;0.1
2026-09-24 09:14;7830.0;7670.01;SPXW  260924C07830000;0.05;0.1
2026-09-24 09:14;7835.0;7670.01;SPXW  260924C07835000;0.05;0.1
2026-09-24 09:14;7840.0;7670.01;SPXW  260924C07840000;0.05;0.1
2026-09-24 09:14;7845.0;7670.01;SPXW  260924C07845000;0.05;0.1
2026-09-24 09:14;7850.0;7670.01;SPXW  260924C07850000;0.05;0.1
2026-09-24 09:14;7855.0;7670.01;SPXW  260924C07855000;0.05;0.1
2026-09-24 09:14;7860.0;7670.01;SPXW  260924C07860000;0.05;0.1
2026-09-24 09:14;7865.0;7670.01;SPXW  260924C07865000;0.0;0.05
2026-09-24 09:14;7870.0;7670.01;SPXW  260924C07870000;0.0;0.05
2026-09-24 09:14;7875.0;7670.01;SPXW  260924C07875000;0.0;0.05
2026-09-24 09:14;7880.0;7670.01;SPXW  260924C07880000;0.0;0.05
2026-09-24 09:14;7885.0;7670.01;SPXW  260924C07885000;0.0;0.05
2026-09-24 09:14;7890.0;7670.01;SPXW  260924C07890000;0.0;0.05
2026-09-24 09:14;7895.0;7670.01;SPXW  260924C07895000;0.0;0.05
2026-09-24 09:14;7900.0;7670.01;SPXW  260924C07900000;0.0;0.05
2026-09-24 09:14;7905.0;7670.01;SPXW  260924C07905000;0.0;0.05
2026-09-24 09:14;7910.0;7670.01;SPXW  260924C07910000;0.0;0.05
2026-09-24 09:14;7915.0;7670.01;SPXW  260924C07915000;0.0;0.05
2026-09-24 09:14;7920.0;7670.01;SPXW  260924C07920000;0.0;0.05
2026-09-24 09:14;7425.0;7670.01;SPXW  260924P07425000;0.05;0.1
2026-09-24 09:14;7430.0;7670.01;SPXW  260924P07430000;0.05;0.1
2026-09-24 09:14;7435.0;7670.01;SPXW  260924P07435000;0.05;0.1
2026-09-24 09:14;7440.0;7670.01;SPXW  260924P07440000;0.05;0.1
2026-09-24 09:14;7445.0;7670.01;SPXW  260924P07445000;0.05;0.1
2026-09-24 09:14;7450.0;7670.01;SPXW  260924P07450000;0.05;0.1
2026-09-24 09:14;7455.0;7670.01;SPXW  260924P07455000;0.05;0.1
2026-09-24 09:14;7460.0;7670.01;SPXW  260924P07460000;0.05;0.1
2026-09-24 09:14;7465.0;7670.01;SPXW  260924P07465000;0.05;0.1
2026-09-24 09:14;7470.0;7670.01;SPXW  260924P07470000;0.05;0.1
2026-09-24 09:14;7475.0;7670.01;SPXW  260924P07475000;0.05;0.1
2026-09-24 09:14;7480.0;7670.01;SPXW  260924P07480000;0.05;0.1
2026-09-24 09:14;7485.0;7670.01;SPXW  260924P07485000;0.05;0.1
2026-09-24 09:14;7490.0;7670.01;SPXW  260924P07490000;0.1;0.15
2026-09-24 09:14;7495.0;7670.01;SPXW  260924P07495000;0.1;0.15
2026-09-24 09:14;7500.0;7670.01;SPXW  260924P07500000;0.1;0.15
2026-09-24 09:14;7505.0;7670.01;SPXW  260924P07505000;0.1;0.15
2026-09-24 09:14;7510.0;7670.01;SPXW  260924P07510000;0.1;0.15
2026-09-24 09:14;7515.0;7670.01;SPXW  260924P07515000;0.1;0.15
2026-09-24 09:14;7520.0;7670.01;SPXW  260924P07520000;0.1;0.15
2026-09-24 09:14;7525.0;7670.01;SPXW  260924P07525000;0.1;0.15
2026-09-24 09:14;7530.0;7670.01;SPXW  260924P07530000;0.1;0.15
2026-09-24 09:14;7535.0;7670.01;SPXW  260924P07535000;0.15;0.2
2026-09-24 09:14;7540.0;7670.01;SPXW  260924P07540000;0.15;0.2
2026-09-24 09:14;7545.0;7670.01;SPXW  260924P07545000;0.15;0.2
2026-09-24 09:14;7550.0;7670.01;SPXW  260924P07550000;0.15;0.2
2026-09-24 09:14;7555.0;7670.01;SPXW  260924P07555000;0.15;0.2
2026-09-24 09:14;7560.0;7670.01;SPXW  260924P07560000;0.15;0.2
2026-09-24 09:14;7565.0;7670.01;SPXW  260924P07565000;0.15;0.2
2026-09-24 09:14;7570.0;7670.01;SPXW  260924P07570000;0.15;0.25
2026-09-24 09:14;7575.0;7670.01;SPXW  260924P07575000;0.2;0.25
2026-09-24 09:14;7580.0;7670.01;SPXW  260924P07580000;0.2;0.25
2026-09-24 09:14;7585.0;7670.01;SPXW  260924P07585000;0.25;0.3
2026-09-24 09:14;7590.0;7670.01;SPXW  260924P07590000;0.25;0.3
2026-09-24 09:14;7595.0;7670.01;SPXW  260924P07595000;0.3;0.35
2026-09-24 09:14;7600.0;7670.01;SPXW  260924P07600000;0.35;0.4
2026-09-24 09:14;7605.0;7670.01;SPXW  260924P07605000;0.4;0.45
2026-09-24 09:14;7610.0;7670.01;SPXW  260924P07610000;0.45;0.5
2026-09-24 09:14;7615.0;7670.01;SPXW  260924P07615000;0.55;0.6
2026-09-24 09:14;7620.0;7670.01;SPXW  260924P07620000;0.7;0.75
2026-09-24 09:14;7625.0;7670.01;SPXW  260924P07625000;0.9;0.95
2026-09-24 09:14;7630.0;7670.01;SPXW  260924P07630000;1.1;1.2
2026-09-24 09:14;7635.0;7670.01;SPXW  260924P07635000;1.45;1.5
2026-09-24 09:14;7640.0;7670.01;SPXW  260924P07640000;1.9;1.95
2026-09-24 09:14;7645.0;7670.01;SPXW  260924P07645000;2.45;2.5
2026-09-24 09:14;7650.0;7670.01;SPXW  260924P07650000;3.2;3.3
2026-09-24 09:14;7655.0;7670.01;SPXW  260924P07655000;4.2;4.3
2026-09-24 09:14;7660.0;7670.01;SPXW  260924P07660000;5.5;5.6
2026-09-24 09:14;7665.0;7670.01;SPXW  260924P07665000;7.1;7.2
2026-09-24 09:14;7670.0;7670.01;SPXW  260924P07670000;9.1;9.3
2026-09-24 09:14;7675.0;7670.01;SPXW  260924P07675000;11.6;11.8
2026-09-24 09:14;7680.0;7670.01;SPXW  260924P07680000;14.6;14.8
2026-09-24 09:14;7685.0;7670.01;SPXW  260924P07685000;18.0;18.2
2026-09-24 09:14;7690.0;7670.01;SPXW  260924P07690000;21.9;22.1
2026-09-24 09:14;7695.0;7670.01;SPXW  260924P07695000;26.1;26.3
2026-09-24 09:14;7700.0;7670.01;SPXW  260924P07700000;30.5;30.9
2026-09-24 09:14;7705.0;7670.01;SPXW  260924P07705000;35.2;35.6
2026-09-24 09:14;7710.0;7670.01;SPXW  260924P07710000;40.0;40.3
2026-09-24 09:14;7715.0;7670.01;SPXW  260924P07715000;44.9;45.2
2026-09-24 09:14;7720.0;7670.01;SPXW  260924P07720000;49.8;50.1
2026-09-24 09:14;7725.0;7670.01;SPXW  260924P07725000;54.7;55.1
2026-09-24 09:14;7730.0;7670.01;SPXW  260924P07730000;59.7;60.3
2026-09-24 09:14;7735.0;7670.01;SPXW  260924P07735000;64.7;65.0
2026-09-24 09:14;7740.0;7670.01;SPXW  260924P07740000;69.6;70.0
2026-09-24 09:14;7745.0;7670.01;SPXW  260924P07745000;74.4;75.3
2026-09-24 09:14;7750.0;7670.01;SPXW  260924P07750000;79.4;80.2
2026-09-24 09:14;7755.0;7670.01;SPXW  260924P07755000;84.4;85.2
2026-09-24 09:14;7760.0;7670.01;SPXW  260924P07760000;89.4;90.1
2026-09-24 09:14;7765.0;7670.01;SPXW  260924P07765000;94.4;95.3
2026-09-24 09:14;7770.0;7670.01;SPXW  260924P07770000;99.4;100.3
2026-09-24 09:14;7775.0;7670.01;SPXW  260924P07775000;104.2;105.3
2026-09-24 09:14;7780.0;7670.01;SPXW  260924P07780000;109.1;110.3
2026-09-24 09:14;7785.0;7670.01;SPXW  260924P07785000;114.1;115.3
2026-09-24 09:14;7790.0;7670.01;SPXW  260924P07790000;119.1;120.3
2026-09-24 09:14;7795.0;7670.01;SPXW  260924P07795000;124.1;125.3
2026-09-24 09:14;7800.0;7670.01;SPXW  260924P07800000;129.1;130.3
2026-09-24 09:14;7805.0;7670.01;SPXW  260924P07805000;134.1;135.3
2026-09-24 09:14;7810.0;7670.01;SPXW  260924P07810000;139.1;140.3
2026-09-24 09:14;7815.0;7670.01;SPXW  260924P07815000;144.1;145.3
2026-09-24 09:14;7820.0;7670.01;SPXW  260924P07820000;149.1;150.3
2026-09-24 09:14;7825.0;7670.01;SPXW  260924P07825000;154.1;155.3
2026-09-24 09:14;7830.0;7670.01;SPXW  260924P07830000;156.9;163.7
2026-09-24 09:14;7835.0;7670.01;SPXW  260924P07835000;161.5;169.1
2026-09-24 09:14;7840.0;7670.01;SPXW  260924P07840000;166.5;174.1
2026-09-24 09:14;7845.0;7670.01;SPXW  260924P07845000;171.9;178.7
2026-09-24 09:14;7850.0;7670.01;SPXW  260924P07850000;179.1;180.2
2026-09-24 09:14;7855.0;7670.01;SPXW  260924P07855000;181.5;189.1
2026-09-24 09:14;7860.0;7670.01;SPXW  260924P07860000;185.9;193.7
2026-09-24 09:14;7865.0;7670.01;SPXW  260924P07865000;190.6;199.1
2026-09-24 09:14;7870.0;7670.01;SPXW  260924P07870000;195.8;203.9
2026-09-24 09:14;7875.0;7670.01;SPXW  260924P07875000;199.0;212.4
2026-09-24 09:14;7880.0;7670.01;SPXW  260924P07880000;203.6;217.2
2026-09-24 09:14;7885.0;7670.01;SPXW  260924P07885000;209.3;222.6
2026-09-24 09:14;7890.0;7670.01;SPXW  260924P07890000;211.2;230.5
2026-09-24 09:14;7895.0;7670.01;SPXW  260924P07895000;215.0;235.5
2026-09-24 09:14;7900.0;7670.01;SPXW  260924P07900000;229.1;230.2
2026-09-24 09:14;7905.0;7670.01;SPXW  260924P07905000;225.0;245.5
2026-09-24 09:14;7910.0;7670.01;SPXW  260924P07910000;231.1;250.5
2026-09-24 09:14;7915.0;7670.01;SPXW  260924P07915000;236.1;255.5
2026-09-24 09:14;7920.0;7670.01;SPXW  260924P07920000;241.1;260.5
2026-09-24 09:18;7460.0;7709.23;SPXW  260924C07460000;238.6;259.1
2026-09-24 09:18;7465.0;7709.23;SPXW  260924C07465000;233.7;254.2
2026-09-24 09:18;7470.0;7709.23;SPXW  260924C07470000;227.7;248.2
2026-09-24 09:18;7475.0;7709.23;SPXW  260924C07475000;223.1;243.6
2026-09-24 09:18;7480.0;7709.23;SPXW  260924C07480000;217.7;238.2
2026-09-24 09:18;7485.0;7709.23;SPXW  260924C07485000;212.4;232.9
2026-09-24 09:18;7490.0;7709.23;SPXW  260924C07490000;207.5;227.7
2026-09-24 09:18;7495.0;7709.23;SPXW  260924C07495000;207.0;220.7
2026-09-24 09:18;7500.0;7709.23;SPXW  260924C07500000;207.0;216.1
2026-09-24 09:18;7505.0;7709.23;SPXW  260924C07505000;197.0;210.7
2026-09-24 09:18;7510.0;7709.23;SPXW  260924C07510000;197.0;205.1
2026-09-24 09:18;7515.0;7709.23;SPXW  260924C07515000;192.0;201.0
2026-09-24 09:18;7520.0;7709.23;SPXW  260924C07520000;187.0;195.0
2026-09-24 09:18;7525.0;7709.23;SPXW  260924C07525000;176.6;190.5
2026-09-24 09:18;7530.0;7709.23;SPXW  260924C07530000;171.6;185.5
2026-09-24 09:18;7535.0;7709.23;SPXW  260924C07535000;166.7;180.4
2026-09-24 09:18;7540.0;7709.23;SPXW  260924C07540000;161.7;175.4
2026-09-24 09:18;7545.0;7709.23;SPXW  260924C07545000;156.7;170.4
2026-09-24 09:18;7550.0;7709.23;SPXW  260924C07550000;158.3;159.8
2026-09-24 09:18;7555.0;7709.23;SPXW  260924C07555000;146.7;160.4
2026-09-24 09:18;7560.0;7709.23;SPXW  260924C07560000;141.7;155.4
2026-09-24 09:18;7565.0;7709.23;SPXW  260924C07565000;136.7;150.4
2026-09-24 09:18;7570.0;7709.23;SPXW  260924C07570000;131.7;145.4
2026-09-24 09:18;7575.0;7709.23;SPXW  260924C07575000;126.6;139.8
2026-09-24 09:18;7580.0;7709.23;SPXW  260924C07580000;121.7;135.4
2026-09-24 09:18;7585.0;7709.23;SPXW  260924C07585000;116.7;130.4
2026-09-24 09:18;7590.0;7709.23;SPXW  260924C07590000;111.6;125.8
2026-09-24 09:18;7595.0;7709.23;SPXW  260924C07595000;106.6;120.3
2026-09-24 09:18;7600.0;7709.23;SPXW  260924C07600000;104.8;113.5
2026-09-24 09:18;7605.0;7709.23;SPXW  260924C07605000;98.7;107.8
2026-09-24 09:18;7610.0;7709.23;SPXW  260924C07610000;98.3;100.3
2026-09-24 09:18;7615.0;7709.23;SPXW  260924C07615000;93.5;95.2
2026-09-24 09:18;7620.0;7709.23;SPXW  260924C07620000;88.5;90.3
2026-09-24 09:18;7625.0;7709.23;SPXW  260924C07625000;83.5;85.3
2026-09-24 09:18;7630.0;7709.23;SPXW  260924C07630000;78.5;79.9
2026-09-24 09:18;7635.0;7709.23;SPXW  260924C07635000;73.6;75.0
2026-09-24 09:18;7640.0;7709.23;SPXW  260924C07640000;68.7;70.4
2026-09-24 09:18;7645.0;7709.23;SPXW  260924C07645000;63.8;65.1
2026-09-24 09:18;7650.0;7709.23;SPXW  260924C07650000;58.9;60.3
2026-09-24 09:18;7655.0;7709.23;SPXW  260924C07655000;54.2;55.9
2026-09-24 09:18;7660.0;7709.23;SPXW  260924C07660000;49.5;50.8
2026-09-24 09:18;7665.0;7709.23;SPXW  260924C07665000;44.9;46.2
2026-09-24 09:18;7670.0;7709.23;SPXW  260924C07670000;40.5;41.3
2026-09-24 09:18;7675.0;7709.23;SPXW  260924C07675000;36.2;37.0
2026-09-24 09:18;7680.0;7709.23;SPXW  260924C07680000;32.3;32.8
2026-09-24 09:18;7685.0;7709.23;SPXW  260924C07685000;28.1;28.9
2026-09-24 09:18;7690.0;7709.23;SPXW  260924C07690000;24.7;25.2
2026-09-24 09:18;7695.0;7709.23;SPXW  260924C07695000;21.4;21.8
2026-09-24 09:18;7700.0;7709.23;SPXW  260924C07700000;18.2;18.5
2026-09-24 09:18;7705.0;7709.23;SPXW  260924C07705000;15.5;15.8
2026-09-24 09:18;7710.0;7709.23;SPXW  260924C07710000;12.9;13.3
2026-09-24 09:18;7715.0;7709.23;SPXW  260924C07715000;10.9;11.2
2026-09-24 09:18;7720.0;7709.23;SPXW  260924C07720000;9.0;9.3
2026-09-24 09:18;7725.0;7709.23;SPXW  260924C07725000;7.4;7.6
2026-09-24 09:18;7730.0;7709.23;SPXW  260924C07730000;6.0;6.2
2026-09-24 09:18;7735.0;7709.23;SPXW  260924C07735000;4.9;5.1
2026-09-24 09:18;7740.0;7709.23;SPXW  260924C07740000;3.9;4.1
2026-09-24 09:18;7745.0;7709.23;SPXW  260924C07745000;3.2;3.4
2026-09-24 09:18;7750.0;7709.23;SPXW  260924C07750000;2.55;2.7
2026-09-24 09:18;7755.0;7709.23;SPXW  260924C07755000;2.05;2.15
2026-09-24 09:18;7760.0;7709.23;SPXW  260924C07760000;1.65;1.75
2026-09-24 09:18;7765.0;7709.23;SPXW  260924C07765000;1.35;1.4
2026-09-24 09:18;7770.0;7709.23;SPXW  260924C07770000;1.1;1.2
2026-09-24 09:18;7775.0;7709.23;SPXW  260924C07775000;0.9;0.95
2026-09-24 09:18;7780.0;7709.23;SPXW  260924C07780000;0.75;0.8
2026-09-24 09:18;7785.0;7709.23;SPXW  260924C07785000;0.65;0.7
2026-09-24 09:18;7790.0;7709.23;SPXW  260924C07790000;0.5;0.55
2026-09-24 09:18;7795.0;7709.23;SPXW  260924C07795000;0.4;0.5
2026-09-24 09:18;7800.0;7709.23;SPXW  260924C07800000;0.35;0.4
2026-09-24 09:18;7805.0;7709.23;SPXW  260924C07805000;0.3;0.35
2026-09-24 09:18;7810.0;7709.23;SPXW  260924C07810000;0.25;0.3
2026-09-24 09:18;7815.0;7709.23;SPXW  260924C07815000;0.2;0.25
2026-09-24 09:18;7820.0;7709.23;SPXW  260924C07820000;0.15;0.2
2026-09-24 09:18;7825.0;7709.23;SPXW  260924C07825000;0.1;0.15
2026-09-24 09:18;7830.0;7709.23;SPXW  260924C07830000;0.1;0.15
2026-09-24 09:18;7835.0;7709.23;SPXW  260924C07835000;0.1;0.15
2026-09-24 09:18;7840.0;7709.23;SPXW  260924C07840000;0.05;0.1
2026-09-24 09:18;7845.0;7709.23;SPXW  260924C07845000;0.05;0.1
2026-09-24 09:18;7850.0;7709.23;SPXW  260924C07850000;0.05;0.1
2026-09-24 09:18;7855.0;7709.23;SPXW  260924C07855000;0.05;0.1
2026-09-24 09:18;7860.0;7709.23;SPXW  260924C07860000;0.05;0.1
2026-09-24 09:18;7865.0;7709.23;SPXW  260924C07865000;0.0;0.05
2026-09-24 09:18;7870.0;7709.23;SPXW  260924C07870000;0.0;0.05
2026-09-24 09:18;7875.0;7709.23;SPXW  260924C07875000;0.0;0.05
2026-09-24 09:18;7880.0;7709.23;SPXW  260924C07880000;0.0;0.05
2026-09-24 09:18;7885.0;7709.23;SPXW  260924C07885000;0.0;0.05
2026-09-24 09:18;7890.0;7709.23;SPXW  260924C07890000;0.0;0.05
2026-09-24 09:18;7895.0;7709.23;SPXW  260924C07895000;0.0;0.05
2026-09-24 09:18;7900.0;7709.23;SPXW  260924C07900000;0.0;0.05
2026-09-24 09:18;7905.0;7709.23;SPXW  260924C07905000;0.0;0.05
2026-09-24 09:18;7910.0;7709.23;SPXW  260924C07910000;0.0;0.05
2026-09-24 09:18;7915.0;7709.23;SPXW  260924C07915000;0.0;0.05
2026-09-24 09:18;7920.0;7709.23;SPXW  260924C07920000;0.0;0.05
2026-09-24 09:18;7925.0;7709.23;SPXW  260924C07925000;0.0;0.05
2026-09-24 09:18;7930.0;7709.23;SPXW  260924C07930000;0.0;0.05
2026-09-24 09:18;7935.0;7709.23;SPXW  260924C07935000;0.0;0.05
2026-09-24 09:18;7940.0;7709.23;SPXW  260924C07940000;0.0;0.05
2026-09-24 09:18;7945.0;7709.23;SPXW  260924C07945000;0.0;0.05
2026-09-24 09:18;7950.0;7709.23;SPXW  260924C07950000;0.0;0.05
2026-09-24 09:18;7955.0;7709.23;SPXW  260924C07955000;0.0;0.05
2026-09-24 09:18;7460.0;7709.23;SPXW  260924P07460000;0.0;0.1
2026-09-24 09:18;7465.0;7709.23;SPXW  260924P07465000;0.0;0.1
2026-09-24 09:18;7470.0;7709.23;SPXW  260924P07470000;0.0;0.1
2026-09-24 09:18;7475.0;7709.23;SPXW  260924P07475000;0.0;0.1
2026-09-24 09:18;7480.0;7709.23;SPXW  260924P07480000;0.05;0.1
2026-09-24 09:18;7485.0;7709.23;SPXW  260924P07485000;0.05;0.1
2026-09-24 09:18;7490.0;7709.23;SPXW  260924P07490000;0.05;0.1
2026-09-24 09:18;7495.0;7709.23;SPXW  260924P07495000;0.05;0.1
2026-09-24 09:18;7500.0;7709.23;SPXW  260924P07500000;0.05;0.1
2026-09-24 09:18;7505.0;7709.23;SPXW  260924P07505000;0.05;0.1
2026-09-24 09:18;7510.0;7709.23;SPXW  260924P07510000;0.05;0.1
2026-09-24 09:18;7515.0;7709.23;SPXW  260924P07515000;0.05;0.1
2026-09-24 09:18;7520.0;7709.23;SPXW  260924P07520000;0.05;0.1
2026-09-24 09:18;7525.0;7709.23;SPXW  260924P07525000;0.05;0.1
2026-09-24 09:18;7530.0;7709.23;SPXW  260924P07530000;0.05;0.1
2026-09-24 09:18;7535.0;7709.23;SPXW  260924P07535000;0.05;0.15
2026-09-24 09:18;7540.0;7709.23;SPXW  260924P07540000;0.05;0.15
2026-09-24 09:18;7545.0;7709.23;SPXW  260924P07545000;0.05;0.15
2026-09-24 09:18;7550.0;7709.23;SPXW  260924P07550000;0.05;0.1
2026-09-24 09:18;7555.0;7709.23;SPXW  260924P07555000;0.1;0.15
2026-09-24 09:18;7560.0;7709.23;SPXW  260924P07560000;0.1;0.15
2026-09-24 09:18;7565.0;7709.23;SPXW  260924P07565000;0.1;0.15
2026-09-24 09:18;7570.0;7709.23;SPXW  260924P07570000;0.1;0.15
2026-09-24 09:18;7575.0;7709.23;SPXW  260924P07575000;0.1;0.15
2026-09-24 09:18;7580.0;7709.23;SPXW  260924P07580000;0.1;0.15
2026-09-24 09:18;7585.0;7709.23;SPXW  260924P07585000;0.1;0.15
2026-09-24 09:18;7590.0;7709.23;SPXW  260924P07590000;0.1;0.15
2026-09-24 09:18;7595.0;7709.23;SPXW  260924P07595000;0.1;0.15
2026-09-24 09:18;7600.0;7709.23;SPXW  260924P07600000;0.1;0.15
2026-09-24 09:18;7605.0;7709.23;SPXW  260924P07605000;0.1;0.15
2026-09-24 09:18;7610.0;7709.23;SPXW  260924P07610000;0.1;0.2
2026-09-24 09:18;7615.0;7709.23;SPXW  260924P07615000;0.1;0.2
2026-09-24 09:18;7620.0;7709.23;SPXW  260924P07620000;0.1;0.2
2026-09-24 09:18;7625.0;7709.23;SPXW  260924P07625000;0.15;0.2
2026-09-24 09:18;7630.0;7709.23;SPXW  260924P07630000;0.15;0.25
2026-09-24 09:18;7635.0;7709.23;SPXW  260924P07635000;0.25;0.3
2026-09-24 09:18;7640.0;7709.23;SPXW  260924P07640000;0.3;0.35
2026-09-24 09:18;7645.0;7709.23;SPXW  260924P07645000;0.4;0.45
2026-09-24 09:18;7650.0;7709.23;SPXW  260924P07650000;0.55;0.65
2026-09-24 09:18;7655.0;7709.23;SPXW  260924P07655000;0.75;0.85
2026-09-24 09:18;7660.0;7709.23;SPXW  260924P07660000;1.1;1.15
2026-09-24 09:18;7665.0;7709.23;SPXW  260924P07665000;1.5;1.6
2026-09-24 09:18;7670.0;7709.23;SPXW  260924P07670000;2.05;2.15
2026-09-24 09:18;7675.0;7709.23;SPXW  260924P07675000;2.75;2.85
2026-09-24 09:18;7680.0;7709.23;SPXW  260924P07680000;3.7;3.8
2026-09-24 09:18;7685.0;7709.23;SPXW  260924P07685000;4.8;4.9
2026-09-24 09:18;7690.0;7709.23;SPXW  260924P07690000;6.2;6.4
2026-09-24 09:18;7695.0;7709.23;SPXW  260924P07695000;7.9;8.0
2026-09-24 09:18;7700.0;7709.23;SPXW  260924P07700000;9.8;10.0
2026-09-24 09:18;7705.0;7709.23;SPXW  260924P07705000;12.1;12.4
2026-09-24 09:18;7710.0;7709.23;SPXW  260924P07710000;14.6;15.0
2026-09-24 09:18;7715.0;7709.23;SPXW  260924P07715000;17.6;17.9
2026-09-24 09:18;7720.0;7709.23;SPXW  260924P07720000;20.8;21.1
2026-09-24 09:18;7725.0;7709.23;SPXW  260924P07725000;24.2;24.6
2026-09-24 09:18;7730.0;7709.23;SPXW  260924P07730000;27.9;28.2
2026-09-24 09:18;7735.0;7709.23;SPXW  260924P07735000;31.8;32.1
2026-09-24 09:18;7740.0;7709.23;SPXW  260924P07740000;35.6;36.2
2026-09-24 09:18;7745.0;7709.23;SPXW  260924P07745000;40.2;40.5
2026-09-24 09:18;7750.0;7709.23;SPXW  260924P07750000;44.6;44.9
2026-09-24 09:18;7755.0;7709.23;SPXW  260924P07755000;48.8;49.4
2026-09-24 09:18;7760.0;7709.23;SPXW  260924P07760000;53.6;54.1
2026-09-24 09:18;7765.0;7709.23;SPXW  260924P07765000;58.2;58.8
2026-09-24 09:18;7770.0;7709.23;SPXW  260924P07770000;62.9;63.7
2026-09-24 09:18;7775.0;7709.23;SPXW  260924P07775000;67.8;68.5
2026-09-24 09:18;7780.0;7709.23;SPXW  260924P07780000;72.6;73.4
2026-09-24 09:18;7785.0;7709.23;SPXW  260924P07785000;77.5;78.3
2026-09-24 09:18;7790.0;7709.23;SPXW  260924P07790000;82.4;83.2
2026-09-24 09:18;7795.0;7709.23;SPXW  260924P07795000;87.3;88.1
2026-09-24 09:18;7800.0;7709.23;SPXW  260924P07800000;92.2;93.0
2026-09-24 09:18;7805.0;7709.23;SPXW  260924P07805000;97.2;98.2
2026-09-24 09:18;7810.0;7709.23;SPXW  260924P07810000;102.1;103.1
2026-09-24 09:18;7815.0;7709.23;SPXW  260924P07815000;107.1;108.1
2026-09-24 09:18;7820.0;7709.23;SPXW  260924P07820000;112.1;113.1
2026-09-24 09:18;7825.0;7709.23;SPXW  260924P07825000;117.1;118.0
2026-09-24 09:18;7830.0;7709.23;SPXW  260924P07830000;122.0;123.0
2026-09-24 09:18;7835.0;7709.23;SPXW  260924P07835000;127.0;128.0
2026-09-24 09:18;7840.0;7709.23;SPXW  260924P07840000;132.0;133.0
2026-09-24 09:18;7845.0;7709.23;SPXW  260924P07845000;137.0;138.0
2026-09-24 09:18;7850.0;7709.23;SPXW  260924P07850000;140.0;143.3
2026-09-24 09:18;7855.0;7709.23;SPXW  260924P07855000;143.2;148.3
2026-09-24 09:18;7860.0;7709.23;SPXW  260924P07860000;148.2;153.3
2026-09-24 09:18;7865.0;7709.23;SPXW  260924P07865000;153.2;161.3
2026-09-24 09:18;7870.0;7709.23;SPXW  260924P07870000;158.2;166.3
2026-09-24 09:18;7875.0;7709.23;SPXW  260924P07875000;163.2;171.2
2026-09-24 09:18;7880.0;7709.23;SPXW  260924P07880000;168.2;176.3
2026-09-24 09:18;7885.0;7709.23;SPXW  260924P07885000;173.2;181.2
2026-09-24 09:18;7890.0;7709.23;SPXW  260924P07890000;178.1;186.2
2026-09-24 09:18;7895.0;7709.23;SPXW  260924P07895000;183.2;191.2
2026-09-24 09:18;7900.0;7709.23;SPXW  260924P07900000;189.9;194.9
2026-09-24 09:18;7905.0;7709.23;SPXW  260924P07905000;193.1;201.2
2026-09-24 09:18;7910.0;7709.23;SPXW  260924P07910000;195.6;209.3
2026-09-24 09:18;7915.0;7709.23;SPXW  260924P07915000;200.8;214.5
2026-09-24 09:18;7920.0;7709.23;SPXW  260924P07920000;205.8;219.5
2026-09-24 09:18;7925.0;7709.23;SPXW  260924P07925000;207.5;228.0
2026-09-24 09:18;7930.0;7709.23;SPXW  260924P07930000;212.4;232.0
2026-09-24 09:18;7935.0;7709.23;SPXW  260924P07935000;224.9;229.8
2026-09-24 09:18;7940.0;7709.23;SPXW  260924P07940000;221.4;241.9
2026-09-24 09:18;7945.0;7709.23;SPXW  260924P07945000;226.2;246.7
2026-09-24 09:18;7950.0;7709.23;SPXW  260924P07950000;239.9;244.9
2026-09-24 09:18;7955.0;7709.23;SPXW  260924P07955000;236.2;256.7
2026-09-24 09:22;7455.0;7701.62;SPXW  260924C07455000;235.8;253.7
2026-09-24 09:22;7460.0;7701.62;SPXW  260924C07460000;230.1;247.7
2026-09-24 09:22;7465.0;7701.62;SPXW  260924C07465000;226.8;244.7
2026-09-24 09:22;7470.0;7701.62;SPXW  260924C07470000;220.6;237.5
2026-09-24 09:22;7475.0;7701.62;SPXW  260924C07475000;215.6;233.3
2026-09-24 09:22;7480.0;7701.62;SPXW  260924C07480000;210.6;227.7
2026-09-24 09:22;7485.0;7701.62;SPXW  260924C07485000;209.2;222.1
2026-09-24 09:22;7490.0;7701.62;SPXW  260924C07490000;203.7;216.5
2026-09-24 09:22;7495.0;7701.62;SPXW  260924C07495000;198.7;211.5
2026-09-24 09:22;7500.0;7701.62;SPXW  260924C07500000;200.0;202.7
2026-09-24 09:22;7505.0;7701.62;SPXW  260924C07505000;192.9;200.1
2026-09-24 09:22;7510.0;7701.62;SPXW  260924C07510000;190.0;192.7
2026-09-24 09:22;7515.0;7701.62;SPXW  260924C07515000;182.4;190.8
2026-09-24 09:22;7520.0;7701.62;SPXW  260924C07520000;177.9;185.1
2026-09-24 09:22;7525.0;7701.62;SPXW  260924C07525000;172.4;179.8
2026-09-24 09:22;7530.0;7701.62;SPXW  260924C07530000;167.4;175.8
2026-09-24 09:22;7535.0;7701.62;SPXW  260924C07535000;162.9;170.1
2026-09-24 09:22;7540.0;7701.62;SPXW  260924C07540000;157.9;165.8
2026-09-24 09:22;7545.0;7701.62;SPXW  260924C07545000;155.0;157.4
2026-09-24 09:22;7550.0;7701.62;SPXW  260924C07550000;150.0;152.4
2026-09-24 09:22;7555.0;7701.62;SPXW  260924C07555000;142.9;150.9
2026-09-24 09:22;7560.0;7701.62;SPXW  260924C07560000;137.9;145.9
2026-09-24 09:22;7565.0;7701.62;SPXW  260924C07565000;133.0;140.2
2026-09-24 09:22;7570.0;7701.62;SPXW  260924C07570000;127.4;131.9
2026-09-24 09:22;7575.0;7701.62;SPXW  260924C07575000;122.4;126.9
2026-09-24 09:22;7580.0;7701.62;SPXW  260924C07580000;120.1;121.9
2026-09-24 09:22;7585.0;7701.62;SPXW  260924C07585000;115.1;116.9
2026-09-24 09:22;7590.0;7701.62;SPXW  260924C07590000;110.1;112.0
2026-09-24 09:22;7595.0;7701.62;SPXW  260924C07595000;105.1;107.0
2026-09-24 09:22;7600.0;7701.62;SPXW  260924C07600000;100.1;102.0
2026-09-24 09:22;7605.0;7701.62;SPXW  260924C07605000;95.8;96.9
2026-09-24 09:22;7610.0;7701.62;SPXW  260924C07610000;91.0;91.6
2026-09-24 09:22;7615.0;7701.62;SPXW  260924C07615000;86.1;86.6
2026-09-24 09:22;7620.0;7701.62;SPXW  260924C07620000;81.1;81.7
2026-09-24 09:22;7625.0;7701.62;SPXW  260924C07625000;76.2;76.7
2026-09-24 09:22;7630.0;7701.62;SPXW  260924C07630000;71.2;71.8
2026-09-24 09:22;7635.0;7701.62;SPXW  260924C07635000;66.3;66.8
2026-09-24 09:22;7640.0;7701.62;SPXW  260924C07640000;61.4;61.9
2026-09-24 09:22;7645.0;7701.62;SPXW  260924C07645000;56.6;57.1
2026-09-24 09:22;7650.0;7701.62;SPXW  260924C07650000;51.7;52.3
2026-09-24 09:22;7655.0;7701.62;SPXW  260924C07655000;47.0;47.5
2026-09-24 09:22;7660.0;7701.62;SPXW  260924C07660000;42.3;42.8
2026-09-24 09:22;7665.0;7701.62;SPXW  260924C07665000;37.8;38.2
2026-09-24 09:22;7670.0;7701.62;SPXW  260924C07670000;33.3;33.8
2026-09-24 09:22;7675.0;7701.62;SPXW  260924C07675000;29.1;29.5
2026-09-24 09:22;7680.0;7701.62;SPXW  260924C07680000;25.0;25.5
2026-09-24 09:22;7685.0;7701.62;SPXW  260924C07685000;21.3;21.6
2026-09-24 09:22;7690.0;7701.62;SPXW  260924C07690000;17.8;18.1
2026-09-24 09:22;7695.0;7701.62;SPXW  260924C07695000;14.7;14.9
2026-09-24 09:22;7700.0;7701.62;SPXW  260924C07700000;11.9;12.1
2026-09-24 09:22;7705.0;7701.62;SPXW  260924C07705000;9.5;9.7
2026-09-24 09:22;7710.0;7701.62;SPXW  260924C07710000;7.5;7.7
2026-09-24 09:22;7715.0;7701.62;SPXW  260924C07715000;5.9;6.0
2026-09-24 09:22;7720.0;7701.62;SPXW  260924C07720000;4.5;4.7
2026-09-24 09:22;7725.0;7701.62;SPXW  260924C07725000;3.5;3.7
2026-09-24 09:22;7730.0;7701.62;SPXW  260924C07730000;2.75;2.8
2026-09-24 09:22;7735.0;7701.62;SPXW  260924C07735000;2.15;2.2
2026-09-24 09:22;7740.0;7701.62;SPXW  260924C07740000;1.7;1.75
2026-09-24 09:22;7745.0;7701.62;SPXW  260924C07745000;1.35;1.4
2026-09-24 09:22;7750.0;7701.62;SPXW  260924C07750000;1.1;1.15
2026-09-24 09:22;7755.0;7701.62;SPXW  260924C07755000;0.9;0.95
2026-09-24 09:22;7760.0;7701.62;SPXW  260924C07760000;0.7;0.8
2026-09-24 09:22;7765.0;7701.62;SPXW  260924C07765000;0.6;0.65
2026-09-24 09:22;7770.0;7701.62;SPXW  260924C07770000;0.5;0.55
2026-09-24 09:22;7775.0;7701.62;SPXW  260924C07775000;0.4;0.45
2026-09-24 09:22;7780.0;7701.62;SPXW  260924C07780000;0.35;0.4
2026-09-24 09:22;7785.0;7701.62;SPXW  260924C07785000;0.3;0.35
2026-09-24 09:22;7790.0;7701.62;SPXW  260924C07790000;0.25;0.3
2026-09-24 09:22;7795.0;7701.62;SPXW  260924C07795000;0.2;0.25
2026-09-24 09:22;7800.0;7701.62;SPXW  260924C07800000;0.15;0.2
2026-09-24 09:22;7805.0;7701.62;SPXW  260924C07805000;0.15;0.2
2026-09-24 09:22;7810.0;7701.62;SPXW  260924C07810000;0.1;0.15
2026-09-24 09:22;7815.0;7701.62;SPXW  260924C07815000;0.1;0.15
2026-09-24 09:22;7820.0;7701.62;SPXW  260924C07820000;0.1;0.15
2026-09-24 09:22;7825.0;7701.62;SPXW  260924C07825000;0.05;0.1
2026-09-24 09:22;7830.0;7701.62;SPXW  260924C07830000;0.05;0.1
2026-09-24 09:22;7835.0;7701.62;SPXW  260924C07835000;0.05;0.1
2026-09-24 09:22;7840.0;7701.62;SPXW  260924C07840000;0.05;0.1
2026-09-24 09:22;7845.0;7701.62;SPXW  260924C07845000;0.05;0.1
2026-09-24 09:22;7850.0;7701.62;SPXW  260924C07850000;0.05;0.1
2026-09-24 09:22;7855.0;7701.62;SPXW  260924C07855000;0.05;0.1
2026-09-24 09:22;7860.0;7701.62;SPXW  260924C07860000;0.05;0.1
2026-09-24 09:22;7865.0;7701.62;SPXW  260924C07865000;0.0;0.05
2026-09-24 09:22;7870.0;7701.62;SPXW  260924C07870000;0.0;0.05
2026-09-24 09:22;7875.0;7701.62;SPXW  260924C07875000;0.0;0.05
2026-09-24 09:22;7880.0;7701.62;SPXW  260924C07880000;0.0;0.05
2026-09-24 09:22;7885.0;7701.62;SPXW  260924C07885000;0.0;0.05
2026-09-24 09:22;7890.0;7701.62;SPXW  260924C07890000;0.0;0.05
2026-09-24 09:22;7895.0;7701.62;SPXW  260924C07895000;0.0;0.05
2026-09-24 09:22;7900.0;7701.62;SPXW  260924C07900000;0.0;0.05
2026-09-24 09:22;7905.0;7701.62;SPXW  260924C07905000;0.0;0.05
2026-09-24 09:22;7910.0;7701.62;SPXW  260924C07910000;0.0;0.05
2026-09-24 09:22;7915.0;7701.62;SPXW  260924C07915000;0.0;0.05
2026-09-24 09:22;7920.0;7701.62;SPXW  260924C07920000;0.0;0.05
2026-09-24 09:22;7925.0;7701.62;SPXW  260924C07925000;0.0;0.05
2026-09-24 09:22;7930.0;7701.62;SPXW  260924C07930000;0.0;0.05
2026-09-24 09:22;7935.0;7701.62;SPXW  260924C07935000;0.0;0.05
2026-09-24 09:22;7940.0;7701.62;SPXW  260924C07940000;0.0;0.05
2026-09-24 09:22;7945.0;7701.62;SPXW  260924C07945000;0.0;0.05
2026-09-24 09:22;7950.0;7701.62;SPXW  260924C07950000;0.0;0.05
2026-09-24 09:22;7455.0;7701.62;SPXW  260924P07455000;0.05;0.1
2026-09-24 09:22;7460.0;7701.62;SPXW  260924P07460000;0.05;0.1
2026-09-24 09:22;7465.0;7701.62;SPXW  260924P07465000;0.05;0.1
2026-09-24 09:22;7470.0;7701.62;SPXW  260924P07470000;0.05;0.1
2026-09-24 09:22;7475.0;7701.62;SPXW  260924P07475000;0.05;0.1
2026-09-24 09:22;7480.0;7701.62;SPXW  260924P07480000;0.05;0.1
2026-09-24 09:22;7485.0;7701.62;SPXW  260924P07485000;0.05;0.1
2026-09-24 09:22;7490.0;7701.62;SPXW  260924P07490000;0.05;0.1
2026-09-24 09:22;7495.0;7701.62;SPXW  260924P07495000;0.05;0.1
2026-09-24 09:22;7500.0;7701.62;SPXW  260924P07500000;0.05;0.1
2026-09-24 09:22;7505.0;7701.62;SPXW  260924P07505000;0.05;0.1
2026-09-24 09:22;7510.0;7701.62;SPXW  260924P07510000;0.05;0.1
2026-09-24 09:22;7515.0;7701.62;SPXW  260924P07515000;0.05;0.1
2026-09-24 09:22;7520.0;7701.62;SPXW  260924P07520000;0.05;0.1
2026-09-24 09:22;7525.0;7701.62;SPXW  260924P07525000;0.05;0.1
2026-09-24 09:22;7530.0;7701.62;SPXW  260924P07530000;0.05;0.1
2026-09-24 09:22;7535.0;7701.62;SPXW  260924P07535000;0.05;0.1
2026-09-24 09:22;7540.0;7701.62;SPXW  260924P07540000;0.05;0.15
2026-09-24 09:22;7545.0;7701.62;SPXW  260924P07545000;0.05;0.1
2026-09-24 09:22;7550.0;7701.62;SPXW  260924P07550000;0.1;0.15
2026-09-24 09:22;7555.0;7701.62;SPXW  260924P07555000;0.1;0.15
2026-09-24 09:22;7560.0;7701.62;SPXW  260924P07560000;0.1;0.15
2026-09-24 09:22;7565.0;7701.62;SPXW  260924P07565000;0.1;0.15
2026-09-24 09:22;7570.0;7701.62;SPXW  260924P07570000;0.1;0.15
2026-09-24 09:22;7575.0;7701.62;SPXW  260924P07575000;0.1;0.15
2026-09-24 09:22;7580.0;7701.62;SPXW  260924P07580000;0.1;0.15
2026-09-24 09:22;7585.0;7701.62;SPXW  260924P07585000;0.1;0.15
2026-09-24 09:22;7590.0;7701.62;SPXW  260924P07590000;0.1;0.15
2026-09-24 09:22;7595.0;7701.62;SPXW  260924P07595000;0.15;0.2
2026-09-24 09:22;7600.0;7701.62;SPXW  260924P07600000;0.1;0.15
2026-09-24 09:22;7605.0;7701.62;SPXW  260924P07605000;0.15;0.2
2026-09-24 09:22;7610.0;7701.62;SPXW  260924P07610000;0.15;0.2
2026-09-24 09:22;7615.0;7701.62;SPXW  260924P07615000;0.2;0.25
2026-09-24 09:22;7620.0;7701.62;SPXW  260924P07620000;0.2;0.25
2026-09-24 09:22;7625.0;7701.62;SPXW  260924P07625000;0.25;0.3
2026-09-24 09:22;7630.0;7701.62;SPXW  260924P07630000;0.3;0.35
2026-09-24 09:22;7635.0;7701.62;SPXW  260924P07635000;0.4;0.45
2026-09-24 09:22;7640.0;7701.62;SPXW  260924P07640000;0.5;0.55
2026-09-24 09:22;7645.0;7701.62;SPXW  260924P07645000;0.65;0.7
2026-09-24 09:22;7650.0;7701.62;SPXW  260924P07650000;0.8;0.9
2026-09-24 09:22;7655.0;7701.62;SPXW  260924P07655000;1.05;1.15
2026-09-24 09:22;7660.0;7701.62;SPXW  260924P07660000;1.4;1.45
2026-09-24 09:22;7665.0;7701.62;SPXW  260924P07665000;1.8;1.9
2026-09-24 09:22;7670.0;7701.62;SPXW  260924P07670000;2.4;2.45
2026-09-24 09:22;7675.0;7701.62;SPXW  260924P07675000;3.1;3.2
2026-09-24 09:22;7680.0;7701.62;SPXW  260924P07680000;4.0;4.1
2026-09-24 09:22;7685.0;7701.62;SPXW  260924P07685000;5.2;5.3
2026-09-24 09:22;7690.0;7701.62;SPXW  260924P07690000;6.6;6.8
2026-09-24 09:22;7695.0;7701.62;SPXW  260924P07695000;8.5;8.6
2026-09-24 09:22;7700.0;7701.62;SPXW  260924P07700000;10.7;10.9
2026-09-24 09:22;7705.0;7701.62;SPXW  260924P07705000;13.3;13.4
2026-09-24 09:22;7710.0;7701.62;SPXW  260924P07710000;16.2;16.4
2026-09-24 09:22;7715.0;7701.62;SPXW  260924P07715000;19.6;19.8
2026-09-24 09:22;7720.0;7701.62;SPXW  260924P07720000;23.2;23.6
2026-09-24 09:22;7725.0;7701.62;SPXW  260924P07725000;27.2;27.4
2026-09-24 09:22;7730.0;7701.62;SPXW  260924P07730000;31.4;31.8
2026-09-24 09:22;7735.0;7701.62;SPXW  260924P07735000;35.8;36.0
2026-09-24 09:22;7740.0;7701.62;SPXW  260924P07740000;40.3;40.6
2026-09-24 09:22;7745.0;7701.62;SPXW  260924P07745000;45.0;45.2
2026-09-24 09:22;7750.0;7701.62;SPXW  260924P07750000;49.7;50.1
2026-09-24 09:22;7755.0;7701.62;SPXW  260924P07755000;54.5;54.9
2026-09-24 09:22;7760.0;7701.62;SPXW  260924P07760000;59.3;59.8
2026-09-24 09:22;7765.0;7701.62;SPXW  260924P07765000;64.2;64.6
2026-09-24 09:22;7770.0;7701.62;SPXW  260924P07770000;69.1;69.5
2026-09-24 09:22;7775.0;7701.62;SPXW  260924P07775000;74.0;74.5
2026-09-24 09:22;7780.0;7701.62;SPXW  260924P07780000;78.9;79.4
2026-09-24 09:22;7785.0;7701.62;SPXW  260924P07785000;83.8;84.3
2026-09-24 09:22;7790.0;7701.62;SPXW  260924P07790000;88.7;89.3
2026-09-24 09:22;7795.0;7701.62;SPXW  260924P07795000;93.7;94.3
2026-09-24 09:22;7800.0;7701.62;SPXW  260924P07800000;98.6;99.2
2026-09-24 09:22;7805.0;7701.62;SPXW  260924P07805000;103.6;104.2
2026-09-24 09:22;7810.0;7701.62;SPXW  260924P07810000;108.6;109.2
2026-09-24 09:22;7815.0;7701.62;SPXW  260924P07815000;113.6;114.2
2026-09-24 09:22;7820.0;7701.62;SPXW  260924P07820000;118.6;119.1
2026-09-24 09:22;7825.0;7701.62;SPXW  260924P07825000;123.6;124.1
2026-09-24 09:22;7830.0;7701.62;SPXW  260924P07830000;128.5;129.1
2026-09-24 09:22;7835.0;7701.62;SPXW  260924P07835000;133.4;134.5
2026-09-24 09:22;7840.0;7701.62;SPXW  260924P07840000;138.3;139.5
2026-09-24 09:22;7845.0;7701.62;SPXW  260924P07845000;143.3;144.5
2026-09-24 09:22;7850.0;7701.62;SPXW  260924P07850000;147.6;150.1
2026-09-24 09:22;7855.0;7701.62;SPXW  260924P07855000;152.6;155.1
2026-09-24 09:22;7860.0;7701.62;SPXW  260924P07860000;157.7;160.1
2026-09-24 09:22;7865.0;7701.62;SPXW  260924P07865000;162.6;165.1
2026-09-24 09:22;7870.0;7701.62;SPXW  260924P07870000;167.6;170.1
2026-09-24 09:22;7875.0;7701.62;SPXW  260924P07875000;170.0;177.2
2026-09-24 09:22;7880.0;7701.62;SPXW  260924P07880000;174.9;182.7
2026-09-24 09:22;7885.0;7701.62;SPXW  260924P07885000;179.9;187.7
2026-09-24 09:22;7890.0;7701.62;SPXW  260924P07890000;187.7;190.1
2026-09-24 09:22;7895.0;7701.62;SPXW  260924P07895000;189.9;197.7
2026-09-24 09:22;7900.0;7701.62;SPXW  260924P07900000;197.7;200.1
2026-09-24 09:22;7905.0;7701.62;SPXW  260924P07905000;197.5;211.1
2026-09-24 09:22;7910.0;7701.62;SPXW  260924P07910000;202.2;215.9
2026-09-24 09:22;7915.0;7701.62;SPXW  260924P07915000;207.6;220.9
2026-09-24 09:22;7920.0;7701.62;SPXW  260924P07920000;211.0;228.1
2026-09-24 09:22;7925.0;7701.62;SPXW  260924P07925000;216.3;234.5
2026-09-24 09:22;7930.0;7701.62;SPXW  260924P07930000;227.7;230.1
2026-09-24 09:22;7935.0;7701.62;SPXW  260924P07935000;232.6;235.1
2026-09-24 09:22;7940.0;7701.62;SPXW  260924P07940000;237.6;240.1
2026-09-24 09:22;7945.0;7701.62;SPXW  260924P07945000;235.9;253.2
2026-09-24 09:22;7950.0;7701.62;SPXW  260924P07950000;242.2;259.9
2026-09-24 09:27;7450.0;7695.8;SPXW  260924C07450000;235.1;255.6
2026-09-24 09:27;7455.0;7695.8;SPXW  260924C07455000;230.6;251.1
2026-09-24 09:27;7460.0;7695.8;SPXW  260924C07460000;225.4;245.9
2026-09-24 09:27;7465.0;7695.8;SPXW  260924C07465000;219.4;239.7
2026-09-24 09:27;7470.0;7695.8;SPXW  260924C07470000;214.2;234.7
2026-09-24 09:27;7475.0;7695.8;SPXW  260924C07475000;210.4;230.9
2026-09-24 09:27;7480.0;7695.8;SPXW  260924C07480000;208.4;221.0
2026-09-24 09:27;7485.0;7695.8;SPXW  260924C07485000;203.5;216.1
2026-09-24 09:27;7490.0;7695.8;SPXW  260924C07490000;198.1;211.8
2026-09-24 09:27;7495.0;7695.8;SPXW  260924C07495000;195.9;203.9
2026-09-24 09:27;7500.0;7695.8;SPXW  260924C07500000;194.1;195.8
2026-09-24 09:27;7505.0;7695.8;SPXW  260924C07505000;186.9;194.3
2026-09-24 09:27;7510.0;7695.8;SPXW  260924C07510000;181.5;189.0
2026-09-24 09:27;7515.0;7695.8;SPXW  260924C07515000;176.5;184.0
2026-09-24 09:27;7520.0;7695.8;SPXW  260924C07520000;171.9;179.3
2026-09-24 09:27;7525.0;7695.8;SPXW  260924C07525000;166.5;174.2
2026-09-24 09:27;7530.0;7695.8;SPXW  260924C07530000;161.5;169.2
2026-09-24 09:27;7535.0;7695.8;SPXW  260924C07535000;156.8;164.0
2026-09-24 09:27;7540.0;7695.8;SPXW  260924C07540000;151.6;159.2
2026-09-24 09:27;7545.0;7695.8;SPXW  260924C07545000;146.6;154.2
2026-09-24 09:27;7550.0;7695.8;SPXW  260924C07550000;144.3;145.6
2026-09-24 09:27;7555.0;7695.8;SPXW  260924C07555000;139.4;140.5
2026-09-24 09:27;7560.0;7695.8;SPXW  260924C07560000;134.3;135.5
2026-09-24 09:27;7565.0;7695.8;SPXW  260924C07565000;129.3;130.5
2026-09-24 09:27;7570.0;7695.8;SPXW  260924C07570000;124.3;125.5
2026-09-24 09:27;7575.0;7695.8;SPXW  260924C07575000;119.4;120.5
2026-09-24 09:27;7580.0;7695.8;SPXW  260924C07580000;114.4;115.5
2026-09-24 09:27;7585.0;7695.8;SPXW  260924C07585000;109.4;110.7
2026-09-24 09:27;7590.0;7695.8;SPXW  260924C07590000;104.8;105.3
2026-09-24 09:27;7595.0;7695.8;SPXW  260924C07595000;99.8;100.3
2026-09-24 09:27;7600.0;7695.8;SPXW  260924C07600000;94.8;95.3
2026-09-24 09:27;7605.0;7695.8;SPXW  260924C07605000;89.8;90.3
2026-09-24 09:27;7610.0;7695.8;SPXW  260924C07610000;84.9;85.4
2026-09-24 09:27;7615.0;7695.8;SPXW  260924C07615000;79.9;80.4
2026-09-24 09:27;7620.0;7695.8;SPXW  260924C07620000;75.0;75.5
2026-09-24 09:27;7625.0;7695.8;SPXW  260924C07625000;70.1;70.5
2026-09-24 09:27;7630.0;7695.8;SPXW  260924C07630000;65.2;65.6
2026-09-24 09:27;7635.0;7695.8;SPXW  260924C07635000;60.3;60.8
2026-09-24 09:27;7640.0;7695.8;SPXW  260924C07640000;55.5;55.9
2026-09-24 09:27;7645.0;7695.8;SPXW  260924C07645000;50.7;51.2
2026-09-24 09:27;7650.0;7695.8;SPXW  260924C07650000;46.0;46.4
2026-09-24 09:27;7655.0;7695.8;SPXW  260924C07655000;41.5;41.7
2026-09-24 09:27;7660.0;7695.8;SPXW  260924C07660000;36.9;37.2
2026-09-24 09:27;7665.0;7695.8;SPXW  260924C07665000;32.5;32.8
2026-09-24 09:27;7670.0;7695.8;SPXW  260924C07670000;28.2;28.5
2026-09-24 09:27;7675.0;7695.8;SPXW  260924C07675000;24.2;24.4
2026-09-24 09:27;7680.0;7695.8;SPXW  260924C07680000;20.4;20.6
2026-09-24 09:27;7685.0;7695.8;SPXW  260924C07685000;16.9;17.1
2026-09-24 09:27;7690.0;7695.8;SPXW  260924C07690000;13.8;13.9
2026-09-24 09:27;7695.0;7695.8;SPXW  260924C07695000;11.0;11.1
2026-09-24 09:27;7700.0;7695.8;SPXW  260924C07700000;8.6;8.8
2026-09-24 09:27;7705.0;7695.8;SPXW  260924C07705000;6.7;6.8
2026-09-24 09:27;7710.0;7695.8;SPXW  260924C07710000;5.1;5.2
2026-09-24 09:27;7715.0;7695.8;SPXW  260924C07715000;3.9;4.0
2026-09-24 09:27;7720.0;7695.8;SPXW  260924C07720000;3.0;3.1
2026-09-24 09:27;7725.0;7695.8;SPXW  260924C07725000;2.25;2.3
2026-09-24 09:27;7730.0;7695.8;SPXW  260924C07730000;1.75;1.8
2026-09-24 09:27;7735.0;7695.8;SPXW  260924C07735000;1.35;1.4
2026-09-24 09:27;7740.0;7695.8;SPXW  260924C07740000;1.05;1.1
2026-09-24 09:27;7745.0;7695.8;SPXW  260924C07745000;0.85;0.9
2026-09-24 09:27;7750.0;7695.8;SPXW  260924C07750000;0.7;0.75
2026-09-24 09:27;7755.0;7695.8;SPXW  260924C07755000;0.55;0.6
2026-09-24 09:27;7760.0;7695.8;SPXW  260924C07760000;0.45;0.5
2026-09-24 09:27;7765.0;7695.8;SPXW  260924C07765000;0.4;0.45
2026-09-24 09:27;7770.0;7695.8;SPXW  260924C07770000;0.3;0.35
2026-09-24 09:27;7775.0;7695.8;SPXW  260924C07775000;0.25;0.35
2026-09-24 09:27;7780.0;7695.8;SPXW  260924C07780000;0.25;0.3
2026-09-24 09:27;7785.0;7695.8;SPXW  260924C07785000;0.2;0.25
2026-09-24 09:27;7790.0;7695.8;SPXW  260924C07790000;0.15;0.2
2026-09-24 09:27;7795.0;7695.8;SPXW  260924C07795000;0.15;0.2
2026-09-24 09:27;7800.0;7695.8;SPXW  260924C07800000;0.1;0.15
2026-09-24 09:27;7805.0;7695.8;SPXW  260924C07805000;0.1;0.15
2026-09-24 09:27;7810.0;7695.8;SPXW  260924C07810000;0.1;0.15
2026-09-24 09:27;7815.0;7695.8;SPXW  260924C07815000;0.05;0.1
2026-09-24 09:27;7820.0;7695.8;SPXW  260924C07820000;0.05;0.1
2026-09-24 09:27;7825.0;7695.8;SPXW  260924C07825000;0.05;0.1
2026-09-24 09:27;7830.0;7695.8;SPXW  260924C07830000;0.05;0.1
2026-09-24 09:27;7835.0;7695.8;SPXW  260924C07835000;0.05;0.1
2026-09-24 09:27;7840.0;7695.8;SPXW  260924C07840000;0.05;0.1
2026-09-24 09:27;7845.0;7695.8;SPXW  260924C07845000;0.05;0.1
2026-09-24 09:27;7850.0;7695.8;SPXW  260924C07850000;0.05;0.1
2026-09-24 09:27;7855.0;7695.8;SPXW  260924C07855000;0.05;0.1
2026-09-24 09:27;7860.0;7695.8;SPXW  260924C07860000;0.0;0.1
2026-09-24 09:27;7865.0;7695.8;SPXW  260924C07865000;0.0;0.1
2026-09-24 09:27;7870.0;7695.8;SPXW  260924C07870000;0.0;0.05
2026-09-24 09:27;7875.0;7695.8;SPXW  260924C07875000;0.0;0.05
2026-09-24 09:27;7880.0;7695.8;SPXW  260924C07880000;0.0;0.05
2026-09-24 09:27;7885.0;7695.8;SPXW  260924C07885000;0.0;0.05
2026-09-24 09:27;7890.0;7695.8;SPXW  260924C07890000;0.0;0.05
2026-09-24 09:27;7895.0;7695.8;SPXW  260924C07895000;0.0;0.05
2026-09-24 09:27;7900.0;7695.8;SPXW  260924C07900000;0.0;0.05
2026-09-24 09:27;7905.0;7695.8;SPXW  260924C07905000;0.0;0.05
2026-09-24 09:27;7910.0;7695.8;SPXW  260924C07910000;0.0;0.05
2026-09-24 09:27;7915.0;7695.8;SPXW  260924C07915000;0.0;0.05
2026-09-24 09:27;7920.0;7695.8;SPXW  260924C07920000;0.0;0.05
2026-09-24 09:27;7925.0;7695.8;SPXW  260924C07925000;0.0;0.05
2026-09-24 09:27;7930.0;7695.8;SPXW  260924C07930000;0.0;0.05
2026-09-24 09:27;7935.0;7695.8;SPXW  260924C07935000;0.0;0.05
2026-09-24 09:27;7940.0;7695.8;SPXW  260924C07940000;0.0;0.05
2026-09-24 09:27;7945.0;7695.8;SPXW  260924C07945000;0.0;0.05
2026-09-24 09:27;7445.0;7695.8;SPXW  260924P07445000;0.0;0.1
2026-09-24 09:27;7450.0;7695.8;SPXW  260924P07450000;0.0;0.1
2026-09-24 09:27;7455.0;7695.8;SPXW  260924P07455000;0.0;0.1
2026-09-24 09:27;7460.0;7695.8;SPXW  260924P07460000;0.0;0.1
2026-09-24 09:27;7465.0;7695.8;SPXW  260924P07465000;0.05;0.1
2026-09-24 09:27;7470.0;7695.8;SPXW  260924P07470000;0.05;0.1
2026-09-24 09:27;7475.0;7695.8;SPXW  260924P07475000;0.05;0.1
2026-09-24 09:27;7480.0;7695.8;SPXW  260924P07480000;0.05;0.1
2026-09-24 09:27;7485.0;7695.8;SPXW  260924P07485000;0.05;0.1
2026-09-24 09:27;7490.0;7695.8;SPXW  260924P07490000;0.05;0.1
2026-09-24 09:27;7495.0;7695.8;SPXW  260924P07495000;0.05;0.1
2026-09-24 09:27;7500.0;7695.8;SPXW  260924P07500000;0.05;0.1
2026-09-24 09:27;7505.0;7695.8;SPXW  260924P07505000;0.05;0.1
2026-09-24 09:27;7510.0;7695.8;SPXW  260924P07510000;0.05;0.1
2026-09-24 09:27;7515.0;7695.8;SPXW  260924P07515000;0.05;0.1
2026-09-24 09:27;7520.0;7695.8;SPXW  260924P07520000;0.05;0.1
2026-09-24 09:27;7525.0;7695.8;SPXW  260924P07525000;0.05;0.1
2026-09-24 09:27;7530.0;7695.8;SPXW  260924P07530000;0.05;0.1
2026-09-24 09:27;7535.0;7695.8;SPXW  260924P07535000;0.05;0.1
2026-09-24 09:27;7540.0;7695.8;SPXW  260924P07540000;0.1;0.15
2026-09-24 09:27;7545.0;7695.8;SPXW  260924P07545000;0.1;0.15
2026-09-24 09:27;7550.0;7695.8;SPXW  260924P07550000;0.1;0.15
2026-09-24 09:27;7555.0;7695.8;SPXW  260924P07555000;0.1;0.15
2026-09-24 09:27;7560.0;7695.8;SPXW  260924P07560000;0.1;0.15
2026-09-24 09:27;7565.0;7695.8;SPXW  260924P07565000;0.1;0.15
2026-09-24 09:27;7570.0;7695.8;SPXW  260924P07570000;0.1;0.15
2026-09-24 09:27;7575.0;7695.8;SPXW  260924P07575000;0.1;0.15
2026-09-24 09:27;7580.0;7695.8;SPXW  260924P07580000;0.1;0.15
2026-09-24 09:27;7585.0;7695.8;SPXW  260924P07585000;0.15;0.2
2026-09-24 09:27;7590.0;7695.8;SPXW  260924P07590000;0.15;0.2
2026-09-24 09:27;7595.0;7695.8;SPXW  260924P07595000;0.15;0.2
2026-09-24 09:27;7600.0;7695.8;SPXW  260924P07600000;0.2;0.25
2026-09-24 09:27;7605.0;7695.8;SPXW  260924P07605000;0.2;0.25
2026-09-24 09:27;7610.0;7695.8;SPXW  260924P07610000;0.25;0.3
2026-09-24 09:27;7615.0;7695.8;SPXW  260924P07615000;0.3;0.35
2026-09-24 09:27;7620.0;7695.8;SPXW  260924P07620000;0.35;0.4
2026-09-24 09:27;7625.0;7695.8;SPXW  260924P07625000;0.45;0.5
2026-09-24 09:27;7630.0;7695.8;SPXW  260924P07630000;0.55;0.6
2026-09-24 09:27;7635.0;7695.8;SPXW  260924P07635000;0.7;0.75
2026-09-24 09:27;7640.0;7695.8;SPXW  260924P07640000;0.85;0.95
2026-09-24 09:27;7645.0;7695.8;SPXW  260924P07645000;1.1;1.15
2026-09-24 09:27;7650.0;7695.8;SPXW  260924P07650000;1.4;1.45
2026-09-24 09:27;7655.0;7695.8;SPXW  260924P07655000;1.8;1.85
2026-09-24 09:27;7660.0;7695.8;SPXW  260924P07660000;2.25;2.3
2026-09-24 09:27;7665.0;7695.8;SPXW  260924P07665000;2.85;2.95
2026-09-24 09:27;7670.0;7695.8;SPXW  260924P07670000;3.6;3.7
2026-09-24 09:27;7675.0;7695.8;SPXW  260924P07675000;4.6;4.7
2026-09-24 09:27;7680.0;7695.8;SPXW  260924P07680000;5.9;6.0
2026-09-24 09:27;7685.0;7695.8;SPXW  260924P07685000;7.5;7.6
2026-09-24 09:27;7690.0;7695.8;SPXW  260924P07690000;9.4;9.6
2026-09-24 09:27;7695.0;7695.8;SPXW  260924P07695000;11.8;12.0
2026-09-24 09:27;7700.0;7695.8;SPXW  260924P07700000;14.5;14.7
2026-09-24 09:27;7705.0;7695.8;SPXW  260924P07705000;17.6;17.9
2026-09-24 09:27;7710.0;7695.8;SPXW  260924P07710000;21.1;21.4
2026-09-24 09:27;7715.0;7695.8;SPXW  260924P07715000;24.9;25.3
2026-09-24 09:27;7720.0;7695.8;SPXW  260924P07720000;29.0;29.4
2026-09-24 09:27;7725.0;7695.8;SPXW  260924P07725000;33.4;33.8
2026-09-24 09:27;7730.0;7695.8;SPXW  260924P07730000;37.9;38.3
2026-09-24 09:27;7735.0;7695.8;SPXW  260924P07735000;42.5;42.9
2026-09-24 09:27;7740.0;7695.8;SPXW  260924P07740000;47.3;47.7
2026-09-24 09:27;7745.0;7695.8;SPXW  260924P07745000;52.1;52.5
2026-09-24 09:27;7750.0;7695.8;SPXW  260924P07750000;56.9;57.4
2026-09-24 09:27;7755.0;7695.8;SPXW  260924P07755000;61.8;62.3
2026-09-24 09:27;7760.0;7695.8;SPXW  260924P07760000;66.7;67.2
2026-09-24 09:27;7765.0;7695.8;SPXW  260924P07765000;71.6;72.1
2026-09-24 09:27;7770.0;7695.8;SPXW  260924P07770000;76.6;77.0
2026-09-24 09:27;7775.0;7695.8;SPXW  260924P07775000;81.5;82.3
2026-09-24 09:27;7780.0;7695.8;SPXW  260924P07780000;86.5;87.3
2026-09-24 09:27;7785.0;7695.8;SPXW  260924P07785000;91.5;92.2
2026-09-24 09:27;7790.0;7695.8;SPXW  260924P07790000;96.4;97.2
2026-09-24 09:27;7795.0;7695.8;SPXW  260924P07795000;101.4;102.2
2026-09-24 09:27;7800.0;7695.8;SPXW  260924P07800000;106.4;107.2
2026-09-24 09:27;7805.0;7695.8;SPXW  260924P07805000;111.4;112.2
2026-09-24 09:27;7810.0;7695.8;SPXW  260924P07810000;116.3;117.2
2026-09-24 09:27;7815.0;7695.8;SPXW  260924P07815000;121.3;122.1
2026-09-24 09:27;7820.0;7695.8;SPXW  260924P07820000;125.1;127.1
2026-09-24 09:27;7825.0;7695.8;SPXW  260924P07825000;130.5;132.1
2026-09-24 09:27;7830.0;7695.8;SPXW  260924P07830000;135.5;137.1
2026-09-24 09:27;7835.0;7695.8;SPXW  260924P07835000;140.0;142.1
2026-09-24 09:27;7840.0;7695.8;SPXW  260924P07840000;142.6;149.1
2026-09-24 09:27;7845.0;7695.8;SPXW  260924P07845000;147.6;153.9
2026-09-24 09:27;7850.0;7695.8;SPXW  260924P07850000;155.6;157.1
2026-09-24 09:27;7855.0;7695.8;SPXW  260924P07855000;157.6;164.7
2026-09-24 09:27;7860.0;7695.8;SPXW  260924P07860000;162.6;170.2
2026-09-24 09:27;7865.0;7695.8;SPXW  260924P07865000;167.6;175.3
2026-09-24 09:27;7870.0;7695.8;SPXW  260924P07870000;172.6;180.3
2026-09-24 09:27;7875.0;7695.8;SPXW  260924P07875000;177.6;185.1
2026-09-24 09:27;7880.0;7695.8;SPXW  260924P07880000;182.6;190.3
2026-09-24 09:27;7885.0;7695.8;SPXW  260924P07885000;187.6;195.3
2026-09-24 09:27;7890.0;7695.8;SPXW  260924P07890000;192.1;199.6
2026-09-24 09:27;7895.0;7695.8;SPXW  260924P07895000;194.8;208.2
2026-09-24 09:27;7900.0;7695.8;SPXW  260924P07900000;199.8;213.5
2026-09-24 09:27;7905.0;7695.8;SPXW  260924P07905000;204.8;218.5
2026-09-24 09:27;7910.0;7695.8;SPXW  260924P07910000;209.8;223.5
2026-09-24 09:27;7915.0;7695.8;SPXW  260924P07915000;209.9;230.4
2026-09-24 09:27;7920.0;7695.8;SPXW  260924P07920000;214.8;235.3
2026-09-24 09:27;7925.0;7695.8;SPXW  260924P07925000;220.7;240.3
2026-09-24 09:27;7930.0;7695.8;SPXW  260924P07930000;225.6;244.2
2026-09-24 09:27;7935.0;7695.8;SPXW  260924P07935000;240.5;242.5
2026-09-24 09:27;7940.0;7695.8;SPXW  260924P07940000;236.4;256.6
2026-09-24 09:31;7450.0;7699.76;SPXW  260924C07450000;240.2;258.3
2026-09-24 09:31;7455.0;7699.76;SPXW  260924C07455000;235.2;253.7
2026-09-24 09:31;7460.0;7699.76;SPXW  260924C07460000;230.9;250.3
2026-09-24 09:31;7465.0;7699.76;SPXW  260924C07465000;225.2;243.4
2026-09-24 09:31;7470.0;7699.76;SPXW  260924C07470000;220.8;240.7
2026-09-24 09:31;7475.0;7699.76;SPXW  260924C07475000;216.0;233.3
2026-09-24 09:31;7480.0;7699.76;SPXW  260924C07480000;210.9;230.7
2026-09-24 09:31;7485.0;7699.76;SPXW  260924C07485000;208.7;224.0
2026-09-24 09:31;7490.0;7699.76;SPXW  260924C07490000;204.1;215.4
2026-09-24 09:31;7495.0;7699.76;SPXW  260924C07495000;199.1;209.9
2026-09-24 09:31;7500.0;7699.76;SPXW  260924C07500000;196.4;203.0
2026-09-24 09:31;7505.0;7699.76;SPXW  260924C07505000;191.7;198.3
2026-09-24 09:31;7510.0;7699.76;SPXW  260924C07510000;186.7;193.0
2026-09-24 09:31;7515.0;7699.76;SPXW  260924C07515000;181.7;188.0
2026-09-24 09:31;7520.0;7699.76;SPXW  260924C07520000;176.7;182.8
2026-09-24 09:31;7525.0;7699.76;SPXW  260924C07525000;170.5;178.0
2026-09-24 09:31;7530.0;7699.76;SPXW  260924C07530000;165.5;173.0
2026-09-24 09:31;7535.0;7699.76;SPXW  260924C07535000;160.5;168.4
2026-09-24 09:31;7540.0;7699.76;SPXW  260924C07540000;156.7;162.8
2026-09-24 09:31;7545.0;7699.76;SPXW  260924C07545000;151.7;157.8
2026-09-24 09:31;7550.0;7699.76;SPXW  260924C07550000;146.7;152.9
2026-09-24 09:31;7555.0;7699.76;SPXW  260924C07555000;141.7;148.0
2026-09-24 09:31;7560.0;7699.76;SPXW  260924C07560000;136.6;143.1
2026-09-24 09:31;7565.0;7699.76;SPXW  260924C07565000;129.9;135.0
2026-09-24 09:31;7570.0;7699.76;SPXW  260924C07570000;125.0;130.0
2026-09-24 09:31;7575.0;7699.76;SPXW  260924C07575000;120.2;125.0
2026-09-24 09:31;7580.0;7699.76;SPXW  260924C07580000;115.2;120.0
2026-09-24 09:31;7585.0;7699.76;SPXW  260924C07585000;110.6;115.0
2026-09-24 09:31;7590.0;7699.76;SPXW  260924C07590000;106.2;110.0
2026-09-24 09:31;7595.0;7699.76;SPXW  260924C07595000;101.8;105.0
2026-09-24 09:31;7600.0;7699.76;SPXW  260924C07600000;96.8;100.0
2026-09-24 09:31;7605.0;7699.76;SPXW  260924C07605000;91.5;95.0
2026-09-24 09:31;7610.0;7699.76;SPXW  260924C07610000;86.8;90.1
2026-09-24 09:31;7615.0;7699.76;SPXW  260924C07615000;81.3;85.1
2026-09-24 09:31;7620.0;7699.76;SPXW  260924C07620000;76.4;80.1
2026-09-24 09:31;7625.0;7699.76;SPXW  260924C07625000;72.1;74.9
2026-09-24 09:31;7630.0;7699.76;SPXW  260924C07630000;69.1;70.0
2026-09-24 09:31;7635.0;7699.76;SPXW  260924C07635000;63.0;65.1
2026-09-24 09:31;7640.0;7699.76;SPXW  260924C07640000;58.0;60.2
2026-09-24 09:31;7645.0;7699.76;SPXW  260924C07645000;53.4;55.4
2026-09-24 09:31;7650.0;7699.76;SPXW  260924C07650000;50.0;50.8
2026-09-24 09:31;7655.0;7699.76;SPXW  260924C07655000;45.4;46.0
2026-09-24 09:31;7660.0;7699.76;SPXW  260924C07660000;40.9;41.1
2026-09-24 09:31;7665.0;7699.76;SPXW  260924C07665000;36.1;36.7
2026-09-24 09:31;7670.0;7699.76;SPXW  260924C07670000;31.8;32.3
2026-09-24 09:31;7675.0;7699.76;SPXW  260924C07675000;27.5;27.9
2026-09-24 09:31;7680.0;7699.76;SPXW  260924C07680000;23.6;24.0
2026-09-24 09:31;7685.0;7699.76;SPXW  260924C07685000;19.9;20.2
2026-09-24 09:31;7690.0;7699.76;SPXW  260924C07690000;16.4;16.6
2026-09-24 09:31;7695.0;7699.76;SPXW  260924C07695000;13.4;13.5
2026-09-24 09:31;7700.0;7699.76;SPXW  260924C07700000;10.7;10.9
2026-09-24 09:31;7705.0;7699.76;SPXW  260924C07705000;8.4;8.5
2026-09-24 09:31;7710.0;7699.76;SPXW  260924C07710000;6.5;6.7
2026-09-24 09:31;7715.0;7699.76;SPXW  260924C07715000;5.0;5.2
2026-09-24 09:31;7720.0;7699.76;SPXW  260924C07720000;3.9;4.0
2026-09-24 09:31;7725.0;7699.76;SPXW  260924C07725000;3.0;3.1
2026-09-24 09:31;7730.0;7699.76;SPXW  260924C07730000;2.35;2.4
2026-09-24 09:31;7735.0;7699.76;SPXW  260924C07735000;1.85;1.9
2026-09-24 09:31;7740.0;7699.76;SPXW  260924C07740000;1.45;1.55
2026-09-24 09:31;7745.0;7699.76;SPXW  260924C07745000;1.2;1.25
2026-09-24 09:31;7750.0;7699.76;SPXW  260924C07750000;0.95;1.0
2026-09-24 09:31;7755.0;7699.76;SPXW  260924C07755000;0.8;0.85
2026-09-24 09:31;7760.0;7699.76;SPXW  260924C07760000;0.65;0.7
2026-09-24 09:31;7765.0;7699.76;SPXW  260924C07765000;0.55;0.6
2026-09-24 09:31;7770.0;7699.76;SPXW  260924C07770000;0.45;0.5
2026-09-24 09:31;7775.0;7699.76;SPXW  260924C07775000;0.4;0.45
2026-09-24 09:31;7780.0;7699.76;SPXW  260924C07780000;0.3;0.4
2026-09-24 09:31;7785.0;7699.76;SPXW  260924C07785000;0.25;0.35
2026-09-24 09:31;7790.0;7699.76;SPXW  260924C07790000;0.25;0.3
2026-09-24 09:31;7795.0;7699.76;SPXW  260924C07795000;0.2;0.25
2026-09-24 09:31;7800.0;7699.76;SPXW  260924C07800000;0.15;0.2
2026-09-24 09:31;7805.0;7699.76;SPXW  260924C07805000;0.15;0.2
2026-09-24 09:31;7810.0;7699.76;SPXW  260924C07810000;0.1;0.15
2026-09-24 09:31;7815.0;7699.76;SPXW  260924C07815000;0.1;0.15
2026-09-24 09:31;7820.0;7699.76;SPXW  260924C07820000;0.1;0.15
2026-09-24 09:31;7825.0;7699.76;SPXW  260924C07825000;0.05;0.15
2026-09-24 09:31;7830.0;7699.76;SPXW  260924C07830000;0.05;0.1
2026-09-24 09:31;7835.0;7699.76;SPXW  260924C07835000;0.05;0.1
2026-09-24 09:31;7840.0;7699.76;SPXW  260924C07840000;0.05;0.1
2026-09-24 09:31;7845.0;7699.76;SPXW  260924C07845000;0.05;0.1
2026-09-24 09:31;7850.0;7699.76;SPXW  260924C07850000;0.05;0.1
2026-09-24 09:31;7855.0;7699.76;SPXW  260924C07855000;0.0;0.1
2026-09-24 09:31;7860.0;7699.76;SPXW  260924C07860000;0.0;0.1
2026-09-24 09:31;7865.0;7699.76;SPXW  260924C07865000;0.0;0.1
2026-09-24 09:31;7870.0;7699.76;SPXW  260924C07870000;0.0;0.1
2026-09-24 09:31;7875.0;7699.76;SPXW  260924C07875000;0.0;0.1
2026-09-24 09:31;7880.0;7699.76;SPXW  260924C07880000;0.0;0.05
2026-09-24 09:31;7885.0;7699.76;SPXW  260924C07885000;0.0;0.05
2026-09-24 09:31;7890.0;7699.76;SPXW  260924C07890000;0.0;0.05
2026-09-24 09:31;7895.0;7699.76;SPXW  260924C07895000;0.0;0.05
2026-09-24 09:31;7900.0;7699.76;SPXW  260924C07900000;0.0;0.05
2026-09-24 09:31;7905.0;7699.76;SPXW  260924C07905000;0.0;0.05
2026-09-24 09:31;7910.0;7699.76;SPXW  260924C07910000;0.0;0.05
2026-09-24 09:31;7915.0;7699.76;SPXW  260924C07915000;0.0;0.05
2026-09-24 09:31;7920.0;7699.76;SPXW  260924C07920000;0.0;0.05
2026-09-24 09:31;7925.0;7699.76;SPXW  260924C07925000;0.0;0.05
2026-09-24 09:31;7930.0;7699.76;SPXW  260924C07930000;0.0;0.05
2026-09-24 09:31;7935.0;7699.76;SPXW  260924C07935000;0.0;0.05
2026-09-24 09:31;7940.0;7699.76;SPXW  260924C07940000;0.0;0.05
2026-09-24 09:31;7945.0;7699.76;SPXW  260924C07945000;0.0;0.05
2026-09-24 09:31;7450.0;7699.76;SPXW  260924P07450000;0.0;0.1
2026-09-24 09:31;7455.0;7699.76;SPXW  260924P07455000;0.0;0.1
2026-09-24 09:31;7460.0;7699.76;SPXW  260924P07460000;0.0;0.1
2026-09-24 09:31;7465.0;7699.76;SPXW  260924P07465000;0.0;0.1
2026-09-24 09:31;7470.0;7699.76;SPXW  260924P07470000;0.05;0.1
2026-09-24 09:31;7475.0;7699.76;SPXW  260924P07475000;0.05;0.1
2026-09-24 09:31;7480.0;7699.76;SPXW  260924P07480000;0.05;0.1
2026-09-24 09:31;7485.0;7699.76;SPXW  260924P07485000;0.05;0.1
2026-09-24 09:31;7490.0;7699.76;SPXW  260924P07490000;0.05;0.1
2026-09-24 09:31;7495.0;7699.76;SPXW  260924P07495000;0.05;0.1
2026-09-24 09:31;7500.0;7699.76;SPXW  260924P07500000;0.05;0.1
2026-09-24 09:31;7505.0;7699.76;SPXW  260924P07505000;0.05;0.1
2026-09-24 09:31;7510.0;7699.76;SPXW  260924P07510000;0.05;0.1
2026-09-24 09:31;7515.0;7699.76;SPXW  260924P07515000;0.05;0.1
2026-09-24 09:31;7520.0;7699.76;SPXW  260924P07520000;0.05;0.1
2026-09-24 09:31;7525.0;7699.76;SPXW  260924P07525000;0.05;0.1
2026-09-24 09:31;7530.0;7699.76;SPXW  260924P07530000;0.05;0.1
2026-09-24 09:31;7535.0;7699.76;SPXW  260924P07535000;0.05;0.1
2026-09-24 09:31;7540.0;7699.76;SPXW  260924P07540000;0.1;0.15
2026-09-24 09:31;7545.0;7699.76;SPXW  260924P07545000;0.1;0.15
2026-09-24 09:31;7550.0;7699.76;SPXW  260924P07550000;0.1;0.15
2026-09-24 09:31;7555.0;7699.76;SPXW  260924P07555000;0.1;0.15
2026-09-24 09:31;7560.0;7699.76;SPXW  260924P07560000;0.1;0.15
2026-09-24 09:31;7565.0;7699.76;SPXW  260924P07565000;0.1;0.15
2026-09-24 09:31;7570.0;7699.76;SPXW  260924P07570000;0.1;0.15
2026-09-24 09:31;7575.0;7699.76;SPXW  260924P07575000;0.1;0.15
2026-09-24 09:31;7580.0;7699.76;SPXW  260924P07580000;0.1;0.15
2026-09-24 09:31;7585.0;7699.76;SPXW  260924P07585000;0.1;0.15
2026-09-24 09:31;7590.0;7699.76;SPXW  260924P07590000;0.1;0.15
2026-09-24 09:31;7595.0;7699.76;SPXW  260924P07595000;0.15;0.2
2026-09-24 09:31;7600.0;7699.76;SPXW  260924P07600000;0.15;0.2
2026-09-24 09:31;7605.0;7699.76;SPXW  260924P07605000;0.15;0.2
2026-09-24 09:31;7610.0;7699.76;SPXW  260924P07610000;0.2;0.25
2026-09-24 09:31;7615.0;7699.76;SPXW  260924P07615000;0.2;0.3
2026-09-24 09:31;7620.0;7699.76;SPXW  260924P07620000;0.25;0.3
2026-09-24 09:31;7625.0;7699.76;SPXW  260924P07625000;0.3;0.4
2026-09-24 09:31;7630.0;7699.76;SPXW  260924P07630000;0.4;0.45
2026-09-24 09:31;7635.0;7699.76;SPXW  260924P07635000;0.5;0.55
2026-09-24 09:31;7640.0;7699.76;SPXW  260924P07640000;0.6;0.7
2026-09-24 09:31;7645.0;7699.76;SPXW  260924P07645000;0.8;0.85
2026-09-24 09:31;7650.0;7699.76;SPXW  260924P07650000;1.0;1.05
2026-09-24 09:31;7655.0;7699.76;SPXW  260924P07655000;1.25;1.3
2026-09-24 09:31;7660.0;7699.76;SPXW  260924P07660000;1.6;1.65
2026-09-24 09:31;7665.0;7699.76;SPXW  260924P07665000;2.0;2.1
2026-09-24 09:31;7670.0;7699.76;SPXW  260924P07670000;2.6;2.65
2026-09-24 09:31;7675.0;7699.76;SPXW  260924P07675000;3.3;3.4
2026-09-24 09:31;7680.0;7699.76;SPXW  260924P07680000;4.2;4.3
2026-09-24 09:31;7685.0;7699.76;SPXW  260924P07685000;5.4;5.5
2026-09-24 09:31;7690.0;7699.76;SPXW  260924P07690000;6.9;7.0
2026-09-24 09:31;7695.0;7699.76;SPXW  260924P07695000;8.7;8.8
2026-09-24 09:31;7700.0;7699.76;SPXW  260924P07700000;11.0;11.1
2026-09-24 09:31;7705.0;7699.76;SPXW  260924P07705000;13.6;13.7
2026-09-24 09:31;7710.0;7699.76;SPXW  260924P07710000;16.7;16.8
2026-09-24 09:31;7715.0;7699.76;SPXW  260924P07715000;20.1;20.2
2026-09-24 09:31;7720.0;7699.76;SPXW  260924P07720000;23.9;24.1
2026-09-24 09:31;7725.0;7699.76;SPXW  260924P07725000;28.0;28.2
2026-09-24 09:31;7730.0;7699.76;SPXW  260924P07730000;32.3;32.5
2026-09-24 09:31;7735.0;7699.76;SPXW  260924P07735000;36.7;37.0
2026-09-24 09:31;7740.0;7699.76;SPXW  260924P07740000;41.3;41.6
2026-09-24 09:31;7745.0;7699.76;SPXW  260924P07745000;46.0;46.4
2026-09-24 09:31;7750.0;7699.76;SPXW  260924P07750000;50.7;51.1
2026-09-24 09:31;7755.0;7699.76;SPXW  260924P07755000;55.5;56.0
2026-09-24 09:31;7760.0;7699.76;SPXW  260924P07760000;60.4;60.8
2026-09-24 09:31;7765.0;7699.76;SPXW  260924P07765000;65.3;65.7
2026-09-24 09:31;7770.0;7699.76;SPXW  260924P07770000;70.2;70.6
2026-09-24 09:31;7775.0;7699.76;SPXW  260924P07775000;75.1;75.6
2026-09-24 09:31;7780.0;7699.76;SPXW  260924P07780000;80.0;80.5
2026-09-24 09:31;7785.0;7699.76;SPXW  260924P07785000;84.9;85.4
2026-09-24 09:31;7790.0;7699.76;SPXW  260924P07790000;89.9;90.4
2026-09-24 09:31;7795.0;7699.76;SPXW  260924P07795000;94.8;95.4
2026-09-24 09:31;7800.0;7699.76;SPXW  260924P07800000;99.8;100.3
2026-09-24 09:31;7805.0;7699.76;SPXW  260924P07805000;104.8;105.3
2026-09-24 09:31;7810.0;7699.76;SPXW  260924P07810000;109.7;110.3
2026-09-24 09:31;7815.0;7699.76;SPXW  260924P07815000;114.7;115.3
2026-09-24 09:31;7820.0;7699.76;SPXW  260924P07820000;119.7;120.2
2026-09-24 09:31;7825.0;7699.76;SPXW  260924P07825000;124.7;125.2
2026-09-24 09:31;7830.0;7699.76;SPXW  260924P07830000;129.7;130.2
2026-09-24 09:31;7835.0;7699.76;SPXW  260924P07835000;134.5;135.7
2026-09-24 09:31;7840.0;7699.76;SPXW  260924P07840000;139.4;140.7
2026-09-24 09:31;7845.0;7699.76;SPXW  260924P07845000;144.4;145.7
2026-09-24 09:31;7850.0;7699.76;SPXW  260924P07850000;149.3;151.2
2026-09-24 09:31;7855.0;7699.76;SPXW  260924P07855000;154.3;156.2
2026-09-24 09:31;7860.0;7699.76;SPXW  260924P07860000;159.3;161.1
2026-09-24 09:31;7865.0;7699.76;SPXW  260924P07865000;164.3;166.2
2026-09-24 09:31;7870.0;7699.76;SPXW  260924P07870000;169.3;171.2
2026-09-24 09:31;7875.0;7699.76;SPXW  260924P07875000;173.9;176.1
2026-09-24 09:31;7880.0;7699.76;SPXW  260924P07880000;177.1;184.1
2026-09-24 09:31;7885.0;7699.76;SPXW  260924P07885000;182.1;189.1
2026-09-24 09:31;7890.0;7699.76;SPXW  260924P07890000;186.8;194.6
2026-09-24 09:31;7895.0;7699.76;SPXW  260924P07895000;192.1;199.1
2026-09-24 09:31;7900.0;7699.76;SPXW  260924P07900000;199.2;201.1
2026-09-24 09:31;7905.0;7699.76;SPXW  260924P07905000;199.8;213.2
2026-09-24 09:31;7910.0;7699.76;SPXW  260924P07910000;204.6;218.2
2026-09-24 09:31;7915.0;7699.76;SPXW  260924P07915000;209.7;223.2
2026-09-24 09:31;7920.0;7699.76;SPXW  260924P07920000;211.8;230.6
2026-09-24 09:31;7925.0;7699.76;SPXW  260924P07925000;216.3;235.4
2026-09-24 09:31;7930.0;7699.76;SPXW  260924P07930000;228.9;231.1
2026-09-24 09:31;7935.0;7699.76;SPXW  260924P07935000;234.2;236.4
2026-09-24 09:31;7940.0;7699.76;SPXW  260924P07940000;230.6;249.3
2026-09-24 09:31;7945.0;7699.76;SPXW  260924P07945000;236.5;254.6
2026-09-24 09:35;7450.0;7699.34;SPXW  260924C07450000;238.0;257.0
2026-09-24 09:35;7455.0;7699.34;SPXW  260924C07455000;233.3;252.0
2026-09-24 09:35;7460.0;7699.34;SPXW  260924C07460000;228.1;247.0
2026-09-24 09:35;7465.0;7699.34;SPXW  260924C07465000;223.2;242.0
2026-09-24 09:35;7470.0;7699.34;SPXW  260924C07470000;218.3;237.0
2026-09-24 09:35;7475.0;7699.34;SPXW  260924C07475000;213.3;232.0
2026-09-24 09:35;7480.0;7699.34;SPXW  260924C07480000;208.1;227.0
2026-09-24 09:35;7485.0;7699.34;SPXW  260924C07485000;206.8;219.5
2026-09-24 09:35;7490.0;7699.34;SPXW  260924C07490000;201.8;215.2
2026-09-24 09:35;7495.0;7699.34;SPXW  260924C07495000;196.8;210.1
2026-09-24 09:35;7500.0;7699.34;SPXW  260924C07500000;198.6;200.1
2026-09-24 09:35;7505.0;7699.34;SPXW  260924C07505000;190.5;197.3
2026-09-24 09:35;7510.0;7699.34;SPXW  260924C07510000;185.5;192.4
2026-09-24 09:35;7515.0;7699.34;SPXW  260924C07515000;180.5;187.4
2026-09-24 09:35;7520.0;7699.34;SPXW  260924C07520000;175.5;182.1
2026-09-24 09:35;7525.0;7699.34;SPXW  260924C07525000;170.5;177.4
2026-09-24 09:35;7530.0;7699.34;SPXW  260924C07530000;165.5;172.4
2026-09-24 09:35;7535.0;7699.34;SPXW  260924C07535000;160.6;167.1
2026-09-24 09:35;7540.0;7699.34;SPXW  260924C07540000;155.5;162.4
2026-09-24 09:35;7545.0;7699.34;SPXW  260924C07545000;150.5;157.4
2026-09-24 09:35;7550.0;7699.34;SPXW  260924C07550000;148.6;150.1
2026-09-24 09:35;7555.0;7699.34;SPXW  260924C07555000;140.5;147.4
2026-09-24 09:35;7560.0;7699.34;SPXW  260924C07560000;138.7;139.8
2026-09-24 09:35;7565.0;7699.34;SPXW  260924C07565000;133.7;134.8
2026-09-24 09:35;7570.0;7699.34;SPXW  260924C07570000;128.7;129.8
2026-09-24 09:35;7575.0;7699.34;SPXW  260924C07575000;123.7;124.8
2026-09-24 09:35;7580.0;7699.34;SPXW  260924C07580000;118.8;119.8
2026-09-24 09:35;7585.0;7699.34;SPXW  260924C07585000;113.8;114.8
2026-09-24 09:35;7590.0;7699.34;SPXW  260924C07590000;109.2;109.6
2026-09-24 09:35;7595.0;7699.34;SPXW  260924C07595000;104.2;104.6
2026-09-24 09:35;7600.0;7699.34;SPXW  260924C07600000;99.3;99.6
2026-09-24 09:35;7605.0;7699.34;SPXW  260924C07605000;94.3;94.7
2026-09-24 09:35;7610.0;7699.34;SPXW  260924C07610000;89.3;89.7
2026-09-24 09:35;7615.0;7699.34;SPXW  260924C07615000;84.3;84.7
2026-09-24 09:35;7620.0;7699.34;SPXW  260924C07620000;79.4;79.8
2026-09-24 09:35;7625.0;7699.34;SPXW  260924C07625000;74.4;74.8
2026-09-24 09:35;7630.0;7699.34;SPXW  260924C07630000;69.5;69.9
2026-09-24 09:35;7635.0;7699.34;SPXW  260924C07635000;64.6;65.0
2026-09-24 09:35;7640.0;7699.34;SPXW  260924C07640000;59.7;60.1
2026-09-24 09:35;7645.0;7699.34;SPXW  260924C07645000;54.9;55.3
2026-09-24 09:35;7650.0;7699.34;SPXW  260924C07650000;50.1;50.5
2026-09-24 09:35;7655.0;7699.34;SPXW  260924C07655000;45.5;45.7
2026-09-24 09:35;7660.0;7699.34;SPXW  260924C07660000;40.8;41.1
2026-09-24 09:35;7665.0;7699.34;SPXW  260924C07665000;36.3;36.5
2026-09-24 09:35;7670.0;7699.34;SPXW  260924C07670000;31.9;32.1
2026-09-24 09:35;7675.0;7699.34;SPXW  260924C07675000;27.6;27.8
2026-09-24 09:35;7680.0;7699.34;SPXW  260924C07680000;23.5;23.7
2026-09-24 09:35;7685.0;7699.34;SPXW  260924C07685000;19.8;19.9
2026-09-24 09:35;7690.0;7699.34;SPXW  260924C07690000;16.3;16.4
2026-09-24 09:35;7695.0;7699.34;SPXW  260924C07695000;13.2;13.3
2026-09-24 09:35;7700.0;7699.34;SPXW  260924C07700000;10.5;10.6
2026-09-24 09:35;7705.0;7699.34;SPXW  260924C07705000;8.2;8.4
2026-09-24 09:35;7710.0;7699.34;SPXW  260924C07710000;6.4;6.5
2026-09-24 09:35;7715.0;7699.34;SPXW  260924C07715000;5.0;5.1
2026-09-24 09:35;7720.0;7699.34;SPXW  260924C07720000;3.8;3.9
2026-09-24 09:35;7725.0;7699.34;SPXW  260924C07725000;3.0;3.1
2026-09-24 09:35;7730.0;7699.34;SPXW  260924C07730000;2.35;2.4
2026-09-24 09:35;7735.0;7699.34;SPXW  260924C07735000;1.85;1.9
2026-09-24 09:35;7740.0;7699.34;SPXW  260924C07740000;1.5;1.55
2026-09-24 09:35;7745.0;7699.34;SPXW  260924C07745000;1.2;1.25
2026-09-24 09:35;7750.0;7699.34;SPXW  260924C07750000;1.0;1.05
2026-09-24 09:35;7755.0;7699.34;SPXW  260924C07755000;0.8;0.85
2026-09-24 09:35;7760.0;7699.34;SPXW  260924C07760000;0.65;0.75
2026-09-24 09:35;7765.0;7699.34;SPXW  260924C07765000;0.55;0.6
2026-09-24 09:35;7770.0;7699.34;SPXW  260924C07770000;0.5;0.55
2026-09-24 09:35;7775.0;7699.34;SPXW  260924C07775000;0.4;0.45
2026-09-24 09:35;7780.0;7699.34;SPXW  260924C07780000;0.35;0.4
2026-09-24 09:35;7785.0;7699.34;SPXW  260924C07785000;0.3;0.35
2026-09-24 09:35;7790.0;7699.34;SPXW  260924C07790000;0.25;0.3
2026-09-24 09:35;7795.0;7699.34;SPXW  260924C07795000;0.2;0.3
2026-09-24 09:35;7800.0;7699.34;SPXW  260924C07800000;0.2;0.25
2026-09-24 09:35;7805.0;7699.34;SPXW  260924C07805000;0.15;0.2
2026-09-24 09:35;7810.0;7699.34;SPXW  260924C07810000;0.15;0.2
2026-09-24 09:35;7815.0;7699.34;SPXW  260924C07815000;0.1;0.15
2026-09-24 09:35;7820.0;7699.34;SPXW  260924C07820000;0.1;0.15
2026-09-24 09:35;7825.0;7699.34;SPXW  260924C07825000;0.1;0.15
2026-09-24 09:35;7830.0;7699.34;SPXW  260924C07830000;0.05;0.15
2026-09-24 09:35;7835.0;7699.34;SPXW  260924C07835000;0.05;0.1
2026-09-24 09:35;7840.0;7699.34;SPXW  260924C07840000;0.05;0.1
2026-09-24 09:35;7845.0;7699.34;SPXW  260924C07845000;0.05;0.1
2026-09-24 09:35;7850.0;7699.34;SPXW  260924C07850000;0.05;0.1
2026-09-24 09:35;7855.0;7699.34;SPXW  260924C07855000;0.05;0.1
2026-09-24 09:35;7860.0;7699.34;SPXW  260924C07860000;0.05;0.1
2026-09-24 09:35;7865.0;7699.34;SPXW  260924C07865000;0.0;0.1
2026-09-24 09:35;7870.0;7699.34;SPXW  260924C07870000;0.0;0.05
2026-09-24 09:35;7875.0;7699.34;SPXW  260924C07875000;0.0;0.05
2026-09-24 09:35;7880.0;7699.34;SPXW  260924C07880000;0.0;0.05
2026-09-24 09:35;7885.0;7699.34;SPXW  260924C07885000;0.0;0.05
2026-09-24 09:35;7890.0;7699.34;SPXW  260924C07890000;0.0;0.05
2026-09-24 09:35;7895.0;7699.34;SPXW  260924C07895000;0.0;0.05
2026-09-24 09:35;7900.0;7699.34;SPXW  260924C07900000;0.0;0.05
2026-09-24 09:35;7905.0;7699.34;SPXW  260924C07905000;0.0;0.05
2026-09-24 09:35;7910.0;7699.34;SPXW  260924C07910000;0.0;0.05
2026-09-24 09:35;7915.0;7699.34;SPXW  260924C07915000;0.0;0.05
2026-09-24 09:35;7920.0;7699.34;SPXW  260924C07920000;0.0;0.05
2026-09-24 09:35;7925.0;7699.34;SPXW  260924C07925000;0.0;0.05
2026-09-24 09:35;7930.0;7699.34;SPXW  260924C07930000;0.0;0.05
2026-09-24 09:35;7935.0;7699.34;SPXW  260924C07935000;0.0;0.05
2026-09-24 09:35;7940.0;7699.34;SPXW  260924C07940000;0.0;0.05
2026-09-24 09:35;7945.0;7699.34;SPXW  260924C07945000;0.0;0.05
2026-09-24 09:35;7450.0;7699.34;SPXW  260924P07450000;0.0;0.1
2026-09-24 09:35;7455.0;7699.34;SPXW  260924P07455000;0.05;0.1
2026-09-24 09:35;7460.0;7699.34;SPXW  260924P07460000;0.0;0.1
2026-09-24 09:35;7465.0;7699.34;SPXW  260924P07465000;0.05;0.1
2026-09-24 09:35;7470.0;7699.34;SPXW  260924P07470000;0.05;0.1
2026-09-24 09:35;7475.0;7699.34;SPXW  260924P07475000;0.05;0.1
2026-09-24 09:35;7480.0;7699.34;SPXW  260924P07480000;0.05;0.1
2026-09-24 09:35;7485.0;7699.34;SPXW  260924P07485000;0.05;0.1
2026-09-24 09:35;7490.0;7699.34;SPXW  260924P07490000;0.05;0.1
2026-09-24 09:35;7495.0;7699.34;SPXW  260924P07495000;0.05;0.1
2026-09-24 09:35;7500.0;7699.34;SPXW  260924P07500000;0.05;0.1
2026-09-24 09:35;7505.0;7699.34;SPXW  260924P07505000;0.05;0.1
2026-09-24 09:35;7510.0;7699.34;SPXW  260924P07510000;0.05;0.1
2026-09-24 09:35;7515.0;7699.34;SPXW  260924P07515000;0.05;0.1
2026-09-24 09:35;7520.0;7699.34;SPXW  260924P07520000;0.05;0.1
2026-09-24 09:35;7525.0;7699.34;SPXW  260924P07525000;0.05;0.1
2026-09-24 09:35;7530.0;7699.34;SPXW  260924P07530000;0.05;0.1
2026-09-24 09:35;7535.0;7699.34;SPXW  260924P07535000;0.1;0.15
2026-09-24 09:35;7540.0;7699.34;SPXW  260924P07540000;0.1;0.15
2026-09-24 09:35;7545.0;7699.34;SPXW  260924P07545000;0.1;0.15
2026-09-24 09:35;7550.0;7699.34;SPXW  260924P07550000;0.1;0.15
2026-09-24 09:35;7555.0;7699.34;SPXW  260924P07555000;0.1;0.15
2026-09-24 09:35;7560.0;7699.34;SPXW  260924P07560000;0.1;0.15
2026-09-24 09:35;7565.0;7699.34;SPXW  260924P07565000;0.1;0.15
2026-09-24 09:35;7570.0;7699.34;SPXW  260924P07570000;0.1;0.15
2026-09-24 09:35;7575.0;7699.34;SPXW  260924P07575000;0.1;0.15
2026-09-24 09:35;7580.0;7699.34;SPXW  260924P07580000;0.1;0.15
2026-09-24 09:35;7585.0;7699.34;SPXW  260924P07585000;0.1;0.2
2026-09-24 09:35;7590.0;7699.34;SPXW  260924P07590000;0.15;0.2
2026-09-24 09:35;7595.0;7699.34;SPXW  260924P07595000;0.15;0.2
2026-09-24 09:35;7600.0;7699.34;SPXW  260924P07600000;0.15;0.2
2026-09-24 09:35;7605.0;7699.34;SPXW  260924P07605000;0.2;0.25
2026-09-24 09:35;7610.0;7699.34;SPXW  260924P07610000;0.2;0.25
2026-09-24 09:35;7615.0;7699.34;SPXW  260924P07615000;0.25;0.3
2026-09-24 09:35;7620.0;7699.34;SPXW  260924P07620000;0.25;0.35
2026-09-24 09:35;7625.0;7699.34;SPXW  260924P07625000;0.35;0.4
2026-09-24 09:35;7630.0;7699.34;SPXW  260924P07630000;0.4;0.45
2026-09-24 09:35;7635.0;7699.34;SPXW  260924P07635000;0.5;0.55
2026-09-24 09:35;7640.0;7699.34;SPXW  260924P07640000;0.65;0.7
2026-09-24 09:35;7645.0;7699.34;SPXW  260924P07645000;0.8;0.85
2026-09-24 09:35;7650.0;7699.34;SPXW  260924P07650000;1.0;1.05
2026-09-24 09:35;7655.0;7699.34;SPXW  260924P07655000;1.25;1.3
2026-09-24 09:35;7660.0;7699.34;SPXW  260924P07660000;1.6;1.65
2026-09-24 09:35;7665.0;7699.34;SPXW  260924P07665000;2.05;2.1
2026-09-24 09:35;7670.0;7699.34;SPXW  260924P07670000;2.6;2.65
2026-09-24 09:35;7675.0;7699.34;SPXW  260924P07675000;3.3;3.4
2026-09-24 09:35;7680.0;7699.34;SPXW  260924P07680000;4.2;4.3
2026-09-24 09:35;7685.0;7699.34;SPXW  260924P07685000;5.4;5.5
2026-09-24 09:35;7690.0;7699.34;SPXW  260924P07690000;6.8;7.0
2026-09-24 09:35;7695.0;7699.34;SPXW  260924P07695000;8.7;8.8
2026-09-24 09:35;7700.0;7699.34;SPXW  260924P07700000;11.0;11.1
2026-09-24 09:35;7705.0;7699.34;SPXW  260924P07705000;13.7;13.8
2026-09-24 09:35;7710.0;7699.34;SPXW  260924P07710000;16.8;17.0
2026-09-24 09:35;7715.0;7699.34;SPXW  260924P07715000;20.3;20.5
2026-09-24 09:35;7720.0;7699.34;SPXW  260924P07720000;24.1;24.4
2026-09-24 09:35;7725.0;7699.34;SPXW  260924P07725000;28.3;28.5
2026-09-24 09:35;7730.0;7699.34;SPXW  260924P07730000;32.6;32.9
2026-09-24 09:35;7735.0;7699.34;SPXW  260924P07735000;37.1;37.4
2026-09-24 09:35;7740.0;7699.34;SPXW  260924P07740000;41.6;42.0
2026-09-24 09:35;7745.0;7699.34;SPXW  260924P07745000;46.2;46.7
2026-09-24 09:35;7750.0;7699.34;SPXW  260924P07750000;51.0;51.5
2026-09-24 09:35;7755.0;7699.34;SPXW  260924P07755000;55.8;56.3
2026-09-24 09:35;7760.0;7699.34;SPXW  260924P07760000;60.7;61.2
2026-09-24 09:35;7765.0;7699.34;SPXW  260924P07765000;65.5;66.1
2026-09-24 09:35;7770.0;7699.34;SPXW  260924P07770000;70.4;71.0
2026-09-24 09:35;7775.0;7699.34;SPXW  260924P07775000;75.4;75.9
2026-09-24 09:35;7780.0;7699.34;SPXW  260924P07780000;80.3;80.8
2026-09-24 09:35;7785.0;7699.34;SPXW  260924P07785000;85.2;85.8
2026-09-24 09:35;7790.0;7699.34;SPXW  260924P07790000;90.2;90.8
2026-09-24 09:35;7795.0;7699.34;SPXW  260924P07795000;95.2;95.7
2026-09-24 09:35;7800.0;7699.34;SPXW  260924P07800000;100.1;100.7
2026-09-24 09:35;7805.0;7699.34;SPXW  260924P07805000;105.1;105.6
2026-09-24 09:35;7810.0;7699.34;SPXW  260924P07810000;110.1;110.6
2026-09-24 09:35;7815.0;7699.34;SPXW  260924P07815000;115.1;115.6
2026-09-24 09:35;7820.0;7699.34;SPXW  260924P07820000;120.0;120.6
2026-09-24 09:35;7825.0;7699.34;SPXW  260924P07825000;125.0;126.0
2026-09-24 09:35;7830.0;7699.34;SPXW  260924P07830000;130.0;131.2
2026-09-24 09:35;7835.0;7699.34;SPXW  260924P07835000;135.0;136.2
2026-09-24 09:35;7840.0;7699.34;SPXW  260924P07840000;140.0;141.0
2026-09-24 09:35;7845.0;7699.34;SPXW  260924P07845000;145.0;146.0
2026-09-24 09:35;7850.0;7699.34;SPXW  260924P07850000;150.0;150.9
2026-09-24 09:35;7855.0;7699.34;SPXW  260924P07855000;155.0;156.0
2026-09-24 09:35;7860.0;7699.34;SPXW  260924P07860000;160.0;161.0
2026-09-24 09:35;7865.0;7699.34;SPXW  260924P07865000;165.0;166.1
2026-09-24 09:35;7870.0;7699.34;SPXW  260924P07870000;170.0;171.1
2026-09-24 09:35;7875.0;7699.34;SPXW  260924P07875000;175.0;176.1
2026-09-24 09:35;7880.0;7699.34;SPXW  260924P07880000;177.7;184.6
2026-09-24 09:35;7885.0;7699.34;SPXW  260924P07885000;182.7;189.6
2026-09-24 09:35;7890.0;7699.34;SPXW  260924P07890000;189.7;191.1
2026-09-24 09:35;7895.0;7699.34;SPXW  260924P07895000;194.7;196.1
2026-09-24 09:35;7900.0;7699.34;SPXW  260924P07900000;199.7;201.1
2026-09-24 09:35;7905.0;7699.34;SPXW  260924P07905000;200.0;213.2
2026-09-24 09:35;7910.0;7699.34;SPXW  260924P07910000;204.7;218.3
2026-09-24 09:35;7915.0;7699.34;SPXW  260924P07915000;209.3;222.8
2026-09-24 09:35;7920.0;7699.34;SPXW  260924P07920000;213.4;231.9
2026-09-24 09:35;7925.0;7699.34;SPXW  260924P07925000;218.4;236.6
2026-09-24 09:35;7930.0;7699.34;SPXW  260924P07930000;229.7;231.1
2026-09-24 09:35;7935.0;7699.34;SPXW  260924P07935000;234.6;236.1
2026-09-24 09:35;7940.0;7699.34;SPXW  260924P07940000;239.6;241.1
2026-09-24 09:35;7945.0;7699.34;SPXW  260924P07945000;238.4;256.6
2026-09-24 09:39;7460.0;7706.36;SPXW  260924C07460000;234.7;254.9
2026-09-24 09:39;7465.0;7706.36;SPXW  260924C07465000;231.0;249.9
2026-09-24 09:39;7470.0;7706.36;SPXW  260924C07470000;224.7;244.9
2026-09-24 09:39;7475.0;7706.36;SPXW  260924C07475000;219.7;239.9
2026-09-24 09:39;7480.0;7706.36;SPXW  260924C07480000;214.8;234.7
2026-09-24 09:39;7485.0;7706.36;SPXW  260924C07485000;210.0;230.2
2026-09-24 09:39;7490.0;7706.36;SPXW  260924C07490000;208.7;222.2
2026-09-24 09:39;7495.0;7706.36;SPXW  260924C07495000;204.3;216.9
2026-09-24 09:39;7500.0;7706.36;SPXW  260924C07500000;205.9;207.0
2026-09-24 09:39;7505.0;7706.36;SPXW  260924C07505000;194.3;206.5
2026-09-24 09:39;7510.0;7706.36;SPXW  260924C07510000;192.5;199.4
2026-09-24 09:39;7515.0;7706.36;SPXW  260924C07515000;187.5;194.4
2026-09-24 09:39;7520.0;7706.36;SPXW  260924C07520000;182.2;189.4
2026-09-24 09:39;7525.0;7706.36;SPXW  260924C07525000;177.5;184.2
2026-09-24 09:39;7530.0;7706.36;SPXW  260924C07530000;172.5;179.2
2026-09-24 09:39;7535.0;7706.36;SPXW  260924C07535000;167.2;174.6
2026-09-24 09:39;7540.0;7706.36;SPXW  260924C07540000;162.1;169.3
2026-09-24 09:39;7545.0;7706.36;SPXW  260924C07545000;157.1;164.3
2026-09-24 09:39;7550.0;7706.36;SPXW  260924C07550000;155.9;157.0
2026-09-24 09:39;7555.0;7706.36;SPXW  260924C07555000;147.5;154.3
2026-09-24 09:39;7560.0;7706.36;SPXW  260924C07560000;142.5;149.3
2026-09-24 09:39;7565.0;7706.36;SPXW  260924C07565000;137.3;144.4
2026-09-24 09:39;7570.0;7706.36;SPXW  260924C07570000;135.8;137.1
2026-09-24 09:39;7575.0;7706.36;SPXW  260924C07575000;130.8;132.0
2026-09-24 09:39;7580.0;7706.36;SPXW  260924C07580000;125.9;127.0
2026-09-24 09:39;7585.0;7706.36;SPXW  260924C07585000;120.9;122.0
2026-09-24 09:39;7590.0;7706.36;SPXW  260924C07590000;116.0;117.0
2026-09-24 09:39;7595.0;7706.36;SPXW  260924C07595000;111.0;112.1
2026-09-24 09:39;7600.0;7706.36;SPXW  260924C07600000;105.8;107.1
2026-09-24 09:39;7605.0;7706.36;SPXW  260924C07605000;101.4;101.7
2026-09-24 09:39;7610.0;7706.36;SPXW  260924C07610000;96.4;96.7
2026-09-24 09:39;7615.0;7706.36;SPXW  260924C07615000;91.4;91.7
2026-09-24 09:39;7620.0;7706.36;SPXW  260924C07620000;86.5;86.8
2026-09-24 09:39;7625.0;7706.36;SPXW  260924C07625000;81.5;81.8
2026-09-24 09:39;7630.0;7706.36;SPXW  260924C07630000;76.5;76.9
2026-09-24 09:39;7635.0;7706.36;SPXW  260924C07635000;71.6;71.9
2026-09-24 09:39;7640.0;7706.36;SPXW  260924C07640000;66.7;67.0
2026-09-24 09:39;7645.0;7706.36;SPXW  260924C07645000;61.8;62.1
2026-09-24 09:39;7650.0;7706.36;SPXW  260924C07650000;56.9;57.3
2026-09-24 09:39;7655.0;7706.36;SPXW  260924C07655000;52.1;52.4
2026-09-24 09:39;7660.0;7706.36;SPXW  260924C07660000;47.5;47.7
2026-09-24 09:39;7665.0;7706.36;SPXW  260924C07665000;42.8;43.0
2026-09-24 09:39;7670.0;7706.36;SPXW  260924C07670000;38.2;38.4
2026-09-24 09:39;7675.0;7706.36;SPXW  260924C07675000;33.7;33.9
2026-09-24 09:39;7680.0;7706.36;SPXW  260924C07680000;29.4;29.6
2026-09-24 09:39;7685.0;7706.36;SPXW  260924C07685000;25.2;25.4
2026-09-24 09:39;7690.0;7706.36;SPXW  260924C07690000;21.3;21.5
2026-09-24 09:39;7695.0;7706.36;SPXW  260924C07695000;17.8;17.9
2026-09-24 09:39;7700.0;7706.36;SPXW  260924C07700000;14.6;14.7
2026-09-24 09:39;7705.0;7706.36;SPXW  260924C07705000;11.7;11.8
2026-09-24 09:39;7710.0;7706.36;SPXW  260924C07710000;9.3;9.4
2026-09-24 09:39;7715.0;7706.36;SPXW  260924C07715000;7.3;7.4
2026-09-24 09:39;7720.0;7706.36;SPXW  260924C07720000;5.7;5.8
2026-09-24 09:39;7725.0;7706.36;SPXW  260924C07725000;4.4;4.5
2026-09-24 09:39;7730.0;7706.36;SPXW  260924C07730000;3.4;3.5
2026-09-24 09:39;7735.0;7706.36;SPXW  260924C07735000;2.7;2.75
2026-09-24 09:39;7740.0;7706.36;SPXW  260924C07740000;2.1;2.15
2026-09-24 09:39;7745.0;7706.36;SPXW  260924C07745000;1.7;1.75
2026-09-24 09:39;7750.0;7706.36;SPXW  260924C07750000;1.35;1.4
2026-09-24 09:39;7755.0;7706.36;SPXW  260924C07755000;1.1;1.15
2026-09-24 09:39;7760.0;7706.36;SPXW  260924C07760000;0.9;0.95
2026-09-24 09:39;7765.0;7706.36;SPXW  260924C07765000;0.75;0.85
2026-09-24 09:39;7770.0;7706.36;SPXW  260924C07770000;0.65;0.7
2026-09-24 09:39;7775.0;7706.36;SPXW  260924C07775000;0.55;0.6
2026-09-24 09:39;7780.0;7706.36;SPXW  260924C07780000;0.45;0.55
2026-09-24 09:39;7785.0;7706.36;SPXW  260924C07785000;0.4;0.45
2026-09-24 09:39;7790.0;7706.36;SPXW  260924C07790000;0.35;0.4
2026-09-24 09:39;7795.0;7706.36;SPXW  260924C07795000;0.3;0.35
2026-09-24 09:39;7800.0;7706.36;SPXW  260924C07800000;0.25;0.35
2026-09-24 09:39;7805.0;7706.36;SPXW  260924C07805000;0.25;0.3
2026-09-24 09:39;7810.0;7706.36;SPXW  260924C07810000;0.2;0.25
2026-09-24 09:39;7815.0;7706.36;SPXW  260924C07815000;0.15;0.2
2026-09-24 09:39;7820.0;7706.36;SPXW  260924C07820000;0.15;0.2
2026-09-24 09:39;7825.0;7706.36;SPXW  260924C07825000;0.15;0.2
2026-09-24 09:39;7830.0;7706.36;SPXW  260924C07830000;0.1;0.15
2026-09-24 09:39;7835.0;7706.36;SPXW  260924C07835000;0.1;0.15
2026-09-24 09:39;7840.0;7706.36;SPXW  260924C07840000;0.1;0.15
2026-09-24 09:39;7845.0;7706.36;SPXW  260924C07845000;0.1;0.15
2026-09-24 09:39;7850.0;7706.36;SPXW  260924C07850000;0.05;0.1
2026-09-24 09:39;7855.0;7706.36;SPXW  260924C07855000;0.05;0.1
2026-09-24 09:39;7860.0;7706.36;SPXW  260924C07860000;0.05;0.1
2026-09-24 09:39;7865.0;7706.36;SPXW  260924C07865000;0.05;0.1
2026-09-24 09:39;7870.0;7706.36;SPXW  260924C07870000;0.05;0.1
2026-09-24 09:39;7875.0;7706.36;SPXW  260924C07875000;0.05;0.1
2026-09-24 09:39;7880.0;7706.36;SPXW  260924C07880000;0.0;0.1
2026-09-24 09:39;7885.0;7706.36;SPXW  260924C07885000;0.0;0.05
2026-09-24 09:39;7890.0;7706.36;SPXW  260924C07890000;0.0;0.05
2026-09-24 09:39;7895.0;7706.36;SPXW  260924C07895000;0.0;0.05
2026-09-24 09:39;7900.0;7706.36;SPXW  260924C07900000;0.0;0.05
2026-09-24 09:39;7905.0;7706.36;SPXW  260924C07905000;0.0;0.05
2026-09-24 09:39;7910.0;7706.36;SPXW  260924C07910000;0.0;0.05
2026-09-24 09:39;7915.0;7706.36;SPXW  260924C07915000;0.0;0.05
2026-09-24 09:39;7920.0;7706.36;SPXW  260924C07920000;0.0;0.05
2026-09-24 09:39;7925.0;7706.36;SPXW  260924C07925000;0.0;0.05
2026-09-24 09:39;7930.0;7706.36;SPXW  260924C07930000;0.0;0.05
2026-09-24 09:39;7935.0;7706.36;SPXW  260924C07935000;0.0;0.05
2026-09-24 09:39;7940.0;7706.36;SPXW  260924C07940000;0.0;0.05
2026-09-24 09:39;7945.0;7706.36;SPXW  260924C07945000;0.0;0.05
2026-09-24 09:39;7950.0;7706.36;SPXW  260924C07950000;0.0;0.05
2026-09-24 09:39;7955.0;7706.36;SPXW  260924C07955000;0.0;0.05
2026-09-24 09:39;7460.0;7706.36;SPXW  260924P07460000;0.0;0.1
2026-09-24 09:39;7465.0;7706.36;SPXW  260924P07465000;0.0;0.1
2026-09-24 09:39;7470.0;7706.36;SPXW  260924P07470000;0.05;0.1
2026-09-24 09:39;7475.0;7706.36;SPXW  260924P07475000;0.05;0.1
2026-09-24 09:39;7480.0;7706.36;SPXW  260924P07480000;0.05;0.1
2026-09-24 09:39;7485.0;7706.36;SPXW  260924P07485000;0.05;0.1
2026-09-24 09:39;7490.0;7706.36;SPXW  260924P07490000;0.05;0.1
2026-09-24 09:39;7495.0;7706.36;SPXW  260924P07495000;0.05;0.1
2026-09-24 09:39;7500.0;7706.36;SPXW  260924P07500000;0.05;0.1
2026-09-24 09:39;7505.0;7706.36;SPXW  260924P07505000;0.05;0.1
2026-09-24 09:39;7510.0;7706.36;SPXW  260924P07510000;0.05;0.1
2026-09-24 09:39;7515.0;7706.36;SPXW  260924P07515000;0.05;0.1
2026-09-24 09:39;7520.0;7706.36;SPXW  260924P07520000;0.05;0.1
2026-09-24 09:39;7525.0;7706.36;SPXW  260924P07525000;0.05;0.1
2026-09-24 09:39;7530.0;7706.36;SPXW  260924P07530000;0.05;0.1
2026-09-24 09:39;7535.0;7706.36;SPXW  260924P07535000;0.05;0.1
2026-09-24 09:39;7540.0;7706.36;SPXW  260924P07540000;0.05;0.1
2026-09-24 09:39;7545.0;7706.36;SPXW  260924P07545000;0.1;0.15
2026-09-24 09:39;7550.0;7706.36;SPXW  260924P07550000;0.1;0.15
2026-09-24 09:39;7555.0;7706.36;SPXW  260924P07555000;0.1;0.15
2026-09-24 09:39;7560.0;7706.36;SPXW  260924P07560000;0.1;0.15
2026-09-24 09:39;7565.0;7706.36;SPXW  260924P07565000;0.1;0.15
2026-09-24 09:39;7570.0;7706.36;SPXW  260924P07570000;0.1;0.15
2026-09-24 09:39;7575.0;7706.36;SPXW  260924P07575000;0.1;0.15
2026-09-24 09:39;7580.0;7706.36;SPXW  260924P07580000;0.1;0.15
2026-09-24 09:39;7585.0;7706.36;SPXW  260924P07585000;0.1;0.15
2026-09-24 09:39;7590.0;7706.36;SPXW  260924P07590000;0.1;0.15
2026-09-24 09:39;7595.0;7706.36;SPXW  260924P07595000;0.1;0.15
2026-09-24 09:39;7600.0;7706.36;SPXW  260924P07600000;0.1;0.15
2026-09-24 09:39;7605.0;7706.36;SPXW  260924P07605000;0.15;0.2
2026-09-24 09:39;7610.0;7706.36;SPXW  260924P07610000;0.15;0.2
2026-09-24 09:39;7615.0;7706.36;SPXW  260924P07615000;0.15;0.2
2026-09-24 09:39;7620.0;7706.36;SPXW  260924P07620000;0.2;0.25
2026-09-24 09:39;7625.0;7706.36;SPXW  260924P07625000;0.25;0.3
2026-09-24 09:39;7630.0;7706.36;SPXW  260924P07630000;0.3;0.35
2026-09-24 09:39;7635.0;7706.36;SPXW  260924P07635000;0.35;0.4
2026-09-24 09:39;7640.0;7706.36;SPXW  260924P07640000;0.4;0.45
2026-09-24 09:39;7645.0;7706.36;SPXW  260924P07645000;0.5;0.6
2026-09-24 09:39;7650.0;7706.36;SPXW  260924P07650000;0.65;0.7
2026-09-24 09:39;7655.0;7706.36;SPXW  260924P07655000;0.85;0.9
2026-09-24 09:39;7660.0;7706.36;SPXW  260924P07660000;1.05;1.1
2026-09-24 09:39;7665.0;7706.36;SPXW  260924P07665000;1.35;1.45
2026-09-24 09:39;7670.0;7706.36;SPXW  260924P07670000;1.75;1.8
2026-09-24 09:39;7675.0;7706.36;SPXW  260924P07675000;2.25;2.3
2026-09-24 09:39;7680.0;7706.36;SPXW  260924P07680000;2.9;2.95
2026-09-24 09:39;7685.0;7706.36;SPXW  260924P07685000;3.7;3.8
2026-09-24 09:39;7690.0;7706.36;SPXW  260924P07690000;4.7;4.9
2026-09-24 09:39;7695.0;7706.36;SPXW  260924P07695000;6.1;6.2
2026-09-24 09:39;7700.0;7706.36;SPXW  260924P07700000;7.8;7.9
2026-09-24 09:39;7705.0;7706.36;SPXW  260924P07705000;9.9;10.0
2026-09-24 09:39;7710.0;7706.36;SPXW  260924P07710000;12.4;12.5
2026-09-24 09:39;7715.0;7706.36;SPXW  260924P07715000;15.3;15.4
2026-09-24 09:39;7720.0;7706.36;SPXW  260924P07720000;18.6;18.8
2026-09-24 09:39;7725.0;7706.36;SPXW  260924P07725000;22.2;22.4
2026-09-24 09:39;7730.0;7706.36;SPXW  260924P07730000;26.2;26.4
2026-09-24 09:39;7735.0;7706.36;SPXW  260924P07735000;30.3;30.6
2026-09-24 09:39;7740.0;7706.36;SPXW  260924P07740000;34.8;35.0
2026-09-24 09:39;7745.0;7706.36;SPXW  260924P07745000;39.3;39.5
2026-09-24 09:39;7750.0;7706.36;SPXW  260924P07750000;44.0;44.3
2026-09-24 09:39;7755.0;7706.36;SPXW  260924P07755000;48.7;49.0
2026-09-24 09:39;7760.0;7706.36;SPXW  260924P07760000;53.5;53.8
2026-09-24 09:39;7765.0;7706.36;SPXW  260924P07765000;58.3;58.7
2026-09-24 09:39;7770.0;7706.36;SPXW  260924P07770000;63.2;63.6
2026-09-24 09:39;7775.0;7706.36;SPXW  260924P07775000;68.1;68.5
2026-09-24 09:39;7780.0;7706.36;SPXW  260924P07780000;73.0;73.4
2026-09-24 09:39;7785.0;7706.36;SPXW  260924P07785000;77.8;78.3
2026-09-24 09:39;7790.0;7706.36;SPXW  260924P07790000;82.7;83.2
2026-09-24 09:39;7795.0;7706.36;SPXW  260924P07795000;87.7;88.2
2026-09-24 09:39;7800.0;7706.36;SPXW  260924P07800000;92.6;93.2
2026-09-24 09:39;7805.0;7706.36;SPXW  260924P07805000;97.6;98.1
2026-09-24 09:39;7810.0;7706.36;SPXW  260924P07810000;102.4;103.1
2026-09-24 09:39;7815.0;7706.36;SPXW  260924P07815000;107.4;108.1
2026-09-24 09:39;7820.0;7706.36;SPXW  260924P07820000;112.4;113.0
2026-09-24 09:39;7825.0;7706.36;SPXW  260924P07825000;117.4;118.0
2026-09-24 09:39;7830.0;7706.36;SPXW  260924P07830000;122.3;123.0
2026-09-24 09:39;7835.0;7706.36;SPXW  260924P07835000;127.3;128.0
2026-09-24 09:39;7840.0;7706.36;SPXW  260924P07840000;132.3;133.3
2026-09-24 09:39;7845.0;7706.36;SPXW  260924P07845000;137.3;138.3
2026-09-24 09:39;7850.0;7706.36;SPXW  260924P07850000;142.3;143.3
2026-09-24 09:39;7855.0;7706.36;SPXW  260924P07855000;147.3;148.3
2026-09-24 09:39;7860.0;7706.36;SPXW  260924P07860000;152.3;153.3
2026-09-24 09:39;7865.0;7706.36;SPXW  260924P07865000;157.3;158.2
2026-09-24 09:39;7870.0;7706.36;SPXW  260924P07870000;162.3;163.2
2026-09-24 09:39;7875.0;7706.36;SPXW  260924P07875000;167.3;168.2
2026-09-24 09:39;7880.0;7706.36;SPXW  260924P07880000;172.2;173.2
2026-09-24 09:39;7885.0;7706.36;SPXW  260924P07885000;177.2;178.2
2026-09-24 09:39;7890.0;7706.36;SPXW  260924P07890000;182.2;183.2
2026-09-24 09:39;7895.0;7706.36;SPXW  260924P07895000;185.7;192.0
2026-09-24 09:39;7900.0;7706.36;SPXW  260924P07900000;192.1;193.3
2026-09-24 09:39;7905.0;7706.36;SPXW  260924P07905000;195.8;202.2
2026-09-24 09:39;7910.0;7706.36;SPXW  260924P07910000;196.4;210.4
2026-09-24 09:39;7915.0;7706.36;SPXW  260924P07915000;202.6;215.4
2026-09-24 09:39;7920.0;7706.36;SPXW  260924P07920000;208.6;220.4
2026-09-24 09:39;7925.0;7706.36;SPXW  260924P07925000;210.3;229.0
2026-09-24 09:39;7930.0;7706.36;SPXW  260924P07930000;215.3;234.0
2026-09-24 09:39;7935.0;7706.36;SPXW  260924P07935000;227.1;228.3
2026-09-24 09:39;7940.0;7706.36;SPXW  260924P07940000;225.3;243.6
2026-09-24 09:39;7945.0;7706.36;SPXW  260924P07945000;230.2;249.0
2026-09-24 09:39;7950.0;7706.36;SPXW  260924P07950000;234.8;254.2
2026-09-24 09:39;7955.0;7706.36;SPXW  260924P07955000;239.8;258.7
2026-09-24 09:44;7465.0;7711.0;SPXW  260924C07465000;234.8;256.3
2026-09-24 09:44;7470.0;7711.0;SPXW  260924C07470000;229.8;250.3
2026-09-24 09:44;7475.0;7711.0;SPXW  260924C07475000;224.8;245.3
2026-09-24 09:44;7480.0;7711.0;SPXW  260924C07480000;219.7;240.2
2026-09-24 09:44;7485.0;7711.0;SPXW  260924C07485000;215.0;235.2
2026-09-24 09:44;7490.0;7711.0;SPXW  260924C07490000;209.7;230.2
2026-09-24 09:44;7495.0;7711.0;SPXW  260924C07495000;208.5;222.2
2026-09-24 09:44;7500.0;7711.0;SPXW  260924C07500000;203.6;210.9
2026-09-24 09:44;7505.0;7711.0;SPXW  260924C07505000;198.4;212.3
2026-09-24 09:44;7510.0;7711.0;SPXW  260924C07510000;195.8;203.9
2026-09-24 09:44;7515.0;7711.0;SPXW  260924C07515000;191.4;198.6
2026-09-24 09:44;7520.0;7711.0;SPXW  260924C07520000;186.3;193.7
2026-09-24 09:44;7525.0;7711.0;SPXW  260924C07525000;181.7;188.6
2026-09-24 09:44;7530.0;7711.0;SPXW  260924C07530000;176.7;183.6
2026-09-24 09:44;7535.0;7711.0;SPXW  260924C07535000;171.4;178.7
2026-09-24 09:44;7540.0;7711.0;SPXW  260924C07540000;166.3;173.6
2026-09-24 09:44;7545.0;7711.0;SPXW  260924C07545000;161.7;168.9
2026-09-24 09:44;7550.0;7711.0;SPXW  260924C07550000;156.6;160.9
2026-09-24 09:44;7555.0;7711.0;SPXW  260924C07555000;151.7;158.9
2026-09-24 09:44;7560.0;7711.0;SPXW  260924C07560000;146.7;153.9
2026-09-24 09:44;7565.0;7711.0;SPXW  260924C07565000;141.5;149.1
2026-09-24 09:44;7570.0;7711.0;SPXW  260924C07570000;135.8;143.9
2026-09-24 09:44;7575.0;7711.0;SPXW  260924C07575000;130.8;138.9
2026-09-24 09:44;7580.0;7711.0;SPXW  260924C07580000;126.5;134.1
2026-09-24 09:44;7585.0;7711.0;SPXW  260924C07585000;119.7;125.2
2026-09-24 09:44;7590.0;7711.0;SPXW  260924C07590000;116.3;120.2
2026-09-24 09:44;7595.0;7711.0;SPXW  260924C07595000;108.4;115.2
2026-09-24 09:44;7600.0;7711.0;SPXW  260924C07600000;105.6;110.9
2026-09-24 09:44;7605.0;7711.0;SPXW  260924C07605000;104.2;106.1
2026-09-24 09:44;7610.0;7711.0;SPXW  260924C07610000;99.2;100.2
2026-09-24 09:44;7615.0;7711.0;SPXW  260924C07615000;94.2;95.2
2026-09-24 09:44;7620.0;7711.0;SPXW  260924C07620000;89.3;90.3
2026-09-24 09:44;7625.0;7711.0;SPXW  260924C07625000;84.3;85.3
2026-09-24 09:44;7630.0;7711.0;SPXW  260924C07630000;79.3;80.3
2026-09-24 09:44;7635.0;7711.0;SPXW  260924C07635000;74.5;75.2
2026-09-24 09:44;7640.0;7711.0;SPXW  260924C07640000;69.6;70.3
2026-09-24 09:44;7645.0;7711.0;SPXW  260924C07645000;64.8;65.4
2026-09-24 09:44;7650.0;7711.0;SPXW  260924C07650000;59.8;60.5
2026-09-24 09:44;7655.0;7711.0;SPXW  260924C07655000;55.0;55.7
2026-09-24 09:44;7660.0;7711.0;SPXW  260924C07660000;50.3;50.9
2026-09-24 09:44;7665.0;7711.0;SPXW  260924C07665000;45.7;46.1
2026-09-24 09:44;7670.0;7711.0;SPXW  260924C07670000;41.1;41.5
2026-09-24 09:44;7675.0;7711.0;SPXW  260924C07675000;36.6;36.9
2026-09-24 09:44;7680.0;7711.0;SPXW  260924C07680000;32.2;32.5
2026-09-24 09:44;7685.0;7711.0;SPXW  260924C07685000;28.0;28.2
2026-09-24 09:44;7690.0;7711.0;SPXW  260924C07690000;23.9;24.2
2026-09-24 09:44;7695.0;7711.0;SPXW  260924C07695000;20.2;20.4
2026-09-24 09:44;7700.0;7711.0;SPXW  260924C07700000;16.8;16.9
2026-09-24 09:44;7705.0;7711.0;SPXW  260924C07705000;13.7;13.8
2026-09-24 09:44;7710.0;7711.0;SPXW  260924C07710000;11.0;11.1
2026-09-24 09:44;7715.0;7711.0;SPXW  260924C07715000;8.7;8.8
2026-09-24 09:44;7720.0;7711.0;SPXW  260924C07720000;6.8;6.9
2026-09-24 09:44;7725.0;7711.0;SPXW  260924C07725000;5.3;5.4
2026-09-24 09:44;7730.0;7711.0;SPXW  260924C07730000;4.0;4.1
2026-09-24 09:44;7735.0;7711.0;SPXW  260924C07735000;3.1;3.2
2026-09-24 09:44;7740.0;7711.0;SPXW  260924C07740000;2.4;2.45
2026-09-24 09:44;7745.0;7711.0;SPXW  260924C07745000;1.85;1.9
2026-09-24 09:44;7750.0;7711.0;SPXW  260924C07750000;1.45;1.5
2026-09-24 09:44;7755.0;7711.0;SPXW  260924C07755000;1.15;1.2
2026-09-24 09:44;7760.0;7711.0;SPXW  260924C07760000;0.9;0.95
2026-09-24 09:44;7765.0;7711.0;SPXW  260924C07765000;0.75;0.8
2026-09-24 09:44;7770.0;7711.0;SPXW  260924C07770000;0.6;0.65
2026-09-24 09:44;7775.0;7711.0;SPXW  260924C07775000;0.5;0.55
2026-09-24 09:44;7780.0;7711.0;SPXW  260924C07780000;0.4;0.45
2026-09-24 09:44;7785.0;7711.0;SPXW  260924C07785000;0.35;0.4
2026-09-24 09:44;7790.0;7711.0;SPXW  260924C07790000;0.3;0.35
2026-09-24 09:44;7795.0;7711.0;SPXW  260924C07795000;0.25;0.3
2026-09-24 09:44;7800.0;7711.0;SPXW  260924C07800000;0.2;0.25
2026-09-24 09:44;7805.0;7711.0;SPXW  260924C07805000;0.2;0.25
2026-09-24 09:44;7810.0;7711.0;SPXW  260924C07810000;0.15;0.2
2026-09-24 09:44;7815.0;7711.0;SPXW  260924C07815000;0.15;0.2
2026-09-24 09:44;7820.0;7711.0;SPXW  260924C07820000;0.1;0.2
2026-09-24 09:44;7825.0;7711.0;SPXW  260924C07825000;0.1;0.15
2026-09-24 09:44;7830.0;7711.0;SPXW  260924C07830000;0.1;0.15
2026-09-24 09:44;7835.0;7711.0;SPXW  260924C07835000;0.1;0.15
2026-09-24 09:44;7840.0;7711.0;SPXW  260924C07840000;0.1;0.15
2026-09-24 09:44;7845.0;7711.0;SPXW  260924C07845000;0.1;0.15
2026-09-24 09:44;7850.0;7711.0;SPXW  260924C07850000;0.05;0.1
2026-09-24 09:44;7855.0;7711.0;SPXW  260924C07855000;0.05;0.1
2026-09-24 09:44;7860.0;7711.0;SPXW  260924C07860000;0.05;0.1
2026-09-24 09:44;7865.0;7711.0;SPXW  260924C07865000;0.05;0.1
2026-09-24 09:44;7870.0;7711.0;SPXW  260924C07870000;0.05;0.1
2026-09-24 09:44;7875.0;7711.0;SPXW  260924C07875000;0.05;0.1
2026-09-24 09:44;7880.0;7711.0;SPXW  260924C07880000;0.05;0.1
2026-09-24 09:44;7885.0;7711.0;SPXW  260924C07885000;0.05;0.1
2026-09-24 09:44;7890.0;7711.0;SPXW  260924C07890000;0.05;0.1
2026-09-24 09:44;7895.0;7711.0;SPXW  260924C07895000;0.05;0.1
2026-09-24 09:44;7900.0;7711.0;SPXW  260924C07900000;0.0;0.1
2026-09-24 09:44;7905.0;7711.0;SPXW  260924C07905000;0.0;0.1
2026-09-24 09:44;7910.0;7711.0;SPXW  260924C07910000;0.0;0.1
2026-09-24 09:44;7915.0;7711.0;SPXW  260924C07915000;0.0;0.1
2026-09-24 09:44;7920.0;7711.0;SPXW  260924C07920000;0.0;0.1
2026-09-24 09:44;7925.0;7711.0;SPXW  260924C07925000;0.0;0.05
2026-09-24 09:44;7930.0;7711.0;SPXW  260924C07930000;0.0;0.1
2026-09-24 09:44;7935.0;7711.0;SPXW  260924C07935000;0.0;0.05
2026-09-24 09:44;7940.0;7711.0;SPXW  260924C07940000;0.0;0.05
2026-09-24 09:44;7945.0;7711.0;SPXW  260924C07945000;0.0;0.05
2026-09-24 09:44;7950.0;7711.0;SPXW  260924C07950000;0.0;0.05
2026-09-24 09:44;7955.0;7711.0;SPXW  260924C07955000;0.0;0.05
2026-09-24 09:44;7960.0;7711.0;SPXW  260924C07960000;0.0;0.05
2026-09-24 09:44;7465.0;7711.0;SPXW  260924P07465000;0.05;0.1
2026-09-24 09:44;7470.0;7711.0;SPXW  260924P07470000;0.05;0.1
2026-09-24 09:44;7475.0;7711.0;SPXW  260924P07475000;0.05;0.1
2026-09-24 09:44;7480.0;7711.0;SPXW  260924P07480000;0.05;0.1
2026-09-24 09:44;7485.0;7711.0;SPXW  260924P07485000;0.05;0.1
2026-09-24 09:44;7490.0;7711.0;SPXW  260924P07490000;0.05;0.1
2026-09-24 09:44;7495.0;7711.0;SPXW  260924P07495000;0.05;0.1
2026-09-24 09:44;7500.0;7711.0;SPXW  260924P07500000;0.05;0.1
2026-09-24 09:44;7505.0;7711.0;SPXW  260924P07505000;0.05;0.1
2026-09-24 09:44;7510.0;7711.0;SPXW  260924P07510000;0.05;0.1
2026-09-24 09:44;7515.0;7711.0;SPXW  260924P07515000;0.05;0.1
2026-09-24 09:44;7520.0;7711.0;SPXW  260924P07520000;0.05;0.1
2026-09-24 09:44;7525.0;7711.0;SPXW  260924P07525000;0.05;0.1
2026-09-24 09:44;7530.0;7711.0;SPXW  260924P07530000;0.05;0.1
2026-09-24 09:44;7535.0;7711.0;SPXW  260924P07535000;0.05;0.15
2026-09-24 09:44;7540.0;7711.0;SPXW  260924P07540000;0.1;0.15
2026-09-24 09:44;7545.0;7711.0;SPXW  260924P07545000;0.1;0.15
2026-09-24 09:44;7550.0;7711.0;SPXW  260924P07550000;0.1;0.15
2026-09-24 09:44;7555.0;7711.0;SPXW  260924P07555000;0.1;0.15
2026-09-24 09:44;7560.0;7711.0;SPXW  260924P07560000;0.1;0.15
2026-09-24 09:44;7565.0;7711.0;SPXW  260924P07565000;0.1;0.15
2026-09-24 09:44;7570.0;7711.0;SPXW  260924P07570000;0.1;0.15
2026-09-24 09:44;7575.0;7711.0;SPXW  260924P07575000;0.1;0.15
2026-09-24 09:44;7580.0;7711.0;SPXW  260924P07580000;0.1;0.15
2026-09-24 09:44;7585.0;7711.0;SPXW  260924P07585000;0.1;0.15
2026-09-24 09:44;7590.0;7711.0;SPXW  260924P07590000;0.1;0.15
2026-09-24 09:44;7595.0;7711.0;SPXW  260924P07595000;0.1;0.15
2026-09-24 09:44;7600.0;7711.0;SPXW  260924P07600000;0.15;0.2
2026-09-24 09:44;7605.0;7711.0;SPXW  260924P07605000;0.15;0.2
2026-09-24 09:44;7610.0;7711.0;SPXW  260924P07610000;0.15;0.2
2026-09-24 09:44;7615.0;7711.0;SPXW  260924P07615000;0.15;0.2
2026-09-24 09:44;7620.0;7711.0;SPXW  260924P07620000;0.2;0.25
2026-09-24 09:44;7625.0;7711.0;SPXW  260924P07625000;0.2;0.25
2026-09-24 09:44;7630.0;7711.0;SPXW  260924P07630000;0.25;0.3
2026-09-24 09:44;7635.0;7711.0;SPXW  260924P07635000;0.3;0.35
2026-09-24 09:44;7640.0;7711.0;SPXW  260924P07640000;0.4;0.45
2026-09-24 09:44;7645.0;7711.0;SPXW  260924P07645000;0.5;0.55
2026-09-24 09:44;7650.0;7711.0;SPXW  260924P07650000;0.6;0.65
2026-09-24 09:44;7655.0;7711.0;SPXW  260924P07655000;0.75;0.8
2026-09-24 09:44;7660.0;7711.0;SPXW  260924P07660000;1.0;1.05
2026-09-24 09:44;7665.0;7711.0;SPXW  260924P07665000;1.25;1.35
2026-09-24 09:44;7670.0;7711.0;SPXW  260924P07670000;1.65;1.7
2026-09-24 09:44;7675.0;7711.0;SPXW  260924P07675000;2.1;2.15
2026-09-24 09:44;7680.0;7711.0;SPXW  260924P07680000;2.7;2.75
2026-09-24 09:44;7685.0;7711.0;SPXW  260924P07685000;3.4;3.6
2026-09-24 09:44;7690.0;7711.0;SPXW  260924P07690000;4.4;4.6
2026-09-24 09:44;7695.0;7711.0;SPXW  260924P07695000;5.7;5.8
2026-09-24 09:44;7700.0;7711.0;SPXW  260924P07700000;7.2;7.4
2026-09-24 09:44;7705.0;7711.0;SPXW  260924P07705000;9.1;9.3
2026-09-24 09:44;7710.0;7711.0;SPXW  260924P07710000;11.4;11.6
2026-09-24 09:44;7715.0;7711.0;SPXW  260924P07715000;14.2;14.3
2026-09-24 09:44;7720.0;7711.0;SPXW  260924P07720000;17.3;17.4
2026-09-24 09:44;7725.0;7711.0;SPXW  260924P07725000;20.7;20.9
2026-09-24 09:44;7730.0;7711.0;SPXW  260924P07730000;24.5;24.7
2026-09-24 09:44;7735.0;7711.0;SPXW  260924P07735000;28.6;28.8
2026-09-24 09:44;7740.0;7711.0;SPXW  260924P07740000;32.9;33.1
2026-09-24 09:44;7745.0;7711.0;SPXW  260924P07745000;37.3;37.5
2026-09-24 09:44;7750.0;7711.0;SPXW  260924P07750000;41.9;42.1
2026-09-24 09:44;7755.0;7711.0;SPXW  260924P07755000;46.6;46.8
2026-09-24 09:44;7760.0;7711.0;SPXW  260924P07760000;51.4;51.6
2026-09-24 09:44;7765.0;7711.0;SPXW  260924P07765000;56.1;56.5
2026-09-24 09:44;7770.0;7711.0;SPXW  260924P07770000;60.9;61.4
2026-09-24 09:44;7775.0;7711.0;SPXW  260924P07775000;65.8;66.3
2026-09-24 09:44;7780.0;7711.0;SPXW  260924P07780000;70.7;71.2
2026-09-24 09:44;7785.0;7711.0;SPXW  260924P07785000;75.7;76.1
2026-09-24 09:44;7790.0;7711.0;SPXW  260924P07790000;80.6;81.1
2026-09-24 09:44;7795.0;7711.0;SPXW  260924P07795000;85.6;86.0
2026-09-24 09:44;7800.0;7711.0;SPXW  260924P07800000;90.5;91.0
2026-09-24 09:44;7805.0;7711.0;SPXW  260924P07805000;95.5;96.0
2026-09-24 09:44;7810.0;7711.0;SPXW  260924P07810000;100.5;100.9
2026-09-24 09:44;7815.0;7711.0;SPXW  260924P07815000;105.5;105.9
2026-09-24 09:44;7820.0;7711.0;SPXW  260924P07820000;110.4;110.9
2026-09-24 09:44;7825.0;7711.0;SPXW  260924P07825000;115.4;115.9
2026-09-24 09:44;7830.0;7711.0;SPXW  260924P07830000;120.4;120.9
2026-09-24 09:44;7835.0;7711.0;SPXW  260924P07835000;125.2;126.4
2026-09-24 09:44;7840.0;7711.0;SPXW  260924P07840000;130.2;131.4
2026-09-24 09:44;7845.0;7711.0;SPXW  260924P07845000;135.2;136.4
2026-09-24 09:44;7850.0;7711.0;SPXW  260924P07850000;140.1;141.3
2026-09-24 09:44;7855.0;7711.0;SPXW  260924P07855000;145.1;146.3
2026-09-24 09:44;7860.0;7711.0;SPXW  260924P07860000;150.2;151.3
2026-09-24 09:44;7865.0;7711.0;SPXW  260924P07865000;155.2;156.3
2026-09-24 09:44;7870.0;7711.0;SPXW  260924P07870000;160.2;161.3
2026-09-24 09:44;7875.0;7711.0;SPXW  260924P07875000;165.2;166.3
2026-09-24 09:44;7880.0;7711.0;SPXW  260924P07880000;166.3;177.9
2026-09-24 09:44;7885.0;7711.0;SPXW  260924P07885000;171.3;182.9
2026-09-24 09:44;7890.0;7711.0;SPXW  260924P07890000;176.5;184.5
2026-09-24 09:44;7895.0;7711.0;SPXW  260924P07895000;181.9;189.6
2026-09-24 09:44;7900.0;7711.0;SPXW  260924P07900000;189.9;191.6
2026-09-24 09:44;7905.0;7711.0;SPXW  260924P07905000;191.4;198.8
2026-09-24 09:44;7910.0;7711.0;SPXW  260924P07910000;193.7;207.4
2026-09-24 09:44;7915.0;7711.0;SPXW  260924P07915000;198.4;212.7
2026-09-24 09:44;7920.0;7711.0;SPXW  260924P07920000;203.4;217.7
2026-09-24 09:44;7925.0;7711.0;SPXW  260924P07925000;208.4;222.7
2026-09-24 09:44;7930.0;7711.0;SPXW  260924P07930000;209.5;229.7
2026-09-24 09:44;7935.0;7711.0;SPXW  260924P07935000;224.9;226.6
2026-09-24 09:44;7940.0;7711.0;SPXW  260924P07940000;220.3;240.7
2026-09-24 09:44;7945.0;7711.0;SPXW  260924P07945000;225.3;245.8
2026-09-24 09:44;7950.0;7711.0;SPXW  260924P07950000;230.0;251.1
2026-09-24 09:44;7955.0;7711.0;SPXW  260924P07955000;234.8;255.3
2026-09-24 09:44;7960.0;7711.0;SPXW  260924P07960000;239.8;260.3
2026-09-24 09:48;7465.0;7711.99;SPXW  260924C07465000;236.6;256.6
2026-09-24 09:48;7470.0;7711.99;SPXW  260924C07470000;230.3;250.7
2026-09-24 09:48;7475.0;7711.99;SPXW  260924C07475000;225.8;245.7
2026-09-24 09:48;7480.0;7711.99;SPXW  260924C07480000;220.5;241.0
2026-09-24 09:48;7485.0;7711.99;SPXW  260924C07485000;215.9;235.8
2026-09-24 09:48;7490.0;7711.99;SPXW  260924C07490000;211.2;230.7
2026-09-24 09:48;7495.0;7711.99;SPXW  260924C07495000;206.6;227.1
2026-09-24 09:48;7500.0;7711.99;SPXW  260924C07500000;211.5;212.9
2026-09-24 09:48;7505.0;7711.99;SPXW  260924C07505000;199.3;212.8
2026-09-24 09:48;7510.0;7711.99;SPXW  260924C07510000;194.9;208.6
2026-09-24 09:48;7515.0;7711.99;SPXW  260924C07515000;193.0;200.1
2026-09-24 09:48;7520.0;7711.99;SPXW  260924C07520000;188.0;195.5
2026-09-24 09:48;7525.0;7711.99;SPXW  260924C07525000;183.0;190.3
2026-09-24 09:48;7530.0;7711.99;SPXW  260924C07530000;178.0;185.3
2026-09-24 09:48;7535.0;7711.99;SPXW  260924C07535000;173.0;180.5
2026-09-24 09:48;7540.0;7711.99;SPXW  260924C07540000;168.0;175.1
2026-09-24 09:48;7545.0;7711.99;SPXW  260924C07545000;163.0;170.1
2026-09-24 09:48;7550.0;7711.99;SPXW  260924C07550000;161.5;163.0
2026-09-24 09:48;7555.0;7711.99;SPXW  260924C07555000;153.0;160.3
2026-09-24 09:48;7560.0;7711.99;SPXW  260924C07560000;148.0;155.3
2026-09-24 09:48;7565.0;7711.99;SPXW  260924C07565000;143.0;150.3
2026-09-24 09:48;7570.0;7711.99;SPXW  260924C07570000;138.0;145.3
2026-09-24 09:48;7575.0;7711.99;SPXW  260924C07575000;133.0;140.4
2026-09-24 09:48;7580.0;7711.99;SPXW  260924C07580000;131.5;133.0
2026-09-24 09:48;7585.0;7711.99;SPXW  260924C07585000;126.6;127.7
2026-09-24 09:48;7590.0;7711.99;SPXW  260924C07590000;121.6;122.7
2026-09-24 09:48;7595.0;7711.99;SPXW  260924C07595000;116.6;117.8
2026-09-24 09:48;7600.0;7711.99;SPXW  260924C07600000;111.6;112.8
2026-09-24 09:48;7605.0;7711.99;SPXW  260924C07605000;107.1;107.7
2026-09-24 09:48;7610.0;7711.99;SPXW  260924C07610000;102.1;102.7
2026-09-24 09:48;7615.0;7711.99;SPXW  260924C07615000;97.1;97.7
2026-09-24 09:48;7620.0;7711.99;SPXW  260924C07620000;92.2;92.6
2026-09-24 09:48;7625.0;7711.99;SPXW  260924C07625000;87.2;87.8
2026-09-24 09:48;7630.0;7711.99;SPXW  260924C07630000;82.2;82.8
2026-09-24 09:48;7635.0;7711.99;SPXW  260924C07635000;77.3;77.7
2026-09-24 09:48;7640.0;7711.99;SPXW  260924C07640000;72.3;72.7
2026-09-24 09:48;7645.0;7711.99;SPXW  260924C07645000;67.4;67.8
2026-09-24 09:48;7650.0;7711.99;SPXW  260924C07650000;62.5;62.9
2026-09-24 09:48;7655.0;7711.99;SPXW  260924C07655000;57.7;58.1
2026-09-24 09:48;7660.0;7711.99;SPXW  260924C07660000;52.9;53.2
2026-09-24 09:48;7665.0;7711.99;SPXW  260924C07665000;48.2;48.5
2026-09-24 09:48;7670.0;7711.99;SPXW  260924C07670000;43.6;43.9
2026-09-24 09:48;7675.0;7711.99;SPXW  260924C07675000;39.0;39.3
2026-09-24 09:48;7680.0;7711.99;SPXW  260924C07680000;34.6;34.9
2026-09-24 09:48;7685.0;7711.99;SPXW  260924C07685000;30.3;30.6
2026-09-24 09:48;7690.0;7711.99;SPXW  260924C07690000;26.3;26.5
2026-09-24 09:48;7695.0;7711.99;SPXW  260924C07695000;22.4;22.7
2026-09-24 09:48;7700.0;7711.99;SPXW  260924C07700000;19.0;19.1
2026-09-24 09:48;7705.0;7711.99;SPXW  260924C07705000;15.7;15.9
2026-09-24 09:48;7710.0;7711.99;SPXW  260924C07710000;12.9;13.1
2026-09-24 09:48;7715.0;7711.99;SPXW  260924C07715000;10.4;10.6
2026-09-24 09:48;7720.0;7711.99;SPXW  260924C07720000;8.3;8.4
2026-09-24 09:48;7725.0;7711.99;SPXW  260924C07725000;6.5;6.7
2026-09-24 09:48;7730.0;7711.99;SPXW  260924C07730000;5.1;5.2
2026-09-24 09:48;7735.0;7711.99;SPXW  260924C07735000;4.0;4.1
2026-09-24 09:48;7740.0;7711.99;SPXW  260924C07740000;3.1;3.2
2026-09-24 09:48;7745.0;7711.99;SPXW  260924C07745000;2.4;2.45
2026-09-24 09:48;7750.0;7711.99;SPXW  260924C07750000;1.85;1.9
2026-09-24 09:48;7755.0;7711.99;SPXW  260924C07755000;1.45;1.5
2026-09-24 09:48;7760.0;7711.99;SPXW  260924C07760000;1.1;1.2
2026-09-24 09:48;7765.0;7711.99;SPXW  260924C07765000;0.9;0.95
2026-09-24 09:48;7770.0;7711.99;SPXW  260924C07770000;0.7;0.75
2026-09-24 09:48;7775.0;7711.99;SPXW  260924C07775000;0.55;0.6
2026-09-24 09:48;7780.0;7711.99;SPXW  260924C07780000;0.45;0.5
2026-09-24 09:48;7785.0;7711.99;SPXW  260924C07785000;0.35;0.45
2026-09-24 09:48;7790.0;7711.99;SPXW  260924C07790000;0.3;0.35
2026-09-24 09:48;7795.0;7711.99;SPXW  260924C07795000;0.25;0.3
2026-09-24 09:48;7800.0;7711.99;SPXW  260924C07800000;0.2;0.3
2026-09-24 09:48;7805.0;7711.99;SPXW  260924C07805000;0.2;0.25
2026-09-24 09:48;7810.0;7711.99;SPXW  260924C07810000;0.15;0.2
2026-09-24 09:48;7815.0;7711.99;SPXW  260924C07815000;0.15;0.2
2026-09-24 09:48;7820.0;7711.99;SPXW  260924C07820000;0.1;0.15
2026-09-24 09:48;7825.0;7711.99;SPXW  260924C07825000;0.1;0.15
2026-09-24 09:48;7830.0;7711.99;SPXW  260924C07830000;0.1;0.15
2026-09-24 09:48;7835.0;7711.99;SPXW  260924C07835000;0.05;0.1
2026-09-24 09:48;7840.0;7711.99;SPXW  260924C07840000;0.05;0.1
2026-09-24 09:48;7845.0;7711.99;SPXW  260924C07845000;0.05;0.1
2026-09-24 09:48;7850.0;7711.99;SPXW  260924C07850000;0.05;0.1
2026-09-24 09:48;7855.0;7711.99;SPXW  260924C07855000;0.05;0.1
2026-09-24 09:48;7860.0;7711.99;SPXW  260924C07860000;0.05;0.1
2026-09-24 09:48;7865.0;7711.99;SPXW  260924C07865000;0.05;0.1
2026-09-24 09:48;7870.0;7711.99;SPXW  260924C07870000;0.05;0.1
2026-09-24 09:48;7875.0;7711.99;SPXW  260924C07875000;0.05;0.1
2026-09-24 09:48;7880.0;7711.99;SPXW  260924C07880000;0.0;0.1
2026-09-24 09:48;7885.0;7711.99;SPXW  260924C07885000;0.0;0.1
2026-09-24 09:48;7890.0;7711.99;SPXW  260924C07890000;0.05;0.1
2026-09-24 09:48;7895.0;7711.99;SPXW  260924C07895000;0.0;0.05
2026-09-24 09:48;7900.0;7711.99;SPXW  260924C07900000;0.0;0.05
2026-09-24 09:48;7905.0;7711.99;SPXW  260924C07905000;0.0;0.1
2026-09-24 09:48;7910.0;7711.99;SPXW  260924C07910000;0.0;0.1
2026-09-24 09:48;7915.0;7711.99;SPXW  260924C07915000;0.0;0.05
2026-09-24 09:48;7920.0;7711.99;SPXW  260924C07920000;0.0;0.05
2026-09-24 09:48;7925.0;7711.99;SPXW  260924C07925000;0.0;0.05
2026-09-24 09:48;7930.0;7711.99;SPXW  260924C07930000;0.0;0.05
2026-09-24 09:48;7935.0;7711.99;SPXW  260924C07935000;0.0;0.1
2026-09-24 09:48;7940.0;7711.99;SPXW  260924C07940000;0.0;0.05
2026-09-24 09:48;7945.0;7711.99;SPXW  260924C07945000;0.0;0.05
2026-09-24 09:48;7950.0;7711.99;SPXW  260924C07950000;0.0;0.05
2026-09-24 09:48;7955.0;7711.99;SPXW  260924C07955000;0.0;0.05
2026-09-24 09:48;7960.0;7711.99;SPXW  260924C07960000;0.0;0.05
2026-09-24 09:48;7465.0;7711.99;SPXW  260924P07465000;0.05;0.1
2026-09-24 09:48;7470.0;7711.99;SPXW  260924P07470000;0.05;0.1
2026-09-24 09:48;7475.0;7711.99;SPXW  260924P07475000;0.05;0.1
2026-09-24 09:48;7480.0;7711.99;SPXW  260924P07480000;0.05;0.1
2026-09-24 09:48;7485.0;7711.99;SPXW  260924P07485000;0.05;0.1
2026-09-24 09:48;7490.0;7711.99;SPXW  260924P07490000;0.05;0.1
2026-09-24 09:48;7495.0;7711.99;SPXW  260924P07495000;0.05;0.1
2026-09-24 09:48;7500.0;7711.99;SPXW  260924P07500000;0.05;0.1
2026-09-24 09:48;7505.0;7711.99;SPXW  260924P07505000;0.05;0.1
2026-09-24 09:48;7510.0;7711.99;SPXW  260924P07510000;0.05;0.1
2026-09-24 09:48;7515.0;7711.99;SPXW  260924P07515000;0.05;0.1
2026-09-24 09:48;7520.0;7711.99;SPXW  260924P07520000;0.05;0.1
2026-09-24 09:48;7525.0;7711.99;SPXW  260924P07525000;0.05;0.1
2026-09-24 09:48;7530.0;7711.99;SPXW  260924P07530000;0.05;0.1
2026-09-24 09:48;7535.0;7711.99;SPXW  260924P07535000;0.1;0.15
2026-09-24 09:48;7540.0;7711.99;SPXW  260924P07540000;0.1;0.15
2026-09-24 09:48;7545.0;7711.99;SPXW  260924P07545000;0.1;0.15
2026-09-24 09:48;7550.0;7711.99;SPXW  260924P07550000;0.1;0.15
2026-09-24 09:48;7555.0;7711.99;SPXW  260924P07555000;0.1;0.15
2026-09-24 09:48;7560.0;7711.99;SPXW  260924P07560000;0.1;0.15
2026-09-24 09:48;7565.0;7711.99;SPXW  260924P07565000;0.1;0.15
2026-09-24 09:48;7570.0;7711.99;SPXW  260924P07570000;0.1;0.15
2026-09-24 09:48;7575.0;7711.99;SPXW  260924P07575000;0.1;0.15
2026-09-24 09:48;7580.0;7711.99;SPXW  260924P07580000;0.1;0.15
2026-09-24 09:48;7585.0;7711.99;SPXW  260924P07585000;0.1;0.15
2026-09-24 09:48;7590.0;7711.99;SPXW  260924P07590000;0.1;0.2
2026-09-24 09:48;7595.0;7711.99;SPXW  260924P07595000;0.1;0.15
2026-09-24 09:48;7600.0;7711.99;SPXW  260924P07600000;0.15;0.2
2026-09-24 09:48;7605.0;7711.99;SPXW  260924P07605000;0.15;0.2
2026-09-24 09:48;7610.0;7711.99;SPXW  260924P07610000;0.15;0.2
2026-09-24 09:48;7615.0;7711.99;SPXW  260924P07615000;0.15;0.25
2026-09-24 09:48;7620.0;7711.99;SPXW  260924P07620000;0.2;0.25
2026-09-24 09:48;7625.0;7711.99;SPXW  260924P07625000;0.2;0.3
2026-09-24 09:48;7630.0;7711.99;SPXW  260924P07630000;0.25;0.3
2026-09-24 09:48;7635.0;7711.99;SPXW  260924P07635000;0.3;0.35
2026-09-24 09:48;7640.0;7711.99;SPXW  260924P07640000;0.35;0.4
2026-09-24 09:48;7645.0;7711.99;SPXW  260924P07645000;0.45;0.5
2026-09-24 09:48;7650.0;7711.99;SPXW  260924P07650000;0.55;0.6
2026-09-24 09:48;7655.0;7711.99;SPXW  260924P07655000;0.7;0.75
2026-09-24 09:48;7660.0;7711.99;SPXW  260924P07660000;0.9;0.95
2026-09-24 09:48;7665.0;7711.99;SPXW  260924P07665000;1.15;1.25
2026-09-24 09:48;7670.0;7711.99;SPXW  260924P07670000;1.5;1.6
2026-09-24 09:48;7675.0;7711.99;SPXW  260924P07675000;1.95;2.05
2026-09-24 09:48;7680.0;7711.99;SPXW  260924P07680000;2.55;2.6
2026-09-24 09:48;7685.0;7711.99;SPXW  260924P07685000;3.3;3.4
2026-09-24 09:48;7690.0;7711.99;SPXW  260924P07690000;4.2;4.3
2026-09-24 09:48;7695.0;7711.99;SPXW  260924P07695000;5.4;5.5
2026-09-24 09:48;7700.0;7711.99;SPXW  260924P07700000;6.8;6.9
2026-09-24 09:48;7705.0;7711.99;SPXW  260924P07705000;8.6;8.7
2026-09-24 09:48;7710.0;7711.99;SPXW  260924P07710000;10.7;10.8
2026-09-24 09:48;7715.0;7711.99;SPXW  260924P07715000;13.2;13.3
2026-09-24 09:48;7720.0;7711.99;SPXW  260924P07720000;16.1;16.2
2026-09-24 09:48;7725.0;7711.99;SPXW  260924P07725000;19.3;19.4
2026-09-24 09:48;7730.0;7711.99;SPXW  260924P07730000;22.8;23.1
2026-09-24 09:48;7735.0;7711.99;SPXW  260924P07735000;26.7;26.9
2026-09-24 09:48;7740.0;7711.99;SPXW  260924P07740000;30.8;31.0
2026-09-24 09:48;7745.0;7711.99;SPXW  260924P07745000;35.1;35.3
2026-09-24 09:48;7750.0;7711.99;SPXW  260924P07750000;39.4;39.8
2026-09-24 09:48;7755.0;7711.99;SPXW  260924P07755000;44.0;44.4
2026-09-24 09:48;7760.0;7711.99;SPXW  260924P07760000;48.7;49.0
2026-09-24 09:48;7765.0;7711.99;SPXW  260924P07765000;53.4;53.8
2026-09-24 09:48;7770.0;7711.99;SPXW  260924P07770000;58.2;58.6
2026-09-24 09:48;7775.0;7711.99;SPXW  260924P07775000;63.1;63.5
2026-09-24 09:48;7780.0;7711.99;SPXW  260924P07780000;68.0;68.4
2026-09-24 09:48;7785.0;7711.99;SPXW  260924P07785000;72.9;73.3
2026-09-24 09:48;7790.0;7711.99;SPXW  260924P07790000;77.8;78.2
2026-09-24 09:48;7795.0;7711.99;SPXW  260924P07795000;82.8;83.2
2026-09-24 09:48;7800.0;7711.99;SPXW  260924P07800000;87.7;88.1
2026-09-24 09:48;7805.0;7711.99;SPXW  260924P07805000;92.7;93.1
2026-09-24 09:48;7810.0;7711.99;SPXW  260924P07810000;97.7;98.1
2026-09-24 09:48;7815.0;7711.99;SPXW  260924P07815000;102.7;103.0
2026-09-24 09:48;7820.0;7711.99;SPXW  260924P07820000;107.6;108.0
2026-09-24 09:48;7825.0;7711.99;SPXW  260924P07825000;112.2;113.2
2026-09-24 09:48;7830.0;7711.99;SPXW  260924P07830000;117.0;118.3
2026-09-24 09:48;7835.0;7711.99;SPXW  260924P07835000;122.0;123.2
2026-09-24 09:48;7840.0;7711.99;SPXW  260924P07840000;126.9;128.2
2026-09-24 09:48;7845.0;7711.99;SPXW  260924P07845000;131.9;133.2
2026-09-24 09:48;7850.0;7711.99;SPXW  260924P07850000;137.1;138.2
2026-09-24 09:48;7855.0;7711.99;SPXW  260924P07855000;141.9;143.2
2026-09-24 09:48;7860.0;7711.99;SPXW  260924P07860000;146.9;148.2
2026-09-24 09:48;7865.0;7711.99;SPXW  260924P07865000;151.9;153.1
2026-09-24 09:48;7870.0;7711.99;SPXW  260924P07870000;156.9;158.1
2026-09-24 09:48;7875.0;7711.99;SPXW  260924P07875000;158.8;166.7
2026-09-24 09:48;7880.0;7711.99;SPXW  260924P07880000;164.6;171.7
2026-09-24 09:48;7885.0;7711.99;SPXW  260924P07885000;169.0;176.6
2026-09-24 09:48;7890.0;7711.99;SPXW  260924P07890000;174.7;181.7
2026-09-24 09:48;7895.0;7711.99;SPXW  260924P07895000;179.6;186.6
2026-09-24 09:48;7900.0;7711.99;SPXW  260924P07900000;184.6;191.6
2026-09-24 09:48;7905.0;7711.99;SPXW  260924P07905000;189.5;196.7
2026-09-24 09:48;7910.0;7711.99;SPXW  260924P07910000;194.6;201.6
2026-09-24 09:48;7915.0;7711.99;SPXW  260924P07915000;196.3;210.1
2026-09-24 09:48;7920.0;7711.99;SPXW  260924P07920000;201.8;215.5
2026-09-24 09:48;7925.0;7711.99;SPXW  260924P07925000;206.8;220.1
2026-09-24 09:48;7930.0;7711.99;SPXW  260924P07930000;209.3;229.2
2026-09-24 09:48;7935.0;7711.99;SPXW  260924P07935000;222.1;223.4
2026-09-24 09:48;7940.0;7711.99;SPXW  260924P07940000;218.4;238.9
2026-09-24 09:48;7945.0;7711.99;SPXW  260924P07945000;223.4;243.9
2026-09-24 09:48;7950.0;7711.99;SPXW  260924P07950000;229.5;249.2
2026-09-24 09:48;7955.0;7711.99;SPXW  260924P07955000;234.3;254.0
2026-09-24 09:48;7960.0;7711.99;SPXW  260924P07960000;238.4;258.5
2026-09-24 09:53;7465.0;7710.7;SPXW  260924C07465000;234.5;255.0
2026-09-24 09:53;7470.0;7710.7;SPXW  260924C07470000;229.5;250.0
2026-09-24 09:53;7475.0;7710.7;SPXW  260924C07475000;224.5;245.0
2026-09-24 09:53;7480.0;7710.7;SPXW  260924C07480000;219.3;239.2
2026-09-24 09:53;7485.0;7710.7;SPXW  260924C07485000;214.3;234.8
2026-09-24 09:53;7490.0;7710.7;SPXW  260924C07490000;209.0;229.2
2026-09-24 09:53;7495.0;7710.7;SPXW  260924C07495000;208.1;221.9
2026-09-24 09:53;7500.0;7710.7;SPXW  260924C07500000;210.0;211.6
2026-09-24 09:53;7505.0;7710.7;SPXW  260924C07505000;198.3;212.0
2026-09-24 09:53;7510.0;7710.7;SPXW  260924C07510000;193.1;206.9
2026-09-24 09:53;7515.0;7710.7;SPXW  260924C07515000;191.3;198.8
2026-09-24 09:53;7520.0;7710.7;SPXW  260924C07520000;186.6;193.8
2026-09-24 09:53;7525.0;7710.7;SPXW  260924C07525000;181.5;188.8
2026-09-24 09:53;7530.0;7710.7;SPXW  260924C07530000;176.3;183.8
2026-09-24 09:53;7535.0;7710.7;SPXW  260924C07535000;171.2;178.9
2026-09-24 09:53;7540.0;7710.7;SPXW  260924C07540000;166.5;173.6
2026-09-24 09:53;7545.0;7710.7;SPXW  260924C07545000;161.3;168.6
2026-09-24 09:53;7550.0;7710.7;SPXW  260924C07550000;160.0;161.6
2026-09-24 09:53;7555.0;7710.7;SPXW  260924C07555000;151.2;158.6
2026-09-24 09:53;7560.0;7710.7;SPXW  260924C07560000;146.2;153.7
2026-09-24 09:53;7565.0;7710.7;SPXW  260924C07565000;141.4;148.4
2026-09-24 09:53;7570.0;7710.7;SPXW  260924C07570000;140.0;141.5
2026-09-24 09:53;7575.0;7710.7;SPXW  260924C07575000;135.2;136.2
2026-09-24 09:53;7580.0;7710.7;SPXW  260924C07580000;130.0;131.2
2026-09-24 09:53;7585.0;7710.7;SPXW  260924C07585000;125.0;126.3
2026-09-24 09:53;7590.0;7710.7;SPXW  260924C07590000;120.2;121.3
2026-09-24 09:53;7595.0;7710.7;SPXW  260924C07595000;115.2;116.3
2026-09-24 09:53;7600.0;7710.7;SPXW  260924C07600000;110.3;111.3
2026-09-24 09:53;7605.0;7710.7;SPXW  260924C07605000;105.3;106.3
2026-09-24 09:53;7610.0;7710.7;SPXW  260924C07610000;100.3;101.3
2026-09-24 09:53;7615.0;7710.7;SPXW  260924C07615000;95.7;96.1
2026-09-24 09:53;7620.0;7710.7;SPXW  260924C07620000;90.7;91.1
2026-09-24 09:53;7625.0;7710.7;SPXW  260924C07625000;85.7;86.2
2026-09-24 09:53;7630.0;7710.7;SPXW  260924C07630000;80.8;81.2
2026-09-24 09:53;7635.0;7710.7;SPXW  260924C07635000;75.8;76.2
2026-09-24 09:53;7640.0;7710.7;SPXW  260924C07640000;70.9;71.3
2026-09-24 09:53;7645.0;7710.7;SPXW  260924C07645000;66.0;66.4
2026-09-24 09:53;7650.0;7710.7;SPXW  260924C07650000;61.1;61.5
2026-09-24 09:53;7655.0;7710.7;SPXW  260924C07655000;56.3;56.7
2026-09-24 09:53;7660.0;7710.7;SPXW  260924C07660000;51.5;51.9
2026-09-24 09:53;7665.0;7710.7;SPXW  260924C07665000;46.8;47.0
2026-09-24 09:53;7670.0;7710.7;SPXW  260924C07670000;42.1;42.4
2026-09-24 09:53;7675.0;7710.7;SPXW  260924C07675000;37.6;37.9
2026-09-24 09:53;7680.0;7710.7;SPXW  260924C07680000;33.2;33.5
2026-09-24 09:53;7685.0;7710.7;SPXW  260924C07685000;29.0;29.2
2026-09-24 09:53;7690.0;7710.7;SPXW  260924C07690000;25.0;25.2
2026-09-24 09:53;7695.0;7710.7;SPXW  260924C07695000;21.3;21.4
2026-09-24 09:53;7700.0;7710.7;SPXW  260924C07700000;17.8;18.0
2026-09-24 09:53;7705.0;7710.7;SPXW  260924C07705000;14.7;14.8
2026-09-24 09:53;7710.0;7710.7;SPXW  260924C07710000;11.9;12.0
2026-09-24 09:53;7715.0;7710.7;SPXW  260924C07715000;9.5;9.6
2026-09-24 09:53;7720.0;7710.7;SPXW  260924C07720000;7.4;7.6
2026-09-24 09:53;7725.0;7710.7;SPXW  260924C07725000;5.8;5.9
2026-09-24 09:53;7730.0;7710.7;SPXW  260924C07730000;4.5;4.6
2026-09-24 09:53;7735.0;7710.7;SPXW  260924C07735000;3.4;3.5
2026-09-24 09:53;7740.0;7710.7;SPXW  260924C07740000;2.6;2.7
2026-09-24 09:53;7745.0;7710.7;SPXW  260924C07745000;2.0;2.05
2026-09-24 09:53;7750.0;7710.7;SPXW  260924C07750000;1.55;1.6
2026-09-24 09:53;7755.0;7710.7;SPXW  260924C07755000;1.2;1.25
2026-09-24 09:53;7760.0;7710.7;SPXW  260924C07760000;0.9;0.95
2026-09-24 09:53;7765.0;7710.7;SPXW  260924C07765000;0.7;0.75
2026-09-24 09:53;7770.0;7710.7;SPXW  260924C07770000;0.55;0.6
2026-09-24 09:53;7775.0;7710.7;SPXW  260924C07775000;0.45;0.5
2026-09-24 09:53;7780.0;7710.7;SPXW  260924C07780000;0.35;0.45
2026-09-24 09:53;7785.0;7710.7;SPXW  260924C07785000;0.3;0.35
2026-09-24 09:53;7790.0;7710.7;SPXW  260924C07790000;0.25;0.35
2026-09-24 09:53;7795.0;7710.7;SPXW  260924C07795000;0.25;0.3
2026-09-24 09:53;7800.0;7710.7;SPXW  260924C07800000;0.2;0.25
2026-09-24 09:53;7805.0;7710.7;SPXW  260924C07805000;0.15;0.25
2026-09-24 09:53;7810.0;7710.7;SPXW  260924C07810000;0.15;0.2
2026-09-24 09:53;7815.0;7710.7;SPXW  260924C07815000;0.15;0.2
2026-09-24 09:53;7820.0;7710.7;SPXW  260924C07820000;0.1;0.15
2026-09-24 09:53;7825.0;7710.7;SPXW  260924C07825000;0.1;0.15
2026-09-24 09:53;7830.0;7710.7;SPXW  260924C07830000;0.1;0.15
2026-09-24 09:53;7835.0;7710.7;SPXW  260924C07835000;0.1;0.15
2026-09-24 09:53;7840.0;7710.7;SPXW  260924C07840000;0.05;0.1
2026-09-24 09:53;7845.0;7710.7;SPXW  260924C07845000;0.05;0.1
2026-09-24 09:53;7850.0;7710.7;SPXW  260924C07850000;0.05;0.1
2026-09-24 09:53;7855.0;7710.7;SPXW  260924C07855000;0.05;0.1
2026-09-24 09:53;7860.0;7710.7;SPXW  260924C07860000;0.05;0.1
2026-09-24 09:53;7865.0;7710.7;SPXW  260924C07865000;0.05;0.1
2026-09-24 09:53;7870.0;7710.7;SPXW  260924C07870000;0.05;0.1
2026-09-24 09:53;7875.0;7710.7;SPXW  260924C07875000;0.05;0.1
2026-09-24 09:53;7880.0;7710.7;SPXW  260924C07880000;0.05;0.1
2026-09-24 09:53;7885.0;7710.7;SPXW  260924C07885000;0.05;0.1
2026-09-24 09:53;7890.0;7710.7;SPXW  260924C07890000;0.05;0.1
2026-09-24 09:53;7895.0;7710.7;SPXW  260924C07895000;0.05;0.1
2026-09-24 09:53;7900.0;7710.7;SPXW  260924C07900000;0.0;0.1
2026-09-24 09:53;7905.0;7710.7;SPXW  260924C07905000;0.0;0.1
2026-09-24 09:53;7910.0;7710.7;SPXW  260924C07910000;0.0;0.1
2026-09-24 09:53;7915.0;7710.7;SPXW  260924C07915000;0.0;0.1
2026-09-24 09:53;7920.0;7710.7;SPXW  260924C07920000;0.0;0.05
2026-09-24 09:53;7925.0;7710.7;SPXW  260924C07925000;0.0;0.05
2026-09-24 09:53;7930.0;7710.7;SPXW  260924C07930000;0.0;0.05
2026-09-24 09:53;7935.0;7710.7;SPXW  260924C07935000;0.0;0.1
2026-09-24 09:53;7940.0;7710.7;SPXW  260924C07940000;0.0;0.05
2026-09-24 09:53;7945.0;7710.7;SPXW  260924C07945000;0.0;0.05
2026-09-24 09:53;7950.0;7710.7;SPXW  260924C07950000;0.0;0.05
2026-09-24 09:53;7955.0;7710.7;SPXW  260924C07955000;0.0;0.05
2026-09-24 09:53;7960.0;7710.7;SPXW  260924C07960000;0.0;0.05
2026-09-24 09:53;7465.0;7710.7;SPXW  260924P07465000;0.05;0.1
2026-09-24 09:53;7470.0;7710.7;SPXW  260924P07470000;0.05;0.1
2026-09-24 09:53;7475.0;7710.7;SPXW  260924P07475000;0.05;0.1
2026-09-24 09:53;7480.0;7710.7;SPXW  260924P07480000;0.05;0.1
2026-09-24 09:53;7485.0;7710.7;SPXW  260924P07485000;0.05;0.1
2026-09-24 09:53;7490.0;7710.7;SPXW  260924P07490000;0.05;0.1
2026-09-24 09:53;7495.0;7710.7;SPXW  260924P07495000;0.05;0.1
2026-09-24 09:53;7500.0;7710.7;SPXW  260924P07500000;0.05;0.1
2026-09-24 09:53;7505.0;7710.7;SPXW  260924P07505000;0.05;0.1
2026-09-24 09:53;7510.0;7710.7;SPXW  260924P07510000;0.05;0.1
2026-09-24 09:53;7515.0;7710.7;SPXW  260924P07515000;0.05;0.1
2026-09-24 09:53;7520.0;7710.7;SPXW  260924P07520000;0.05;0.15
2026-09-24 09:53;7525.0;7710.7;SPXW  260924P07525000;0.05;0.15
2026-09-24 09:53;7530.0;7710.7;SPXW  260924P07530000;0.1;0.15
2026-09-24 09:53;7535.0;7710.7;SPXW  260924P07535000;0.1;0.15
2026-09-24 09:53;7540.0;7710.7;SPXW  260924P07540000;0.1;0.15
2026-09-24 09:53;7545.0;7710.7;SPXW  260924P07545000;0.1;0.15
2026-09-24 09:53;7550.0;7710.7;SPXW  260924P07550000;0.1;0.15
2026-09-24 09:53;7555.0;7710.7;SPXW  260924P07555000;0.1;0.15
2026-09-24 09:53;7560.0;7710.7;SPXW  260924P07560000;0.1;0.15
2026-09-24 09:53;7565.0;7710.7;SPXW  260924P07565000;0.1;0.15
2026-09-24 09:53;7570.0;7710.7;SPXW  260924P07570000;0.1;0.15
2026-09-24 09:53;7575.0;7710.7;SPXW  260924P07575000;0.1;0.15
2026-09-24 09:53;7580.0;7710.7;SPXW  260924P07580000;0.1;0.2
2026-09-24 09:53;7585.0;7710.7;SPXW  260924P07585000;0.15;0.2
2026-09-24 09:53;7590.0;7710.7;SPXW  260924P07590000;0.15;0.2
2026-09-24 09:53;7595.0;7710.7;SPXW  260924P07595000;0.15;0.2
2026-09-24 09:53;7600.0;7710.7;SPXW  260924P07600000;0.15;0.2
2026-09-24 09:53;7605.0;7710.7;SPXW  260924P07605000;0.15;0.2
2026-09-24 09:53;7610.0;7710.7;SPXW  260924P07610000;0.2;0.25
2026-09-24 09:53;7615.0;7710.7;SPXW  260924P07615000;0.2;0.25
2026-09-24 09:53;7620.0;7710.7;SPXW  260924P07620000;0.2;0.25
2026-09-24 09:53;7625.0;7710.7;SPXW  260924P07625000;0.25;0.3
2026-09-24 09:53;7630.0;7710.7;SPXW  260924P07630000;0.3;0.35
2026-09-24 09:53;7635.0;7710.7;SPXW  260924P07635000;0.35;0.4
2026-09-24 09:53;7640.0;7710.7;SPXW  260924P07640000;0.4;0.45
2026-09-24 09:53;7645.0;7710.7;SPXW  260924P07645000;0.5;0.55
2026-09-24 09:53;7650.0;7710.7;SPXW  260924P07650000;0.6;0.7
2026-09-24 09:53;7655.0;7710.7;SPXW  260924P07655000;0.8;0.85
2026-09-24 09:53;7660.0;7710.7;SPXW  260924P07660000;1.0;1.05
2026-09-24 09:53;7665.0;7710.7;SPXW  260924P07665000;1.3;1.35
2026-09-24 09:53;7670.0;7710.7;SPXW  260924P07670000;1.65;1.75
2026-09-24 09:53;7675.0;7710.7;SPXW  260924P07675000;2.15;2.2
2026-09-24 09:53;7680.0;7710.7;SPXW  260924P07680000;2.75;2.8
2026-09-24 09:53;7685.0;7710.7;SPXW  260924P07685000;3.5;3.6
2026-09-24 09:53;7690.0;7710.7;SPXW  260924P07690000;4.5;4.6
2026-09-24 09:53;7695.0;7710.7;SPXW  260924P07695000;5.8;5.9
2026-09-24 09:53;7700.0;7710.7;SPXW  260924P07700000;7.3;7.5
2026-09-24 09:53;7705.0;7710.7;SPXW  260924P07705000;9.2;9.4
2026-09-24 09:53;7710.0;7710.7;SPXW  260924P07710000;11.5;11.6
2026-09-24 09:53;7715.0;7710.7;SPXW  260924P07715000;14.1;14.3
2026-09-24 09:53;7720.0;7710.7;SPXW  260924P07720000;17.2;17.3
2026-09-24 09:53;7725.0;7710.7;SPXW  260924P07725000;20.5;20.7
2026-09-24 09:53;7730.0;7710.7;SPXW  260924P07730000;24.2;24.4
2026-09-24 09:53;7735.0;7710.7;SPXW  260924P07735000;28.2;28.4
2026-09-24 09:53;7740.0;7710.7;SPXW  260924P07740000;32.4;32.6
2026-09-24 09:53;7745.0;7710.7;SPXW  260924P07745000;36.8;37.0
2026-09-24 09:53;7750.0;7710.7;SPXW  260924P07750000;41.4;41.6
2026-09-24 09:53;7755.0;7710.7;SPXW  260924P07755000;46.0;46.2
2026-09-24 09:53;7760.0;7710.7;SPXW  260924P07760000;50.6;51.0
2026-09-24 09:53;7765.0;7710.7;SPXW  260924P07765000;55.4;55.8
2026-09-24 09:53;7770.0;7710.7;SPXW  260924P07770000;60.3;60.7
2026-09-24 09:53;7775.0;7710.7;SPXW  260924P07775000;65.2;65.6
2026-09-24 09:53;7780.0;7710.7;SPXW  260924P07780000;70.1;70.5
2026-09-24 09:53;7785.0;7710.7;SPXW  260924P07785000;75.0;75.4
2026-09-24 09:53;7790.0;7710.7;SPXW  260924P07790000;80.0;80.4
2026-09-24 09:53;7795.0;7710.7;SPXW  260924P07795000;84.9;85.3
2026-09-24 09:53;7800.0;7710.7;SPXW  260924P07800000;89.9;90.3
2026-09-24 09:53;7805.0;7710.7;SPXW  260924P07805000;94.9;95.3
2026-09-24 09:53;7810.0;7710.7;SPXW  260924P07810000;99.8;100.3
2026-09-24 09:53;7815.0;7710.7;SPXW  260924P07815000;104.8;105.2
2026-09-24 09:53;7820.0;7710.7;SPXW  260924P07820000;109.8;110.2
2026-09-24 09:53;7825.0;7710.7;SPXW  260924P07825000;114.8;115.2
2026-09-24 09:53;7830.0;7710.7;SPXW  260924P07830000;119.8;120.2
2026-09-24 09:53;7835.0;7710.7;SPXW  260924P07835000;124.3;125.6
2026-09-24 09:53;7840.0;7710.7;SPXW  260924P07840000;129.3;130.6
2026-09-24 09:53;7845.0;7710.7;SPXW  260924P07845000;134.3;135.6
2026-09-24 09:53;7850.0;7710.7;SPXW  260924P07850000;139.3;140.6
2026-09-24 09:53;7855.0;7710.7;SPXW  260924P07855000;144.5;145.6
2026-09-24 09:53;7860.0;7710.7;SPXW  260924P07860000;149.3;150.6
2026-09-24 09:53;7865.0;7710.7;SPXW  260924P07865000;154.3;155.6
2026-09-24 09:53;7870.0;7710.7;SPXW  260924P07870000;159.4;160.5
2026-09-24 09:53;7875.0;7710.7;SPXW  260924P07875000;161.3;168.6
2026-09-24 09:53;7880.0;7710.7;SPXW  260924P07880000;166.5;173.7
2026-09-24 09:53;7885.0;7710.7;SPXW  260924P07885000;171.5;178.9
2026-09-24 09:53;7890.0;7710.7;SPXW  260924P07890000;176.3;183.8
2026-09-24 09:53;7895.0;7710.7;SPXW  260924P07895000;181.5;189.0
2026-09-24 09:53;7900.0;7710.7;SPXW  260924P07900000;189.1;190.7
2026-09-24 09:53;7905.0;7710.7;SPXW  260924P07905000;191.3;198.5
2026-09-24 09:53;7910.0;7710.7;SPXW  260924P07910000;193.1;207.1
2026-09-24 09:53;7915.0;7710.7;SPXW  260924P07915000;198.3;212.1
2026-09-24 09:53;7920.0;7710.7;SPXW  260924P07920000;202.9;216.8
2026-09-24 09:53;7925.0;7710.7;SPXW  260924P07925000;207.8;221.5
2026-09-24 09:53;7930.0;7710.7;SPXW  260924P07930000;209.6;230.1
2026-09-24 09:53;7935.0;7710.7;SPXW  260924P07935000;224.1;225.7
2026-09-24 09:53;7940.0;7710.7;SPXW  260924P07940000;220.2;241.1
2026-09-24 09:53;7945.0;7710.7;SPXW  260924P07945000;225.2;246.0
2026-09-24 09:53;7950.0;7710.7;SPXW  260924P07950000;230.2;250.7
2026-09-24 09:53;7955.0;7710.7;SPXW  260924P07955000;235.3;255.8
2026-09-24 09:53;7960.0;7710.7;SPXW  260924P07960000;239.9;260.4
2026-09-24 09:57;7470.0;7717.99;SPXW  260924C07470000;237.3;256.9
2026-09-24 09:57;7475.0;7717.99;SPXW  260924C07475000;232.0;252.5
2026-09-24 09:57;7480.0;7717.99;SPXW  260924C07480000;227.3;247.4
2026-09-24 09:57;7485.0;7717.99;SPXW  260924C07485000;222.3;243.3
2026-09-24 09:57;7490.0;7717.99;SPXW  260924C07490000;216.6;237.1
2026-09-24 09:57;7495.0;7717.99;SPXW  260924C07495000;212.8;231.6
2026-09-24 09:57;7500.0;7717.99;SPXW  260924C07500000;216.3;217.6
2026-09-24 09:57;7505.0;7717.99;SPXW  260924C07505000;205.8;218.4
2026-09-24 09:57;7510.0;7717.99;SPXW  260924C07510000;199.8;213.4
2026-09-24 09:57;7515.0;7717.99;SPXW  260924C07515000;195.0;208.2
2026-09-24 09:57;7520.0;7717.99;SPXW  260924C07520000;193.4;200.6
2026-09-24 09:57;7525.0;7717.99;SPXW  260924C07525000;188.6;195.6
2026-09-24 09:57;7530.0;7717.99;SPXW  260924C07530000;183.6;190.6
2026-09-24 09:57;7535.0;7717.99;SPXW  260924C07535000;178.4;185.6
2026-09-24 09:57;7540.0;7717.99;SPXW  260924C07540000;173.3;180.6
2026-09-24 09:57;7545.0;7717.99;SPXW  260924C07545000;168.3;175.6
2026-09-24 09:57;7550.0;7717.99;SPXW  260924C07550000;166.3;167.6
2026-09-24 09:57;7555.0;7717.99;SPXW  260924C07555000;158.3;165.6
2026-09-24 09:57;7560.0;7717.99;SPXW  260924C07560000;153.3;160.6
2026-09-24 09:57;7565.0;7717.99;SPXW  260924C07565000;148.3;155.6
2026-09-24 09:57;7570.0;7717.99;SPXW  260924C07570000;146.3;147.7
2026-09-24 09:57;7575.0;7717.99;SPXW  260924C07575000;138.3;145.6
2026-09-24 09:57;7580.0;7717.99;SPXW  260924C07580000;136.3;137.7
2026-09-24 09:57;7585.0;7717.99;SPXW  260924C07585000;131.4;132.5
2026-09-24 09:57;7590.0;7717.99;SPXW  260924C07590000;126.4;127.7
2026-09-24 09:57;7595.0;7717.99;SPXW  260924C07595000;121.4;122.5
2026-09-24 09:57;7600.0;7717.99;SPXW  260924C07600000;116.5;117.7
2026-09-24 09:57;7605.0;7717.99;SPXW  260924C07605000;111.5;112.7
2026-09-24 09:57;7610.0;7717.99;SPXW  260924C07610000;106.5;107.7
2026-09-24 09:57;7615.0;7717.99;SPXW  260924C07615000;101.8;102.2
2026-09-24 09:57;7620.0;7717.99;SPXW  260924C07620000;96.8;97.2
2026-09-24 09:57;7625.0;7717.99;SPXW  260924C07625000;91.8;92.2
2026-09-24 09:57;7630.0;7717.99;SPXW  260924C07630000;86.8;87.3
2026-09-24 09:57;7635.0;7717.99;SPXW  260924C07635000;81.9;82.3
2026-09-24 09:57;7640.0;7717.99;SPXW  260924C07640000;76.9;77.3
2026-09-24 09:57;7645.0;7717.99;SPXW  260924C07645000;72.0;72.4
2026-09-24 09:57;7650.0;7717.99;SPXW  260924C07650000;67.1;67.5
2026-09-24 09:57;7655.0;7717.99;SPXW  260924C07655000;62.2;62.6
2026-09-24 09:57;7660.0;7717.99;SPXW  260924C07660000;57.3;57.7
2026-09-24 09:57;7665.0;7717.99;SPXW  260924C07665000;52.5;52.9
2026-09-24 09:57;7670.0;7717.99;SPXW  260924C07670000;47.8;48.0
2026-09-24 09:57;7675.0;7717.99;SPXW  260924C07675000;43.1;43.4
2026-09-24 09:57;7680.0;7717.99;SPXW  260924C07680000;38.6;38.8
2026-09-24 09:57;7685.0;7717.99;SPXW  260924C07685000;34.1;34.3
2026-09-24 09:57;7690.0;7717.99;SPXW  260924C07690000;29.8;30.1
2026-09-24 09:57;7695.0;7717.99;SPXW  260924C07695000;25.7;26.0
2026-09-24 09:57;7700.0;7717.99;SPXW  260924C07700000;21.9;22.1
2026-09-24 09:57;7705.0;7717.99;SPXW  260924C07705000;18.3;18.5
2026-09-24 09:57;7710.0;7717.99;SPXW  260924C07710000;15.1;15.3
2026-09-24 09:57;7715.0;7717.99;SPXW  260924C07715000;12.3;12.4
2026-09-24 09:57;7720.0;7717.99;SPXW  260924C07720000;9.8;9.9
2026-09-24 09:57;7725.0;7717.99;SPXW  260924C07725000;7.7;7.8
2026-09-24 09:57;7730.0;7717.99;SPXW  260924C07730000;5.9;6.1
2026-09-24 09:57;7735.0;7717.99;SPXW  260924C07735000;4.5;4.7
2026-09-24 09:57;7740.0;7717.99;SPXW  260924C07740000;3.4;3.5
2026-09-24 09:57;7745.0;7717.99;SPXW  260924C07745000;2.6;2.7
2026-09-24 09:57;7750.0;7717.99;SPXW  260924C07750000;2.0;2.05
2026-09-24 09:57;7755.0;7717.99;SPXW  260924C07755000;1.5;1.55
2026-09-24 09:57;7760.0;7717.99;SPXW  260924C07760000;1.15;1.2
2026-09-24 09:57;7765.0;7717.99;SPXW  260924C07765000;0.85;0.95
2026-09-24 09:57;7770.0;7717.99;SPXW  260924C07770000;0.65;0.7
2026-09-24 09:57;7775.0;7717.99;SPXW  260924C07775000;0.55;0.6
2026-09-24 09:57;7780.0;7717.99;SPXW  260924C07780000;0.45;0.5
2026-09-24 09:57;7785.0;7717.99;SPXW  260924C07785000;0.35;0.4
2026-09-24 09:57;7790.0;7717.99;SPXW  260924C07790000;0.3;0.35
2026-09-24 09:57;7795.0;7717.99;SPXW  260924C07795000;0.25;0.3
2026-09-24 09:57;7800.0;7717.99;SPXW  260924C07800000;0.2;0.3
2026-09-24 09:57;7805.0;7717.99;SPXW  260924C07805000;0.2;0.25
2026-09-24 09:57;7810.0;7717.99;SPXW  260924C07810000;0.15;0.2
2026-09-24 09:57;7815.0;7717.99;SPXW  260924C07815000;0.15;0.2
2026-09-24 09:57;7820.0;7717.99;SPXW  260924C07820000;0.1;0.2
2026-09-24 09:57;7825.0;7717.99;SPXW  260924C07825000;0.1;0.15
2026-09-24 09:57;7830.0;7717.99;SPXW  260924C07830000;0.1;0.15
2026-09-24 09:57;7835.0;7717.99;SPXW  260924C07835000;0.1;0.15
2026-09-24 09:57;7840.0;7717.99;SPXW  260924C07840000;0.1;0.15
2026-09-24 09:57;7845.0;7717.99;SPXW  260924C07845000;0.05;0.1
2026-09-24 09:57;7850.0;7717.99;SPXW  260924C07850000;0.05;0.1
2026-09-24 09:57;7855.0;7717.99;SPXW  260924C07855000;0.05;0.1
2026-09-24 09:57;7860.0;7717.99;SPXW  260924C07860000;0.05;0.1
2026-09-24 09:57;7865.0;7717.99;SPXW  260924C07865000;0.05;0.1
2026-09-24 09:57;7870.0;7717.99;SPXW  260924C07870000;0.05;0.1
2026-09-24 09:57;7875.0;7717.99;SPXW  260924C07875000;0.05;0.1
2026-09-24 09:57;7880.0;7717.99;SPXW  260924C07880000;0.05;0.1
2026-09-24 09:57;7885.0;7717.99;SPXW  260924C07885000;0.05;0.1
2026-09-24 09:57;7890.0;7717.99;SPXW  260924C07890000;0.05;0.1
2026-09-24 09:57;7895.0;7717.99;SPXW  260924C07895000;0.05;0.1
2026-09-24 09:57;7900.0;7717.99;SPXW  260924C07900000;0.05;0.1
2026-09-24 09:57;7905.0;7717.99;SPXW  260924C07905000;0.0;0.1
2026-09-24 09:57;7910.0;7717.99;SPXW  260924C07910000;0.0;0.1
2026-09-24 09:57;7915.0;7717.99;SPXW  260924C07915000;0.0;0.1
2026-09-24 09:57;7920.0;7717.99;SPXW  260924C07920000;0.0;0.1
2026-09-24 09:57;7925.0;7717.99;SPXW  260924C07925000;0.0;0.05
2026-09-24 09:57;7930.0;7717.99;SPXW  260924C07930000;0.0;0.05
2026-09-24 09:57;7935.0;7717.99;SPXW  260924C07935000;0.0;0.1
2026-09-24 09:57;7940.0;7717.99;SPXW  260924C07940000;0.0;0.05
2026-09-24 09:57;7945.0;7717.99;SPXW  260924C07945000;0.0;0.05
2026-09-24 09:57;7950.0;7717.99;SPXW  260924C07950000;0.0;0.05
2026-09-24 09:57;7955.0;7717.99;SPXW  260924C07955000;0.0;0.05
2026-09-24 09:57;7960.0;7717.99;SPXW  260924C07960000;0.0;0.05
2026-09-24 09:57;7965.0;7717.99;SPXW  260924C07965000;0.0;0.05
2026-09-24 09:57;7470.0;7717.99;SPXW  260924P07470000;0.05;0.1
2026-09-24 09:57;7475.0;7717.99;SPXW  260924P07475000;0.05;0.1
2026-09-24 09:57;7480.0;7717.99;SPXW  260924P07480000;0.05;0.1
2026-09-24 09:57;7485.0;7717.99;SPXW  260924P07485000;0.05;0.1
2026-09-24 09:57;7490.0;7717.99;SPXW  260924P07490000;0.05;0.1
2026-09-24 09:57;7495.0;7717.99;SPXW  260924P07495000;0.05;0.1
2026-09-24 09:57;7500.0;7717.99;SPXW  260924P07500000;0.05;0.1
2026-09-24 09:57;7505.0;7717.99;SPXW  260924P07505000;0.05;0.1
2026-09-24 09:57;7510.0;7717.99;SPXW  260924P07510000;0.05;0.1
2026-09-24 09:57;7515.0;7717.99;SPXW  260924P07515000;0.05;0.1
2026-09-24 09:57;7520.0;7717.99;SPXW  260924P07520000;0.05;0.1
2026-09-24 09:57;7525.0;7717.99;SPXW  260924P07525000;0.05;0.1
2026-09-24 09:57;7530.0;7717.99;SPXW  260924P07530000;0.1;0.15
2026-09-24 09:57;7535.0;7717.99;SPXW  260924P07535000;0.1;0.15
2026-09-24 09:57;7540.0;7717.99;SPXW  260924P07540000;0.1;0.15
2026-09-24 09:57;7545.0;7717.99;SPXW  260924P07545000;0.1;0.15
2026-09-24 09:57;7550.0;7717.99;SPXW  260924P07550000;0.1;0.15
2026-09-24 09:57;7555.0;7717.99;SPXW  260924P07555000;0.1;0.15
2026-09-24 09:57;7560.0;7717.99;SPXW  260924P07560000;0.1;0.15
2026-09-24 09:57;7565.0;7717.99;SPXW  260924P07565000;0.1;0.15
2026-09-24 09:57;7570.0;7717.99;SPXW  260924P07570000;0.1;0.15
2026-09-24 09:57;7575.0;7717.99;SPXW  260924P07575000;0.1;0.15
2026-09-24 09:57;7580.0;7717.99;SPXW  260924P07580000;0.1;0.15
2026-09-24 09:57;7585.0;7717.99;SPXW  260924P07585000;0.1;0.15
2026-09-24 09:57;7590.0;7717.99;SPXW  260924P07590000;0.1;0.15
2026-09-24 09:57;7595.0;7717.99;SPXW  260924P07595000;0.15;0.2
2026-09-24 09:57;7600.0;7717.99;SPXW  260924P07600000;0.15;0.2
2026-09-24 09:57;7605.0;7717.99;SPXW  260924P07605000;0.15;0.2
2026-09-24 09:57;7610.0;7717.99;SPXW  260924P07610000;0.15;0.2
2026-09-24 09:57;7615.0;7717.99;SPXW  260924P07615000;0.15;0.2
2026-09-24 09:57;7620.0;7717.99;SPXW  260924P07620000;0.15;0.25
2026-09-24 09:57;7625.0;7717.99;SPXW  260924P07625000;0.2;0.25
2026-09-24 09:57;7630.0;7717.99;SPXW  260924P07630000;0.25;0.3
2026-09-24 09:57;7635.0;7717.99;SPXW  260924P07635000;0.25;0.3
2026-09-24 09:57;7640.0;7717.99;SPXW  260924P07640000;0.3;0.35
2026-09-24 09:57;7645.0;7717.99;SPXW  260924P07645000;0.35;0.4
2026-09-24 09:57;7650.0;7717.99;SPXW  260924P07650000;0.45;0.5
2026-09-24 09:57;7655.0;7717.99;SPXW  260924P07655000;0.55;0.6
2026-09-24 09:57;7660.0;7717.99;SPXW  260924P07660000;0.7;0.75
2026-09-24 09:57;7665.0;7717.99;SPXW  260924P07665000;0.85;0.9
2026-09-24 09:57;7670.0;7717.99;SPXW  260924P07670000;1.15;1.2
2026-09-24 09:57;7675.0;7717.99;SPXW  260924P07675000;1.45;1.5
2026-09-24 09:57;7680.0;7717.99;SPXW  260924P07680000;1.9;1.95
2026-09-24 09:57;7685.0;7717.99;SPXW  260924P07685000;2.45;2.5
2026-09-24 09:57;7690.0;7717.99;SPXW  260924P07690000;3.1;3.2
2026-09-24 09:57;7695.0;7717.99;SPXW  260924P07695000;4.0;4.2
2026-09-24 09:57;7700.0;7717.99;SPXW  260924P07700000;5.2;5.3
2026-09-24 09:57;7705.0;7717.99;SPXW  260924P07705000;6.7;6.8
2026-09-24 09:57;7710.0;7717.99;SPXW  260924P07710000;8.5;8.6
2026-09-24 09:57;7715.0;7717.99;SPXW  260924P07715000;10.6;10.7
2026-09-24 09:57;7720.0;7717.99;SPXW  260924P07720000;13.1;13.3
2026-09-24 09:57;7725.0;7717.99;SPXW  260924P07725000;16.0;16.2
2026-09-24 09:57;7730.0;7717.99;SPXW  260924P07730000;19.3;19.5
2026-09-24 09:57;7735.0;7717.99;SPXW  260924P07735000;22.9;23.2
2026-09-24 09:57;7740.0;7717.99;SPXW  260924P07740000;26.9;27.1
2026-09-24 09:57;7745.0;7717.99;SPXW  260924P07745000;31.0;31.3
2026-09-24 09:57;7750.0;7717.99;SPXW  260924P07750000;35.4;35.6
2026-09-24 09:57;7755.0;7717.99;SPXW  260924P07755000;39.9;40.2
2026-09-24 09:57;7760.0;7717.99;SPXW  260924P07760000;44.5;44.9
2026-09-24 09:57;7765.0;7717.99;SPXW  260924P07765000;49.2;49.6
2026-09-24 09:57;7770.0;7717.99;SPXW  260924P07770000;54.0;54.4
2026-09-24 09:57;7775.0;7717.99;SPXW  260924P07775000;58.9;59.3
2026-09-24 09:57;7780.0;7717.99;SPXW  260924P07780000;63.8;64.2
2026-09-24 09:57;7785.0;7717.99;SPXW  260924P07785000;68.7;69.1
2026-09-24 09:57;7790.0;7717.99;SPXW  260924P07790000;73.6;74.0
2026-09-24 09:57;7795.0;7717.99;SPXW  260924P07795000;78.6;79.0
2026-09-24 09:57;7800.0;7717.99;SPXW  260924P07800000;83.5;84.0
2026-09-24 09:57;7805.0;7717.99;SPXW  260924P07805000;88.5;88.9
2026-09-24 09:57;7810.0;7717.99;SPXW  260924P07810000;93.5;93.9
2026-09-24 09:57;7815.0;7717.99;SPXW  260924P07815000;98.5;98.9
2026-09-24 09:57;7820.0;7717.99;SPXW  260924P07820000;103.5;103.9
2026-09-24 09:57;7825.0;7717.99;SPXW  260924P07825000;108.4;108.8
2026-09-24 09:57;7830.0;7717.99;SPXW  260924P07830000;113.4;113.8
2026-09-24 09:57;7835.0;7717.99;SPXW  260924P07835000;118.0;119.1
2026-09-24 09:57;7840.0;7717.99;SPXW  260924P07840000;123.0;124.1
2026-09-24 09:57;7845.0;7717.99;SPXW  260924P07845000;128.0;129.1
2026-09-24 09:57;7850.0;7717.99;SPXW  260924P07850000;132.9;134.0
2026-09-24 09:57;7855.0;7717.99;SPXW  260924P07855000;137.9;139.0
2026-09-24 09:57;7860.0;7717.99;SPXW  260924P07860000;143.0;144.0
2026-09-24 09:57;7865.0;7717.99;SPXW  260924P07865000;148.0;149.0
2026-09-24 09:57;7870.0;7717.99;SPXW  260924P07870000;149.6;156.9
2026-09-24 09:57;7875.0;7717.99;SPXW  260924P07875000;154.6;161.9
2026-09-24 09:57;7880.0;7717.99;SPXW  260924P07880000;159.6;166.9
2026-09-24 09:57;7885.0;7717.99;SPXW  260924P07885000;164.6;171.9
2026-09-24 09:57;7890.0;7717.99;SPXW  260924P07890000;169.6;176.9
2026-09-24 09:57;7895.0;7717.99;SPXW  260924P07895000;174.6;181.9
2026-09-24 09:57;7900.0;7717.99;SPXW  260924P07900000;182.6;184.3
2026-09-24 09:57;7905.0;7717.99;SPXW  260924P07905000;184.6;191.9
2026-09-24 09:57;7910.0;7717.99;SPXW  260924P07910000;189.5;197.0
2026-09-24 09:57;7915.0;7717.99;SPXW  260924P07915000;194.5;201.9
2026-09-24 09:57;7920.0;7717.99;SPXW  260924P07920000;196.8;210.4
2026-09-24 09:57;7925.0;7717.99;SPXW  260924P07925000;201.8;215.4
2026-09-24 09:57;7930.0;7717.99;SPXW  260924P07930000;206.9;219.4
2026-09-24 09:57;7935.0;7717.99;SPXW  260924P07935000;217.8;219.3
2026-09-24 09:57;7940.0;7717.99;SPXW  260924P07940000;211.8;232.8
2026-09-24 09:57;7945.0;7717.99;SPXW  260924P07945000;216.8;237.8
2026-09-24 09:57;7950.0;7717.99;SPXW  260924P07950000;222.2;242.9
2026-09-24 09:57;7955.0;7717.99;SPXW  260924P07955000;227.3;247.8
2026-09-24 09:57;7960.0;7717.99;SPXW  260924P07960000;233.5;252.8
2026-09-24 09:57;7965.0;7717.99;SPXW  260924P07965000;237.3;257.8
2026-09-24 12:14;7455.0;7703.72;SPXW  260924C07455000;238.9;258.6
2026-09-24 12:14;7460.0;7703.72;SPXW  260924C07460000;233.9;253.3
2026-09-24 12:14;7465.0;7703.72;SPXW  260924C07465000;228.9;248.3
2026-09-24 12:14;7470.0;7703.72;SPXW  260924C07470000;225.1;243.7
2026-09-24 12:14;7475.0;7703.72;SPXW  260924C07475000;218.9;238.6
2026-09-24 12:14;7480.0;7703.72;SPXW  260924C07480000;213.9;233.8
2026-09-24 12:14;7485.0;7703.72;SPXW  260924C07485000;210.0;228.7
2026-09-24 12:14;7490.0;7703.72;SPXW  260924C07490000;207.4;220.7
2026-09-24 12:14;7495.0;7703.72;SPXW  260924C07495000;202.0;215.7
2026-09-24 12:14;7500.0;7703.72;SPXW  260924C07500000;196.7;210.4
2026-09-24 12:14;7505.0;7703.72;SPXW  260924C07505000;195.0;202.6
2026-09-24 12:14;7510.0;7703.72;SPXW  260924C07510000;190.3;197.4
2026-09-24 12:14;7515.0;7703.72;SPXW  260924C07515000;185.3;192.1
2026-09-24 12:14;7520.0;7703.72;SPXW  260924C07520000;180.3;187.2
2026-09-24 12:14;7525.0;7703.72;SPXW  260924C07525000;175.3;182.1
2026-09-24 12:14;7530.0;7703.72;SPXW  260924C07530000;170.3;177.3
2026-09-24 12:14;7535.0;7703.72;SPXW  260924C07535000;165.3;172.2
2026-09-24 12:14;7540.0;7703.72;SPXW  260924C07540000;160.3;167.4
2026-09-24 12:14;7545.0;7703.72;SPXW  260924C07545000;155.3;162.4
2026-09-24 12:14;7550.0;7703.72;SPXW  260924C07550000;150.3;157.5
2026-09-24 12:14;7555.0;7703.72;SPXW  260924C07555000;145.1;152.2
2026-09-24 12:14;7560.0;7703.72;SPXW  260924C07560000;140.1;147.3
2026-09-24 12:14;7565.0;7703.72;SPXW  260924C07565000;135.3;142.4
2026-09-24 12:14;7570.0;7703.72;SPXW  260924C07570000;129.9;137.5
2026-09-24 12:14;7575.0;7703.72;SPXW  260924C07575000;124.9;132.5
2026-09-24 12:14;7580.0;7703.72;SPXW  260924C07580000;119.9;127.4
2026-09-24 12:14;7585.0;7703.72;SPXW  260924C07585000;114.9;122.1
2026-09-24 12:14;7590.0;7703.72;SPXW  260924C07590000;109.9;117.1
2026-09-24 12:14;7595.0;7703.72;SPXW  260924C07595000;105.3;112.4
2026-09-24 12:14;7600.0;7703.72;SPXW  260924C07600000;103.0;104.1
2026-09-24 12:14;7605.0;7703.72;SPXW  260924C07605000;97.8;98.8
2026-09-24 12:14;7610.0;7703.72;SPXW  260924C07610000;92.8;93.8
2026-09-24 12:14;7615.0;7703.72;SPXW  260924C07615000;87.9;88.8
2026-09-24 12:14;7620.0;7703.72;SPXW  260924C07620000;83.0;83.9
2026-09-24 12:14;7625.0;7703.72;SPXW  260924C07625000;78.0;78.9
2026-09-24 12:14;7630.0;7703.72;SPXW  260924C07630000;73.0;73.9
2026-09-24 12:14;7635.0;7703.72;SPXW  260924C07635000;68.1;68.9
2026-09-24 12:14;7640.0;7703.72;SPXW  260924C07640000;63.4;63.8
2026-09-24 12:14;7645.0;7703.72;SPXW  260924C07645000;58.4;58.8
2026-09-24 12:14;7650.0;7703.72;SPXW  260924C07650000;53.4;53.8
2026-09-24 12:14;7655.0;7703.72;SPXW  260924C07655000;48.5;48.8
2026-09-24 12:14;7660.0;7703.72;SPXW  260924C07660000;43.5;43.8
2026-09-24 12:14;7665.0;7703.72;SPXW  260924C07665000;38.5;38.8
2026-09-24 12:14;7670.0;7703.72;SPXW  260924C07670000;33.6;33.9
2026-09-24 12:14;7675.0;7703.72;SPXW  260924C07675000;28.7;29.0
2026-09-24 12:14;7680.0;7703.72;SPXW  260924C07680000;23.8;24.1
2026-09-24 12:14;7685.0;7703.72;SPXW  260924C07685000;19.1;19.4
2026-09-24 12:14;7690.0;7703.72;SPXW  260924C07690000;14.7;14.9
2026-09-24 12:14;7695.0;7703.72;SPXW  260924C07695000;10.6;10.8
2026-09-24 12:14;7700.0;7703.72;SPXW  260924C07700000;7.2;7.3
2026-09-24 12:14;7705.0;7703.72;SPXW  260924C07705000;4.5;4.6
2026-09-24 12:14;7710.0;7703.72;SPXW  260924C07710000;2.6;2.65
2026-09-24 12:14;7715.0;7703.72;SPXW  260924C07715000;1.4;1.45
2026-09-24 12:14;7720.0;7703.72;SPXW  260924C07720000;0.75;0.8
2026-09-24 12:14;7725.0;7703.72;SPXW  260924C07725000;0.4;0.45
2026-09-24 12:14;7730.0;7703.72;SPXW  260924C07730000;0.25;0.3
2026-09-24 12:14;7735.0;7703.72;SPXW  260924C07735000;0.15;0.2
2026-09-24 12:14;7740.0;7703.72;SPXW  260924C07740000;0.1;0.15
2026-09-24 12:14;7745.0;7703.72;SPXW  260924C07745000;0.1;0.15
2026-09-24 12:14;7750.0;7703.72;SPXW  260924C07750000;0.05;0.1
2026-09-24 12:14;7755.0;7703.72;SPXW  260924C07755000;0.05;0.1
2026-09-24 12:14;7760.0;7703.72;SPXW  260924C07760000;0.05;0.1
2026-09-24 12:14;7765.0;7703.72;SPXW  260924C07765000;0.05;0.1
2026-09-24 12:14;7770.0;7703.72;SPXW  260924C07770000;0.0;0.1
2026-09-24 12:14;7775.0;7703.72;SPXW  260924C07775000;0.0;0.05
2026-09-24 12:14;7780.0;7703.72;SPXW  260924C07780000;0.0;0.05
2026-09-24 12:14;7785.0;7703.72;SPXW  260924C07785000;0.0;0.05
2026-09-24 12:14;7790.0;7703.72;SPXW  260924C07790000;0.0;0.05
2026-09-24 12:14;7795.0;7703.72;SPXW  260924C07795000;0.0;0.05
2026-09-24 12:14;7800.0;7703.72;SPXW  260924C07800000;0.0;0.05
2026-09-24 12:14;7805.0;7703.72;SPXW  260924C07805000;0.0;0.05
2026-09-24 12:14;7810.0;7703.72;SPXW  260924C07810000;0.0;0.05
2026-09-24 12:14;7815.0;7703.72;SPXW  260924C07815000;0.0;0.05
2026-09-24 12:14;7820.0;7703.72;SPXW  260924C07820000;0.0;0.05
2026-09-24 12:14;7825.0;7703.72;SPXW  260924C07825000;0.0;0.05
2026-09-24 12:14;7830.0;7703.72;SPXW  260924C07830000;0.0;0.05
2026-09-24 12:14;7835.0;7703.72;SPXW  260924C07835000;0.0;0.05
2026-09-24 12:14;7840.0;7703.72;SPXW  260924C07840000;0.0;0.05
2026-09-24 12:14;7845.0;7703.72;SPXW  260924C07845000;0.0;0.05
2026-09-24 12:14;7850.0;7703.72;SPXW  260924C07850000;0.0;0.05
2026-09-24 12:14;7855.0;7703.72;SPXW  260924C07855000;0.0;0.05
2026-09-24 12:14;7860.0;7703.72;SPXW  260924C07860000;0.0;0.05
2026-09-24 12:14;7865.0;7703.72;SPXW  260924C07865000;0.0;0.05
2026-09-24 12:14;7870.0;7703.72;SPXW  260924C07870000;0.0;0.05
2026-09-24 12:14;7875.0;7703.72;SPXW  260924C07875000;0.0;0.05
2026-09-24 12:14;7880.0;7703.72;SPXW  260924C07880000;0.0;0.05
2026-09-24 12:14;7885.0;7703.72;SPXW  260924C07885000;0.0;0.05
2026-09-24 12:14;7890.0;7703.72;SPXW  260924C07890000;0.0;0.05
2026-09-24 12:14;7895.0;7703.72;SPXW  260924C07895000;0.0;0.05
2026-09-24 12:14;7900.0;7703.72;SPXW  260924C07900000;0.0;0.05
2026-09-24 12:14;7905.0;7703.72;SPXW  260924C07905000;0.0;0.05
2026-09-24 12:14;7910.0;7703.72;SPXW  260924C07910000;0.0;0.05
2026-09-24 12:14;7915.0;7703.72;SPXW  260924C07915000;0.0;0.05
2026-09-24 12:14;7920.0;7703.72;SPXW  260924C07920000;0.0;0.05
2026-09-24 12:14;7925.0;7703.72;SPXW  260924C07925000;0.0;0.05
2026-09-24 12:14;7930.0;7703.72;SPXW  260924C07930000;0.0;0.05
2026-09-24 12:14;7935.0;7703.72;SPXW  260924C07935000;0.0;0.05
2026-09-24 12:14;7940.0;7703.72;SPXW  260924C07940000;0.0;0.05
2026-09-24 12:14;7945.0;7703.72;SPXW  260924C07945000;0.0;0.05
2026-09-24 12:14;7950.0;7703.72;SPXW  260924C07950000;0.0;0.05
2026-09-24 12:14;7455.0;7703.72;SPXW  260924P07455000;0.0;0.05
2026-09-24 12:14;7460.0;7703.72;SPXW  260924P07460000;0.0;0.05
2026-09-24 12:14;7465.0;7703.72;SPXW  260924P07465000;0.0;0.05
2026-09-24 12:14;7470.0;7703.72;SPXW  260924P07470000;0.0;0.05
2026-09-24 12:14;7475.0;7703.72;SPXW  260924P07475000;0.0;0.05
2026-09-24 12:14;7480.0;7703.72;SPXW  260924P07480000;0.0;0.05
2026-09-24 12:14;7485.0;7703.72;SPXW  260924P07485000;0.0;0.05
2026-09-24 12:14;7490.0;7703.72;SPXW  260924P07490000;0.0;0.05
2026-09-24 12:14;7495.0;7703.72;SPXW  260924P07495000;0.0;0.05
2026-09-24 12:14;7500.0;7703.72;SPXW  260924P07500000;0.0;0.05
2026-09-24 12:14;7505.0;7703.72;SPXW  260924P07505000;0.0;0.05
2026-09-24 12:14;7510.0;7703.72;SPXW  260924P07510000;0.0;0.05
2026-09-24 12:14;7515.0;7703.72;SPXW  260924P07515000;0.0;0.05
2026-09-24 12:14;7520.0;7703.72;SPXW  260924P07520000;0.0;0.05
2026-09-24 12:14;7525.0;7703.72;SPXW  260924P07525000;0.0;0.05
2026-09-24 12:14;7530.0;7703.72;SPXW  260924P07530000;0.0;0.05
2026-09-24 12:14;7535.0;7703.72;SPXW  260924P07535000;0.0;0.05
2026-09-24 12:14;7540.0;7703.72;SPXW  260924P07540000;0.0;0.05
2026-09-24 12:14;7545.0;7703.72;SPXW  260924P07545000;0.0;0.05
2026-09-24 12:14;7550.0;7703.72;SPXW  260924P07550000;0.0;0.05
2026-09-24 12:14;7555.0;7703.72;SPXW  260924P07555000;0.05;0.1
2026-09-24 12:14;7560.0;7703.72;SPXW  260924P07560000;0.05;0.1
2026-09-24 12:14;7565.0;7703.72;SPXW  260924P07565000;0.05;0.1
2026-09-24 12:14;7570.0;7703.72;SPXW  260924P07570000;0.05;0.1
2026-09-24 12:14;7575.0;7703.72;SPXW  260924P07575000;0.05;0.1
2026-09-24 12:14;7580.0;7703.72;SPXW  260924P07580000;0.05;0.1
2026-09-24 12:14;7585.0;7703.72;SPXW  260924P07585000;0.05;0.1
2026-09-24 12:14;7590.0;7703.72;SPXW  260924P07590000;0.05;0.1
2026-09-24 12:14;7595.0;7703.72;SPXW  260924P07595000;0.05;0.1
2026-09-24 12:14;7600.0;7703.72;SPXW  260924P07600000;0.05;0.1
2026-09-24 12:14;7605.0;7703.72;SPXW  260924P07605000;0.05;0.1
2026-09-24 12:14;7610.0;7703.72;SPXW  260924P07610000;0.05;0.1
2026-09-24 12:14;7615.0;7703.72;SPXW  260924P07615000;0.05;0.1
2026-09-24 12:14;7620.0;7703.72;SPXW  260924P07620000;0.05;0.1
2026-09-24 12:14;7625.0;7703.72;SPXW  260924P07625000;0.05;0.15
2026-09-24 12:14;7630.0;7703.72;SPXW  260924P07630000;0.1;0.15
2026-09-24 12:14;7635.0;7703.72;SPXW  260924P07635000;0.1;0.15
2026-09-24 12:14;7640.0;7703.72;SPXW  260924P07640000;0.1;0.15
2026-09-24 12:14;7645.0;7703.72;SPXW  260924P07645000;0.1;0.15
2026-09-24 12:14;7650.0;7703.72;SPXW  260924P07650000;0.1;0.15
2026-09-24 12:14;7655.0;7703.72;SPXW  260924P07655000;0.1;0.15
2026-09-24 12:14;7660.0;7703.72;SPXW  260924P07660000;0.15;0.2
2026-09-24 12:14;7665.0;7703.72;SPXW  260924P07665000;0.2;0.25
2026-09-24 12:14;7670.0;7703.72;SPXW  260924P07670000;0.25;0.3
2026-09-24 12:14;7675.0;7703.72;SPXW  260924P07675000;0.3;0.4
2026-09-24 12:14;7680.0;7703.72;SPXW  260924P07680000;0.5;0.55
2026-09-24 12:14;7685.0;7703.72;SPXW  260924P07685000;0.75;0.8
2026-09-24 12:14;7690.0;7703.72;SPXW  260924P07690000;1.3;1.35
2026-09-24 12:14;7695.0;7703.72;SPXW  260924P07695000;2.25;2.3
2026-09-24 12:14;7700.0;7703.72;SPXW  260924P07700000;3.7;3.8
2026-09-24 12:14;7705.0;7703.72;SPXW  260924P07705000;6.0;6.1
2026-09-24 12:14;7710.0;7703.72;SPXW  260924P07710000;9.1;9.2
2026-09-24 12:14;7715.0;7703.72;SPXW  260924P07715000;12.9;13.1
2026-09-24 12:14;7720.0;7703.72;SPXW  260924P07720000;17.2;17.4
2026-09-24 12:14;7725.0;7703.72;SPXW  260924P07725000;21.9;22.2
2026-09-24 12:14;7730.0;7703.72;SPXW  260924P07730000;26.7;27.0
2026-09-24 12:14;7735.0;7703.72;SPXW  260924P07735000;31.6;31.9
2026-09-24 12:14;7740.0;7703.72;SPXW  260924P07740000;36.6;36.9
2026-09-24 12:14;7745.0;7703.72;SPXW  260924P07745000;41.5;41.9
2026-09-24 12:14;7750.0;7703.72;SPXW  260924P07750000;46.5;46.8
2026-09-24 12:14;7755.0;7703.72;SPXW  260924P07755000;51.5;51.8
2026-09-24 12:14;7760.0;7703.72;SPXW  260924P07760000;56.3;57.2
2026-09-24 12:14;7765.0;7703.72;SPXW  260924P07765000;61.3;62.2
2026-09-24 12:14;7770.0;7703.72;SPXW  260924P07770000;66.3;67.2
2026-09-24 12:14;7775.0;7703.72;SPXW  260924P07775000;71.2;72.2
2026-09-24 12:14;7780.0;7703.72;SPXW  260924P07780000;76.2;77.1
2026-09-24 12:14;7785.0;7703.72;SPXW  260924P07785000;81.2;82.2
2026-09-24 12:14;7790.0;7703.72;SPXW  260924P07790000;86.2;87.2
2026-09-24 12:14;7795.0;7703.72;SPXW  260924P07795000;91.2;92.2
2026-09-24 12:14;7800.0;7703.72;SPXW  260924P07800000;96.2;97.2
2026-09-24 12:14;7805.0;7703.72;SPXW  260924P07805000;101.1;102.2
2026-09-24 12:14;7810.0;7703.72;SPXW  260924P07810000;106.1;107.2
2026-09-24 12:14;7815.0;7703.72;SPXW  260924P07815000;107.7;114.8
2026-09-24 12:14;7820.0;7703.72;SPXW  260924P07820000;116.1;117.2
2026-09-24 12:14;7825.0;7703.72;SPXW  260924P07825000;121.1;122.2
2026-09-24 12:14;7830.0;7703.72;SPXW  260924P07830000;122.8;130.2
2026-09-24 12:14;7835.0;7703.72;SPXW  260924P07835000;127.6;135.2
2026-09-24 12:14;7840.0;7703.72;SPXW  260924P07840000;132.6;140.2
2026-09-24 12:14;7845.0;7703.72;SPXW  260924P07845000;137.8;145.2
2026-09-24 12:14;7850.0;7703.72;SPXW  260924P07850000;146.1;147.2
2026-09-24 12:14;7855.0;7703.72;SPXW  260924P07855000;147.6;155.2
2026-09-24 12:14;7860.0;7703.72;SPXW  260924P07860000;152.8;160.2
2026-09-24 12:14;7865.0;7703.72;SPXW  260924P07865000;157.6;165.2
2026-09-24 12:14;7870.0;7703.72;SPXW  260924P07870000;162.6;170.2
2026-09-24 12:14;7875.0;7703.72;SPXW  260924P07875000;167.8;175.2
2026-09-24 12:14;7880.0;7703.72;SPXW  260924P07880000;172.6;180.2
2026-09-24 12:14;7885.0;7703.72;SPXW  260924P07885000;177.6;185.2
2026-09-24 12:14;7890.0;7703.72;SPXW  260924P07890000;182.8;190.2
2026-09-24 12:14;7895.0;7703.72;SPXW  260924P07895000;187.6;195.2
2026-09-24 12:14;7900.0;7703.72;SPXW  260924P07900000;196.1;197.1
2026-09-24 12:14;7905.0;7703.72;SPXW  260924P07905000;194.5;208.2
2026-09-24 12:14;7910.0;7703.72;SPXW  260924P07910000;199.5;213.2
2026-09-24 12:14;7915.0;7703.72;SPXW  260924P07915000;204.5;218.2
2026-09-24 12:14;7920.0;7703.72;SPXW  260924P07920000;209.3;223.0
2026-09-24 12:14;7925.0;7703.72;SPXW  260924P07925000;211.7;231.1
2026-09-24 12:14;7930.0;7703.72;SPXW  260924P07930000;216.8;236.1
2026-09-24 12:14;7935.0;7703.72;SPXW  260924P07935000;231.1;232.1
2026-09-24 12:14;7940.0;7703.72;SPXW  260924P07940000;226.8;246.1
2026-09-24 12:14;7945.0;7703.72;SPXW  260924P07945000;230.6;251.1
2026-09-24 12:14;7950.0;7703.72;SPXW  260924P07950000;236.3;256.1
2026-09-24 12:19;7460.0;7706.74;SPXW  260924C07460000;246.0;247.1
2026-09-24 12:19;7465.0;7706.74;SPXW  260924C07465000;241.0;242.1
2026-09-24 12:19;7470.0;7706.74;SPXW  260924C07470000;236.0;237.1
2026-09-24 12:19;7475.0;7706.74;SPXW  260924C07475000;231.0;232.1
2026-09-24 12:19;7480.0;7706.74;SPXW  260924C07480000;226.0;227.1
2026-09-24 12:19;7485.0;7706.74;SPXW  260924C07485000;221.0;222.1
2026-09-24 12:19;7490.0;7706.74;SPXW  260924C07490000;216.0;217.1
2026-09-24 12:19;7495.0;7706.74;SPXW  260924C07495000;211.0;212.1
2026-09-24 12:19;7500.0;7706.74;SPXW  260924C07500000;200.4;212.9
2026-09-24 12:19;7505.0;7706.74;SPXW  260924C07505000;201.0;202.1
2026-09-24 12:19;7510.0;7706.74;SPXW  260924C07510000;196.0;197.1
2026-09-24 12:19;7515.0;7706.74;SPXW  260924C07515000;191.0;192.1
2026-09-24 12:19;7520.0;7706.74;SPXW  260924C07520000;186.0;187.1
2026-09-24 12:19;7525.0;7706.74;SPXW  260924C07525000;181.0;182.1
2026-09-24 12:19;7530.0;7706.74;SPXW  260924C07530000;176.0;177.1
2026-09-24 12:19;7535.0;7706.74;SPXW  260924C07535000;171.0;172.1
2026-09-24 12:19;7540.0;7706.74;SPXW  260924C07540000;166.0;167.1
2026-09-24 12:19;7545.0;7706.74;SPXW  260924C07545000;161.0;162.1
2026-09-24 12:19;7550.0;7706.74;SPXW  260924C07550000;156.0;157.1
2026-09-24 12:19;7555.0;7706.74;SPXW  260924C07555000;151.0;152.1
2026-09-24 12:19;7560.0;7706.74;SPXW  260924C07560000;146.0;147.1
2026-09-24 12:19;7565.0;7706.74;SPXW  260924C07565000;141.0;142.1
2026-09-24 12:19;7570.0;7706.74;SPXW  260924C07570000;136.0;137.1
2026-09-24 12:19;7575.0;7706.74;SPXW  260924C07575000;131.0;132.1
2026-09-24 12:19;7580.0;7706.74;SPXW  260924C07580000;126.0;127.1
2026-09-24 12:19;7585.0;7706.74;SPXW  260924C07585000;121.0;122.1
2026-09-24 12:19;7590.0;7706.74;SPXW  260924C07590000;116.0;117.1
2026-09-24 12:19;7595.0;7706.74;SPXW  260924C07595000;111.0;112.1
2026-09-24 12:19;7600.0;7706.74;SPXW  260924C07600000;106.0;107.1
2026-09-24 12:19;7605.0;7706.74;SPXW  260924C07605000;101.0;102.1
2026-09-24 12:19;7610.0;7706.74;SPXW  260924C07610000;96.0;97.0
2026-09-24 12:19;7615.0;7706.74;SPXW  260924C07615000;91.1;92.0
2026-09-24 12:19;7620.0;7706.74;SPXW  260924C07620000;86.1;87.0
2026-09-24 12:19;7625.0;7706.74;SPXW  260924C07625000;81.1;82.0
2026-09-24 12:19;7630.0;7706.74;SPXW  260924C07630000;76.1;77.0
2026-09-24 12:19;7635.0;7706.74;SPXW  260924C07635000;71.1;72.0
2026-09-24 12:19;7640.0;7706.74;SPXW  260924C07640000;66.1;67.0
2026-09-24 12:19;7645.0;7706.74;SPXW  260924C07645000;61.1;62.0
2026-09-24 12:19;7650.0;7706.74;SPXW  260924C07650000;56.2;57.0
2026-09-24 12:19;7655.0;7706.74;SPXW  260924C07655000;51.2;52.0
2026-09-24 12:19;7660.0;7706.74;SPXW  260924C07660000;46.5;46.8
2026-09-24 12:19;7665.0;7706.74;SPXW  260924C07665000;41.5;41.8
2026-09-24 12:19;7670.0;7706.74;SPXW  260924C07670000;36.5;36.8
2026-09-24 12:19;7675.0;7706.74;SPXW  260924C07675000;31.6;31.9
2026-09-24 12:19;7680.0;7706.74;SPXW  260924C07680000;26.6;27.0
2026-09-24 12:19;7685.0;7706.74;SPXW  260924C07685000;21.8;22.1
2026-09-24 12:19;7690.0;7706.74;SPXW  260924C07690000;17.2;17.4
2026-09-24 12:19;7695.0;7706.74;SPXW  260924C07695000;12.7;12.9
2026-09-24 12:19;7700.0;7706.74;SPXW  260924C07700000;8.9;9.0
2026-09-24 12:19;7705.0;7706.74;SPXW  260924C07705000;5.7;5.8
2026-09-24 12:19;7710.0;7706.74;SPXW  260924C07710000;3.3;3.4
2026-09-24 12:19;7715.0;7706.74;SPXW  260924C07715000;1.8;1.85
2026-09-24 12:19;7720.0;7706.74;SPXW  260924C07720000;0.95;1.0
2026-09-24 12:19;7725.0;7706.74;SPXW  260924C07725000;0.5;0.55
2026-09-24 12:19;7730.0;7706.74;SPXW  260924C07730000;0.3;0.35
2026-09-24 12:19;7735.0;7706.74;SPXW  260924C07735000;0.15;0.25
2026-09-24 12:19;7740.0;7706.74;SPXW  260924C07740000;0.15;0.2
2026-09-24 12:19;7745.0;7706.74;SPXW  260924C07745000;0.1;0.15
2026-09-24 12:19;7750.0;7706.74;SPXW  260924C07750000;0.1;0.15
2026-09-24 12:19;7755.0;7706.74;SPXW  260924C07755000;0.05;0.1
2026-09-24 12:19;7760.0;7706.74;SPXW  260924C07760000;0.05;0.1
2026-09-24 12:19;7765.0;7706.74;SPXW  260924C07765000;0.05;0.1
2026-09-24 12:19;7770.0;7706.74;SPXW  260924C07770000;0.05;0.1
2026-09-24 12:19;7775.0;7706.74;SPXW  260924C07775000;0.0;0.1
2026-09-24 12:19;7780.0;7706.74;SPXW  260924C07780000;0.0;0.05
2026-09-24 12:19;7785.0;7706.74;SPXW  260924C07785000;0.0;0.05
2026-09-24 12:19;7790.0;7706.74;SPXW  260924C07790000;0.0;0.05
2026-09-24 12:19;7795.0;7706.74;SPXW  260924C07795000;0.0;0.05
2026-09-24 12:19;7800.0;7706.74;SPXW  260924C07800000;0.0;0.05
2026-09-24 12:19;7805.0;7706.74;SPXW  260924C07805000;0.0;0.05
2026-09-24 12:19;7810.0;7706.74;SPXW  260924C07810000;0.0;0.05
2026-09-24 12:19;7815.0;7706.74;SPXW  260924C07815000;0.0;0.05
2026-09-24 12:19;7820.0;7706.74;SPXW  260924C07820000;0.0;0.05
2026-09-24 12:19;7825.0;7706.74;SPXW  260924C07825000;0.0;0.05
2026-09-24 12:19;7830.0;7706.74;SPXW  260924C07830000;0.0;0.05
2026-09-24 12:19;7835.0;7706.74;SPXW  260924C07835000;0.0;0.05
2026-09-24 12:19;7840.0;7706.74;SPXW  260924C07840000;0.0;0.05
2026-09-24 12:19;7845.0;7706.74;SPXW  260924C07845000;0.0;0.05
2026-09-24 12:19;7850.0;7706.74;SPXW  260924C07850000;0.0;0.05
2026-09-24 12:19;7855.0;7706.74;SPXW  260924C07855000;0.0;0.05
2026-09-24 12:19;7860.0;7706.74;SPXW  260924C07860000;0.0;0.05
2026-09-24 12:19;7865.0;7706.74;SPXW  260924C07865000;0.0;0.05
2026-09-24 12:19;7870.0;7706.74;SPXW  260924C07870000;0.0;0.05
2026-09-24 12:19;7875.0;7706.74;SPXW  260924C07875000;0.0;0.05
2026-09-24 12:19;7880.0;7706.74;SPXW  260924C07880000;0.0;0.05
2026-09-24 12:19;7885.0;7706.74;SPXW  260924C07885000;0.0;0.05
2026-09-24 12:19;7890.0;7706.74;SPXW  260924C07890000;0.0;0.05
2026-09-24 12:19;7895.0;7706.74;SPXW  260924C07895000;0.0;0.05
2026-09-24 12:19;7900.0;7706.74;SPXW  260924C07900000;0.0;0.05
2026-09-24 12:19;7905.0;7706.74;SPXW  260924C07905000;0.0;0.05
2026-09-24 12:19;7910.0;7706.74;SPXW  260924C07910000;0.0;0.05
2026-09-24 12:19;7915.0;7706.74;SPXW  260924C07915000;0.0;0.05
2026-09-24 12:19;7920.0;7706.74;SPXW  260924C07920000;0.0;0.05
2026-09-24 12:19;7925.0;7706.74;SPXW  260924C07925000;0.0;0.05
2026-09-24 12:19;7930.0;7706.74;SPXW  260924C07930000;0.0;0.05
2026-09-24 12:19;7935.0;7706.74;SPXW  260924C07935000;0.0;0.05
2026-09-24 12:19;7940.0;7706.74;SPXW  260924C07940000;0.0;0.05
2026-09-24 12:19;7945.0;7706.74;SPXW  260924C07945000;0.0;0.05
2026-09-24 12:19;7950.0;7706.74;SPXW  260924C07950000;0.0;0.05
2026-09-24 12:19;7955.0;7706.74;SPXW  260924C07955000;0.0;0.05
2026-09-24 12:19;7460.0;7706.74;SPXW  260924P07460000;0.0;0.05
2026-09-24 12:19;7465.0;7706.74;SPXW  260924P07465000;0.0;0.05
2026-09-24 12:19;7470.0;7706.74;SPXW  260924P07470000;0.0;0.05
2026-09-24 12:19;7475.0;7706.74;SPXW  260924P07475000;0.0;0.05
2026-09-24 12:19;7480.0;7706.74;SPXW  260924P07480000;0.0;0.05
2026-09-24 12:19;7485.0;7706.74;SPXW  260924P07485000;0.0;0.05
2026-09-24 12:19;7490.0;7706.74;SPXW  260924P07490000;0.0;0.05
2026-09-24 12:19;7495.0;7706.74;SPXW  260924P07495000;0.0;0.05
2026-09-24 12:19;7500.0;7706.74;SPXW  260924P07500000;0.0;0.05
2026-09-24 12:19;7505.0;7706.74;SPXW  260924P07505000;0.0;0.05
2026-09-24 12:19;7510.0;7706.74;SPXW  260924P07510000;0.0;0.05
2026-09-24 12:19;7515.0;7706.74;SPXW  260924P07515000;0.0;0.05
2026-09-24 12:19;7520.0;7706.74;SPXW  260924P07520000;0.0;0.05
2026-09-24 12:19;7525.0;7706.74;SPXW  260924P07525000;0.0;0.05
2026-09-24 12:19;7530.0;7706.74;SPXW  260924P07530000;0.0;0.05
2026-09-24 12:19;7535.0;7706.74;SPXW  260924P07535000;0.0;0.05
2026-09-24 12:19;7540.0;7706.74;SPXW  260924P07540000;0.0;0.05
2026-09-24 12:19;7545.0;7706.74;SPXW  260924P07545000;0.0;0.05
2026-09-24 12:19;7550.0;7706.74;SPXW  260924P07550000;0.0;0.05
2026-09-24 12:19;7555.0;7706.74;SPXW  260924P07555000;0.0;0.05
2026-09-24 12:19;7560.0;7706.74;SPXW  260924P07560000;0.0;0.05
2026-09-24 12:19;7565.0;7706.74;SPXW  260924P07565000;0.0;0.05
2026-09-24 12:19;7570.0;7706.74;SPXW  260924P07570000;0.0;0.05
2026-09-24 12:19;7575.0;7706.74;SPXW  260924P07575000;0.05;0.1
2026-09-24 12:19;7580.0;7706.74;SPXW  260924P07580000;0.05;0.1
2026-09-24 12:19;7585.0;7706.74;SPXW  260924P07585000;0.05;0.1
2026-09-24 12:19;7590.0;7706.74;SPXW  260924P07590000;0.05;0.1
2026-09-24 12:19;7595.0;7706.74;SPXW  260924P07595000;0.05;0.1
2026-09-24 12:19;7600.0;7706.74;SPXW  260924P07600000;0.05;0.1
2026-09-24 12:19;7605.0;7706.74;SPXW  260924P07605000;0.05;0.1
2026-09-24 12:19;7610.0;7706.74;SPXW  260924P07610000;0.05;0.1
2026-09-24 12:19;7615.0;7706.74;SPXW  260924P07615000;0.05;0.1
2026-09-24 12:19;7620.0;7706.74;SPXW  260924P07620000;0.05;0.1
2026-09-24 12:19;7625.0;7706.74;SPXW  260924P07625000;0.05;0.1
2026-09-24 12:19;7630.0;7706.74;SPXW  260924P07630000;0.05;0.1
2026-09-24 12:19;7635.0;7706.74;SPXW  260924P07635000;0.05;0.1
2026-09-24 12:19;7640.0;7706.74;SPXW  260924P07640000;0.05;0.1
2026-09-24 12:19;7645.0;7706.74;SPXW  260924P07645000;0.05;0.1
2026-09-24 12:19;7650.0;7706.74;SPXW  260924P07650000;0.1;0.15
2026-09-24 12:19;7655.0;7706.74;SPXW  260924P07655000;0.1;0.15
2026-09-24 12:19;7660.0;7706.74;SPXW  260924P07660000;0.1;0.15
2026-09-24 12:19;7665.0;7706.74;SPXW  260924P07665000;0.1;0.15
2026-09-24 12:19;7670.0;7706.74;SPXW  260924P07670000;0.15;0.2
2026-09-24 12:19;7675.0;7706.74;SPXW  260924P07675000;0.2;0.25
2026-09-24 12:19;7680.0;7706.74;SPXW  260924P07680000;0.3;0.35
2026-09-24 12:19;7685.0;7706.74;SPXW  260924P07685000;0.45;0.5
2026-09-24 12:19;7690.0;7706.74;SPXW  260924P07690000;0.8;0.85
2026-09-24 12:19;7695.0;7706.74;SPXW  260924P07695000;1.5;1.55
2026-09-24 12:19;7700.0;7706.74;SPXW  260924P07700000;2.7;2.75
2026-09-24 12:19;7705.0;7706.74;SPXW  260924P07705000;4.6;4.8
2026-09-24 12:19;7710.0;7706.74;SPXW  260924P07710000;7.4;7.6
2026-09-24 12:19;7715.0;7706.74;SPXW  260924P07715000;11.0;11.2
2026-09-24 12:19;7720.0;7706.74;SPXW  260924P07720000;15.2;15.4
2026-09-24 12:19;7725.0;7706.74;SPXW  260924P07725000;19.7;20.1
2026-09-24 12:19;7730.0;7706.74;SPXW  260924P07730000;24.5;24.9
2026-09-24 12:19;7735.0;7706.74;SPXW  260924P07735000;29.4;30.1
2026-09-24 12:19;7740.0;7706.74;SPXW  260924P07740000;34.4;35.0
2026-09-24 12:19;7745.0;7706.74;SPXW  260924P07745000;39.3;40.1
2026-09-24 12:19;7750.0;7706.74;SPXW  260924P07750000;44.3;45.0
2026-09-24 12:19;7755.0;7706.74;SPXW  260924P07755000;49.3;50.3
2026-09-24 12:19;7760.0;7706.74;SPXW  260924P07760000;54.1;55.3
2026-09-24 12:19;7765.0;7706.74;SPXW  260924P07765000;59.1;60.3
2026-09-24 12:19;7770.0;7706.74;SPXW  260924P07770000;64.1;65.3
2026-09-24 12:19;7775.0;7706.74;SPXW  260924P07775000;69.1;70.2
2026-09-24 12:19;7780.0;7706.74;SPXW  260924P07780000;74.1;75.3
2026-09-24 12:19;7785.0;7706.74;SPXW  260924P07785000;79.0;80.3
2026-09-24 12:19;7790.0;7706.74;SPXW  260924P07790000;83.9;85.2
2026-09-24 12:19;7795.0;7706.74;SPXW  260924P07795000;88.9;90.2
2026-09-24 12:19;7800.0;7706.74;SPXW  260924P07800000;93.9;95.2
2026-09-24 12:19;7805.0;7706.74;SPXW  260924P07805000;98.9;100.2
2026-09-24 12:19;7810.0;7706.74;SPXW  260924P07810000;103.9;107.6
2026-09-24 12:19;7815.0;7706.74;SPXW  260924P07815000;108.9;112.6
2026-09-24 12:19;7820.0;7706.74;SPXW  260924P07820000;113.9;118.5
2026-09-24 12:19;7825.0;7706.74;SPXW  260924P07825000;118.9;123.5
2026-09-24 12:19;7830.0;7706.74;SPXW  260924P07830000;123.9;125.4
2026-09-24 12:19;7835.0;7706.74;SPXW  260924P07835000;128.9;133.5
2026-09-24 12:19;7840.0;7706.74;SPXW  260924P07840000;133.9;135.4
2026-09-24 12:19;7845.0;7706.74;SPXW  260924P07845000;138.9;140.5
2026-09-24 12:19;7850.0;7706.74;SPXW  260924P07850000;143.9;145.5
2026-09-24 12:19;7855.0;7706.74;SPXW  260924P07855000;148.9;150.5
2026-09-24 12:19;7860.0;7706.74;SPXW  260924P07860000;153.9;155.5
2026-09-24 12:19;7865.0;7706.74;SPXW  260924P07865000;158.9;160.5
2026-09-24 12:19;7870.0;7706.74;SPXW  260924P07870000;163.9;165.5
2026-09-24 12:19;7875.0;7706.74;SPXW  260924P07875000;168.9;170.5
2026-09-24 12:19;7880.0;7706.74;SPXW  260924P07880000;173.9;175.5
2026-09-24 12:19;7885.0;7706.74;SPXW  260924P07885000;178.9;180.5
2026-09-24 12:19;7890.0;7706.74;SPXW  260924P07890000;183.9;185.5
2026-09-24 12:19;7895.0;7706.74;SPXW  260924P07895000;188.9;190.5
2026-09-24 12:19;7900.0;7706.74;SPXW  260924P07900000;190.6;197.1
2026-09-24 12:19;7905.0;7706.74;SPXW  260924P07905000;198.9;200.5
2026-09-24 12:19;7910.0;7706.74;SPXW  260924P07910000;203.9;205.5
2026-09-24 12:19;7915.0;7706.74;SPXW  260924P07915000;208.9;210.5
2026-09-24 12:19;7920.0;7706.74;SPXW  260924P07920000;213.9;215.5
2026-09-24 12:19;7925.0;7706.74;SPXW  260924P07925000;218.9;220.5
2026-09-24 12:19;7930.0;7706.74;SPXW  260924P07930000;223.9;225.5
2026-09-24 12:19;7935.0;7706.74;SPXW  260924P07935000;228.7;230.5
2026-09-24 12:19;7940.0;7706.74;SPXW  260924P07940000;233.9;235.5
2026-09-24 12:19;7945.0;7706.74;SPXW  260924P07945000;238.9;240.5
2026-09-24 12:19;7950.0;7706.74;SPXW  260924P07950000;243.9;245.5
2026-09-24 12:19;7955.0;7706.74;SPXW  260924P07955000;248.9;250.5
2026-09-24 12:23;7460.0;7706.59;SPXW  260924C07460000;236.1;253.3
2026-09-24 12:23;7465.0;7706.59;SPXW  260924C07465000;231.1;248.3
2026-09-24 12:23;7470.0;7706.59;SPXW  260924C07470000;226.0;243.7
2026-09-24 12:23;7475.0;7706.59;SPXW  260924C07475000;221.0;238.6
2026-09-24 12:23;7480.0;7706.59;SPXW  260924C07480000;216.0;233.8
2026-09-24 12:23;7485.0;7706.59;SPXW  260924C07485000;211.0;228.7
2026-09-24 12:23;7490.0;7706.59;SPXW  260924C07490000;209.4;223.1
2026-09-24 12:23;7495.0;7706.59;SPXW  260924C07495000;204.4;218.1
2026-09-24 12:23;7500.0;7706.59;SPXW  260924C07500000;205.5;206.7
2026-09-24 12:23;7505.0;7706.59;SPXW  260924C07505000;194.4;208.1
2026-09-24 12:23;7510.0;7706.59;SPXW  260924C07510000;195.5;196.7
2026-09-24 12:23;7515.0;7706.59;SPXW  260924C07515000;187.7;195.1
2026-09-24 12:23;7520.0;7706.59;SPXW  260924C07520000;182.7;189.8
2026-09-24 12:23;7525.0;7706.59;SPXW  260924C07525000;177.7;185.1
2026-09-24 12:23;7530.0;7706.59;SPXW  260924C07530000;172.7;180.1
2026-09-24 12:23;7535.0;7706.59;SPXW  260924C07535000;167.7;175.0
2026-09-24 12:23;7540.0;7706.59;SPXW  260924C07540000;162.7;170.1
2026-09-24 12:23;7545.0;7706.59;SPXW  260924C07545000;157.7;165.1
2026-09-24 12:23;7550.0;7706.59;SPXW  260924C07550000;155.5;156.7
2026-09-24 12:23;7555.0;7706.59;SPXW  260924C07555000;147.7;155.1
2026-09-24 12:23;7560.0;7706.59;SPXW  260924C07560000;145.5;146.7
2026-09-24 12:23;7565.0;7706.59;SPXW  260924C07565000;140.5;141.7
2026-09-24 12:23;7570.0;7706.59;SPXW  260924C07570000;135.5;136.7
2026-09-24 12:23;7575.0;7706.59;SPXW  260924C07575000;130.5;131.7
2026-09-24 12:23;7580.0;7706.59;SPXW  260924C07580000;125.5;126.7
2026-09-24 12:23;7585.0;7706.59;SPXW  260924C07585000;120.5;121.7
2026-09-24 12:23;7590.0;7706.59;SPXW  260924C07590000;115.5;116.7
2026-09-24 12:23;7595.0;7706.59;SPXW  260924C07595000;110.5;111.7
2026-09-24 12:23;7600.0;7706.59;SPXW  260924C07600000;105.5;106.7
2026-09-24 12:23;7605.0;7706.59;SPXW  260924C07605000;100.5;101.7
2026-09-24 12:23;7610.0;7706.59;SPXW  260924C07610000;95.5;96.5
2026-09-24 12:23;7615.0;7706.59;SPXW  260924C07615000;90.5;91.5
2026-09-24 12:23;7620.0;7706.59;SPXW  260924C07620000;85.6;86.5
2026-09-24 12:23;7625.0;7706.59;SPXW  260924C07625000;80.6;81.5
2026-09-24 12:23;7630.0;7706.59;SPXW  260924C07630000;75.6;76.5
2026-09-24 12:23;7635.0;7706.59;SPXW  260924C07635000;70.6;71.5
2026-09-24 12:23;7640.0;7706.59;SPXW  260924C07640000;65.6;66.5
2026-09-24 12:23;7645.0;7706.59;SPXW  260924C07645000;60.6;61.5
2026-09-24 12:23;7650.0;7706.59;SPXW  260924C07650000;55.7;56.5
2026-09-24 12:23;7655.0;7706.59;SPXW  260924C07655000;50.7;51.5
2026-09-24 12:23;7660.0;7706.59;SPXW  260924C07660000;46.0;46.3
2026-09-24 12:23;7665.0;7706.59;SPXW  260924C07665000;41.0;41.4
2026-09-24 12:23;7670.0;7706.59;SPXW  260924C07670000;36.1;36.4
2026-09-24 12:23;7675.0;7706.59;SPXW  260924C07675000;31.1;31.4
2026-09-24 12:23;7680.0;7706.59;SPXW  260924C07680000;26.2;26.5
2026-09-24 12:23;7685.0;7706.59;SPXW  260924C07685000;21.3;21.6
2026-09-24 12:23;7690.0;7706.59;SPXW  260924C07690000;16.6;16.8
2026-09-24 12:23;7695.0;7706.59;SPXW  260924C07695000;12.1;12.3
2026-09-24 12:23;7700.0;7706.59;SPXW  260924C07700000;8.2;8.4
2026-09-24 12:23;7705.0;7706.59;SPXW  260924C07705000;5.1;5.2
2026-09-24 12:23;7710.0;7706.59;SPXW  260924C07710000;2.8;2.9
2026-09-24 12:23;7715.0;7706.59;SPXW  260924C07715000;1.45;1.5
2026-09-24 12:23;7720.0;7706.59;SPXW  260924C07720000;0.7;0.75
2026-09-24 12:23;7725.0;7706.59;SPXW  260924C07725000;0.35;0.4
2026-09-24 12:23;7730.0;7706.59;SPXW  260924C07730000;0.2;0.25
2026-09-24 12:23;7735.0;7706.59;SPXW  260924C07735000;0.15;0.2
2026-09-24 12:23;7740.0;7706.59;SPXW  260924C07740000;0.1;0.15
2026-09-24 12:23;7745.0;7706.59;SPXW  260924C07745000;0.1;0.15
2026-09-24 12:23;7750.0;7706.59;SPXW  260924C07750000;0.05;0.1
2026-09-24 12:23;7755.0;7706.59;SPXW  260924C07755000;0.05;0.1
2026-09-24 12:23;7760.0;7706.59;SPXW  260924C07760000;0.05;0.1
2026-09-24 12:23;7765.0;7706.59;SPXW  260924C07765000;0.0;0.05
2026-09-24 12:23;7770.0;7706.59;SPXW  260924C07770000;0.0;0.05
2026-09-24 12:23;7775.0;7706.59;SPXW  260924C07775000;0.0;0.05
2026-09-24 12:23;7780.0;7706.59;SPXW  260924C07780000;0.0;0.05
2026-09-24 12:23;7785.0;7706.59;SPXW  260924C07785000;0.0;0.05
2026-09-24 12:23;7790.0;7706.59;SPXW  260924C07790000;0.0;0.05
2026-09-24 12:23;7795.0;7706.59;SPXW  260924C07795000;0.0;0.05
2026-09-24 12:23;7800.0;7706.59;SPXW  260924C07800000;0.0;0.05
2026-09-24 12:23;7805.0;7706.59;SPXW  260924C07805000;0.0;0.05
2026-09-24 12:23;7810.0;7706.59;SPXW  260924C07810000;0.0;0.05
2026-09-24 12:23;7815.0;7706.59;SPXW  260924C07815000;0.0;0.05
2026-09-24 12:23;7820.0;7706.59;SPXW  260924C07820000;0.0;0.05
2026-09-24 12:23;7825.0;7706.59;SPXW  260924C07825000;0.0;0.05
2026-09-24 12:23;7830.0;7706.59;SPXW  260924C07830000;0.0;0.05
2026-09-24 12:23;7835.0;7706.59;SPXW  260924C07835000;0.0;0.05
2026-09-24 12:23;7840.0;7706.59;SPXW  260924C07840000;0.0;0.05
2026-09-24 12:23;7845.0;7706.59;SPXW  260924C07845000;0.0;0.05
2026-09-24 12:23;7850.0;7706.59;SPXW  260924C07850000;0.0;0.05
2026-09-24 12:23;7855.0;7706.59;SPXW  260924C07855000;0.0;0.05
2026-09-24 12:23;7860.0;7706.59;SPXW  260924C07860000;0.0;0.05
2026-09-24 12:23;7865.0;7706.59;SPXW  260924C07865000;0.0;0.05
2026-09-24 12:23;7870.0;7706.59;SPXW  260924C07870000;0.0;0.05
2026-09-24 12:23;7875.0;7706.59;SPXW  260924C07875000;0.0;0.05
2026-09-24 12:23;7880.0;7706.59;SPXW  260924C07880000;0.0;0.05
2026-09-24 12:23;7885.0;7706.59;SPXW  260924C07885000;0.0;0.05
2026-09-24 12:23;7890.0;7706.59;SPXW  260924C07890000;0.0;0.05
2026-09-24 12:23;7895.0;7706.59;SPXW  260924C07895000;0.0;0.05
2026-09-24 12:23;7900.0;7706.59;SPXW  260924C07900000;0.0;0.05
2026-09-24 12:23;7905.0;7706.59;SPXW  260924C07905000;0.0;0.05
2026-09-24 12:23;7910.0;7706.59;SPXW  260924C07910000;0.0;0.05
2026-09-24 12:23;7915.0;7706.59;SPXW  260924C07915000;0.0;0.05
2026-09-24 12:23;7920.0;7706.59;SPXW  260924C07920000;0.0;0.05
2026-09-24 12:23;7925.0;7706.59;SPXW  260924C07925000;0.0;0.05
2026-09-24 12:23;7930.0;7706.59;SPXW  260924C07930000;0.0;0.05
2026-09-24 12:23;7935.0;7706.59;SPXW  260924C07935000;0.0;0.05
2026-09-24 12:23;7940.0;7706.59;SPXW  260924C07940000;0.0;0.05
2026-09-24 12:23;7945.0;7706.59;SPXW  260924C07945000;0.0;0.05
2026-09-24 12:23;7950.0;7706.59;SPXW  260924C07950000;0.0;0.05
2026-09-24 12:23;7955.0;7706.59;SPXW  260924C07955000;0.0;0.05
2026-09-24 12:23;7460.0;7706.59;SPXW  260924P07460000;0.0;0.05
2026-09-24 12:23;7465.0;7706.59;SPXW  260924P07465000;0.0;0.05
2026-09-24 12:23;7470.0;7706.59;SPXW  260924P07470000;0.0;0.05
2026-09-24 12:23;7475.0;7706.59;SPXW  260924P07475000;0.0;0.05
2026-09-24 12:23;7480.0;7706.59;SPXW  260924P07480000;0.0;0.05
2026-09-24 12:23;7485.0;7706.59;SPXW  260924P07485000;0.0;0.05
2026-09-24 12:23;7490.0;7706.59;SPXW  260924P07490000;0.0;0.05
2026-09-24 12:23;7495.0;7706.59;SPXW  260924P07495000;0.0;0.05
2026-09-24 12:23;7500.0;7706.59;SPXW  260924P07500000;0.0;0.05
2026-09-24 12:23;7505.0;7706.59;SPXW  260924P07505000;0.0;0.05
2026-09-24 12:23;7510.0;7706.59;SPXW  260924P07510000;0.0;0.05
2026-09-24 12:23;7515.0;7706.59;SPXW  260924P07515000;0.0;0.05
2026-09-24 12:23;7520.0;7706.59;SPXW  260924P07520000;0.0;0.05
2026-09-24 12:23;7525.0;7706.59;SPXW  260924P07525000;0.0;0.05
2026-09-24 12:23;7530.0;7706.59;SPXW  260924P07530000;0.0;0.05
2026-09-24 12:23;7535.0;7706.59;SPXW  260924P07535000;0.0;0.05
2026-09-24 12:23;7540.0;7706.59;SPXW  260924P07540000;0.0;0.05
2026-09-24 12:23;7545.0;7706.59;SPXW  260924P07545000;0.0;0.05
2026-09-24 12:23;7550.0;7706.59;SPXW  260924P07550000;0.0;0.05
2026-09-24 12:23;7555.0;7706.59;SPXW  260924P07555000;0.0;0.05
2026-09-24 12:23;7560.0;7706.59;SPXW  260924P07560000;0.0;0.05
2026-09-24 12:23;7565.0;7706.59;SPXW  260924P07565000;0.0;0.05
2026-09-24 12:23;7570.0;7706.59;SPXW  260924P07570000;0.0;0.05
2026-09-24 12:23;7575.0;7706.59;SPXW  260924P07575000;0.0;0.05
2026-09-24 12:23;7580.0;7706.59;SPXW  260924P07580000;0.0;0.05
2026-09-24 12:23;7585.0;7706.59;SPXW  260924P07585000;0.0;0.05
2026-09-24 12:23;7590.0;7706.59;SPXW  260924P07590000;0.05;0.1
2026-09-24 12:23;7595.0;7706.59;SPXW  260924P07595000;0.05;0.1
2026-09-24 12:23;7600.0;7706.59;SPXW  260924P07600000;0.05;0.1
2026-09-24 12:23;7605.0;7706.59;SPXW  260924P07605000;0.05;0.1
2026-09-24 12:23;7610.0;7706.59;SPXW  260924P07610000;0.05;0.1
2026-09-24 12:23;7615.0;7706.59;SPXW  260924P07615000;0.05;0.1
2026-09-24 12:23;7620.0;7706.59;SPXW  260924P07620000;0.05;0.1
2026-09-24 12:23;7625.0;7706.59;SPXW  260924P07625000;0.05;0.1
2026-09-24 12:23;7630.0;7706.59;SPXW  260924P07630000;0.05;0.1
2026-09-24 12:23;7635.0;7706.59;SPXW  260924P07635000;0.05;0.1
2026-09-24 12:23;7640.0;7706.59;SPXW  260924P07640000;0.05;0.1
2026-09-24 12:23;7645.0;7706.59;SPXW  260924P07645000;0.05;0.1
2026-09-24 12:23;7650.0;7706.59;SPXW  260924P07650000;0.05;0.1
2026-09-24 12:23;7655.0;7706.59;SPXW  260924P07655000;0.05;0.1
2026-09-24 12:23;7660.0;7706.59;SPXW  260924P07660000;0.1;0.15
2026-09-24 12:23;7665.0;7706.59;SPXW  260924P07665000;0.1;0.15
2026-09-24 12:23;7670.0;7706.59;SPXW  260924P07670000;0.1;0.15
2026-09-24 12:23;7675.0;7706.59;SPXW  260924P07675000;0.15;0.2
2026-09-24 12:23;7680.0;7706.59;SPXW  260924P07680000;0.2;0.3
2026-09-24 12:23;7685.0;7706.59;SPXW  260924P07685000;0.35;0.4
2026-09-24 12:23;7690.0;7706.59;SPXW  260924P07690000;0.6;0.65
2026-09-24 12:23;7695.0;7706.59;SPXW  260924P07695000;1.2;1.25
2026-09-24 12:23;7700.0;7706.59;SPXW  260924P07700000;2.25;2.3
2026-09-24 12:23;7705.0;7706.59;SPXW  260924P07705000;4.1;4.2
2026-09-24 12:23;7710.0;7706.59;SPXW  260924P07710000;6.9;7.0
2026-09-24 12:23;7715.0;7706.59;SPXW  260924P07715000;10.5;10.6
2026-09-24 12:23;7720.0;7706.59;SPXW  260924P07720000;14.7;14.9
2026-09-24 12:23;7725.0;7706.59;SPXW  260924P07725000;19.4;19.7
2026-09-24 12:23;7730.0;7706.59;SPXW  260924P07730000;24.2;24.6
2026-09-24 12:23;7735.0;7706.59;SPXW  260924P07735000;29.2;29.5
2026-09-24 12:23;7740.0;7706.59;SPXW  260924P07740000;34.1;34.5
2026-09-24 12:23;7745.0;7706.59;SPXW  260924P07745000;39.1;39.4
2026-09-24 12:23;7750.0;7706.59;SPXW  260924P07750000;44.1;44.4
2026-09-24 12:23;7755.0;7706.59;SPXW  260924P07755000;49.1;49.4
2026-09-24 12:23;7760.0;7706.59;SPXW  260924P07760000;53.9;54.6
2026-09-24 12:23;7765.0;7706.59;SPXW  260924P07765000;58.8;59.6
2026-09-24 12:23;7770.0;7706.59;SPXW  260924P07770000;63.8;64.6
2026-09-24 12:23;7775.0;7706.59;SPXW  260924P07775000;68.8;69.6
2026-09-24 12:23;7780.0;7706.59;SPXW  260924P07780000;73.8;74.7
2026-09-24 12:23;7785.0;7706.59;SPXW  260924P07785000;78.8;79.8
2026-09-24 12:23;7790.0;7706.59;SPXW  260924P07790000;83.8;84.8
2026-09-24 12:23;7795.0;7706.59;SPXW  260924P07795000;88.8;89.8
2026-09-24 12:23;7800.0;7706.59;SPXW  260924P07800000;93.8;94.8
2026-09-24 12:23;7805.0;7706.59;SPXW  260924P07805000;98.8;99.8
2026-09-24 12:23;7810.0;7706.59;SPXW  260924P07810000;103.7;104.8
2026-09-24 12:23;7815.0;7706.59;SPXW  260924P07815000;108.7;109.8
2026-09-24 12:23;7820.0;7706.59;SPXW  260924P07820000;113.7;114.8
2026-09-24 12:23;7825.0;7706.59;SPXW  260924P07825000;117.9;120.0
2026-09-24 12:23;7830.0;7706.59;SPXW  260924P07830000;120.0;127.7
2026-09-24 12:23;7835.0;7706.59;SPXW  260924P07835000;124.9;132.3
2026-09-24 12:23;7840.0;7706.59;SPXW  260924P07840000;129.9;137.3
2026-09-24 12:23;7845.0;7706.59;SPXW  260924P07845000;135.2;142.7
2026-09-24 12:23;7850.0;7706.59;SPXW  260924P07850000;142.9;147.4
2026-09-24 12:23;7855.0;7706.59;SPXW  260924P07855000;144.9;152.3
2026-09-24 12:23;7860.0;7706.59;SPXW  260924P07860000;150.2;157.7
2026-09-24 12:23;7865.0;7706.59;SPXW  260924P07865000;154.9;162.3
2026-09-24 12:23;7870.0;7706.59;SPXW  260924P07870000;159.9;167.3
2026-09-24 12:23;7875.0;7706.59;SPXW  260924P07875000;165.2;172.7
2026-09-24 12:23;7880.0;7706.59;SPXW  260924P07880000;169.9;177.3
2026-09-24 12:23;7885.0;7706.59;SPXW  260924P07885000;174.9;182.3
2026-09-24 12:23;7890.0;7706.59;SPXW  260924P07890000;180.2;187.7
2026-09-24 12:23;7895.0;7706.59;SPXW  260924P07895000;184.9;192.3
2026-09-24 12:23;7900.0;7706.59;SPXW  260924P07900000;193.6;194.8
2026-09-24 12:23;7905.0;7706.59;SPXW  260924P07905000;195.4;202.5
2026-09-24 12:23;7910.0;7706.59;SPXW  260924P07910000;196.9;210.5
2026-09-24 12:23;7915.0;7706.59;SPXW  260924P07915000;201.9;215.5
2026-09-24 12:23;7920.0;7706.59;SPXW  260924P07920000;206.9;220.5
2026-09-24 12:23;7925.0;7706.59;SPXW  260924P07925000;208.7;228.9
2026-09-24 12:23;7930.0;7706.59;SPXW  260924P07930000;214.5;233.9
2026-09-24 12:23;7935.0;7706.59;SPXW  260924P07935000;228.6;229.8
2026-09-24 12:23;7940.0;7706.59;SPXW  260924P07940000;224.5;243.9
2026-09-24 12:23;7945.0;7706.59;SPXW  260924P07945000;228.6;248.9
2026-09-24 12:23;7950.0;7706.59;SPXW  260924P07950000;236.2;253.9
2026-09-24 12:23;7955.0;7706.59;SPXW  260924P07955000;239.5;258.9
2026-09-24 12:28;7460.0;7706.94;SPXW  260924C07460000;237.8;256.5
2026-09-24 12:28;7465.0;7706.94;SPXW  260924C07465000;232.8;251.5
2026-09-24 12:28;7470.0;7706.94;SPXW  260924C07470000;227.8;243.7
2026-09-24 12:28;7475.0;7706.94;SPXW  260924C07475000;222.8;238.6
2026-09-24 12:28;7480.0;7706.94;SPXW  260924C07480000;217.8;233.8
2026-09-24 12:28;7485.0;7706.94;SPXW  260924C07485000;212.8;228.7
2026-09-24 12:28;7490.0;7706.94;SPXW  260924C07490000;210.1;223.7
2026-09-24 12:28;7495.0;7706.94;SPXW  260924C07495000;205.5;218.0
2026-09-24 12:28;7500.0;7706.94;SPXW  260924C07500000;205.6;206.7
2026-09-24 12:28;7505.0;7706.94;SPXW  260924C07505000;195.5;208.0
2026-09-24 12:28;7510.0;7706.94;SPXW  260924C07510000;195.6;196.7
2026-09-24 12:28;7515.0;7706.94;SPXW  260924C07515000;190.6;191.7
2026-09-24 12:28;7520.0;7706.94;SPXW  260924C07520000;183.2;190.3
2026-09-24 12:28;7525.0;7706.94;SPXW  260924C07525000;177.9;185.1
2026-09-24 12:28;7530.0;7706.94;SPXW  260924C07530000;172.9;180.1
2026-09-24 12:28;7535.0;7706.94;SPXW  260924C07535000;168.2;175.3
2026-09-24 12:28;7540.0;7706.94;SPXW  260924C07540000;162.9;170.1
2026-09-24 12:28;7545.0;7706.94;SPXW  260924C07545000;160.6;161.7
2026-09-24 12:28;7550.0;7706.94;SPXW  260924C07550000;155.6;156.7
2026-09-24 12:28;7555.0;7706.94;SPXW  260924C07555000;150.6;151.7
2026-09-24 12:28;7560.0;7706.94;SPXW  260924C07560000;145.6;146.7
2026-09-24 12:28;7565.0;7706.94;SPXW  260924C07565000;140.6;141.7
2026-09-24 12:28;7570.0;7706.94;SPXW  260924C07570000;135.6;136.7
2026-09-24 12:28;7575.0;7706.94;SPXW  260924C07575000;130.6;131.8
2026-09-24 12:28;7580.0;7706.94;SPXW  260924C07580000;125.6;126.8
2026-09-24 12:28;7585.0;7706.94;SPXW  260924C07585000;120.6;121.8
2026-09-24 12:28;7590.0;7706.94;SPXW  260924C07590000;115.6;116.7
2026-09-24 12:28;7595.0;7706.94;SPXW  260924C07595000;110.6;111.7
2026-09-24 12:28;7600.0;7706.94;SPXW  260924C07600000;105.6;106.8
2026-09-24 12:28;7605.0;7706.94;SPXW  260924C07605000;100.6;101.8
2026-09-24 12:28;7610.0;7706.94;SPXW  260924C07610000;95.7;96.7
2026-09-24 12:28;7615.0;7706.94;SPXW  260924C07615000;90.7;91.7
2026-09-24 12:28;7620.0;7706.94;SPXW  260924C07620000;85.7;86.7
2026-09-24 12:28;7625.0;7706.94;SPXW  260924C07625000;80.7;81.7
2026-09-24 12:28;7630.0;7706.94;SPXW  260924C07630000;75.7;76.7
2026-09-24 12:28;7635.0;7706.94;SPXW  260924C07635000;70.7;71.7
2026-09-24 12:28;7640.0;7706.94;SPXW  260924C07640000;65.7;66.7
2026-09-24 12:28;7645.0;7706.94;SPXW  260924C07645000;60.7;61.7
2026-09-24 12:28;7650.0;7706.94;SPXW  260924C07650000;55.7;56.7
2026-09-24 12:28;7655.0;7706.94;SPXW  260924C07655000;50.7;51.7
2026-09-24 12:28;7660.0;7706.94;SPXW  260924C07660000;46.1;46.4
2026-09-24 12:28;7665.0;7706.94;SPXW  260924C07665000;41.1;41.4
2026-09-24 12:28;7670.0;7706.94;SPXW  260924C07670000;36.1;36.4
2026-09-24 12:28;7675.0;7706.94;SPXW  260924C07675000;31.1;31.5
2026-09-24 12:28;7680.0;7706.94;SPXW  260924C07680000;26.2;26.5
2026-09-24 12:28;7685.0;7706.94;SPXW  260924C07685000;21.3;21.6
2026-09-24 12:28;7690.0;7706.94;SPXW  260924C07690000;16.6;16.7
2026-09-24 12:28;7695.0;7706.94;SPXW  260924C07695000;12.1;12.2
2026-09-24 12:28;7700.0;7706.94;SPXW  260924C07700000;8.1;8.2
2026-09-24 12:28;7705.0;7706.94;SPXW  260924C07705000;4.9;5.0
2026-09-24 12:28;7710.0;7706.94;SPXW  260924C07710000;2.65;2.7
2026-09-24 12:28;7715.0;7706.94;SPXW  260924C07715000;1.25;1.3
2026-09-24 12:28;7720.0;7706.94;SPXW  260924C07720000;0.6;0.65
2026-09-24 12:28;7725.0;7706.94;SPXW  260924C07725000;0.3;0.35
2026-09-24 12:28;7730.0;7706.94;SPXW  260924C07730000;0.15;0.2
2026-09-24 12:28;7735.0;7706.94;SPXW  260924C07735000;0.1;0.15
2026-09-24 12:28;7740.0;7706.94;SPXW  260924C07740000;0.1;0.15
2026-09-24 12:28;7745.0;7706.94;SPXW  260924C07745000;0.05;0.1
2026-09-24 12:28;7750.0;7706.94;SPXW  260924C07750000;0.05;0.1
2026-09-24 12:28;7755.0;7706.94;SPXW  260924C07755000;0.05;0.1
2026-09-24 12:28;7760.0;7706.94;SPXW  260924C07760000;0.0;0.1
2026-09-24 12:28;7765.0;7706.94;SPXW  260924C07765000;0.0;0.05
2026-09-24 12:28;7770.0;7706.94;SPXW  260924C07770000;0.0;0.05
2026-09-24 12:28;7775.0;7706.94;SPXW  260924C07775000;0.0;0.05
2026-09-24 12:28;7780.0;7706.94;SPXW  260924C07780000;0.0;0.05
2026-09-24 12:28;7785.0;7706.94;SPXW  260924C07785000;0.0;0.05
2026-09-24 12:28;7790.0;7706.94;SPXW  260924C07790000;0.0;0.05
2026-09-24 12:28;7795.0;7706.94;SPXW  260924C07795000;0.0;0.05
2026-09-24 12:28;7800.0;7706.94;SPXW  260924C07800000;0.0;0.05
2026-09-24 12:28;7805.0;7706.94;SPXW  260924C07805000;0.0;0.05
2026-09-24 12:28;7810.0;7706.94;SPXW  260924C07810000;0.0;0.05
2026-09-24 12:28;7815.0;7706.94;SPXW  260924C07815000;0.0;0.05
2026-09-24 12:28;7820.0;7706.94;SPXW  260924C07820000;0.0;0.05
2026-09-24 12:28;7825.0;7706.94;SPXW  260924C07825000;0.0;0.05
2026-09-24 12:28;7830.0;7706.94;SPXW  260924C07830000;0.0;0.05
2026-09-24 12:28;7835.0;7706.94;SPXW  260924C07835000;0.0;0.05
2026-09-24 12:28;7840.0;7706.94;SPXW  260924C07840000;0.0;0.05
2026-09-24 12:28;7845.0;7706.94;SPXW  260924C07845000;0.0;0.05
2026-09-24 12:28;7850.0;7706.94;SPXW  260924C07850000;0.0;0.05
2026-09-24 12:28;7855.0;7706.94;SPXW  260924C07855000;0.0;0.05
2026-09-24 12:28;7860.0;7706.94;SPXW  260924C07860000;0.0;0.05
2026-09-24 12:28;7865.0;7706.94;SPXW  260924C07865000;0.0;0.05
2026-09-24 12:28;7870.0;7706.94;SPXW  260924C07870000;0.0;0.05
2026-09-24 12:28;7875.0;7706.94;SPXW  260924C07875000;0.0;0.05
2026-09-24 12:28;7880.0;7706.94;SPXW  260924C07880000;0.0;0.05
2026-09-24 12:28;7885.0;7706.94;SPXW  260924C07885000;0.0;0.05
2026-09-24 12:28;7890.0;7706.94;SPXW  260924C07890000;0.0;0.05
2026-09-24 12:28;7895.0;7706.94;SPXW  260924C07895000;0.0;0.05
2026-09-24 12:28;7900.0;7706.94;SPXW  260924C07900000;0.0;0.05
2026-09-24 12:28;7905.0;7706.94;SPXW  260924C07905000;0.0;0.05
2026-09-24 12:28;7910.0;7706.94;SPXW  260924C07910000;0.0;0.05
2026-09-24 12:28;7915.0;7706.94;SPXW  260924C07915000;0.0;0.05
2026-09-24 12:28;7920.0;7706.94;SPXW  260924C07920000;0.0;0.05
2026-09-24 12:28;7925.0;7706.94;SPXW  260924C07925000;0.0;0.05
2026-09-24 12:28;7930.0;7706.94;SPXW  260924C07930000;0.0;0.05
2026-09-24 12:28;7935.0;7706.94;SPXW  260924C07935000;0.0;0.05
2026-09-24 12:28;7940.0;7706.94;SPXW  260924C07940000;0.0;0.05
2026-09-24 12:28;7945.0;7706.94;SPXW  260924C07945000;0.0;0.05
2026-09-24 12:28;7950.0;7706.94;SPXW  260924C07950000;0.0;0.05
2026-09-24 12:28;7955.0;7706.94;SPXW  260924C07955000;0.0;0.05
2026-09-24 12:28;7460.0;7706.94;SPXW  260924P07460000;0.0;0.05
2026-09-24 12:28;7465.0;7706.94;SPXW  260924P07465000;0.0;0.05
2026-09-24 12:28;7470.0;7706.94;SPXW  260924P07470000;0.0;0.05
2026-09-24 12:28;7475.0;7706.94;SPXW  260924P07475000;0.0;0.05
2026-09-24 12:28;7480.0;7706.94;SPXW  260924P07480000;0.0;0.05
2026-09-24 12:28;7485.0;7706.94;SPXW  260924P07485000;0.0;0.05
2026-09-24 12:28;7490.0;7706.94;SPXW  260924P07490000;0.0;0.05
2026-09-24 12:28;7495.0;7706.94;SPXW  260924P07495000;0.0;0.05
2026-09-24 12:28;7500.0;7706.94;SPXW  260924P07500000;0.0;0.05
2026-09-24 12:28;7505.0;7706.94;SPXW  260924P07505000;0.0;0.05
2026-09-24 12:28;7510.0;7706.94;SPXW  260924P07510000;0.0;0.05
2026-09-24 12:28;7515.0;7706.94;SPXW  260924P07515000;0.0;0.05
2026-09-24 12:28;7520.0;7706.94;SPXW  260924P07520000;0.0;0.05
2026-09-24 12:28;7525.0;7706.94;SPXW  260924P07525000;0.0;0.05
2026-09-24 12:28;7530.0;7706.94;SPXW  260924P07530000;0.0;0.05
2026-09-24 12:28;7535.0;7706.94;SPXW  260924P07535000;0.0;0.05
2026-09-24 12:28;7540.0;7706.94;SPXW  260924P07540000;0.0;0.05
2026-09-24 12:28;7545.0;7706.94;SPXW  260924P07545000;0.0;0.05
2026-09-24 12:28;7550.0;7706.94;SPXW  260924P07550000;0.0;0.05
2026-09-24 12:28;7555.0;7706.94;SPXW  260924P07555000;0.0;0.05
2026-09-24 12:28;7560.0;7706.94;SPXW  260924P07560000;0.0;0.05
2026-09-24 12:28;7565.0;7706.94;SPXW  260924P07565000;0.0;0.05
2026-09-24 12:28;7570.0;7706.94;SPXW  260924P07570000;0.0;0.05
2026-09-24 12:28;7575.0;7706.94;SPXW  260924P07575000;0.0;0.05
2026-09-24 12:28;7580.0;7706.94;SPXW  260924P07580000;0.0;0.05
2026-09-24 12:28;7585.0;7706.94;SPXW  260924P07585000;0.0;0.05
2026-09-24 12:28;7590.0;7706.94;SPXW  260924P07590000;0.0;0.05
2026-09-24 12:28;7595.0;7706.94;SPXW  260924P07595000;0.0;0.05
2026-09-24 12:28;7600.0;7706.94;SPXW  260924P07600000;0.0;0.05
2026-09-24 12:28;7605.0;7706.94;SPXW  260924P07605000;0.05;0.1
2026-09-24 12:28;7610.0;7706.94;SPXW  260924P07610000;0.05;0.1
2026-09-24 12:28;7615.0;7706.94;SPXW  260924P07615000;0.05;0.1
2026-09-24 12:28;7620.0;7706.94;SPXW  260924P07620000;0.05;0.1
2026-09-24 12:28;7625.0;7706.94;SPXW  260924P07625000;0.05;0.1
2026-09-24 12:28;7630.0;7706.94;SPXW  260924P07630000;0.05;0.1
2026-09-24 12:28;7635.0;7706.94;SPXW  260924P07635000;0.05;0.1
2026-09-24 12:28;7640.0;7706.94;SPXW  260924P07640000;0.05;0.1
2026-09-24 12:28;7645.0;7706.94;SPXW  260924P07645000;0.05;0.1
2026-09-24 12:28;7650.0;7706.94;SPXW  260924P07650000;0.05;0.1
2026-09-24 12:28;7655.0;7706.94;SPXW  260924P07655000;0.05;0.1
2026-09-24 12:28;7660.0;7706.94;SPXW  260924P07660000;0.05;0.1
2026-09-24 12:28;7665.0;7706.94;SPXW  260924P07665000;0.1;0.15
2026-09-24 12:28;7670.0;7706.94;SPXW  260924P07670000;0.1;0.15
2026-09-24 12:28;7675.0;7706.94;SPXW  260924P07675000;0.15;0.2
2026-09-24 12:28;7680.0;7706.94;SPXW  260924P07680000;0.2;0.25
2026-09-24 12:28;7685.0;7706.94;SPXW  260924P07685000;0.3;0.35
2026-09-24 12:28;7690.0;7706.94;SPXW  260924P07690000;0.55;0.6
2026-09-24 12:28;7695.0;7706.94;SPXW  260924P07695000;1.05;1.15
2026-09-24 12:28;7700.0;7706.94;SPXW  260924P07700000;2.1;2.15
2026-09-24 12:28;7705.0;7706.94;SPXW  260924P07705000;3.9;4.0
2026-09-24 12:28;7710.0;7706.94;SPXW  260924P07710000;6.6;6.8
2026-09-24 12:28;7715.0;7706.94;SPXW  260924P07715000;10.3;10.5
2026-09-24 12:28;7720.0;7706.94;SPXW  260924P07720000;14.6;14.8
2026-09-24 12:28;7725.0;7706.94;SPXW  260924P07725000;19.3;19.6
2026-09-24 12:28;7730.0;7706.94;SPXW  260924P07730000;24.1;24.5
2026-09-24 12:28;7735.0;7706.94;SPXW  260924P07735000;29.1;29.5
2026-09-24 12:28;7740.0;7706.94;SPXW  260924P07740000;34.1;34.4
2026-09-24 12:28;7745.0;7706.94;SPXW  260924P07745000;39.0;39.4
2026-09-24 12:28;7750.0;7706.94;SPXW  260924P07750000;44.0;44.4
2026-09-24 12:28;7755.0;7706.94;SPXW  260924P07755000;49.0;49.4
2026-09-24 12:28;7760.0;7706.94;SPXW  260924P07760000;53.9;54.7
2026-09-24 12:28;7765.0;7706.94;SPXW  260924P07765000;58.9;59.7
2026-09-24 12:28;7770.0;7706.94;SPXW  260924P07770000;63.8;64.7
2026-09-24 12:28;7775.0;7706.94;SPXW  260924P07775000;68.8;69.7
2026-09-24 12:28;7780.0;7706.94;SPXW  260924P07780000;73.8;74.8
2026-09-24 12:28;7785.0;7706.94;SPXW  260924P07785000;78.8;79.8
2026-09-24 12:28;7790.0;7706.94;SPXW  260924P07790000;83.8;84.8
2026-09-24 12:28;7795.0;7706.94;SPXW  260924P07795000;88.8;89.8
2026-09-24 12:28;7800.0;7706.94;SPXW  260924P07800000;93.8;94.8
2026-09-24 12:28;7805.0;7706.94;SPXW  260924P07805000;98.8;99.8
2026-09-24 12:28;7810.0;7706.94;SPXW  260924P07810000;103.6;104.7
2026-09-24 12:28;7815.0;7706.94;SPXW  260924P07815000;108.6;109.7
2026-09-24 12:28;7820.0;7706.94;SPXW  260924P07820000;113.6;114.7
2026-09-24 12:28;7825.0;7706.94;SPXW  260924P07825000;115.2;122.1
2026-09-24 12:28;7830.0;7706.94;SPXW  260924P07830000;120.2;127.1
2026-09-24 12:28;7835.0;7706.94;SPXW  260924P07835000;124.9;132.1
2026-09-24 12:28;7840.0;7706.94;SPXW  260924P07840000;129.9;137.1
2026-09-24 12:28;7845.0;7706.94;SPXW  260924P07845000;135.2;142.1
2026-09-24 12:28;7850.0;7706.94;SPXW  260924P07850000;140.2;147.1
2026-09-24 12:28;7855.0;7706.94;SPXW  260924P07855000;144.9;152.1
2026-09-24 12:28;7860.0;7706.94;SPXW  260924P07860000;150.2;157.1
2026-09-24 12:28;7865.0;7706.94;SPXW  260924P07865000;154.9;162.1
2026-09-24 12:28;7870.0;7706.94;SPXW  260924P07870000;159.9;167.1
2026-09-24 12:28;7875.0;7706.94;SPXW  260924P07875000;165.2;172.1
2026-09-24 12:28;7880.0;7706.94;SPXW  260924P07880000;169.9;177.1
2026-09-24 12:28;7885.0;7706.94;SPXW  260924P07885000;174.9;182.1
2026-09-24 12:28;7890.0;7706.94;SPXW  260924P07890000;180.2;187.1
2026-09-24 12:28;7895.0;7706.94;SPXW  260924P07895000;184.9;192.1
2026-09-24 12:28;7900.0;7706.94;SPXW  260924P07900000;190.1;197.1
2026-09-24 12:28;7905.0;7706.94;SPXW  260924P07905000;195.2;201.8
2026-09-24 12:28;7910.0;7706.94;SPXW  260924P07910000;196.9;209.5
2026-09-24 12:28;7915.0;7706.94;SPXW  260924P07915000;201.9;214.5
2026-09-24 12:28;7920.0;7706.94;SPXW  260924P07920000;206.9;219.2
2026-09-24 12:28;7925.0;7706.94;SPXW  260924P07925000;208.8;227.4
2026-09-24 12:28;7930.0;7706.94;SPXW  260924P07930000;213.5;232.2
2026-09-24 12:28;7935.0;7706.94;SPXW  260924P07935000;228.6;229.7
2026-09-24 12:28;7940.0;7706.94;SPXW  260924P07940000;223.5;242.2
2026-09-24 12:28;7945.0;7706.94;SPXW  260924P07945000;229.6;247.2
2026-09-24 12:28;7950.0;7706.94;SPXW  260924P07950000;236.3;252.2
2026-09-24 12:28;7955.0;7706.94;SPXW  260924P07955000;239.6;257.2
2026-09-24 12:33;7460.0;7705.35;SPXW  260924C07460000;236.6;254.6
2026-09-24 12:33;7465.0;7705.35;SPXW  260924C07465000;231.6;249.6
2026-09-24 12:33;7470.0;7705.35;SPXW  260924C07470000;224.1;243.7
2026-09-24 12:33;7475.0;7705.35;SPXW  260924C07475000;219.1;238.6
2026-09-24 12:33;7480.0;7705.35;SPXW  260924C07480000;214.1;233.8
2026-09-24 12:33;7485.0;7705.35;SPXW  260924C07485000;209.1;228.7
2026-09-24 12:33;7490.0;7705.35;SPXW  260924C07490000;207.4;221.1
2026-09-24 12:33;7495.0;7705.35;SPXW  260924C07495000;202.4;216.1
2026-09-24 12:33;7500.0;7705.35;SPXW  260924C07500000;197.4;205.7
2026-09-24 12:33;7505.0;7705.35;SPXW  260924C07505000;195.9;202.9
2026-09-24 12:33;7510.0;7705.35;SPXW  260924C07510000;190.4;195.7
2026-09-24 12:33;7515.0;7705.35;SPXW  260924C07515000;185.5;190.7
2026-09-24 12:33;7520.0;7705.35;SPXW  260924C07520000;180.6;187.9
2026-09-24 12:33;7525.0;7705.35;SPXW  260924C07525000;175.5;183.0
2026-09-24 12:33;7530.0;7705.35;SPXW  260924C07530000;170.5;178.0
2026-09-24 12:33;7535.0;7705.35;SPXW  260924C07535000;165.6;172.9
2026-09-24 12:33;7540.0;7705.35;SPXW  260924C07540000;160.5;168.0
2026-09-24 12:33;7545.0;7705.35;SPXW  260924C07545000;156.0;160.5
2026-09-24 12:33;7550.0;7705.35;SPXW  260924C07550000;150.4;155.5
2026-09-24 12:33;7555.0;7705.35;SPXW  260924C07555000;146.0;150.5
2026-09-24 12:33;7560.0;7705.35;SPXW  260924C07560000;141.0;145.5
2026-09-24 12:33;7565.0;7705.35;SPXW  260924C07565000;135.4;140.6
2026-09-24 12:33;7570.0;7705.35;SPXW  260924C07570000;130.5;135.5
2026-09-24 12:33;7575.0;7705.35;SPXW  260924C07575000;125.5;130.5
2026-09-24 12:33;7580.0;7705.35;SPXW  260924C07580000;120.5;125.5
2026-09-24 12:33;7585.0;7705.35;SPXW  260924C07585000;115.5;120.6
2026-09-24 12:33;7590.0;7705.35;SPXW  260924C07590000;110.5;115.6
2026-09-24 12:33;7595.0;7705.35;SPXW  260924C07595000;105.5;110.6
2026-09-24 12:33;7600.0;7705.35;SPXW  260924C07600000;100.5;105.6
2026-09-24 12:33;7605.0;7705.35;SPXW  260924C07605000;99.2;100.6
2026-09-24 12:33;7610.0;7705.35;SPXW  260924C07610000;94.2;95.4
2026-09-24 12:33;7615.0;7705.35;SPXW  260924C07615000;89.2;90.6
2026-09-24 12:33;7620.0;7705.35;SPXW  260924C07620000;84.2;85.4
2026-09-24 12:33;7625.0;7705.35;SPXW  260924C07625000;79.2;80.4
2026-09-24 12:33;7630.0;7705.35;SPXW  260924C07630000;74.3;75.5
2026-09-24 12:33;7635.0;7705.35;SPXW  260924C07635000;69.2;70.5
2026-09-24 12:33;7640.0;7705.35;SPXW  260924C07640000;64.3;65.4
2026-09-24 12:33;7645.0;7705.35;SPXW  260924C07645000;59.3;60.4
2026-09-24 12:33;7650.0;7705.35;SPXW  260924C07650000;54.3;55.4
2026-09-24 12:33;7655.0;7705.35;SPXW  260924C07655000;49.3;50.3
2026-09-24 12:33;7660.0;7705.35;SPXW  260924C07660000;44.7;45.1
2026-09-24 12:33;7665.0;7705.35;SPXW  260924C07665000;39.7;40.1
2026-09-24 12:33;7670.0;7705.35;SPXW  260924C07670000;34.8;35.1
2026-09-24 12:33;7675.0;7705.35;SPXW  260924C07675000;29.8;30.1
2026-09-24 12:33;7680.0;7705.35;SPXW  260924C07680000;24.8;25.2
2026-09-24 12:33;7685.0;7705.35;SPXW  260924C07685000;19.9;20.3
2026-09-24 12:33;7690.0;7705.35;SPXW  260924C07690000;15.2;15.4
2026-09-24 12:33;7695.0;7705.35;SPXW  260924C07695000;10.7;10.9
2026-09-24 12:33;7700.0;7705.35;SPXW  260924C07700000;6.8;7.0
2026-09-24 12:33;7705.0;7705.35;SPXW  260924C07705000;3.8;3.9
2026-09-24 12:33;7710.0;7705.35;SPXW  260924C07710000;1.85;1.95
2026-09-24 12:33;7715.0;7705.35;SPXW  260924C07715000;0.85;0.9
2026-09-24 12:33;7720.0;7705.35;SPXW  260924C07720000;0.35;0.4
2026-09-24 12:33;7725.0;7705.35;SPXW  260924C07725000;0.15;0.2
2026-09-24 12:33;7730.0;7705.35;SPXW  260924C07730000;0.1;0.15
2026-09-24 12:33;7735.0;7705.35;SPXW  260924C07735000;0.05;0.1
2026-09-24 12:33;7740.0;7705.35;SPXW  260924C07740000;0.05;0.1
2026-09-24 12:33;7745.0;7705.35;SPXW  260924C07745000;0.05;0.1
2026-09-24 12:33;7750.0;7705.35;SPXW  260924C07750000;0.05;0.1
2026-09-24 12:33;7755.0;7705.35;SPXW  260924C07755000;0.0;0.05
2026-09-24 12:33;7760.0;7705.35;SPXW  260924C07760000;0.0;0.05
2026-09-24 12:33;7765.0;7705.35;SPXW  260924C07765000;0.0;0.05
2026-09-24 12:33;7770.0;7705.35;SPXW  260924C07770000;0.0;0.05
2026-09-24 12:33;7775.0;7705.35;SPXW  260924C07775000;0.0;0.05
2026-09-24 12:33;7780.0;7705.35;SPXW  260924C07780000;0.0;0.05
2026-09-24 12:33;7785.0;7705.35;SPXW  260924C07785000;0.0;0.05
2026-09-24 12:33;7790.0;7705.35;SPXW  260924C07790000;0.0;0.05
2026-09-24 12:33;7795.0;7705.35;SPXW  260924C07795000;0.0;0.05
2026-09-24 12:33;7800.0;7705.35;SPXW  260924C07800000;0.0;0.05
2026-09-24 12:33;7805.0;7705.35;SPXW  260924C07805000;0.0;0.05
2026-09-24 12:33;7810.0;7705.35;SPXW  260924C07810000;0.0;0.05
2026-09-24 12:33;7815.0;7705.35;SPXW  260924C07815000;0.0;0.05
2026-09-24 12:33;7820.0;7705.35;SPXW  260924C07820000;0.0;0.05
2026-09-24 12:33;7825.0;7705.35;SPXW  260924C07825000;0.0;0.05
2026-09-24 12:33;7830.0;7705.35;SPXW  260924C07830000;0.0;0.05
2026-09-24 12:33;7835.0;7705.35;SPXW  260924C07835000;0.0;0.05
2026-09-24 12:33;7840.0;7705.35;SPXW  260924C07840000;0.0;0.05
2026-09-24 12:33;7845.0;7705.35;SPXW  260924C07845000;0.0;0.05
2026-09-24 12:33;7850.0;7705.35;SPXW  260924C07850000;0.0;0.05
2026-09-24 12:33;7855.0;7705.35;SPXW  260924C07855000;0.0;0.05
2026-09-24 12:33;7860.0;7705.35;SPXW  260924C07860000;0.0;0.05
2026-09-24 12:33;7865.0;7705.35;SPXW  260924C07865000;0.0;0.05
2026-09-24 12:33;7870.0;7705.35;SPXW  260924C07870000;0.0;0.05
2026-09-24 12:33;7875.0;7705.35;SPXW  260924C07875000;0.0;0.05
2026-09-24 12:33;7880.0;7705.35;SPXW  260924C07880000;0.0;0.05
2026-09-24 12:33;7885.0;7705.35;SPXW  260924C07885000;0.0;0.05
2026-09-24 12:33;7890.0;7705.35;SPXW  260924C07890000;0.0;0.05
2026-09-24 12:33;7895.0;7705.35;SPXW  260924C07895000;0.0;0.05
2026-09-24 12:33;7900.0;7705.35;SPXW  260924C07900000;0.0;0.05
2026-09-24 12:33;7905.0;7705.35;SPXW  260924C07905000;0.0;0.05
2026-09-24 12:33;7910.0;7705.35;SPXW  260924C07910000;0.0;0.05
2026-09-24 12:33;7915.0;7705.35;SPXW  260924C07915000;0.0;0.05
2026-09-24 12:33;7920.0;7705.35;SPXW  260924C07920000;0.0;0.05
2026-09-24 12:33;7925.0;7705.35;SPXW  260924C07925000;0.0;0.05
2026-09-24 12:33;7930.0;7705.35;SPXW  260924C07930000;0.0;0.05
2026-09-24 12:33;7935.0;7705.35;SPXW  260924C07935000;0.0;0.05
2026-09-24 12:33;7940.0;7705.35;SPXW  260924C07940000;0.0;0.05
2026-09-24 12:33;7945.0;7705.35;SPXW  260924C07945000;0.0;0.05
2026-09-24 12:33;7950.0;7705.35;SPXW  260924C07950000;0.0;0.05
2026-09-24 12:33;7955.0;7705.35;SPXW  260924C07955000;0.0;0.05
2026-09-24 12:33;7460.0;7705.35;SPXW  260924P07460000;0.0;0.05
2026-09-24 12:33;7465.0;7705.35;SPXW  260924P07465000;0.0;0.05
2026-09-24 12:33;7470.0;7705.35;SPXW  260924P07470000;0.0;0.05
2026-09-24 12:33;7475.0;7705.35;SPXW  260924P07475000;0.0;0.05
2026-09-24 12:33;7480.0;7705.35;SPXW  260924P07480000;0.0;0.05
2026-09-24 12:33;7485.0;7705.35;SPXW  260924P07485000;0.0;0.05
2026-09-24 12:33;7490.0;7705.35;SPXW  260924P07490000;0.0;0.05
2026-09-24 12:33;7495.0;7705.35;SPXW  260924P07495000;0.0;0.05
2026-09-24 12:33;7500.0;7705.35;SPXW  260924P07500000;0.0;0.05
2026-09-24 12:33;7505.0;7705.35;SPXW  260924P07505000;0.0;0.05
2026-09-24 12:33;7510.0;7705.35;SPXW  260924P07510000;0.0;0.05
2026-09-24 12:33;7515.0;7705.35;SPXW  260924P07515000;0.0;0.05
2026-09-24 12:33;7520.0;7705.35;SPXW  260924P07520000;0.0;0.05
2026-09-24 12:33;7525.0;7705.35;SPXW  260924P07525000;0.0;0.05
2026-09-24 12:33;7530.0;7705.35;SPXW  260924P07530000;0.0;0.05
2026-09-24 12:33;7535.0;7705.35;SPXW  260924P07535000;0.0;0.05
2026-09-24 12:33;7540.0;7705.35;SPXW  260924P07540000;0.0;0.05
2026-09-24 12:33;7545.0;7705.35;SPXW  260924P07545000;0.0;0.05
2026-09-24 12:33;7550.0;7705.35;SPXW  260924P07550000;0.0;0.05
2026-09-24 12:33;7555.0;7705.35;SPXW  260924P07555000;0.0;0.05
2026-09-24 12:33;7560.0;7705.35;SPXW  260924P07560000;0.0;0.05
2026-09-24 12:33;7565.0;7705.35;SPXW  260924P07565000;0.0;0.05
2026-09-24 12:33;7570.0;7705.35;SPXW  260924P07570000;0.0;0.05
2026-09-24 12:33;7575.0;7705.35;SPXW  260924P07575000;0.0;0.05
2026-09-24 12:33;7580.0;7705.35;SPXW  260924P07580000;0.0;0.05
2026-09-24 12:33;7585.0;7705.35;SPXW  260924P07585000;0.0;0.05
2026-09-24 12:33;7590.0;7705.35;SPXW  260924P07590000;0.0;0.05
2026-09-24 12:33;7595.0;7705.35;SPXW  260924P07595000;0.0;0.05
2026-09-24 12:33;7600.0;7705.35;SPXW  260924P07600000;0.0;0.05
2026-09-24 12:33;7605.0;7705.35;SPXW  260924P07605000;0.0;0.05
2026-09-24 12:33;7610.0;7705.35;SPXW  260924P07610000;0.05;0.1
2026-09-24 12:33;7615.0;7705.35;SPXW  260924P07615000;0.05;0.1
2026-09-24 12:33;7620.0;7705.35;SPXW  260924P07620000;0.05;0.1
2026-09-24 12:33;7625.0;7705.35;SPXW  260924P07625000;0.05;0.1
2026-09-24 12:33;7630.0;7705.35;SPXW  260924P07630000;0.05;0.1
2026-09-24 12:33;7635.0;7705.35;SPXW  260924P07635000;0.05;0.1
2026-09-24 12:33;7640.0;7705.35;SPXW  260924P07640000;0.05;0.1
2026-09-24 12:33;7645.0;7705.35;SPXW  260924P07645000;0.05;0.1
2026-09-24 12:33;7650.0;7705.35;SPXW  260924P07650000;0.05;0.1
2026-09-24 12:33;7655.0;7705.35;SPXW  260924P07655000;0.05;0.1
2026-09-24 12:33;7660.0;7705.35;SPXW  260924P07660000;0.05;0.1
2026-09-24 12:33;7665.0;7705.35;SPXW  260924P07665000;0.05;0.1
2026-09-24 12:33;7670.0;7705.35;SPXW  260924P07670000;0.1;0.15
2026-09-24 12:33;7675.0;7705.35;SPXW  260924P07675000;0.1;0.15
2026-09-24 12:33;7680.0;7705.35;SPXW  260924P07680000;0.15;0.2
2026-09-24 12:33;7685.0;7705.35;SPXW  260924P07685000;0.25;0.3
2026-09-24 12:33;7690.0;7705.35;SPXW  260924P07690000;0.5;0.55
2026-09-24 12:33;7695.0;7705.35;SPXW  260924P07695000;1.0;1.05
2026-09-24 12:33;7700.0;7705.35;SPXW  260924P07700000;2.05;2.15
2026-09-24 12:33;7705.0;7705.35;SPXW  260924P07705000;4.1;4.2
2026-09-24 12:33;7710.0;7705.35;SPXW  260924P07710000;7.1;7.3
2026-09-24 12:33;7715.0;7705.35;SPXW  260924P07715000;11.1;11.3
2026-09-24 12:33;7720.0;7705.35;SPXW  260924P07720000;15.7;15.8
2026-09-24 12:33;7725.0;7705.35;SPXW  260924P07725000;20.4;20.7
2026-09-24 12:33;7730.0;7705.35;SPXW  260924P07730000;25.4;25.7
2026-09-24 12:33;7735.0;7705.35;SPXW  260924P07735000;30.3;30.7
2026-09-24 12:33;7740.0;7705.35;SPXW  260924P07740000;35.3;35.6
2026-09-24 12:33;7745.0;7705.35;SPXW  260924P07745000;40.3;40.7
2026-09-24 12:33;7750.0;7705.35;SPXW  260924P07750000;45.0;45.8
2026-09-24 12:33;7755.0;7705.35;SPXW  260924P07755000;49.9;50.8
2026-09-24 12:33;7760.0;7705.35;SPXW  260924P07760000;54.9;55.8
2026-09-24 12:33;7765.0;7705.35;SPXW  260924P07765000;60.0;60.8
2026-09-24 12:33;7770.0;7705.35;SPXW  260924P07770000;64.7;65.9
2026-09-24 12:33;7775.0;7705.35;SPXW  260924P07775000;69.7;70.9
2026-09-24 12:33;7780.0;7705.35;SPXW  260924P07780000;74.7;75.9
2026-09-24 12:33;7785.0;7705.35;SPXW  260924P07785000;79.7;80.9
2026-09-24 12:33;7790.0;7705.35;SPXW  260924P07790000;84.7;85.9
2026-09-24 12:33;7795.0;7705.35;SPXW  260924P07795000;89.7;90.9
2026-09-24 12:33;7800.0;7705.35;SPXW  260924P07800000;94.7;95.9
2026-09-24 12:33;7805.0;7705.35;SPXW  260924P07805000;99.7;101.0
2026-09-24 12:33;7810.0;7705.35;SPXW  260924P07810000;104.7;106.0
2026-09-24 12:33;7815.0;7705.35;SPXW  260924P07815000;109.7;111.0
2026-09-24 12:33;7820.0;7705.35;SPXW  260924P07820000;114.7;116.0
2026-09-24 12:33;7825.0;7705.35;SPXW  260924P07825000;119.7;121.0
2026-09-24 12:33;7830.0;7705.35;SPXW  260924P07830000;124.7;126.0
2026-09-24 12:33;7835.0;7705.35;SPXW  260924P07835000;129.8;131.0
2026-09-24 12:33;7840.0;7705.35;SPXW  260924P07840000;134.7;136.0
2026-09-24 12:33;7845.0;7705.35;SPXW  260924P07845000;139.7;141.0
2026-09-24 12:33;7850.0;7705.35;SPXW  260924P07850000;144.8;146.0
2026-09-24 12:33;7855.0;7705.35;SPXW  260924P07855000;147.0;154.5
2026-09-24 12:33;7860.0;7705.35;SPXW  260924P07860000;154.7;156.0
2026-09-24 12:33;7865.0;7705.35;SPXW  260924P07865000;157.0;164.5
2026-09-24 12:33;7870.0;7705.35;SPXW  260924P07870000;164.8;166.0
2026-09-24 12:33;7875.0;7705.35;SPXW  260924P07875000;167.1;174.4
2026-09-24 12:33;7880.0;7705.35;SPXW  260924P07880000;174.7;176.0
2026-09-24 12:33;7885.0;7705.35;SPXW  260924P07885000;179.7;181.0
2026-09-24 12:33;7890.0;7705.35;SPXW  260924P07890000;184.8;186.0
2026-09-24 12:33;7895.0;7705.35;SPXW  260924P07895000;189.7;191.0
2026-09-24 12:33;7900.0;7705.35;SPXW  260924P07900000;194.8;196.0
2026-09-24 12:33;7905.0;7705.35;SPXW  260924P07905000;199.7;201.0
2026-09-24 12:33;7910.0;7705.35;SPXW  260924P07910000;198.8;212.5
2026-09-24 12:33;7915.0;7705.35;SPXW  260924P07915000;209.7;211.0
2026-09-24 12:33;7920.0;7705.35;SPXW  260924P07920000;208.8;222.5
2026-09-24 12:33;7925.0;7705.35;SPXW  260924P07925000;210.4;228.5
2026-09-24 12:33;7930.0;7705.35;SPXW  260924P07930000;224.8;226.0
2026-09-24 12:33;7935.0;7705.35;SPXW  260924P07935000;229.8;231.0
2026-09-24 12:33;7940.0;7705.35;SPXW  260924P07940000;234.8;236.0
2026-09-24 12:33;7945.0;7705.35;SPXW  260924P07945000;239.8;241.0
2026-09-24 12:33;7950.0;7705.35;SPXW  260924P07950000;244.8;246.0
2026-09-24 12:33;7955.0;7705.35;SPXW  260924P07955000;240.4;260.9
2026-09-24 12:37;7460.0;7705.11;SPXW  260924C07460000;236.6;254.8
2026-09-24 12:37;7465.0;7705.11;SPXW  260924C07465000;231.6;249.8
2026-09-24 12:37;7470.0;7705.11;SPXW  260924C07470000;229.8;243.7
2026-09-24 12:37;7475.0;7705.11;SPXW  260924C07475000;220.9;238.6
2026-09-24 12:37;7480.0;7705.11;SPXW  260924C07480000;216.0;233.8
2026-09-24 12:37;7485.0;7705.11;SPXW  260924C07485000;210.8;228.7
2026-09-24 12:37;7490.0;7705.11;SPXW  260924C07490000;209.8;222.2
2026-09-24 12:37;7495.0;7705.11;SPXW  260924C07495000;204.9;217.2
2026-09-24 12:37;7500.0;7705.11;SPXW  260924C07500000;199.8;212.2
2026-09-24 12:37;7505.0;7705.11;SPXW  260924C07505000;195.8;203.4
2026-09-24 12:37;7510.0;7705.11;SPXW  260924C07510000;192.3;198.7
2026-09-24 12:37;7515.0;7705.11;SPXW  260924C07515000;187.3;193.7
2026-09-24 12:37;7520.0;7705.11;SPXW  260924C07520000;182.3;188.6
2026-09-24 12:37;7525.0;7705.11;SPXW  260924C07525000;177.3;183.7
2026-09-24 12:37;7530.0;7705.11;SPXW  260924C07530000;172.3;178.7
2026-09-24 12:37;7535.0;7705.11;SPXW  260924C07535000;167.3;173.6
2026-09-24 12:37;7540.0;7705.11;SPXW  260924C07540000;161.6;168.7
2026-09-24 12:37;7545.0;7705.11;SPXW  260924C07545000;156.6;163.7
2026-09-24 12:37;7550.0;7705.11;SPXW  260924C07550000;151.3;158.4
2026-09-24 12:37;7555.0;7705.11;SPXW  260924C07555000;146.6;153.7
2026-09-24 12:37;7560.0;7705.11;SPXW  260924C07560000;141.3;148.7
2026-09-24 12:37;7565.0;7705.11;SPXW  260924C07565000;136.3;143.4
2026-09-24 12:37;7570.0;7705.11;SPXW  260924C07570000;131.3;138.7
2026-09-24 12:37;7575.0;7705.11;SPXW  260924C07575000;126.3;133.7
2026-09-24 12:37;7580.0;7705.11;SPXW  260924C07580000;121.3;128.6
2026-09-24 12:37;7585.0;7705.11;SPXW  260924C07585000;116.3;123.7
2026-09-24 12:37;7590.0;7705.11;SPXW  260924C07590000;111.5;118.7
2026-09-24 12:37;7595.0;7705.11;SPXW  260924C07595000;106.3;113.6
2026-09-24 12:37;7600.0;7705.11;SPXW  260924C07600000;101.5;108.7
2026-09-24 12:37;7605.0;7705.11;SPXW  260924C07605000;99.0;99.9
2026-09-24 12:37;7610.0;7705.11;SPXW  260924C07610000;94.0;94.9
2026-09-24 12:37;7615.0;7705.11;SPXW  260924C07615000;89.0;89.9
2026-09-24 12:37;7620.0;7705.11;SPXW  260924C07620000;84.0;85.0
2026-09-24 12:37;7625.0;7705.11;SPXW  260924C07625000;79.0;80.0
2026-09-24 12:37;7630.0;7705.11;SPXW  260924C07630000;74.0;75.0
2026-09-24 12:37;7635.0;7705.11;SPXW  260924C07635000;69.0;70.0
2026-09-24 12:37;7640.0;7705.11;SPXW  260924C07640000;64.0;65.0
2026-09-24 12:37;7645.0;7705.11;SPXW  260924C07645000;59.0;60.0
2026-09-24 12:37;7650.0;7705.11;SPXW  260924C07650000;54.0;55.0
2026-09-24 12:37;7655.0;7705.11;SPXW  260924C07655000;49.0;50.0
2026-09-24 12:37;7660.0;7705.11;SPXW  260924C07660000;44.3;45.0
2026-09-24 12:37;7665.0;7705.11;SPXW  260924C07665000;39.3;39.8
2026-09-24 12:37;7670.0;7705.11;SPXW  260924C07670000;34.5;34.8
2026-09-24 12:37;7675.0;7705.11;SPXW  260924C07675000;29.5;29.8
2026-09-24 12:37;7680.0;7705.11;SPXW  260924C07680000;24.5;24.9
2026-09-24 12:37;7685.0;7705.11;SPXW  260924C07685000;19.6;19.9
2026-09-24 12:37;7690.0;7705.11;SPXW  260924C07690000;14.8;15.1
2026-09-24 12:37;7695.0;7705.11;SPXW  260924C07695000;10.3;10.4
2026-09-24 12:37;7700.0;7705.11;SPXW  260924C07700000;6.3;6.4
2026-09-24 12:37;7705.0;7705.11;SPXW  260924C07705000;3.3;3.4
2026-09-24 12:37;7710.0;7705.11;SPXW  260924C07710000;1.5;1.55
2026-09-24 12:37;7715.0;7705.11;SPXW  260924C07715000;0.6;0.65
2026-09-24 12:37;7720.0;7705.11;SPXW  260924C07720000;0.25;0.3
2026-09-24 12:37;7725.0;7705.11;SPXW  260924C07725000;0.1;0.15
2026-09-24 12:37;7730.0;7705.11;SPXW  260924C07730000;0.05;0.1
2026-09-24 12:37;7735.0;7705.11;SPXW  260924C07735000;0.05;0.1
2026-09-24 12:37;7740.0;7705.11;SPXW  260924C07740000;0.05;0.1
2026-09-24 12:37;7745.0;7705.11;SPXW  260924C07745000;0.05;0.1
2026-09-24 12:37;7750.0;7705.11;SPXW  260924C07750000;0.0;0.05
2026-09-24 12:37;7755.0;7705.11;SPXW  260924C07755000;0.0;0.05
2026-09-24 12:37;7760.0;7705.11;SPXW  260924C07760000;0.0;0.05
2026-09-24 12:37;7765.0;7705.11;SPXW  260924C07765000;0.0;0.05
2026-09-24 12:37;7770.0;7705.11;SPXW  260924C07770000;0.0;0.05
2026-09-24 12:37;7775.0;7705.11;SPXW  260924C07775000;0.0;0.05
2026-09-24 12:37;7780.0;7705.11;SPXW  260924C07780000;0.0;0.05
2026-09-24 12:37;7785.0;7705.11;SPXW  260924C07785000;0.0;0.05
2026-09-24 12:37;7790.0;7705.11;SPXW  260924C07790000;0.0;0.05
2026-09-24 12:37;7795.0;7705.11;SPXW  260924C07795000;0.0;0.05
2026-09-24 12:37;7800.0;7705.11;SPXW  260924C07800000;0.0;0.05
2026-09-24 12:37;7805.0;7705.11;SPXW  260924C07805000;0.0;0.05
2026-09-24 12:37;7810.0;7705.11;SPXW  260924C07810000;0.0;0.05
2026-09-24 12:37;7815.0;7705.11;SPXW  260924C07815000;0.0;0.05
2026-09-24 12:37;7820.0;7705.11;SPXW  260924C07820000;0.0;0.05
2026-09-24 12:37;7825.0;7705.11;SPXW  260924C07825000;0.0;0.05
2026-09-24 12:37;7830.0;7705.11;SPXW  260924C07830000;0.0;0.05
2026-09-24 12:37;7835.0;7705.11;SPXW  260924C07835000;0.0;0.05
2026-09-24 12:37;7840.0;7705.11;SPXW  260924C07840000;0.0;0.05
2026-09-24 12:37;7845.0;7705.11;SPXW  260924C07845000;0.0;0.05
2026-09-24 12:37;7850.0;7705.11;SPXW  260924C07850000;0.0;0.05
2026-09-24 12:37;7855.0;7705.11;SPXW  260924C07855000;0.0;0.05
2026-09-24 12:37;7860.0;7705.11;SPXW  260924C07860000;0.0;0.05
2026-09-24 12:37;7865.0;7705.11;SPXW  260924C07865000;0.0;0.05
2026-09-24 12:37;7870.0;7705.11;SPXW  260924C07870000;0.0;0.05
2026-09-24 12:37;7875.0;7705.11;SPXW  260924C07875000;0.0;0.05
2026-09-24 12:37;7880.0;7705.11;SPXW  260924C07880000;0.0;0.05
2026-09-24 12:37;7885.0;7705.11;SPXW  260924C07885000;0.0;0.05
2026-09-24 12:37;7890.0;7705.11;SPXW  260924C07890000;0.0;0.05
2026-09-24 12:37;7895.0;7705.11;SPXW  260924C07895000;0.0;0.05
2026-09-24 12:37;7900.0;7705.11;SPXW  260924C07900000;0.0;0.05
2026-09-24 12:37;7905.0;7705.11;SPXW  260924C07905000;0.0;0.05
2026-09-24 12:37;7910.0;7705.11;SPXW  260924C07910000;0.0;0.05
2026-09-24 12:37;7915.0;7705.11;SPXW  260924C07915000;0.0;0.05
2026-09-24 12:37;7920.0;7705.11;SPXW  260924C07920000;0.0;0.05
2026-09-24 12:37;7925.0;7705.11;SPXW  260924C07925000;0.0;0.05
2026-09-24 12:37;7930.0;7705.11;SPXW  260924C07930000;0.0;0.05
2026-09-24 12:37;7935.0;7705.11;SPXW  260924C07935000;0.0;0.05
2026-09-24 12:37;7940.0;7705.11;SPXW  260924C07940000;0.0;0.05
2026-09-24 12:37;7945.0;7705.11;SPXW  260924C07945000;0.0;0.05
2026-09-24 12:37;7950.0;7705.11;SPXW  260924C07950000;0.0;0.05
2026-09-24 12:37;7955.0;7705.11;SPXW  260924C07955000;0.0;0.05
2026-09-24 12:37;7455.0;7705.11;SPXW  260924P07455000;0.0;0.05
2026-09-24 12:37;7460.0;7705.11;SPXW  260924P07460000;0.0;0.05
2026-09-24 12:37;7465.0;7705.11;SPXW  260924P07465000;0.0;0.05
2026-09-24 12:37;7470.0;7705.11;SPXW  260924P07470000;0.0;0.05
2026-09-24 12:37;7475.0;7705.11;SPXW  260924P07475000;0.0;0.05
2026-09-24 12:37;7480.0;7705.11;SPXW  260924P07480000;0.0;0.05
2026-09-24 12:37;7485.0;7705.11;SPXW  260924P07485000;0.0;0.05
2026-09-24 12:37;7490.0;7705.11;SPXW  260924P07490000;0.0;0.05
2026-09-24 12:37;7495.0;7705.11;SPXW  260924P07495000;0.0;0.05
2026-09-24 12:37;7500.0;7705.11;SPXW  260924P07500000;0.0;0.05
2026-09-24 12:37;7505.0;7705.11;SPXW  260924P07505000;0.0;0.05
2026-09-24 12:37;7510.0;7705.11;SPXW  260924P07510000;0.0;0.05
2026-09-24 12:37;7515.0;7705.11;SPXW  260924P07515000;0.0;0.05
2026-09-24 12:37;7520.0;7705.11;SPXW  260924P07520000;0.0;0.05
2026-09-24 12:37;7525.0;7705.11;SPXW  260924P07525000;0.0;0.05
2026-09-24 12:37;7530.0;7705.11;SPXW  260924P07530000;0.0;0.05
2026-09-24 12:37;7535.0;7705.11;SPXW  260924P07535000;0.0;0.05
2026-09-24 12:37;7540.0;7705.11;SPXW  260924P07540000;0.0;0.05
2026-09-24 12:37;7545.0;7705.11;SPXW  260924P07545000;0.0;0.05
2026-09-24 12:37;7550.0;7705.11;SPXW  260924P07550000;0.0;0.05
2026-09-24 12:37;7555.0;7705.11;SPXW  260924P07555000;0.0;0.05
2026-09-24 12:37;7560.0;7705.11;SPXW  260924P07560000;0.0;0.05
2026-09-24 12:37;7565.0;7705.11;SPXW  260924P07565000;0.0;0.05
2026-09-24 12:37;7570.0;7705.11;SPXW  260924P07570000;0.0;0.05
2026-09-24 12:37;7575.0;7705.11;SPXW  260924P07575000;0.0;0.05
2026-09-24 12:37;7580.0;7705.11;SPXW  260924P07580000;0.0;0.05
2026-09-24 12:37;7585.0;7705.11;SPXW  260924P07585000;0.0;0.05
2026-09-24 12:37;7590.0;7705.11;SPXW  260924P07590000;0.0;0.05
2026-09-24 12:37;7595.0;7705.11;SPXW  260924P07595000;0.0;0.05
2026-09-24 12:37;7600.0;7705.11;SPXW  260924P07600000;0.0;0.05
2026-09-24 12:37;7605.0;7705.11;SPXW  260924P07605000;0.0;0.05
2026-09-24 12:37;7610.0;7705.11;SPXW  260924P07610000;0.0;0.05
2026-09-24 12:37;7615.0;7705.11;SPXW  260924P07615000;0.0;0.05
2026-09-24 12:37;7620.0;7705.11;SPXW  260924P07620000;0.0;0.05
2026-09-24 12:37;7625.0;7705.11;SPXW  260924P07625000;0.05;0.1
2026-09-24 12:37;7630.0;7705.11;SPXW  260924P07630000;0.05;0.1
2026-09-24 12:37;7635.0;7705.11;SPXW  260924P07635000;0.05;0.1
2026-09-24 12:37;7640.0;7705.11;SPXW  260924P07640000;0.05;0.1
2026-09-24 12:37;7645.0;7705.11;SPXW  260924P07645000;0.05;0.1
2026-09-24 12:37;7650.0;7705.11;SPXW  260924P07650000;0.05;0.1
2026-09-24 12:37;7655.0;7705.11;SPXW  260924P07655000;0.05;0.1
2026-09-24 12:37;7660.0;7705.11;SPXW  260924P07660000;0.05;0.1
2026-09-24 12:37;7665.0;7705.11;SPXW  260924P07665000;0.05;0.1
2026-09-24 12:37;7670.0;7705.11;SPXW  260924P07670000;0.05;0.1
2026-09-24 12:37;7675.0;7705.11;SPXW  260924P07675000;0.1;0.15
2026-09-24 12:37;7680.0;7705.11;SPXW  260924P07680000;0.1;0.15
2026-09-24 12:37;7685.0;7705.11;SPXW  260924P07685000;0.2;0.25
2026-09-24 12:37;7690.0;7705.11;SPXW  260924P07690000;0.4;0.45
2026-09-24 12:37;7695.0;7705.11;SPXW  260924P07695000;0.85;0.95
2026-09-24 12:37;7700.0;7705.11;SPXW  260924P07700000;1.9;1.95
2026-09-24 12:37;7705.0;7705.11;SPXW  260924P07705000;3.9;4.0
2026-09-24 12:37;7710.0;7705.11;SPXW  260924P07710000;7.1;7.3
2026-09-24 12:37;7715.0;7705.11;SPXW  260924P07715000;11.1;11.4
2026-09-24 12:37;7720.0;7705.11;SPXW  260924P07720000;15.7;16.1
2026-09-24 12:37;7725.0;7705.11;SPXW  260924P07725000;20.6;21.0
2026-09-24 12:37;7730.0;7705.11;SPXW  260924P07730000;25.6;26.0
2026-09-24 12:37;7735.0;7705.11;SPXW  260924P07735000;30.6;30.9
2026-09-24 12:37;7740.0;7705.11;SPXW  260924P07740000;35.5;35.9
2026-09-24 12:37;7745.0;7705.11;SPXW  260924P07745000;40.3;41.3
2026-09-24 12:37;7750.0;7705.11;SPXW  260924P07750000;45.3;46.1
2026-09-24 12:37;7755.0;7705.11;SPXW  260924P07755000;50.3;51.1
2026-09-24 12:37;7760.0;7705.11;SPXW  260924P07760000;55.3;56.1
2026-09-24 12:37;7765.0;7705.11;SPXW  260924P07765000;60.3;61.1
2026-09-24 12:37;7770.0;7705.11;SPXW  260924P07770000;65.2;66.2
2026-09-24 12:37;7775.0;7705.11;SPXW  260924P07775000;70.2;71.2
2026-09-24 12:37;7780.0;7705.11;SPXW  260924P07780000;75.2;76.2
2026-09-24 12:37;7785.0;7705.11;SPXW  260924P07785000;80.2;81.2
2026-09-24 12:37;7790.0;7705.11;SPXW  260924P07790000;85.2;86.2
2026-09-24 12:37;7795.0;7705.11;SPXW  260924P07795000;90.2;91.2
2026-09-24 12:37;7800.0;7705.11;SPXW  260924P07800000;95.2;96.2
2026-09-24 12:37;7805.0;7705.11;SPXW  260924P07805000;99.9;101.4
2026-09-24 12:37;7810.0;7705.11;SPXW  260924P07810000;104.9;106.4
2026-09-24 12:37;7815.0;7705.11;SPXW  260924P07815000;109.9;111.4
2026-09-24 12:37;7820.0;7705.11;SPXW  260924P07820000;114.9;116.4
2026-09-24 12:37;7825.0;7705.11;SPXW  260924P07825000;119.9;121.4
2026-09-24 12:37;7830.0;7705.11;SPXW  260924P07830000;124.9;126.4
2026-09-24 12:37;7835.0;7705.11;SPXW  260924P07835000;129.9;131.4
2026-09-24 12:37;7840.0;7705.11;SPXW  260924P07840000;134.9;136.4
2026-09-24 12:37;7845.0;7705.11;SPXW  260924P07845000;136.4;143.7
2026-09-24 12:37;7850.0;7705.11;SPXW  260924P07850000;144.9;146.4
2026-09-24 12:37;7855.0;7705.11;SPXW  260924P07855000;146.8;153.7
2026-09-24 12:37;7860.0;7705.11;SPXW  260924P07860000;154.9;156.4
2026-09-24 12:37;7865.0;7705.11;SPXW  260924P07865000;156.8;163.7
2026-09-24 12:37;7870.0;7705.11;SPXW  260924P07870000;164.9;166.4
2026-09-24 12:37;7875.0;7705.11;SPXW  260924P07875000;166.4;173.7
2026-09-24 12:37;7880.0;7705.11;SPXW  260924P07880000;174.9;176.4
2026-09-24 12:37;7885.0;7705.11;SPXW  260924P07885000;179.9;181.4
2026-09-24 12:37;7890.0;7705.11;SPXW  260924P07890000;184.9;186.4
2026-09-24 12:37;7895.0;7705.11;SPXW  260924P07895000;189.9;191.4
2026-09-24 12:37;7900.0;7705.11;SPXW  260924P07900000;194.9;196.4
2026-09-24 12:37;7905.0;7705.11;SPXW  260924P07905000;199.9;201.4
2026-09-24 12:37;7910.0;7705.11;SPXW  260924P07910000;197.8;212.3
2026-09-24 12:37;7915.0;7705.11;SPXW  260924P07915000;202.8;217.3
2026-09-24 12:37;7920.0;7705.11;SPXW  260924P07920000;207.8;221.4
2026-09-24 12:37;7925.0;7705.11;SPXW  260924P07925000;210.2;228.5
2026-09-24 12:37;7930.0;7705.11;SPXW  260924P07930000;224.9;226.4
2026-09-24 12:37;7935.0;7705.11;SPXW  260924P07935000;229.9;231.4
2026-09-24 12:37;7940.0;7705.11;SPXW  260924P07940000;234.9;236.4
2026-09-24 12:37;7945.0;7705.11;SPXW  260924P07945000;230.2;250.7
2026-09-24 12:37;7950.0;7705.11;SPXW  260924P07950000;244.9;246.4
2026-09-24 12:42;7460.0;7707.09;SPXW  260924C07460000;236.6;256.9
2026-09-24 12:42;7465.0;7707.09;SPXW  260924C07465000;231.6;251.8
2026-09-24 12:42;7470.0;7707.09;SPXW  260924C07470000;227.4;243.7
2026-09-24 12:42;7475.0;7707.09;SPXW  260924C07475000;221.8;241.9
2026-09-24 12:42;7480.0;7707.09;SPXW  260924C07480000;216.3;233.8
2026-09-24 12:42;7485.0;7707.09;SPXW  260924C07485000;212.4;228.7
2026-09-24 12:42;7490.0;7707.09;SPXW  260924C07490000;208.9;223.7
2026-09-24 12:42;7495.0;7707.09;SPXW  260924C07495000;204.7;218.4
2026-09-24 12:42;7500.0;7707.09;SPXW  260924C07500000;199.7;213.8
2026-09-24 12:42;7505.0;7707.09;SPXW  260924C07505000;194.7;207.8
2026-09-24 12:42;7510.0;7707.09;SPXW  260924C07510000;193.4;200.7
2026-09-24 12:42;7515.0;7707.09;SPXW  260924C07515000;188.4;195.7
2026-09-24 12:42;7520.0;7707.09;SPXW  260924C07520000;183.4;190.5
2026-09-24 12:42;7525.0;7707.09;SPXW  260924C07525000;178.4;185.7
2026-09-24 12:42;7530.0;7707.09;SPXW  260924C07530000;173.4;180.7
2026-09-24 12:42;7535.0;7707.09;SPXW  260924C07535000;168.4;175.5
2026-09-24 12:42;7540.0;7707.09;SPXW  260924C07540000;163.4;170.7
2026-09-24 12:42;7545.0;7707.09;SPXW  260924C07545000;158.4;165.7
2026-09-24 12:42;7550.0;7707.09;SPXW  260924C07550000;153.4;160.5
2026-09-24 12:42;7555.0;7707.09;SPXW  260924C07555000;148.4;155.7
2026-09-24 12:42;7560.0;7707.09;SPXW  260924C07560000;143.4;150.7
2026-09-24 12:42;7565.0;7707.09;SPXW  260924C07565000;138.4;145.5
2026-09-24 12:42;7570.0;7707.09;SPXW  260924C07570000;133.4;140.8
2026-09-24 12:42;7575.0;7707.09;SPXW  260924C07575000;128.4;135.7
2026-09-24 12:42;7580.0;7707.09;SPXW  260924C07580000;123.4;130.5
2026-09-24 12:42;7585.0;7707.09;SPXW  260924C07585000;118.4;125.2
2026-09-24 12:42;7590.0;7707.09;SPXW  260924C07590000;113.5;120.2
2026-09-24 12:42;7595.0;7707.09;SPXW  260924C07595000;108.4;115.2
2026-09-24 12:42;7600.0;7707.09;SPXW  260924C07600000;106.1;107.4
2026-09-24 12:42;7605.0;7707.09;SPXW  260924C07605000;98.5;105.3
2026-09-24 12:42;7610.0;7707.09;SPXW  260924C07610000;96.1;97.0
2026-09-24 12:42;7615.0;7707.09;SPXW  260924C07615000;91.1;92.0
2026-09-24 12:42;7620.0;7707.09;SPXW  260924C07620000;86.1;87.0
2026-09-24 12:42;7625.0;7707.09;SPXW  260924C07625000;81.1;82.0
2026-09-24 12:42;7630.0;7707.09;SPXW  260924C07630000;76.1;77.0
2026-09-24 12:42;7635.0;7707.09;SPXW  260924C07635000;71.2;72.0
2026-09-24 12:42;7640.0;7707.09;SPXW  260924C07640000;66.2;67.0
2026-09-24 12:42;7645.0;7707.09;SPXW  260924C07645000;61.2;62.1
2026-09-24 12:42;7650.0;7707.09;SPXW  260924C07650000;56.3;57.1
2026-09-24 12:42;7655.0;7707.09;SPXW  260924C07655000;51.3;52.1
2026-09-24 12:42;7660.0;7707.09;SPXW  260924C07660000;46.3;47.1
2026-09-24 12:42;7665.0;7707.09;SPXW  260924C07665000;41.5;41.9
2026-09-24 12:42;7670.0;7707.09;SPXW  260924C07670000;36.5;36.9
2026-09-24 12:42;7675.0;7707.09;SPXW  260924C07675000;31.5;31.9
2026-09-24 12:42;7680.0;7707.09;SPXW  260924C07680000;26.5;26.9
2026-09-24 12:42;7685.0;7707.09;SPXW  260924C07685000;21.6;21.9
2026-09-24 12:42;7690.0;7707.09;SPXW  260924C07690000;16.7;17.0
2026-09-24 12:42;7695.0;7707.09;SPXW  260924C07695000;12.0;12.3
2026-09-24 12:42;7700.0;7707.09;SPXW  260924C07700000;7.7;7.9
2026-09-24 12:42;7705.0;7707.09;SPXW  260924C07705000;4.1;4.2
2026-09-24 12:42;7710.0;7707.09;SPXW  260924C07710000;1.8;1.85
2026-09-24 12:42;7715.0;7707.09;SPXW  260924C07715000;0.65;0.7
2026-09-24 12:42;7720.0;7707.09;SPXW  260924C07720000;0.25;0.3
2026-09-24 12:42;7725.0;7707.09;SPXW  260924C07725000;0.1;0.2
2026-09-24 12:42;7730.0;7707.09;SPXW  260924C07730000;0.05;0.15
2026-09-24 12:42;7735.0;7707.09;SPXW  260924C07735000;0.05;0.1
2026-09-24 12:42;7740.0;7707.09;SPXW  260924C07740000;0.05;0.1
2026-09-24 12:42;7745.0;7707.09;SPXW  260924C07745000;0.05;0.1
2026-09-24 12:42;7750.0;7707.09;SPXW  260924C07750000;0.0;0.05
2026-09-24 12:42;7755.0;7707.09;SPXW  260924C07755000;0.0;0.05
2026-09-24 12:42;7760.0;7707.09;SPXW  260924C07760000;0.0;0.05
2026-09-24 12:42;7765.0;7707.09;SPXW  260924C07765000;0.0;0.05
2026-09-24 12:42;7770.0;7707.09;SPXW  260924C07770000;0.0;0.05
2026-09-24 12:42;7775.0;7707.09;SPXW  260924C07775000;0.0;0.05
2026-09-24 12:42;7780.0;7707.09;SPXW  260924C07780000;0.0;0.05
2026-09-24 12:42;7785.0;7707.09;SPXW  260924C07785000;0.0;0.05
2026-09-24 12:42;7790.0;7707.09;SPXW  260924C07790000;0.0;0.05
2026-09-24 12:42;7795.0;7707.09;SPXW  260924C07795000;0.0;0.05
2026-09-24 12:42;7800.0;7707.09;SPXW  260924C07800000;0.0;0.05
2026-09-24 12:42;7805.0;7707.09;SPXW  260924C07805000;0.0;0.05
2026-09-24 12:42;7810.0;7707.09;SPXW  260924C07810000;0.0;0.05
2026-09-24 12:42;7815.0;7707.09;SPXW  260924C07815000;0.0;0.05
2026-09-24 12:42;7820.0;7707.09;SPXW  260924C07820000;0.0;0.05
2026-09-24 12:42;7825.0;7707.09;SPXW  260924C07825000;0.0;0.05
2026-09-24 12:42;7830.0;7707.09;SPXW  260924C07830000;0.0;0.05
2026-09-24 12:42;7835.0;7707.09;SPXW  260924C07835000;0.0;0.05
2026-09-24 12:42;7840.0;7707.09;SPXW  260924C07840000;0.0;0.05
2026-09-24 12:42;7845.0;7707.09;SPXW  260924C07845000;0.0;0.05
2026-09-24 12:42;7850.0;7707.09;SPXW  260924C07850000;0.0;0.05
2026-09-24 12:42;7855.0;7707.09;SPXW  260924C07855000;0.0;0.05
2026-09-24 12:42;7860.0;7707.09;SPXW  260924C07860000;0.0;0.05
2026-09-24 12:42;7865.0;7707.09;SPXW  260924C07865000;0.0;0.05
2026-09-24 12:42;7870.0;7707.09;SPXW  260924C07870000;0.0;0.05
2026-09-24 12:42;7875.0;7707.09;SPXW  260924C07875000;0.0;0.05
2026-09-24 12:42;7880.0;7707.09;SPXW  260924C07880000;0.0;0.05
2026-09-24 12:42;7885.0;7707.09;SPXW  260924C07885000;0.0;0.05
2026-09-24 12:42;7890.0;7707.09;SPXW  260924C07890000;0.0;0.05
2026-09-24 12:42;7895.0;7707.09;SPXW  260924C07895000;0.0;0.05
2026-09-24 12:42;7900.0;7707.09;SPXW  260924C07900000;0.0;0.05
2026-09-24 12:42;7905.0;7707.09;SPXW  260924C07905000;0.0;0.05
2026-09-24 12:42;7910.0;7707.09;SPXW  260924C07910000;0.0;0.05
2026-09-24 12:42;7915.0;7707.09;SPXW  260924C07915000;0.0;0.05
2026-09-24 12:42;7920.0;7707.09;SPXW  260924C07920000;0.0;0.05
2026-09-24 12:42;7925.0;7707.09;SPXW  260924C07925000;0.0;0.05
2026-09-24 12:42;7930.0;7707.09;SPXW  260924C07930000;0.0;0.05
2026-09-24 12:42;7935.0;7707.09;SPXW  260924C07935000;0.0;0.05
2026-09-24 12:42;7940.0;7707.09;SPXW  260924C07940000;0.0;0.05
2026-09-24 12:42;7945.0;7707.09;SPXW  260924C07945000;0.0;0.05
2026-09-24 12:42;7950.0;7707.09;SPXW  260924C07950000;0.0;0.05
2026-09-24 12:42;7955.0;7707.09;SPXW  260924C07955000;0.0;0.05
2026-09-24 12:42;7460.0;7707.09;SPXW  260924P07460000;0.0;0.05
2026-09-24 12:42;7465.0;7707.09;SPXW  260924P07465000;0.0;0.05
2026-09-24 12:42;7470.0;7707.09;SPXW  260924P07470000;0.0;0.05
2026-09-24 12:42;7475.0;7707.09;SPXW  260924P07475000;0.0;0.05
2026-09-24 12:42;7480.0;7707.09;SPXW  260924P07480000;0.0;0.05
2026-09-24 12:42;7485.0;7707.09;SPXW  260924P07485000;0.0;0.05
2026-09-24 12:42;7490.0;7707.09;SPXW  260924P07490000;0.0;0.05
2026-09-24 12:42;7495.0;7707.09;SPXW  260924P07495000;0.0;0.05
2026-09-24 12:42;7500.0;7707.09;SPXW  260924P07500000;0.0;0.05
2026-09-24 12:42;7505.0;7707.09;SPXW  260924P07505000;0.0;0.05
2026-09-24 12:42;7510.0;7707.09;SPXW  260924P07510000;0.0;0.05
2026-09-24 12:42;7515.0;7707.09;SPXW  260924P07515000;0.0;0.05
2026-09-24 12:42;7520.0;7707.09;SPXW  260924P07520000;0.0;0.05
2026-09-24 12:42;7525.0;7707.09;SPXW  260924P07525000;0.0;0.05
2026-09-24 12:42;7530.0;7707.09;SPXW  260924P07530000;0.0;0.05
2026-09-24 12:42;7535.0;7707.09;SPXW  260924P07535000;0.0;0.05
2026-09-24 12:42;7540.0;7707.09;SPXW  260924P07540000;0.0;0.05
2026-09-24 12:42;7545.0;7707.09;SPXW  260924P07545000;0.0;0.05
2026-09-24 12:42;7550.0;7707.09;SPXW  260924P07550000;0.0;0.05
2026-09-24 12:42;7555.0;7707.09;SPXW  260924P07555000;0.0;0.05
2026-09-24 12:42;7560.0;7707.09;SPXW  260924P07560000;0.0;0.05
2026-09-24 12:42;7565.0;7707.09;SPXW  260924P07565000;0.0;0.05
2026-09-24 12:42;7570.0;7707.09;SPXW  260924P07570000;0.0;0.05
2026-09-24 12:42;7575.0;7707.09;SPXW  260924P07575000;0.0;0.05
2026-09-24 12:42;7580.0;7707.09;SPXW  260924P07580000;0.0;0.05
2026-09-24 12:42;7585.0;7707.09;SPXW  260924P07585000;0.0;0.05
2026-09-24 12:42;7590.0;7707.09;SPXW  260924P07590000;0.0;0.05
2026-09-24 12:42;7595.0;7707.09;SPXW  260924P07595000;0.0;0.05
2026-09-24 12:42;7600.0;7707.09;SPXW  260924P07600000;0.0;0.05
2026-09-24 12:42;7605.0;7707.09;SPXW  260924P07605000;0.0;0.05
2026-09-24 12:42;7610.0;7707.09;SPXW  260924P07610000;0.0;0.05
2026-09-24 12:42;7615.0;7707.09;SPXW  260924P07615000;0.0;0.05
2026-09-24 12:42;7620.0;7707.09;SPXW  260924P07620000;0.0;0.05
2026-09-24 12:42;7625.0;7707.09;SPXW  260924P07625000;0.0;0.05
2026-09-24 12:42;7630.0;7707.09;SPXW  260924P07630000;0.0;0.05
2026-09-24 12:42;7635.0;7707.09;SPXW  260924P07635000;0.0;0.05
2026-09-24 12:42;7640.0;7707.09;SPXW  260924P07640000;0.0;0.05
2026-09-24 12:42;7645.0;7707.09;SPXW  260924P07645000;0.0;0.1
2026-09-24 12:42;7650.0;7707.09;SPXW  260924P07650000;0.0;0.05
2026-09-24 12:42;7655.0;7707.09;SPXW  260924P07655000;0.05;0.1
2026-09-24 12:42;7660.0;7707.09;SPXW  260924P07660000;0.05;0.1
2026-09-24 12:42;7665.0;7707.09;SPXW  260924P07665000;0.05;0.1
2026-09-24 12:42;7670.0;7707.09;SPXW  260924P07670000;0.05;0.1
2026-09-24 12:42;7675.0;7707.09;SPXW  260924P07675000;0.05;0.1
2026-09-24 12:42;7680.0;7707.09;SPXW  260924P07680000;0.1;0.15
2026-09-24 12:42;7685.0;7707.09;SPXW  260924P07685000;0.1;0.15
2026-09-24 12:42;7690.0;7707.09;SPXW  260924P07690000;0.2;0.25
2026-09-24 12:42;7695.0;7707.09;SPXW  260924P07695000;0.45;0.5
2026-09-24 12:42;7700.0;7707.09;SPXW  260924P07700000;1.0;1.05
2026-09-24 12:42;7705.0;7707.09;SPXW  260924P07705000;2.3;2.35
2026-09-24 12:42;7710.0;7707.09;SPXW  260924P07710000;4.8;4.9
2026-09-24 12:42;7715.0;7707.09;SPXW  260924P07715000;8.5;8.7
2026-09-24 12:42;7720.0;7707.09;SPXW  260924P07720000;13.0;13.3
2026-09-24 12:42;7725.0;7707.09;SPXW  260924P07725000;17.8;18.1
2026-09-24 12:42;7730.0;7707.09;SPXW  260924P07730000;22.8;23.1
2026-09-24 12:42;7735.0;7707.09;SPXW  260924P07735000;27.8;28.0
2026-09-24 12:42;7740.0;7707.09;SPXW  260924P07740000;32.8;33.1
2026-09-24 12:42;7745.0;7707.09;SPXW  260924P07745000;37.7;38.5
2026-09-24 12:42;7750.0;7707.09;SPXW  260924P07750000;42.4;43.5
2026-09-24 12:42;7755.0;7707.09;SPXW  260924P07755000;47.5;48.5
2026-09-24 12:42;7760.0;7707.09;SPXW  260924P07760000;52.5;53.5
2026-09-24 12:42;7765.0;7707.09;SPXW  260924P07765000;57.5;58.5
2026-09-24 12:42;7770.0;7707.09;SPXW  260924P07770000;62.5;63.4
2026-09-24 12:42;7775.0;7707.09;SPXW  260924P07775000;67.5;68.4
2026-09-24 12:42;7780.0;7707.09;SPXW  260924P07780000;72.5;73.4
2026-09-24 12:42;7785.0;7707.09;SPXW  260924P07785000;77.5;78.4
2026-09-24 12:42;7790.0;7707.09;SPXW  260924P07790000;82.5;83.4
2026-09-24 12:42;7795.0;7707.09;SPXW  260924P07795000;87.5;88.4
2026-09-24 12:42;7800.0;7707.09;SPXW  260924P07800000;92.5;93.4
2026-09-24 12:42;7805.0;7707.09;SPXW  260924P07805000;97.5;98.4
2026-09-24 12:42;7810.0;7707.09;SPXW  260924P07810000;102.2;103.6
2026-09-24 12:42;7815.0;7707.09;SPXW  260924P07815000;107.2;108.6
2026-09-24 12:42;7820.0;7707.09;SPXW  260924P07820000;112.2;113.6
2026-09-24 12:42;7825.0;7707.09;SPXW  260924P07825000;117.2;118.6
2026-09-24 12:42;7830.0;7707.09;SPXW  260924P07830000;122.2;123.6
2026-09-24 12:42;7835.0;7707.09;SPXW  260924P07835000;124.3;131.6
2026-09-24 12:42;7840.0;7707.09;SPXW  260924P07840000;129.2;136.6
2026-09-24 12:42;7845.0;7707.09;SPXW  260924P07845000;134.5;141.6
2026-09-24 12:42;7850.0;7707.09;SPXW  260924P07850000;142.2;143.6
2026-09-24 12:42;7855.0;7707.09;SPXW  260924P07855000;144.3;151.6
2026-09-24 12:42;7860.0;7707.09;SPXW  260924P07860000;149.3;156.6
2026-09-24 12:42;7865.0;7707.09;SPXW  260924P07865000;154.3;161.6
2026-09-24 12:42;7870.0;7707.09;SPXW  260924P07870000;162.2;163.6
2026-09-24 12:42;7875.0;7707.09;SPXW  260924P07875000;164.5;171.6
2026-09-24 12:42;7880.0;7707.09;SPXW  260924P07880000;169.2;176.6
2026-09-24 12:42;7885.0;7707.09;SPXW  260924P07885000;177.2;178.6
2026-09-24 12:42;7890.0;7707.09;SPXW  260924P07890000;182.2;183.6
2026-09-24 12:42;7895.0;7707.09;SPXW  260924P07895000;186.9;189.1
2026-09-24 12:42;7900.0;7707.09;SPXW  260924P07900000;192.2;193.6
2026-09-24 12:42;7905.0;7707.09;SPXW  260924P07905000;196.9;199.1
2026-09-24 12:42;7910.0;7707.09;SPXW  260924P07910000;196.0;210.2
2026-09-24 12:42;7915.0;7707.09;SPXW  260924P07915000;201.0;215.2
2026-09-24 12:42;7920.0;7707.09;SPXW  260924P07920000;206.0;220.2
2026-09-24 12:42;7925.0;7707.09;SPXW  260924P07925000;208.8;227.6
2026-09-24 12:42;7930.0;7707.09;SPXW  260924P07930000;222.2;223.6
2026-09-24 12:42;7935.0;7707.09;SPXW  260924P07935000;227.2;228.6
2026-09-24 12:42;7940.0;7707.09;SPXW  260924P07940000;232.2;233.6
2026-09-24 12:42;7945.0;7707.09;SPXW  260924P07945000;229.6;248.6
2026-09-24 12:42;7950.0;7707.09;SPXW  260924P07950000;241.9;244.1
2026-09-24 12:42;7955.0;7707.09;SPXW  260924P07955000;239.6;257.6
2026-09-24 12:46;7460.0;7705.91;SPXW  260924C07460000;244.2;254.6
2026-09-24 12:46;7465.0;7705.91;SPXW  260924C07465000;231.6;249.6
2026-09-24 12:46;7470.0;7705.91;SPXW  260924C07470000;225.2;243.7
2026-09-24 12:46;7475.0;7705.91;SPXW  260924C07475000;221.8;239.6
2026-09-24 12:46;7480.0;7705.91;SPXW  260924C07480000;215.6;233.8
2026-09-24 12:46;7485.0;7705.91;SPXW  260924C07485000;210.2;228.7
2026-09-24 12:46;7490.0;7705.91;SPXW  260924C07490000;208.1;222.4
2026-09-24 12:46;7495.0;7705.91;SPXW  260924C07495000;203.9;217.6
2026-09-24 12:46;7500.0;7705.91;SPXW  260924C07500000;199.0;212.7
2026-09-24 12:46;7505.0;7705.91;SPXW  260924C07505000;193.2;206.9
2026-09-24 12:46;7510.0;7705.91;SPXW  260924C07510000;191.3;199.1
2026-09-24 12:46;7515.0;7705.91;SPXW  260924C07515000;186.8;194.1
2026-09-24 12:46;7520.0;7705.91;SPXW  260924C07520000;181.8;189.1
2026-09-24 12:46;7525.0;7705.91;SPXW  260924C07525000;176.8;184.1
2026-09-24 12:46;7530.0;7705.91;SPXW  260924C07530000;171.8;179.1
2026-09-24 12:46;7535.0;7705.91;SPXW  260924C07535000;166.8;174.1
2026-09-24 12:46;7540.0;7705.91;SPXW  260924C07540000;161.8;169.1
2026-09-24 12:46;7545.0;7705.91;SPXW  260924C07545000;156.8;163.1
2026-09-24 12:46;7550.0;7705.91;SPXW  260924C07550000;151.8;158.1
2026-09-24 12:46;7555.0;7705.91;SPXW  260924C07555000;146.8;153.1
2026-09-24 12:46;7560.0;7705.91;SPXW  260924C07560000;141.8;148.1
2026-09-24 12:46;7565.0;7705.91;SPXW  260924C07565000;136.7;143.1
2026-09-24 12:46;7570.0;7705.91;SPXW  260924C07570000;131.8;138.1
2026-09-24 12:46;7575.0;7705.91;SPXW  260924C07575000;126.8;133.1
2026-09-24 12:46;7580.0;7705.91;SPXW  260924C07580000;121.8;128.1
2026-09-24 12:46;7585.0;7705.91;SPXW  260924C07585000;116.8;123.1
2026-09-24 12:46;7590.0;7705.91;SPXW  260924C07590000;111.8;119.1
2026-09-24 12:46;7595.0;7705.91;SPXW  260924C07595000;106.5;114.1
2026-09-24 12:46;7600.0;7705.91;SPXW  260924C07600000;104.7;106.4
2026-09-24 12:46;7605.0;7705.91;SPXW  260924C07605000;96.8;103.9
2026-09-24 12:46;7610.0;7705.91;SPXW  260924C07610000;95.0;96.0
2026-09-24 12:46;7615.0;7705.91;SPXW  260924C07615000;90.0;91.0
2026-09-24 12:46;7620.0;7705.91;SPXW  260924C07620000;85.0;86.0
2026-09-24 12:46;7625.0;7705.91;SPXW  260924C07625000;80.0;81.0
2026-09-24 12:46;7630.0;7705.91;SPXW  260924C07630000;75.0;76.0
2026-09-24 12:46;7635.0;7705.91;SPXW  260924C07635000;70.2;71.0
2026-09-24 12:46;7640.0;7705.91;SPXW  260924C07640000;65.2;66.0
2026-09-24 12:46;7645.0;7705.91;SPXW  260924C07645000;60.2;61.0
2026-09-24 12:46;7650.0;7705.91;SPXW  260924C07650000;55.2;56.0
2026-09-24 12:46;7655.0;7705.91;SPXW  260924C07655000;50.2;51.0
2026-09-24 12:46;7660.0;7705.91;SPXW  260924C07660000;45.2;45.9
2026-09-24 12:46;7665.0;7705.91;SPXW  260924C07665000;40.4;40.9
2026-09-24 12:46;7670.0;7705.91;SPXW  260924C07670000;35.4;35.9
2026-09-24 12:46;7675.0;7705.91;SPXW  260924C07675000;30.4;30.9
2026-09-24 12:46;7680.0;7705.91;SPXW  260924C07680000;25.5;25.9
2026-09-24 12:46;7685.0;7705.91;SPXW  260924C07685000;20.5;20.9
2026-09-24 12:46;7690.0;7705.91;SPXW  260924C07690000;15.6;16.1
2026-09-24 12:46;7695.0;7705.91;SPXW  260924C07695000;11.0;11.2
2026-09-24 12:46;7700.0;7705.91;SPXW  260924C07700000;6.8;7.0
2026-09-24 12:46;7705.0;7705.91;SPXW  260924C07705000;3.5;3.6
2026-09-24 12:46;7710.0;7705.91;SPXW  260924C07710000;1.45;1.55
2026-09-24 12:46;7715.0;7705.91;SPXW  260924C07715000;0.55;0.6
2026-09-24 12:46;7720.0;7705.91;SPXW  260924C07720000;0.2;0.25
2026-09-24 12:46;7725.0;7705.91;SPXW  260924C07725000;0.1;0.15
2026-09-24 12:46;7730.0;7705.91;SPXW  260924C07730000;0.05;0.1
2026-09-24 12:46;7735.0;7705.91;SPXW  260924C07735000;0.05;0.1
2026-09-24 12:46;7740.0;7705.91;SPXW  260924C07740000;0.05;0.1
2026-09-24 12:46;7745.0;7705.91;SPXW  260924C07745000;0.0;0.05
2026-09-24 12:46;7750.0;7705.91;SPXW  260924C07750000;0.0;0.05
2026-09-24 12:46;7755.0;7705.91;SPXW  260924C07755000;0.0;0.05
2026-09-24 12:46;7760.0;7705.91;SPXW  260924C07760000;0.0;0.05
2026-09-24 12:46;7765.0;7705.91;SPXW  260924C07765000;0.0;0.05
2026-09-24 12:46;7770.0;7705.91;SPXW  260924C07770000;0.0;0.05
2026-09-24 12:46;7775.0;7705.91;SPXW  260924C07775000;0.0;0.05
2026-09-24 12:46;7780.0;7705.91;SPXW  260924C07780000;0.0;0.05
2026-09-24 12:46;7785.0;7705.91;SPXW  260924C07785000;0.0;0.05
2026-09-24 12:46;7790.0;7705.91;SPXW  260924C07790000;0.0;0.05
2026-09-24 12:46;7795.0;7705.91;SPXW  260924C07795000;0.0;0.05
2026-09-24 12:46;7800.0;7705.91;SPXW  260924C07800000;0.0;0.05
2026-09-24 12:46;7805.0;7705.91;SPXW  260924C07805000;0.0;0.05
2026-09-24 12:46;7810.0;7705.91;SPXW  260924C07810000;0.0;0.05
2026-09-24 12:46;7815.0;7705.91;SPXW  260924C07815000;0.0;0.05
2026-09-24 12:46;7820.0;7705.91;SPXW  260924C07820000;0.0;0.05
2026-09-24 12:46;7825.0;7705.91;SPXW  260924C07825000;0.0;0.05
2026-09-24 12:46;7830.0;7705.91;SPXW  260924C07830000;0.0;0.05
2026-09-24 12:46;7835.0;7705.91;SPXW  260924C07835000;0.0;0.05
2026-09-24 12:46;7840.0;7705.91;SPXW  260924C07840000;0.0;0.05
2026-09-24 12:46;7845.0;7705.91;SPXW  260924C07845000;0.0;0.05
2026-09-24 12:46;7850.0;7705.91;SPXW  260924C07850000;0.0;0.05
2026-09-24 12:46;7855.0;7705.91;SPXW  260924C07855000;0.0;0.05
2026-09-24 12:46;7860.0;7705.91;SPXW  260924C07860000;0.0;0.05
2026-09-24 12:46;7865.0;7705.91;SPXW  260924C07865000;0.0;0.05
2026-09-24 12:46;7870.0;7705.91;SPXW  260924C07870000;0.0;0.05
2026-09-24 12:46;7875.0;7705.91;SPXW  260924C07875000;0.0;0.05
2026-09-24 12:46;7880.0;7705.91;SPXW  260924C07880000;0.0;0.05
2026-09-24 12:46;7885.0;7705.91;SPXW  260924C07885000;0.0;0.05
2026-09-24 12:46;7890.0;7705.91;SPXW  260924C07890000;0.0;0.05
2026-09-24 12:46;7895.0;7705.91;SPXW  260924C07895000;0.0;0.05
2026-09-24 12:46;7900.0;7705.91;SPXW  260924C07900000;0.0;0.05
2026-09-24 12:46;7905.0;7705.91;SPXW  260924C07905000;0.0;0.05
2026-09-24 12:46;7910.0;7705.91;SPXW  260924C07910000;0.0;0.05
2026-09-24 12:46;7915.0;7705.91;SPXW  260924C07915000;0.0;0.05
2026-09-24 12:46;7920.0;7705.91;SPXW  260924C07920000;0.0;0.05
2026-09-24 12:46;7925.0;7705.91;SPXW  260924C07925000;0.0;0.05
2026-09-24 12:46;7930.0;7705.91;SPXW  260924C07930000;0.0;0.05
2026-09-24 12:46;7935.0;7705.91;SPXW  260924C07935000;0.0;0.05
2026-09-24 12:46;7940.0;7705.91;SPXW  260924C07940000;0.0;0.05
2026-09-24 12:46;7945.0;7705.91;SPXW  260924C07945000;0.0;0.05
2026-09-24 12:46;7950.0;7705.91;SPXW  260924C07950000;0.0;0.05
2026-09-24 12:46;7955.0;7705.91;SPXW  260924C07955000;0.0;0.05
2026-09-24 12:46;7460.0;7705.91;SPXW  260924P07460000;0.0;0.05
2026-09-24 12:46;7465.0;7705.91;SPXW  260924P07465000;0.0;0.05
2026-09-24 12:46;7470.0;7705.91;SPXW  260924P07470000;0.0;0.05
2026-09-24 12:46;7475.0;7705.91;SPXW  260924P07475000;0.0;0.05
2026-09-24 12:46;7480.0;7705.91;SPXW  260924P07480000;0.0;0.05
2026-09-24 12:46;7485.0;7705.91;SPXW  260924P07485000;0.0;0.05
2026-09-24 12:46;7490.0;7705.91;SPXW  260924P07490000;0.0;0.05
2026-09-24 12:46;7495.0;7705.91;SPXW  260924P07495000;0.0;0.05
2026-09-24 12:46;7500.0;7705.91;SPXW  260924P07500000;0.0;0.05
2026-09-24 12:46;7505.0;7705.91;SPXW  260924P07505000;0.0;0.05
2026-09-24 12:46;7510.0;7705.91;SPXW  260924P07510000;0.0;0.05
2026-09-24 12:46;7515.0;7705.91;SPXW  260924P07515000;0.0;0.05
2026-09-24 12:46;7520.0;7705.91;SPXW  260924P07520000;0.0;0.05
2026-09-24 12:46;7525.0;7705.91;SPXW  260924P07525000;0.0;0.05
2026-09-24 12:46;7530.0;7705.91;SPXW  260924P07530000;0.0;0.05
2026-09-24 12:46;7535.0;7705.91;SPXW  260924P07535000;0.0;0.05
2026-09-24 12:46;7540.0;7705.91;SPXW  260924P07540000;0.0;0.05
2026-09-24 12:46;7545.0;7705.91;SPXW  260924P07545000;0.0;0.05
2026-09-24 12:46;7550.0;7705.91;SPXW  260924P07550000;0.0;0.05
2026-09-24 12:46;7555.0;7705.91;SPXW  260924P07555000;0.0;0.05
2026-09-24 12:46;7560.0;7705.91;SPXW  260924P07560000;0.0;0.05
2026-09-24 12:46;7565.0;7705.91;SPXW  260924P07565000;0.0;0.05
2026-09-24 12:46;7570.0;7705.91;SPXW  260924P07570000;0.0;0.05
2026-09-24 12:46;7575.0;7705.91;SPXW  260924P07575000;0.0;0.05
2026-09-24 12:46;7580.0;7705.91;SPXW  260924P07580000;0.0;0.05
2026-09-24 12:46;7585.0;7705.91;SPXW  260924P07585000;0.0;0.05
2026-09-24 12:46;7590.0;7705.91;SPXW  260924P07590000;0.0;0.05
2026-09-24 12:46;7595.0;7705.91;SPXW  260924P07595000;0.0;0.05
2026-09-24 12:46;7600.0;7705.91;SPXW  260924P07600000;0.0;0.05
2026-09-24 12:46;7605.0;7705.91;SPXW  260924P07605000;0.0;0.05
2026-09-24 12:46;7610.0;7705.91;SPXW  260924P07610000;0.0;0.05
2026-09-24 12:46;7615.0;7705.91;SPXW  260924P07615000;0.0;0.05
2026-09-24 12:46;7620.0;7705.91;SPXW  260924P07620000;0.0;0.05
2026-09-24 12:46;7625.0;7705.91;SPXW  260924P07625000;0.0;0.05
2026-09-24 12:46;7630.0;7705.91;SPXW  260924P07630000;0.0;0.05
2026-09-24 12:46;7635.0;7705.91;SPXW  260924P07635000;0.0;0.05
2026-09-24 12:46;7640.0;7705.91;SPXW  260924P07640000;0.0;0.05
2026-09-24 12:46;7645.0;7705.91;SPXW  260924P07645000;0.0;0.05
2026-09-24 12:46;7650.0;7705.91;SPXW  260924P07650000;0.0;0.05
2026-09-24 12:46;7655.0;7705.91;SPXW  260924P07655000;0.05;0.1
2026-09-24 12:46;7660.0;7705.91;SPXW  260924P07660000;0.05;0.1
2026-09-24 12:46;7665.0;7705.91;SPXW  260924P07665000;0.05;0.1
2026-09-24 12:46;7670.0;7705.91;SPXW  260924P07670000;0.05;0.1
2026-09-24 12:46;7675.0;7705.91;SPXW  260924P07675000;0.05;0.1
2026-09-24 12:46;7680.0;7705.91;SPXW  260924P07680000;0.1;0.15
2026-09-24 12:46;7685.0;7705.91;SPXW  260924P07685000;0.15;0.2
2026-09-24 12:46;7690.0;7705.91;SPXW  260924P07690000;0.3;0.35
2026-09-24 12:46;7695.0;7705.91;SPXW  260924P07695000;0.6;0.7
2026-09-24 12:46;7700.0;7705.91;SPXW  260924P07700000;1.45;1.5
2026-09-24 12:46;7705.0;7705.91;SPXW  260924P07705000;3.2;3.3
2026-09-24 12:46;7710.0;7705.91;SPXW  260924P07710000;6.3;6.5
2026-09-24 12:46;7715.0;7705.91;SPXW  260924P07715000;10.5;10.7
2026-09-24 12:46;7720.0;7705.91;SPXW  260924P07720000;15.1;15.5
2026-09-24 12:46;7725.0;7705.91;SPXW  260924P07725000;20.0;20.3
2026-09-24 12:46;7730.0;7705.91;SPXW  260924P07730000;24.9;25.3
2026-09-24 12:46;7735.0;7705.91;SPXW  260924P07735000;29.9;30.3
2026-09-24 12:46;7740.0;7705.91;SPXW  260924P07740000;34.9;35.3
2026-09-24 12:46;7745.0;7705.91;SPXW  260924P07745000;39.9;40.3
2026-09-24 12:46;7750.0;7705.91;SPXW  260924P07750000;44.9;45.3
2026-09-24 12:46;7755.0;7705.91;SPXW  260924P07755000;49.9;50.3
2026-09-24 12:46;7760.0;7705.91;SPXW  260924P07760000;54.7;55.7
2026-09-24 12:46;7765.0;7705.91;SPXW  260924P07765000;59.7;60.7
2026-09-24 12:46;7770.0;7705.91;SPXW  260924P07770000;64.7;65.7
2026-09-24 12:46;7775.0;7705.91;SPXW  260924P07775000;69.7;70.7
2026-09-24 12:46;7780.0;7705.91;SPXW  260924P07780000;74.6;75.7
2026-09-24 12:46;7785.0;7705.91;SPXW  260924P07785000;79.6;80.7
2026-09-24 12:46;7790.0;7705.91;SPXW  260924P07790000;84.6;85.7
2026-09-24 12:46;7795.0;7705.91;SPXW  260924P07795000;89.6;90.7
2026-09-24 12:46;7800.0;7705.91;SPXW  260924P07800000;94.6;95.7
2026-09-24 12:46;7805.0;7705.91;SPXW  260924P07805000;99.0;100.7
2026-09-24 12:46;7810.0;7705.91;SPXW  260924P07810000;104.0;105.7
2026-09-24 12:46;7815.0;7705.91;SPXW  260924P07815000;109.1;110.7
2026-09-24 12:46;7820.0;7705.91;SPXW  260924P07820000;114.0;115.7
2026-09-24 12:46;7825.0;7705.91;SPXW  260924P07825000;119.2;120.7
2026-09-24 12:46;7830.0;7705.91;SPXW  260924P07830000;124.2;125.7
2026-09-24 12:46;7835.0;7705.91;SPXW  260924P07835000;126.9;133.2
2026-09-24 12:46;7840.0;7705.91;SPXW  260924P07840000;131.9;138.2
2026-09-24 12:46;7845.0;7705.91;SPXW  260924P07845000;136.9;143.2
2026-09-24 12:46;7850.0;7705.91;SPXW  260924P07850000;144.2;145.7
2026-09-24 12:46;7855.0;7705.91;SPXW  260924P07855000;146.9;153.2
2026-09-24 12:46;7860.0;7705.91;SPXW  260924P07860000;151.9;158.2
2026-09-24 12:46;7865.0;7705.91;SPXW  260924P07865000;156.9;163.2
2026-09-24 12:46;7870.0;7705.91;SPXW  260924P07870000;164.2;165.7
2026-09-24 12:46;7875.0;7705.91;SPXW  260924P07875000;165.9;173.2
2026-09-24 12:46;7880.0;7705.91;SPXW  260924P07880000;170.9;178.2
2026-09-24 12:46;7885.0;7705.91;SPXW  260924P07885000;179.2;180.7
2026-09-24 12:46;7890.0;7705.91;SPXW  260924P07890000;184.2;185.7
2026-09-24 12:46;7895.0;7705.91;SPXW  260924P07895000;189.2;190.7
2026-09-24 12:46;7900.0;7705.91;SPXW  260924P07900000;194.2;195.7
2026-09-24 12:46;7905.0;7705.91;SPXW  260924P07905000;199.2;200.7
2026-09-24 12:46;7910.0;7705.91;SPXW  260924P07910000;197.3;211.5
2026-09-24 12:46;7915.0;7705.91;SPXW  260924P07915000;202.3;216.0
2026-09-24 12:46;7920.0;7705.91;SPXW  260924P07920000;207.3;221.0
2026-09-24 12:46;7925.0;7705.91;SPXW  260924P07925000;210.7;228.5
2026-09-24 12:46;7930.0;7705.91;SPXW  260924P07930000;224.2;225.7
2026-09-24 12:46;7935.0;7705.91;SPXW  260924P07935000;229.2;230.7
2026-09-24 12:46;7940.0;7705.91;SPXW  260924P07940000;234.2;235.7
2026-09-24 12:46;7945.0;7705.91;SPXW  260924P07945000;230.6;251.1
2026-09-24 12:46;7950.0;7705.91;SPXW  260924P07950000;236.3;256.1
2026-09-24 12:46;7955.0;7705.91;SPXW  260924P07955000;240.6;259.8
2026-09-24 12:51;7460.0;7707.54;SPXW  260924C07460000;236.6;256.2
2026-09-24 12:51;7465.0;7707.54;SPXW  260924C07465000;231.6;251.2
2026-09-24 12:51;7470.0;7707.54;SPXW  260924C07470000;226.3;243.7
2026-09-24 12:51;7475.0;7707.54;SPXW  260924C07475000;221.8;241.2
2026-09-24 12:51;7480.0;7707.54;SPXW  260924C07480000;216.3;233.8
2026-09-24 12:51;7485.0;7707.54;SPXW  260924C07485000;211.3;228.7
2026-09-24 12:51;7490.0;7707.54;SPXW  260924C07490000;206.1;223.7
2026-09-24 12:51;7495.0;7707.54;SPXW  260924C07495000;204.9;218.7
2026-09-24 12:51;7500.0;7707.54;SPXW  260924C07500000;207.5;209.2
2026-09-24 12:51;7505.0;7707.54;SPXW  260924C07505000;194.9;209.3
2026-09-24 12:51;7510.0;7707.54;SPXW  260924C07510000;197.4;199.2
2026-09-24 12:51;7515.0;7707.54;SPXW  260924C07515000;188.7;196.9
2026-09-24 12:51;7520.0;7707.54;SPXW  260924C07520000;183.7;191.4
2026-09-24 12:51;7525.0;7707.54;SPXW  260924C07525000;178.7;186.5
2026-09-24 12:51;7530.0;7707.54;SPXW  260924C07530000;173.7;181.5
2026-09-24 12:51;7535.0;7707.54;SPXW  260924C07535000;168.7;176.4
2026-09-24 12:51;7540.0;7707.54;SPXW  260924C07540000;163.7;171.5
2026-09-24 12:51;7545.0;7707.54;SPXW  260924C07545000;158.7;166.5
2026-09-24 12:51;7550.0;7707.54;SPXW  260924C07550000;157.3;159.2
2026-09-24 12:51;7555.0;7707.54;SPXW  260924C07555000;148.7;156.5
2026-09-24 12:51;7560.0;7707.54;SPXW  260924C07560000;147.4;149.2
2026-09-24 12:51;7565.0;7707.54;SPXW  260924C07565000;138.9;146.4
2026-09-24 12:51;7570.0;7707.54;SPXW  260924C07570000;133.7;141.5
2026-09-24 12:51;7575.0;7707.54;SPXW  260924C07575000;132.3;134.2
2026-09-24 12:51;7580.0;7707.54;SPXW  260924C07580000;127.3;129.2
2026-09-24 12:51;7585.0;7707.54;SPXW  260924C07585000;122.4;124.2
2026-09-24 12:51;7590.0;7707.54;SPXW  260924C07590000;117.4;119.2
2026-09-24 12:51;7595.0;7707.54;SPXW  260924C07595000;112.3;114.2
2026-09-24 12:51;7600.0;7707.54;SPXW  260924C07600000;107.4;109.2
2026-09-24 12:51;7605.0;7707.54;SPXW  260924C07605000;102.3;104.2
2026-09-24 12:51;7610.0;7707.54;SPXW  260924C07610000;97.3;98.9
2026-09-24 12:51;7615.0;7707.54;SPXW  260924C07615000;92.5;93.9
2026-09-24 12:51;7620.0;7707.54;SPXW  260924C07620000;87.3;88.9
2026-09-24 12:51;7625.0;7707.54;SPXW  260924C07625000;82.3;83.9
2026-09-24 12:51;7630.0;7707.54;SPXW  260924C07630000;77.3;79.0
2026-09-24 12:51;7635.0;7707.54;SPXW  260924C07635000;72.3;74.0
2026-09-24 12:51;7640.0;7707.54;SPXW  260924C07640000;67.3;68.9
2026-09-24 12:51;7645.0;7707.54;SPXW  260924C07645000;62.3;63.9
2026-09-24 12:51;7650.0;7707.54;SPXW  260924C07650000;57.9;58.5
2026-09-24 12:51;7655.0;7707.54;SPXW  260924C07655000;52.9;53.5
2026-09-24 12:51;7660.0;7707.54;SPXW  260924C07660000;48.0;48.5
2026-09-24 12:51;7665.0;7707.54;SPXW  260924C07665000;43.0;43.5
2026-09-24 12:51;7670.0;7707.54;SPXW  260924C07670000;38.0;38.6
2026-09-24 12:51;7675.0;7707.54;SPXW  260924C07675000;33.0;33.4
2026-09-24 12:51;7680.0;7707.54;SPXW  260924C07680000;28.1;28.4
2026-09-24 12:51;7685.0;7707.54;SPXW  260924C07685000;23.1;23.4
2026-09-24 12:51;7690.0;7707.54;SPXW  260924C07690000;18.2;18.5
2026-09-24 12:51;7695.0;7707.54;SPXW  260924C07695000;13.3;13.6
2026-09-24 12:51;7700.0;7707.54;SPXW  260924C07700000;8.6;8.8
2026-09-24 12:51;7705.0;7707.54;SPXW  260924C07705000;4.6;4.8
2026-09-24 12:51;7710.0;7707.54;SPXW  260924C07710000;1.9;1.95
2026-09-24 12:51;7715.0;7707.54;SPXW  260924C07715000;0.6;0.7
2026-09-24 12:51;7720.0;7707.54;SPXW  260924C07720000;0.2;0.25
2026-09-24 12:51;7725.0;7707.54;SPXW  260924C07725000;0.05;0.15
2026-09-24 12:51;7730.0;7707.54;SPXW  260924C07730000;0.0;0.1
2026-09-24 12:51;7735.0;7707.54;SPXW  260924C07735000;0.0;0.05
2026-09-24 12:51;7740.0;7707.54;SPXW  260924C07740000;0.0;0.05
2026-09-24 12:51;7745.0;7707.54;SPXW  260924C07745000;0.0;0.05
2026-09-24 12:51;7750.0;7707.54;SPXW  260924C07750000;0.0;0.05
2026-09-24 12:51;7755.0;7707.54;SPXW  260924C07755000;0.0;0.05
2026-09-24 12:51;7760.0;7707.54;SPXW  260924C07760000;0.0;0.05
2026-09-24 12:51;7765.0;7707.54;SPXW  260924C07765000;0.0;0.05
2026-09-24 12:51;7770.0;7707.54;SPXW  260924C07770000;0.0;0.05
2026-09-24 12:51;7775.0;7707.54;SPXW  260924C07775000;0.0;0.05
2026-09-24 12:51;7780.0;7707.54;SPXW  260924C07780000;0.0;0.05
2026-09-24 12:51;7785.0;7707.54;SPXW  260924C07785000;0.0;0.05
2026-09-24 12:51;7790.0;7707.54;SPXW  260924C07790000;0.0;0.05
2026-09-24 12:51;7795.0;7707.54;SPXW  260924C07795000;0.0;0.05
2026-09-24 12:51;7800.0;7707.54;SPXW  260924C07800000;0.0;0.05
2026-09-24 12:51;7805.0;7707.54;SPXW  260924C07805000;0.0;0.05
2026-09-24 12:51;7810.0;7707.54;SPXW  260924C07810000;0.0;0.05
2026-09-24 12:51;7815.0;7707.54;SPXW  260924C07815000;0.0;0.05
2026-09-24 12:51;7820.0;7707.54;SPXW  260924C07820000;0.0;0.05
2026-09-24 12:51;7825.0;7707.54;SPXW  260924C07825000;0.0;0.05
2026-09-24 12:51;7830.0;7707.54;SPXW  260924C07830000;0.0;0.05
2026-09-24 12:51;7835.0;7707.54;SPXW  260924C07835000;0.0;0.05
2026-09-24 12:51;7840.0;7707.54;SPXW  260924C07840000;0.0;0.05
2026-09-24 12:51;7845.0;7707.54;SPXW  260924C07845000;0.0;0.05
2026-09-24 12:51;7850.0;7707.54;SPXW  260924C07850000;0.0;0.05
2026-09-24 12:51;7855.0;7707.54;SPXW  260924C07855000;0.0;0.05
2026-09-24 12:51;7860.0;7707.54;SPXW  260924C07860000;0.0;0.05
2026-09-24 12:51;7865.0;7707.54;SPXW  260924C07865000;0.0;0.05
2026-09-24 12:51;7870.0;7707.54;SPXW  260924C07870000;0.0;0.05
2026-09-24 12:51;7875.0;7707.54;SPXW  260924C07875000;0.0;0.05
2026-09-24 12:51;7880.0;7707.54;SPXW  260924C07880000;0.0;0.05
2026-09-24 12:51;7885.0;7707.54;SPXW  260924C07885000;0.0;0.05
2026-09-24 12:51;7890.0;7707.54;SPXW  260924C07890000;0.0;0.05
2026-09-24 12:51;7895.0;7707.54;SPXW  260924C07895000;0.0;0.05
2026-09-24 12:51;7900.0;7707.54;SPXW  260924C07900000;0.0;0.05
2026-09-24 12:51;7905.0;7707.54;SPXW  260924C07905000;0.0;0.05
2026-09-24 12:51;7910.0;7707.54;SPXW  260924C07910000;0.0;0.05
2026-09-24 12:51;7915.0;7707.54;SPXW  260924C07915000;0.0;0.05
2026-09-24 12:51;7920.0;7707.54;SPXW  260924C07920000;0.0;0.05
2026-09-24 12:51;7925.0;7707.54;SPXW  260924C07925000;0.0;0.05
2026-09-24 12:51;7930.0;7707.54;SPXW  260924C07930000;0.0;0.05
2026-09-24 12:51;7935.0;7707.54;SPXW  260924C07935000;0.0;0.05
2026-09-24 12:51;7940.0;7707.54;SPXW  260924C07940000;0.0;0.05
2026-09-24 12:51;7945.0;7707.54;SPXW  260924C07945000;0.0;0.05
2026-09-24 12:51;7950.0;7707.54;SPXW  260924C07950000;0.0;0.05
2026-09-24 12:51;7955.0;7707.54;SPXW  260924C07955000;0.0;0.05
2026-09-24 12:51;7460.0;7707.54;SPXW  260924P07460000;0.0;0.05
2026-09-24 12:51;7465.0;7707.54;SPXW  260924P07465000;0.0;0.05
2026-09-24 12:51;7470.0;7707.54;SPXW  260924P07470000;0.0;0.05
2026-09-24 12:51;7475.0;7707.54;SPXW  260924P07475000;0.0;0.05
2026-09-24 12:51;7480.0;7707.54;SPXW  260924P07480000;0.0;0.05
2026-09-24 12:51;7485.0;7707.54;SPXW  260924P07485000;0.0;0.05
2026-09-24 12:51;7490.0;7707.54;SPXW  260924P07490000;0.0;0.05
2026-09-24 12:51;7495.0;7707.54;SPXW  260924P07495000;0.0;0.05
2026-09-24 12:51;7500.0;7707.54;SPXW  260924P07500000;0.0;0.05
2026-09-24 12:51;7505.0;7707.54;SPXW  260924P07505000;0.0;0.05
2026-09-24 12:51;7510.0;7707.54;SPXW  260924P07510000;0.0;0.05
2026-09-24 12:51;7515.0;7707.54;SPXW  260924P07515000;0.0;0.05
2026-09-24 12:51;7520.0;7707.54;SPXW  260924P07520000;0.0;0.05
2026-09-24 12:51;7525.0;7707.54;SPXW  260924P07525000;0.0;0.05
2026-09-24 12:51;7530.0;7707.54;SPXW  260924P07530000;0.0;0.05
2026-09-24 12:51;7535.0;7707.54;SPXW  260924P07535000;0.0;0.05
2026-09-24 12:51;7540.0;7707.54;SPXW  260924P07540000;0.0;0.05
2026-09-24 12:51;7545.0;7707.54;SPXW  260924P07545000;0.0;0.05
2026-09-24 12:51;7550.0;7707.54;SPXW  260924P07550000;0.0;0.05
2026-09-24 12:51;7555.0;7707.54;SPXW  260924P07555000;0.0;0.05
2026-09-24 12:51;7560.0;7707.54;SPXW  260924P07560000;0.0;0.05
2026-09-24 12:51;7565.0;7707.54;SPXW  260924P07565000;0.0;0.05
2026-09-24 12:51;7570.0;7707.54;SPXW  260924P07570000;0.0;0.05
2026-09-24 12:51;7575.0;7707.54;SPXW  260924P07575000;0.0;0.05
2026-09-24 12:51;7580.0;7707.54;SPXW  260924P07580000;0.0;0.05
2026-09-24 12:51;7585.0;7707.54;SPXW  260924P07585000;0.0;0.05
2026-09-24 12:51;7590.0;7707.54;SPXW  260924P07590000;0.0;0.05
2026-09-24 12:51;7595.0;7707.54;SPXW  260924P07595000;0.0;0.05
2026-09-24 12:51;7600.0;7707.54;SPXW  260924P07600000;0.0;0.05
2026-09-24 12:51;7605.0;7707.54;SPXW  260924P07605000;0.0;0.05
2026-09-24 12:51;7610.0;7707.54;SPXW  260924P07610000;0.0;0.05
2026-09-24 12:51;7615.0;7707.54;SPXW  260924P07615000;0.0;0.05
2026-09-24 12:51;7620.0;7707.54;SPXW  260924P07620000;0.0;0.05
2026-09-24 12:51;7625.0;7707.54;SPXW  260924P07625000;0.0;0.05
2026-09-24 12:51;7630.0;7707.54;SPXW  260924P07630000;0.0;0.05
2026-09-24 12:51;7635.0;7707.54;SPXW  260924P07635000;0.0;0.05
2026-09-24 12:51;7640.0;7707.54;SPXW  260924P07640000;0.0;0.05
2026-09-24 12:51;7645.0;7707.54;SPXW  260924P07645000;0.0;0.05
2026-09-24 12:51;7650.0;7707.54;SPXW  260924P07650000;0.0;0.05
2026-09-24 12:51;7655.0;7707.54;SPXW  260924P07655000;0.0;0.05
2026-09-24 12:51;7660.0;7707.54;SPXW  260924P07660000;0.0;0.05
2026-09-24 12:51;7665.0;7707.54;SPXW  260924P07665000;0.0;0.05
2026-09-24 12:51;7670.0;7707.54;SPXW  260924P07670000;0.0;0.05
2026-09-24 12:51;7675.0;7707.54;SPXW  260924P07675000;0.05;0.1
2026-09-24 12:51;7680.0;7707.54;SPXW  260924P07680000;0.05;0.1
2026-09-24 12:51;7685.0;7707.54;SPXW  260924P07685000;0.05;0.1
2026-09-24 12:51;7690.0;7707.54;SPXW  260924P07690000;0.1;0.15
2026-09-24 12:51;7695.0;7707.54;SPXW  260924P07695000;0.15;0.25
2026-09-24 12:51;7700.0;7707.54;SPXW  260924P07700000;0.45;0.55
2026-09-24 12:51;7705.0;7707.54;SPXW  260924P07705000;1.4;1.5
2026-09-24 12:51;7710.0;7707.54;SPXW  260924P07710000;3.6;3.8
2026-09-24 12:51;7715.0;7707.54;SPXW  260924P07715000;7.3;7.6
2026-09-24 12:51;7720.0;7707.54;SPXW  260924P07720000;11.9;12.4
2026-09-24 12:51;7725.0;7707.54;SPXW  260924P07725000;16.8;17.2
2026-09-24 12:51;7730.0;7707.54;SPXW  260924P07730000;21.7;22.1
2026-09-24 12:51;7735.0;7707.54;SPXW  260924P07735000;26.7;27.2
2026-09-24 12:51;7740.0;7707.54;SPXW  260924P07740000;31.7;32.2
2026-09-24 12:51;7745.0;7707.54;SPXW  260924P07745000;36.7;37.2
2026-09-24 12:51;7750.0;7707.54;SPXW  260924P07750000;41.6;42.2
2026-09-24 12:51;7755.0;7707.54;SPXW  260924P07755000;46.1;47.9
2026-09-24 12:51;7760.0;7707.54;SPXW  260924P07760000;51.1;52.9
2026-09-24 12:51;7765.0;7707.54;SPXW  260924P07765000;56.1;57.9
2026-09-24 12:51;7770.0;7707.54;SPXW  260924P07770000;61.1;62.9
2026-09-24 12:51;7775.0;7707.54;SPXW  260924P07775000;66.1;67.9
2026-09-24 12:51;7780.0;7707.54;SPXW  260924P07780000;71.1;72.9
2026-09-24 12:51;7785.0;7707.54;SPXW  260924P07785000;76.1;77.9
2026-09-24 12:51;7790.0;7707.54;SPXW  260924P07790000;81.1;82.9
2026-09-24 12:51;7795.0;7707.54;SPXW  260924P07795000;86.1;87.9
2026-09-24 12:51;7800.0;7707.54;SPXW  260924P07800000;91.1;92.9
2026-09-24 12:51;7805.0;7707.54;SPXW  260924P07805000;96.1;97.9
2026-09-24 12:51;7810.0;7707.54;SPXW  260924P07810000;100.8;103.0
2026-09-24 12:51;7815.0;7707.54;SPXW  260924P07815000;105.8;108.0
2026-09-24 12:51;7820.0;7707.54;SPXW  260924P07820000;110.8;113.0
2026-09-24 12:51;7825.0;7707.54;SPXW  260924P07825000;113.5;120.4
2026-09-24 12:51;7830.0;7707.54;SPXW  260924P07830000;118.0;125.4
2026-09-24 12:51;7835.0;7707.54;SPXW  260924P07835000;123.5;130.7
2026-09-24 12:51;7840.0;7707.54;SPXW  260924P07840000;128.5;135.9
2026-09-24 12:51;7845.0;7707.54;SPXW  260924P07845000;133.0;140.8
2026-09-24 12:51;7850.0;7707.54;SPXW  260924P07850000;138.2;145.9
2026-09-24 12:51;7855.0;7707.54;SPXW  260924P07855000;143.5;150.8
2026-09-24 12:51;7860.0;7707.54;SPXW  260924P07860000;148.2;155.4
2026-09-24 12:51;7865.0;7707.54;SPXW  260924P07865000;153.5;160.8
2026-09-24 12:51;7870.0;7707.54;SPXW  260924P07870000;158.5;165.4
2026-09-24 12:51;7875.0;7707.54;SPXW  260924P07875000;162.9;170.8
2026-09-24 12:51;7880.0;7707.54;SPXW  260924P07880000;168.5;175.4
2026-09-24 12:51;7885.0;7707.54;SPXW  260924P07885000;173.5;180.4
2026-09-24 12:51;7890.0;7707.54;SPXW  260924P07890000;177.8;185.4
2026-09-24 12:51;7895.0;7707.54;SPXW  260924P07895000;183.5;190.4
2026-09-24 12:51;7900.0;7707.54;SPXW  260924P07900000;188.5;195.4
2026-09-24 12:51;7905.0;7707.54;SPXW  260924P07905000;192.9;200.4
2026-09-24 12:51;7910.0;7707.54;SPXW  260924P07910000;195.9;209.6
2026-09-24 12:51;7915.0;7707.54;SPXW  260924P07915000;200.2;214.6
2026-09-24 12:51;7920.0;7707.54;SPXW  260924P07920000;204.3;219.6
2026-09-24 12:51;7925.0;7707.54;SPXW  260924P07925000;209.0;224.3
2026-09-24 12:51;7930.0;7707.54;SPXW  260924P07930000;213.9;232.9
2026-09-24 12:51;7935.0;7707.54;SPXW  260924P07935000;225.8;228.0
2026-09-24 12:51;7940.0;7707.54;SPXW  260924P07940000;223.9;242.9
2026-09-24 12:51;7945.0;7707.54;SPXW  260924P07945000;229.6;247.9
2026-09-24 12:51;7950.0;7707.54;SPXW  260924P07950000;236.3;252.9
2026-09-24 12:51;7955.0;7707.54;SPXW  260924P07955000;239.6;257.9
2026-09-24 12:55;7460.0;7706.89;SPXW  260924C07460000;237.2;257.7
2026-09-24 12:55;7465.0;7706.89;SPXW  260924C07465000;232.2;252.7
2026-09-24 12:55;7470.0;7706.89;SPXW  260924C07470000;227.2;247.7
2026-09-24 12:55;7475.0;7706.89;SPXW  260924C07475000;222.2;242.7
2026-09-24 12:55;7480.0;7706.89;SPXW  260924C07480000;217.2;237.7
2026-09-24 12:55;7485.0;7706.89;SPXW  260924C07485000;212.2;232.7
2026-09-24 12:55;7490.0;7706.89;SPXW  260924C07490000;207.2;227.7
2026-09-24 12:55;7495.0;7706.89;SPXW  260924C07495000;205.6;219.3
2026-09-24 12:55;7500.0;7706.89;SPXW  260924C07500000;200.6;214.3
2026-09-24 12:55;7505.0;7706.89;SPXW  260924C07505000;195.6;209.3
2026-09-24 12:55;7510.0;7706.89;SPXW  260924C07510000;193.2;200.9
2026-09-24 12:55;7515.0;7706.89;SPXW  260924C07515000;188.2;195.7
2026-09-24 12:55;7520.0;7706.89;SPXW  260924C07520000;183.5;190.7
2026-09-24 12:55;7525.0;7706.89;SPXW  260924C07525000;178.3;185.7
2026-09-24 12:55;7530.0;7706.89;SPXW  260924C07530000;173.6;180.5
2026-09-24 12:55;7535.0;7706.89;SPXW  260924C07535000;168.5;175.7
2026-09-24 12:55;7540.0;7706.89;SPXW  260924C07540000;163.5;170.9
2026-09-24 12:55;7545.0;7706.89;SPXW  260924C07545000;158.2;165.9
2026-09-24 12:55;7550.0;7706.89;SPXW  260924C07550000;153.2;160.7
2026-09-24 12:55;7555.0;7706.89;SPXW  260924C07555000;148.2;155.9
2026-09-24 12:55;7560.0;7706.89;SPXW  260924C07560000;143.2;150.5
2026-09-24 12:55;7565.0;7706.89;SPXW  260924C07565000;138.2;145.9
2026-09-24 12:55;7570.0;7706.89;SPXW  260924C07570000;133.2;140.7
2026-09-24 12:55;7575.0;7706.89;SPXW  260924C07575000;128.2;135.9
2026-09-24 12:55;7580.0;7706.89;SPXW  260924C07580000;123.2;130.9
2026-09-24 12:55;7585.0;7706.89;SPXW  260924C07585000;118.2;125.7
2026-09-24 12:55;7590.0;7706.89;SPXW  260924C07590000;113.3;120.9
2026-09-24 12:55;7595.0;7706.89;SPXW  260924C07595000;108.3;115.9
2026-09-24 12:55;7600.0;7706.89;SPXW  260924C07600000;103.2;110.7
2026-09-24 12:55;7605.0;7706.89;SPXW  260924C07605000;98.3;105.8
2026-09-24 12:55;7610.0;7706.89;SPXW  260924C07610000;96.5;98.3
2026-09-24 12:55;7615.0;7706.89;SPXW  260924C07615000;91.5;93.3
2026-09-24 12:55;7620.0;7706.89;SPXW  260924C07620000;86.5;88.3
2026-09-24 12:55;7625.0;7706.89;SPXW  260924C07625000;81.5;83.3
2026-09-24 12:55;7630.0;7706.89;SPXW  260924C07630000;76.5;78.3
2026-09-24 12:55;7635.0;7706.89;SPXW  260924C07635000;71.5;73.3
2026-09-24 12:55;7640.0;7706.89;SPXW  260924C07640000;66.5;68.3
2026-09-24 12:55;7645.0;7706.89;SPXW  260924C07645000;61.5;63.3
2026-09-24 12:55;7650.0;7706.89;SPXW  260924C07650000;56.5;58.4
2026-09-24 12:55;7655.0;7706.89;SPXW  260924C07655000;51.5;53.4
2026-09-24 12:55;7660.0;7706.89;SPXW  260924C07660000;47.1;47.9
2026-09-24 12:55;7665.0;7706.89;SPXW  260924C07665000;42.1;42.9
2026-09-24 12:55;7670.0;7706.89;SPXW  260924C07670000;37.1;37.9
2026-09-24 12:55;7675.0;7706.89;SPXW  260924C07675000;32.1;32.9
2026-09-24 12:55;7680.0;7706.89;SPXW  260924C07680000;27.1;27.9
2026-09-24 12:55;7685.0;7706.89;SPXW  260924C07685000;22.2;22.9
2026-09-24 12:55;7690.0;7706.89;SPXW  260924C07690000;17.2;17.7
2026-09-24 12:55;7695.0;7706.89;SPXW  260924C07695000;12.3;12.8
2026-09-24 12:55;7700.0;7706.89;SPXW  260924C07700000;7.6;7.9
2026-09-24 12:55;7705.0;7706.89;SPXW  260924C07705000;3.3;3.5
2026-09-24 12:55;7710.0;7706.89;SPXW  260924C07710000;0.85;0.9
2026-09-24 12:55;7715.0;7706.89;SPXW  260924C07715000;0.15;0.2
2026-09-24 12:55;7720.0;7706.89;SPXW  260924C07720000;0.05;0.1
2026-09-24 12:55;7725.0;7706.89;SPXW  260924C07725000;0.0;0.05
2026-09-24 12:55;7730.0;7706.89;SPXW  260924C07730000;0.0;0.05
2026-09-24 12:55;7735.0;7706.89;SPXW  260924C07735000;0.0;0.05
2026-09-24 12:55;7740.0;7706.89;SPXW  260924C07740000;0.0;0.05
2026-09-24 12:55;7745.0;7706.89;SPXW  260924C07745000;0.0;0.05
2026-09-24 12:55;7750.0;7706.89;SPXW  260924C07750000;0.0;0.05
2026-09-24 12:55;7755.0;7706.89;SPXW  260924C07755000;0.0;0.05
2026-09-24 12:55;7760.0;7706.89;SPXW  260924C07760000;0.0;0.05
2026-09-24 12:55;7765.0;7706.89;SPXW  260924C07765000;0.0;0.05
2026-09-24 12:55;7770.0;7706.89;SPXW  260924C07770000;0.0;0.05
2026-09-24 12:55;7775.0;7706.89;SPXW  260924C07775000;0.0;0.05
2026-09-24 12:55;7780.0;7706.89;SPXW  260924C07780000;0.0;0.05
2026-09-24 12:55;7785.0;7706.89;SPXW  260924C07785000;0.0;0.05
2026-09-24 12:55;7790.0;7706.89;SPXW  260924C07790000;0.0;0.05
2026-09-24 12:55;7795.0;7706.89;SPXW  260924C07795000;0.0;0.05
2026-09-24 12:55;7800.0;7706.89;SPXW  260924C07800000;0.0;0.05
2026-09-24 12:55;7805.0;7706.89;SPXW  260924C07805000;0.0;0.05
2026-09-24 12:55;7810.0;7706.89;SPXW  260924C07810000;0.0;0.05
2026-09-24 12:55;7815.0;7706.89;SPXW  260924C07815000;0.0;0.05
2026-09-24 12:55;7820.0;7706.89;SPXW  260924C07820000;0.0;0.05
2026-09-24 12:55;7825.0;7706.89;SPXW  260924C07825000;0.0;0.05
2026-09-24 12:55;7830.0;7706.89;SPXW  260924C07830000;0.0;0.05
2026-09-24 12:55;7835.0;7706.89;SPXW  260924C07835000;0.0;0.05
2026-09-24 12:55;7840.0;7706.89;SPXW  260924C07840000;0.0;0.05
2026-09-24 12:55;7845.0;7706.89;SPXW  260924C07845000;0.0;0.05
2026-09-24 12:55;7850.0;7706.89;SPXW  260924C07850000;0.0;0.05
2026-09-24 12:55;7855.0;7706.89;SPXW  260924C07855000;0.0;0.05
2026-09-24 12:55;7860.0;7706.89;SPXW  260924C07860000;0.0;0.05
2026-09-24 12:55;7865.0;7706.89;SPXW  260924C07865000;0.0;0.05
2026-09-24 12:55;7870.0;7706.89;SPXW  260924C07870000;0.0;0.05
2026-09-24 12:55;7875.0;7706.89;SPXW  260924C07875000;0.0;0.05
2026-09-24 12:55;7880.0;7706.89;SPXW  260924C07880000;0.0;0.05
2026-09-24 12:55;7885.0;7706.89;SPXW  260924C07885000;0.0;0.05
2026-09-24 12:55;7890.0;7706.89;SPXW  260924C07890000;0.0;0.05
2026-09-24 12:55;7895.0;7706.89;SPXW  260924C07895000;0.0;0.05
2026-09-24 12:55;7900.0;7706.89;SPXW  260924C07900000;0.0;0.05
2026-09-24 12:55;7905.0;7706.89;SPXW  260924C07905000;0.0;0.05
2026-09-24 12:55;7910.0;7706.89;SPXW  260924C07910000;0.0;0.05
2026-09-24 12:55;7915.0;7706.89;SPXW  260924C07915000;0.0;0.05
2026-09-24 12:55;7920.0;7706.89;SPXW  260924C07920000;0.0;0.05
2026-09-24 12:55;7925.0;7706.89;SPXW  260924C07925000;0.0;0.05
2026-09-24 12:55;7930.0;7706.89;SPXW  260924C07930000;0.0;0.05
2026-09-24 12:55;7935.0;7706.89;SPXW  260924C07935000;0.0;0.05
2026-09-24 12:55;7940.0;7706.89;SPXW  260924C07940000;0.0;0.05
2026-09-24 12:55;7945.0;7706.89;SPXW  260924C07945000;0.0;0.05
2026-09-24 12:55;7950.0;7706.89;SPXW  260924C07950000;0.0;0.05
2026-09-24 12:55;7955.0;7706.89;SPXW  260924C07955000;0.0;0.05
2026-09-24 12:55;7460.0;7706.89;SPXW  260924P07460000;0.0;0.05
2026-09-24 12:55;7465.0;7706.89;SPXW  260924P07465000;0.0;0.05
2026-09-24 12:55;7470.0;7706.89;SPXW  260924P07470000;0.0;0.05
2026-09-24 12:55;7475.0;7706.89;SPXW  260924P07475000;0.0;0.05
2026-09-24 12:55;7480.0;7706.89;SPXW  260924P07480000;0.0;0.05
2026-09-24 12:55;7485.0;7706.89;SPXW  260924P07485000;0.0;0.05
2026-09-24 12:55;7490.0;7706.89;SPXW  260924P07490000;0.0;0.05
2026-09-24 12:55;7495.0;7706.89;SPXW  260924P07495000;0.0;0.05
2026-09-24 12:55;7500.0;7706.89;SPXW  260924P07500000;0.0;0.05
2026-09-24 12:55;7505.0;7706.89;SPXW  260924P07505000;0.0;0.05
2026-09-24 12:55;7510.0;7706.89;SPXW  260924P07510000;0.0;0.05
2026-09-24 12:55;7515.0;7706.89;SPXW  260924P07515000;0.0;0.05
2026-09-24 12:55;7520.0;7706.89;SPXW  260924P07520000;0.0;0.05
2026-09-24 12:55;7525.0;7706.89;SPXW  260924P07525000;0.0;0.05
2026-09-24 12:55;7530.0;7706.89;SPXW  260924P07530000;0.0;0.05
2026-09-24 12:55;7535.0;7706.89;SPXW  260924P07535000;0.0;0.05
2026-09-24 12:55;7540.0;7706.89;SPXW  260924P07540000;0.0;0.05
2026-09-24 12:55;7545.0;7706.89;SPXW  260924P07545000;0.0;0.05
2026-09-24 12:55;7550.0;7706.89;SPXW  260924P07550000;0.0;0.05
2026-09-24 12:55;7555.0;7706.89;SPXW  260924P07555000;0.0;0.05
2026-09-24 12:55;7560.0;7706.89;SPXW  260924P07560000;0.0;0.05
2026-09-24 12:55;7565.0;7706.89;SPXW  260924P07565000;0.0;0.05
2026-09-24 12:55;7570.0;7706.89;SPXW  260924P07570000;0.0;0.05
2026-09-24 12:55;7575.0;7706.89;SPXW  260924P07575000;0.0;0.05
2026-09-24 12:55;7580.0;7706.89;SPXW  260924P07580000;0.0;0.05
2026-09-24 12:55;7585.0;7706.89;SPXW  260924P07585000;0.0;0.05
2026-09-24 12:55;7590.0;7706.89;SPXW  260924P07590000;0.0;0.05
2026-09-24 12:55;7595.0;7706.89;SPXW  260924P07595000;0.0;0.05
2026-09-24 12:55;7600.0;7706.89;SPXW  260924P07600000;0.0;0.05
2026-09-24 12:55;7605.0;7706.89;SPXW  260924P07605000;0.0;0.05
2026-09-24 12:55;7610.0;7706.89;SPXW  260924P07610000;0.0;0.05
2026-09-24 12:55;7615.0;7706.89;SPXW  260924P07615000;0.0;0.05
2026-09-24 12:55;7620.0;7706.89;SPXW  260924P07620000;0.0;0.05
2026-09-24 12:55;7625.0;7706.89;SPXW  260924P07625000;0.0;0.05
2026-09-24 12:55;7630.0;7706.89;SPXW  260924P07630000;0.0;0.05
2026-09-24 12:55;7635.0;7706.89;SPXW  260924P07635000;0.0;0.05
2026-09-24 12:55;7640.0;7706.89;SPXW  260924P07640000;0.0;0.05
2026-09-24 12:55;7645.0;7706.89;SPXW  260924P07645000;0.0;0.05
2026-09-24 12:55;7650.0;7706.89;SPXW  260924P07650000;0.0;0.05
2026-09-24 12:55;7655.0;7706.89;SPXW  260924P07655000;0.0;0.05
2026-09-24 12:55;7660.0;7706.89;SPXW  260924P07660000;0.0;0.05
2026-09-24 12:55;7665.0;7706.89;SPXW  260924P07665000;0.0;0.05
2026-09-24 12:55;7670.0;7706.89;SPXW  260924P07670000;0.0;0.05
2026-09-24 12:55;7675.0;7706.89;SPXW  260924P07675000;0.0;0.05
2026-09-24 12:55;7680.0;7706.89;SPXW  260924P07680000;0.0;0.05
2026-09-24 12:55;7685.0;7706.89;SPXW  260924P07685000;0.0;0.05
2026-09-24 12:55;7690.0;7706.89;SPXW  260924P07690000;0.05;0.1
2026-09-24 12:55;7695.0;7706.89;SPXW  260924P07695000;0.1;0.15
2026-09-24 12:55;7700.0;7706.89;SPXW  260924P07700000;0.25;0.3
2026-09-24 12:55;7705.0;7706.89;SPXW  260924P07705000;0.95;1.05
2026-09-24 12:55;7710.0;7706.89;SPXW  260924P07710000;3.5;3.6
2026-09-24 12:55;7715.0;7706.89;SPXW  260924P07715000;7.5;7.9
2026-09-24 12:55;7720.0;7706.89;SPXW  260924P07720000;12.5;12.9
2026-09-24 12:55;7725.0;7706.89;SPXW  260924P07725000;17.2;18.0
2026-09-24 12:55;7730.0;7706.89;SPXW  260924P07730000;22.2;23.0
2026-09-24 12:55;7735.0;7706.89;SPXW  260924P07735000;27.2;28.0
2026-09-24 12:55;7740.0;7706.89;SPXW  260924P07740000;32.2;33.0
2026-09-24 12:55;7745.0;7706.89;SPXW  260924P07745000;37.0;38.7
2026-09-24 12:55;7750.0;7706.89;SPXW  260924P07750000;41.9;43.7
2026-09-24 12:55;7755.0;7706.89;SPXW  260924P07755000;46.9;48.7
2026-09-24 12:55;7760.0;7706.89;SPXW  260924P07760000;51.9;53.7
2026-09-24 12:55;7765.0;7706.89;SPXW  260924P07765000;56.9;58.7
2026-09-24 12:55;7770.0;7706.89;SPXW  260924P07770000;61.9;63.7
2026-09-24 12:55;7775.0;7706.89;SPXW  260924P07775000;66.9;68.7
2026-09-24 12:55;7780.0;7706.89;SPXW  260924P07780000;71.9;73.7
2026-09-24 12:55;7785.0;7706.89;SPXW  260924P07785000;76.9;78.7
2026-09-24 12:55;7790.0;7706.89;SPXW  260924P07790000;81.9;83.7
2026-09-24 12:55;7795.0;7706.89;SPXW  260924P07795000;86.9;88.7
2026-09-24 12:55;7800.0;7706.89;SPXW  260924P07800000;91.9;93.7
2026-09-24 12:55;7805.0;7706.89;SPXW  260924P07805000;96.9;98.7
2026-09-24 12:55;7810.0;7706.89;SPXW  260924P07810000;99.1;106.7
2026-09-24 12:55;7815.0;7706.89;SPXW  260924P07815000;104.3;111.7
2026-09-24 12:55;7820.0;7706.89;SPXW  260924P07820000;109.3;116.8
2026-09-24 12:55;7825.0;7706.89;SPXW  260924P07825000;114.1;121.7
2026-09-24 12:55;7830.0;7706.89;SPXW  260924P07830000;119.2;126.4
2026-09-24 12:55;7835.0;7706.89;SPXW  260924P07835000;124.3;131.8
2026-09-24 12:55;7840.0;7706.89;SPXW  260924P07840000;129.2;136.5
2026-09-24 12:55;7845.0;7706.89;SPXW  260924P07845000;134.3;141.5
2026-09-24 12:55;7850.0;7706.89;SPXW  260924P07850000;139.2;146.7
2026-09-24 12:55;7855.0;7706.89;SPXW  260924P07855000;144.3;151.4
2026-09-24 12:55;7860.0;7706.89;SPXW  260924P07860000;149.3;156.4
2026-09-24 12:55;7865.0;7706.89;SPXW  260924P07865000;154.3;161.8
2026-09-24 12:55;7870.0;7706.89;SPXW  260924P07870000;159.1;166.4
2026-09-24 12:55;7875.0;7706.89;SPXW  260924P07875000;164.1;171.5
2026-09-24 12:55;7880.0;7706.89;SPXW  260924P07880000;169.1;176.4
2026-09-24 12:55;7885.0;7706.89;SPXW  260924P07885000;174.1;181.7
2026-09-24 12:55;7890.0;7706.89;SPXW  260924P07890000;179.1;186.7
2026-09-24 12:55;7895.0;7706.89;SPXW  260924P07895000;184.3;191.5
2026-09-24 12:55;7900.0;7706.89;SPXW  260924P07900000;189.1;196.8
2026-09-24 12:55;7905.0;7706.89;SPXW  260924P07905000;194.5;201.5
2026-09-24 12:55;7910.0;7706.89;SPXW  260924P07910000;195.7;209.4
2026-09-24 12:55;7915.0;7706.89;SPXW  260924P07915000;200.7;214.4
2026-09-24 12:55;7920.0;7706.89;SPXW  260924P07920000;205.7;219.4
2026-09-24 12:55;7925.0;7706.89;SPXW  260924P07925000;207.7;228.2
2026-09-24 12:55;7930.0;7706.89;SPXW  260924P07930000;212.3;232.8
2026-09-24 12:55;7935.0;7706.89;SPXW  260924P07935000;217.3;237.8
2026-09-24 12:55;7940.0;7706.89;SPXW  260924P07940000;222.3;242.8
2026-09-24 12:55;7945.0;7706.89;SPXW  260924P07945000;227.3;246.4
2026-09-24 12:55;7950.0;7706.89;SPXW  260924P07950000;232.3;252.8
2026-09-24 12:55;7955.0;7706.89;SPXW  260924P07955000;237.3;256.4
2026-09-24 13:00;7455.0;7704.23;SPXW  260924C07455000;241.8;265.3
2026-09-24 13:00;7460.0;7704.23;SPXW  260924C07460000;236.6;254.2
2026-09-24 13:00;7465.0;7704.23;SPXW  260924C07465000;231.6;254.6
2026-09-24 13:00;7470.0;7704.23;SPXW  260924C07470000;226.9;244.2
2026-09-24 13:00;7475.0;7704.23;SPXW  260924C07475000;221.8;245.2
2026-09-24 13:00;7480.0;7704.23;SPXW  260924C07480000;217.1;234.1
2026-09-24 13:00;7485.0;7704.23;SPXW  260924C07485000;212.0;229.1
2026-09-24 13:00;7490.0;7704.23;SPXW  260924C07490000;207.0;220.7
2026-09-24 13:00;7495.0;7704.23;SPXW  260924C07495000;202.0;215.7
2026-09-24 13:00;7500.0;7704.23;SPXW  260924C07500000;197.0;221.0
2026-09-24 13:00;7505.0;7704.23;SPXW  260924C07505000;198.4;200.3
2026-09-24 13:00;7510.0;7704.23;SPXW  260924C07510000;193.4;195.3
2026-09-24 13:00;7515.0;7704.23;SPXW  260924C07515000;188.4;190.3
2026-09-24 13:00;7520.0;7704.23;SPXW  260924C07520000;183.4;185.3
2026-09-24 13:00;7525.0;7704.23;SPXW  260924C07525000;178.4;180.3
2026-09-24 13:00;7530.0;7704.23;SPXW  260924C07530000;173.4;175.3
2026-09-24 13:00;7535.0;7704.23;SPXW  260924C07535000;168.4;170.3
2026-09-24 13:00;7540.0;7704.23;SPXW  260924C07540000;163.4;165.3
2026-09-24 13:00;7545.0;7704.23;SPXW  260924C07545000;158.4;160.3
2026-09-24 13:00;7550.0;7704.23;SPXW  260924C07550000;153.4;155.3
2026-09-24 13:00;7555.0;7704.23;SPXW  260924C07555000;148.4;150.3
2026-09-24 13:00;7560.0;7704.23;SPXW  260924C07560000;143.4;145.3
2026-09-24 13:00;7565.0;7704.23;SPXW  260924C07565000;138.4;140.3
2026-09-24 13:00;7570.0;7704.23;SPXW  260924C07570000;133.4;135.3
2026-09-24 13:00;7575.0;7704.23;SPXW  260924C07575000;128.4;130.3
2026-09-24 13:00;7580.0;7704.23;SPXW  260924C07580000;123.4;125.3
2026-09-24 13:00;7585.0;7704.23;SPXW  260924C07585000;118.4;120.3
2026-09-24 13:00;7590.0;7704.23;SPXW  260924C07590000;113.4;115.3
2026-09-24 13:00;7595.0;7704.23;SPXW  260924C07595000;108.4;110.3
2026-09-24 13:00;7600.0;7704.23;SPXW  260924C07600000;103.4;105.3
2026-09-24 13:00;7605.0;7704.23;SPXW  260924C07605000;98.4;100.3
2026-09-24 13:00;7610.0;7704.23;SPXW  260924C07610000;93.4;95.3
2026-09-24 13:00;7615.0;7704.23;SPXW  260924C07615000;88.4;90.3
2026-09-24 13:00;7620.0;7704.23;SPXW  260924C07620000;83.4;85.3
2026-09-24 13:00;7625.0;7704.23;SPXW  260924C07625000;78.4;80.3
2026-09-24 13:00;7630.0;7704.23;SPXW  260924C07630000;73.4;75.3
2026-09-24 13:00;7635.0;7704.23;SPXW  260924C07635000;68.4;70.3
2026-09-24 13:00;7640.0;7704.23;SPXW  260924C07640000;63.4;65.3
2026-09-24 13:00;7645.0;7704.23;SPXW  260924C07645000;58.4;60.3
2026-09-24 13:00;7650.0;7704.23;SPXW  260924C07650000;53.4;55.3
2026-09-24 13:00;7655.0;7704.23;SPXW  260924C07655000;48.4;50.3
2026-09-24 13:00;7660.0;7704.23;SPXW  260924C07660000;43.4;45.3
2026-09-24 13:00;7665.0;7704.23;SPXW  260924C07665000;38.4;40.3
2026-09-24 13:00;7670.0;7704.23;SPXW  260924C07670000;33.4;35.3
2026-09-24 13:00;7675.0;7704.23;SPXW  260924C07675000;28.5;30.3
2026-09-24 13:00;7680.0;7704.23;SPXW  260924C07680000;23.7;25.3
2026-09-24 13:00;7685.0;7704.23;SPXW  260924C07685000;18.6;20.3
2026-09-24 13:00;7690.0;7704.23;SPXW  260924C07690000;13.7;15.3
2026-09-24 13:00;7695.0;7704.23;SPXW  260924C07695000;9.0;10.3
2026-09-24 13:00;7700.0;7704.23;SPXW  260924C07700000;3.8;5.3
2026-09-24 13:00;7705.0;7704.23;SPXW  260924C07705000;0.25;0.35
2026-09-24 13:00;7710.0;7704.23;SPXW  260924C07710000;0.0;0.05
2026-09-24 13:00;7715.0;7704.23;SPXW  260924C07715000;0.0;0.05
2026-09-24 13:00;7720.0;7704.23;SPXW  260924C07720000;0.0;0.05
2026-09-24 13:00;7725.0;7704.23;SPXW  260924C07725000;0.0;0.05
2026-09-24 13:00;7730.0;7704.23;SPXW  260924C07730000;0.0;0.05
2026-09-24 13:00;7735.0;7704.23;SPXW  260924C07735000;0.0;0.05
2026-09-24 13:00;7740.0;7704.23;SPXW  260924C07740000;0.0;0.05
2026-09-24 13:00;7745.0;7704.23;SPXW  260924C07745000;0.0;0.05
2026-09-24 13:00;7750.0;7704.23;SPXW  260924C07750000;0.0;0.05
2026-09-24 13:00;7755.0;7704.23;SPXW  260924C07755000;0.0;0.05
2026-09-24 13:00;7760.0;7704.23;SPXW  260924C07760000;0.0;0.05
2026-09-24 13:00;7765.0;7704.23;SPXW  260924C07765000;0.0;0.05
2026-09-24 13:00;7770.0;7704.23;SPXW  260924C07770000;0.0;0.05
2026-09-24 13:00;7775.0;7704.23;SPXW  260924C07775000;0.0;0.05
2026-09-24 13:00;7780.0;7704.23;SPXW  260924C07780000;0.0;0.05
2026-09-24 13:00;7785.0;7704.23;SPXW  260924C07785000;0.0;0.05
2026-09-24 13:00;7790.0;7704.23;SPXW  260924C07790000;0.0;0.05
2026-09-24 13:00;7795.0;7704.23;SPXW  260924C07795000;0.0;0.05
2026-09-24 13:00;7800.0;7704.23;SPXW  260924C07800000;0.0;0.05
2026-09-24 13:00;7805.0;7704.23;SPXW  260924C07805000;0.0;0.05
2026-09-24 13:00;7810.0;7704.23;SPXW  260924C07810000;0.0;0.05
2026-09-24 13:00;7815.0;7704.23;SPXW  260924C07815000;0.0;0.05
2026-09-24 13:00;7820.0;7704.23;SPXW  260924C07820000;0.0;0.05
2026-09-24 13:00;7825.0;7704.23;SPXW  260924C07825000;0.0;0.05
2026-09-24 13:00;7830.0;7704.23;SPXW  260924C07830000;0.0;0.05
2026-09-24 13:00;7835.0;7704.23;SPXW  260924C07835000;0.0;0.05
2026-09-24 13:00;7840.0;7704.23;SPXW  260924C07840000;0.0;0.05
2026-09-24 13:00;7845.0;7704.23;SPXW  260924C07845000;0.0;0.05
2026-09-24 13:00;7850.0;7704.23;SPXW  260924C07850000;0.0;0.05
2026-09-24 13:00;7855.0;7704.23;SPXW  260924C07855000;0.0;0.05
2026-09-24 13:00;7860.0;7704.23;SPXW  260924C07860000;0.0;0.05
2026-09-24 13:00;7865.0;7704.23;SPXW  260924C07865000;0.0;0.05
2026-09-24 13:00;7870.0;7704.23;SPXW  260924C07870000;0.0;0.05
2026-09-24 13:00;7875.0;7704.23;SPXW  260924C07875000;0.0;0.05
2026-09-24 13:00;7880.0;7704.23;SPXW  260924C07880000;0.0;0.05
2026-09-24 13:00;7885.0;7704.23;SPXW  260924C07885000;0.0;0.05
2026-09-24 13:00;7890.0;7704.23;SPXW  260924C07890000;0.0;0.05
2026-09-24 13:00;7895.0;7704.23;SPXW  260924C07895000;0.0;0.05
2026-09-24 13:00;7900.0;7704.23;SPXW  260924C07900000;0.0;0.05
2026-09-24 13:00;7905.0;7704.23;SPXW  260924C07905000;0.0;0.05
2026-09-24 13:00;7910.0;7704.23;SPXW  260924C07910000;0.0;0.05
2026-09-24 13:00;7915.0;7704.23;SPXW  260924C07915000;0.0;0.05
2026-09-24 13:00;7920.0;7704.23;SPXW  260924C07920000;0.0;0.05
2026-09-24 13:00;7925.0;7704.23;SPXW  260924C07925000;0.0;0.05
2026-09-24 13:00;7930.0;7704.23;SPXW  260924C07930000;0.0;0.05
2026-09-24 13:00;7935.0;7704.23;SPXW  260924C07935000;0.0;0.05
2026-09-24 13:00;7940.0;7704.23;SPXW  260924C07940000;0.0;0.05
2026-09-24 13:00;7945.0;7704.23;SPXW  260924C07945000;0.0;0.05
2026-09-24 13:00;7950.0;7704.23;SPXW  260924C07950000;0.0;0.05
2026-09-24 13:00;7455.0;7704.23;SPXW  260924P07455000;0.0;0.05
2026-09-24 13:00;7460.0;7704.23;SPXW  260924P07460000;0.0;0.05
2026-09-24 13:00;7465.0;7704.23;SPXW  260924P07465000;0.0;0.05
2026-09-24 13:00;7470.0;7704.23;SPXW  260924P07470000;0.0;0.05
2026-09-24 13:00;7475.0;7704.23;SPXW  260924P07475000;0.0;0.05
2026-09-24 13:00;7480.0;7704.23;SPXW  260924P07480000;0.0;0.05
2026-09-24 13:00;7485.0;7704.23;SPXW  260924P07485000;0.0;0.05
2026-09-24 13:00;7490.0;7704.23;SPXW  260924P07490000;0.0;0.05
2026-09-24 13:00;7495.0;7704.23;SPXW  260924P07495000;0.0;0.05
2026-09-24 13:00;7500.0;7704.23;SPXW  260924P07500000;0.0;0.05
2026-09-24 13:00;7505.0;7704.23;SPXW  260924P07505000;0.0;0.05
2026-09-24 13:00;7510.0;7704.23;SPXW  260924P07510000;0.0;0.05
2026-09-24 13:00;7515.0;7704.23;SPXW  260924P07515000;0.0;0.05
2026-09-24 13:00;7520.0;7704.23;SPXW  260924P07520000;0.0;0.05
2026-09-24 13:00;7525.0;7704.23;SPXW  260924P07525000;0.0;0.05
2026-09-24 13:00;7530.0;7704.23;SPXW  260924P07530000;0.0;0.05
2026-09-24 13:00;7535.0;7704.23;SPXW  260924P07535000;0.0;0.05
2026-09-24 13:00;7540.0;7704.23;SPXW  260924P07540000;0.0;0.05
2026-09-24 13:00;7545.0;7704.23;SPXW  260924P07545000;0.0;0.05
2026-09-24 13:00;7550.0;7704.23;SPXW  260924P07550000;0.0;0.05
2026-09-24 13:00;7555.0;7704.23;SPXW  260924P07555000;0.0;0.05
2026-09-24 13:00;7560.0;7704.23;SPXW  260924P07560000;0.0;0.05
2026-09-24 13:00;7565.0;7704.23;SPXW  260924P07565000;0.0;0.05
2026-09-24 13:00;7570.0;7704.23;SPXW  260924P07570000;0.0;0.05
2026-09-24 13:00;7575.0;7704.23;SPXW  260924P07575000;0.0;0.05
2026-09-24 13:00;7580.0;7704.23;SPXW  260924P07580000;0.0;0.05
2026-09-24 13:00;7585.0;7704.23;SPXW  260924P07585000;0.0;0.05
2026-09-24 13:00;7590.0;7704.23;SPXW  260924P07590000;0.0;0.05
2026-09-24 13:00;7595.0;7704.23;SPXW  260924P07595000;0.0;0.05
2026-09-24 13:00;7600.0;7704.23;SPXW  260924P07600000;0.0;0.05
2026-09-24 13:00;7605.0;7704.23;SPXW  260924P07605000;0.0;0.05
2026-09-24 13:00;7610.0;7704.23;SPXW  260924P07610000;0.0;0.05
2026-09-24 13:00;7615.0;7704.23;SPXW  260924P07615000;0.0;0.05
2026-09-24 13:00;7620.0;7704.23;SPXW  260924P07620000;0.0;0.05
2026-09-24 13:00;7625.0;7704.23;SPXW  260924P07625000;0.0;0.05
2026-09-24 13:00;7630.0;7704.23;SPXW  260924P07630000;0.0;0.05
2026-09-24 13:00;7635.0;7704.23;SPXW  260924P07635000;0.0;0.05
2026-09-24 13:00;7640.0;7704.23;SPXW  260924P07640000;0.0;0.05
2026-09-24 13:00;7645.0;7704.23;SPXW  260924P07645000;0.0;0.05
2026-09-24 13:00;7650.0;7704.23;SPXW  260924P07650000;0.0;0.05
2026-09-24 13:00;7655.0;7704.23;SPXW  260924P07655000;0.0;0.05
2026-09-24 13:00;7660.0;7704.23;SPXW  260924P07660000;0.0;0.05
2026-09-24 13:00;7665.0;7704.23;SPXW  260924P07665000;0.0;0.05
2026-09-24 13:00;7670.0;7704.23;SPXW  260924P07670000;0.0;0.05
2026-09-24 13:00;7675.0;7704.23;SPXW  260924P07675000;0.0;0.05
2026-09-24 13:00;7680.0;7704.23;SPXW  260924P07680000;0.0;0.05
2026-09-24 13:00;7685.0;7704.23;SPXW  260924P07685000;0.0;0.05
2026-09-24 13:00;7690.0;7704.23;SPXW  260924P07690000;0.0;0.05
2026-09-24 13:00;7695.0;7704.23;SPXW  260924P07695000;0.0;0.05
2026-09-24 13:00;7700.0;7704.23;SPXW  260924P07700000;0.0;0.05
2026-09-24 13:00;7705.0;7704.23;SPXW  260924P07705000;0.3;0.9
2026-09-24 13:00;7710.0;7704.23;SPXW  260924P07710000;4.7;6.0
2026-09-24 13:00;7715.0;7704.23;SPXW  260924P07715000;9.7;11.6
2026-09-24 13:00;7720.0;7704.23;SPXW  260924P07720000;14.7;16.6
2026-09-24 13:00;7725.0;7704.23;SPXW  260924P07725000;19.7;21.6
2026-09-24 13:00;7730.0;7704.23;SPXW  260924P07730000;24.7;26.6
2026-09-24 13:00;7735.0;7704.23;SPXW  260924P07735000;29.7;31.6
2026-09-24 13:00;7740.0;7704.23;SPXW  260924P07740000;34.7;36.6
2026-09-24 13:00;7745.0;7704.23;SPXW  260924P07745000;39.7;41.6
2026-09-24 13:00;7750.0;7704.23;SPXW  260924P07750000;44.7;46.6
2026-09-24 13:00;7755.0;7704.23;SPXW  260924P07755000;49.7;51.6
2026-09-24 13:00;7760.0;7704.23;SPXW  260924P07760000;54.7;56.6
2026-09-24 13:00;7765.0;7704.23;SPXW  260924P07765000;59.7;61.6
2026-09-24 13:00;7770.0;7704.23;SPXW  260924P07770000;64.7;66.6
2026-09-24 13:00;7775.0;7704.23;SPXW  260924P07775000;69.7;71.6
2026-09-24 13:00;7780.0;7704.23;SPXW  260924P07780000;74.7;76.6
2026-09-24 13:00;7785.0;7704.23;SPXW  260924P07785000;79.7;81.6
2026-09-24 13:00;7790.0;7704.23;SPXW  260924P07790000;84.7;86.6
2026-09-24 13:00;7795.0;7704.23;SPXW  260924P07795000;89.7;91.6
2026-09-24 13:00;7800.0;7704.23;SPXW  260924P07800000;94.7;96.6
2026-09-24 13:00;7805.0;7704.23;SPXW  260924P07805000;99.7;101.6
2026-09-24 13:00;7810.0;7704.23;SPXW  260924P07810000;104.7;106.6
2026-09-24 13:00;7815.0;7704.23;SPXW  260924P07815000;109.7;111.6
2026-09-24 13:00;7820.0;7704.23;SPXW  260924P07820000;114.7;116.6
2026-09-24 13:00;7825.0;7704.23;SPXW  260924P07825000;119.7;121.6
2026-09-24 13:00;7830.0;7704.23;SPXW  260924P07830000;124.7;126.6
2026-09-24 13:00;7835.0;7704.23;SPXW  260924P07835000;129.7;131.6
2026-09-24 13:00;7840.0;7704.23;SPXW  260924P07840000;134.7;136.6
2026-09-24 13:00;7845.0;7704.23;SPXW  260924P07845000;139.7;141.6
2026-09-24 13:00;7850.0;7704.23;SPXW  260924P07850000;144.7;146.6
2026-09-24 13:00;7855.0;7704.23;SPXW  260924P07855000;149.7;151.6
2026-09-24 13:00;7860.0;7704.23;SPXW  260924P07860000;154.7;156.6
2026-09-24 13:00;7865.0;7704.23;SPXW  260924P07865000;159.7;161.6
2026-09-24 13:00;7870.0;7704.23;SPXW  260924P07870000;164.7;166.6
2026-09-24 13:00;7875.0;7704.23;SPXW  260924P07875000;169.7;171.6
2026-09-24 13:00;7880.0;7704.23;SPXW  260924P07880000;174.7;176.6
2026-09-24 13:00;7885.0;7704.23;SPXW  260924P07885000;179.7;181.6
2026-09-24 13:00;7890.0;7704.23;SPXW  260924P07890000;184.7;186.6
2026-09-24 13:00;7895.0;7704.23;SPXW  260924P07895000;189.7;191.6
2026-09-24 13:00;7900.0;7704.23;SPXW  260924P07900000;194.7;196.6
2026-09-24 13:00;7905.0;7704.23;SPXW  260924P07905000;182.4;206.4
2026-09-24 13:00;7910.0;7704.23;SPXW  260924P07910000;199.2;212.9
2026-09-24 13:00;7915.0;7704.23;SPXW  260924P07915000;194.6;218.6
2026-09-24 13:00;7920.0;7704.23;SPXW  260924P07920000;209.2;222.9
2026-09-24 13:00;7925.0;7704.23;SPXW  260924P07925000;204.5;228.5
2026-09-24 13:00;7930.0;7704.23;SPXW  260924P07930000;215.8;233.6
2026-09-24 13:00;7935.0;7704.23;SPXW  260924P07935000;214.6;238.6
2026-09-24 13:00;7940.0;7704.23;SPXW  260924P07940000;225.8;243.6
2026-09-24 13:00;7945.0;7704.23;SPXW  260924P07945000;222.4;246.4
2026-09-24 13:00;7950.0;7704.23;SPXW  260924P07950000;229.1;253.1
2026-09-24 13:04;7455.0;7704.13;SPXW  260924C07455000;241.8;259.2
2026-09-24 13:04;7460.0;7704.13;SPXW  260924C07460000;236.6;254.2
2026-09-24 13:04;7465.0;7704.13;SPXW  260924C07465000;231.6;249.2
2026-09-24 13:04;7470.0;7704.13;SPXW  260924C07470000;226.9;244.2
2026-09-24 13:04;7475.0;7704.13;SPXW  260924C07475000;221.8;239.2
2026-09-24 13:04;7480.0;7704.13;SPXW  260924C07480000;217.1;234.1
2026-09-24 13:04;7485.0;7704.13;SPXW  260924C07485000;212.0;229.1
2026-09-24 13:04;7490.0;7704.13;SPXW  260924C07490000;207.0;220.7
2026-09-24 13:04;7495.0;7704.13;SPXW  260924C07495000;202.0;215.7
2026-09-24 13:04;7500.0;7704.13;SPXW  260924C07500000;197.0;210.7
2026-09-24 13:04;7505.0;7704.13;SPXW  260924C07505000;198.4;200.3
2026-09-24 13:04;7510.0;7704.13;SPXW  260924C07510000;193.4;195.3
2026-09-24 13:04;7515.0;7704.13;SPXW  260924C07515000;188.4;190.3
2026-09-24 13:04;7520.0;7704.13;SPXW  260924C07520000;183.4;185.3
2026-09-24 13:04;7525.0;7704.13;SPXW  260924C07525000;178.4;180.3
2026-09-24 13:04;7530.0;7704.13;SPXW  260924C07530000;173.4;175.3
2026-09-24 13:04;7535.0;7704.13;SPXW  260924C07535000;168.4;170.3
2026-09-24 13:04;7540.0;7704.13;SPXW  260924C07540000;163.4;165.3
2026-09-24 13:04;7545.0;7704.13;SPXW  260924C07545000;158.4;160.3
2026-09-24 13:04;7550.0;7704.13;SPXW  260924C07550000;153.4;155.3
2026-09-24 13:04;7555.0;7704.13;SPXW  260924C07555000;148.4;150.3
2026-09-24 13:04;7560.0;7704.13;SPXW  260924C07560000;143.4;145.3
2026-09-24 13:04;7565.0;7704.13;SPXW  260924C07565000;138.4;140.3
2026-09-24 13:04;7570.0;7704.13;SPXW  260924C07570000;133.4;135.3
2026-09-24 13:04;7575.0;7704.13;SPXW  260924C07575000;128.4;130.3
2026-09-24 13:04;7580.0;7704.13;SPXW  260924C07580000;123.4;125.3
2026-09-24 13:04;7585.0;7704.13;SPXW  260924C07585000;118.4;120.3
2026-09-24 13:04;7590.0;7704.13;SPXW  260924C07590000;113.4;115.3
2026-09-24 13:04;7595.0;7704.13;SPXW  260924C07595000;108.4;110.3
2026-09-24 13:04;7600.0;7704.13;SPXW  260924C07600000;103.4;105.3
2026-09-24 13:04;7605.0;7704.13;SPXW  260924C07605000;98.4;100.3
2026-09-24 13:04;7610.0;7704.13;SPXW  260924C07610000;93.4;95.3
2026-09-24 13:04;7615.0;7704.13;SPXW  260924C07615000;88.4;90.3
2026-09-24 13:04;7620.0;7704.13;SPXW  260924C07620000;83.4;85.3
2026-09-24 13:04;7625.0;7704.13;SPXW  260924C07625000;78.4;80.3
2026-09-24 13:04;7630.0;7704.13;SPXW  260924C07630000;73.4;75.3
2026-09-24 13:04;7635.0;7704.13;SPXW  260924C07635000;68.4;70.3
2026-09-24 13:04;7640.0;7704.13;SPXW  260924C07640000;63.4;65.3
2026-09-24 13:04;7645.0;7704.13;SPXW  260924C07645000;58.4;60.3
2026-09-24 13:04;7650.0;7704.13;SPXW  260924C07650000;53.4;55.3
2026-09-24 13:04;7655.0;7704.13;SPXW  260924C07655000;48.4;50.3
2026-09-24 13:04;7660.0;7704.13;SPXW  260924C07660000;43.4;45.3
2026-09-24 13:04;7665.0;7704.13;SPXW  260924C07665000;38.4;40.3
2026-09-24 13:04;7670.0;7704.13;SPXW  260924C07670000;33.4;35.3
2026-09-24 13:04;7675.0;7704.13;SPXW  260924C07675000;28.5;30.3
2026-09-24 13:04;7680.0;7704.13;SPXW  260924C07680000;23.7;25.3
2026-09-24 13:04;7685.0;7704.13;SPXW  260924C07685000;18.6;20.3
2026-09-24 13:04;7690.0;7704.13;SPXW  260924C07690000;13.7;15.3
2026-09-24 13:04;7695.0;7704.13;SPXW  260924C07695000;9.0;10.3
2026-09-24 13:04;7700.0;7704.13;SPXW  260924C07700000;3.8;5.3
2026-09-24 13:04;7705.0;7704.13;SPXW  260924C07705000;0.25;0.35
2026-09-24 13:04;7710.0;7704.13;SPXW  260924C07710000;0.0;0.05
2026-09-24 13:04;7715.0;7704.13;SPXW  260924C07715000;0.0;0.05
2026-09-24 13:04;7720.0;7704.13;SPXW  260924C07720000;0.0;0.05
2026-09-24 13:04;7725.0;7704.13;SPXW  260924C07725000;0.0;0.05
2026-09-24 13:04;7730.0;7704.13;SPXW  260924C07730000;0.0;0.05
2026-09-24 13:04;7735.0;7704.13;SPXW  260924C07735000;0.0;0.05
2026-09-24 13:04;7740.0;7704.13;SPXW  260924C07740000;0.0;0.05
2026-09-24 13:04;7745.0;7704.13;SPXW  260924C07745000;0.0;0.05
2026-09-24 13:04;7750.0;7704.13;SPXW  260924C07750000;0.0;0.05
2026-09-24 13:04;7755.0;7704.13;SPXW  260924C07755000;0.0;0.05
2026-09-24 13:04;7760.0;7704.13;SPXW  260924C07760000;0.0;0.05
2026-09-24 13:04;7765.0;7704.13;SPXW  260924C07765000;0.0;0.05
2026-09-24 13:04;7770.0;7704.13;SPXW  260924C07770000;0.0;0.05
2026-09-24 13:04;7775.0;7704.13;SPXW  260924C07775000;0.0;0.05
2026-09-24 13:04;7780.0;7704.13;SPXW  260924C07780000;0.0;0.05
2026-09-24 13:04;7785.0;7704.13;SPXW  260924C07785000;0.0;0.05
2026-09-24 13:04;7790.0;7704.13;SPXW  260924C07790000;0.0;0.05
2026-09-24 13:04;7795.0;7704.13;SPXW  260924C07795000;0.0;0.05
2026-09-24 13:04;7800.0;7704.13;SPXW  260924C07800000;0.0;0.05
2026-09-24 13:04;7805.0;7704.13;SPXW  260924C07805000;0.0;0.05
2026-09-24 13:04;7810.0;7704.13;SPXW  260924C07810000;0.0;0.05
2026-09-24 13:04;7815.0;7704.13;SPXW  260924C07815000;0.0;0.05
2026-09-24 13:04;7820.0;7704.13;SPXW  260924C07820000;0.0;0.05
2026-09-24 13:04;7825.0;7704.13;SPXW  260924C07825000;0.0;0.05
2026-09-24 13:04;7830.0;7704.13;SPXW  260924C07830000;0.0;0.05
2026-09-24 13:04;7835.0;7704.13;SPXW  260924C07835000;0.0;0.05
2026-09-24 13:04;7840.0;7704.13;SPXW  260924C07840000;0.0;0.05
2026-09-24 13:04;7845.0;7704.13;SPXW  260924C07845000;0.0;0.05
2026-09-24 13:04;7850.0;7704.13;SPXW  260924C07850000;0.0;0.05
2026-09-24 13:04;7855.0;7704.13;SPXW  260924C07855000;0.0;0.05
2026-09-24 13:04;7860.0;7704.13;SPXW  260924C07860000;0.0;0.05
2026-09-24 13:04;7865.0;7704.13;SPXW  260924C07865000;0.0;0.05
2026-09-24 13:04;7870.0;7704.13;SPXW  260924C07870000;0.0;0.05
2026-09-24 13:04;7875.0;7704.13;SPXW  260924C07875000;0.0;0.05
2026-09-24 13:04;7880.0;7704.13;SPXW  260924C07880000;0.0;0.05
2026-09-24 13:04;7885.0;7704.13;SPXW  260924C07885000;0.0;0.05
2026-09-24 13:04;7890.0;7704.13;SPXW  260924C07890000;0.0;0.05
2026-09-24 13:04;7895.0;7704.13;SPXW  260924C07895000;0.0;0.05
2026-09-24 13:04;7900.0;7704.13;SPXW  260924C07900000;0.0;0.05
2026-09-24 13:04;7905.0;7704.13;SPXW  260924C07905000;0.0;0.05
2026-09-24 13:04;7910.0;7704.13;SPXW  260924C07910000;0.0;0.05
2026-09-24 13:04;7915.0;7704.13;SPXW  260924C07915000;0.0;0.05
2026-09-24 13:04;7920.0;7704.13;SPXW  260924C07920000;0.0;0.05
2026-09-24 13:04;7925.0;7704.13;SPXW  260924C07925000;0.0;0.05
2026-09-24 13:04;7930.0;7704.13;SPXW  260924C07930000;0.0;0.05
2026-09-24 13:04;7935.0;7704.13;SPXW  260924C07935000;0.0;0.05
2026-09-24 13:04;7940.0;7704.13;SPXW  260924C07940000;0.0;0.05
2026-09-24 13:04;7945.0;7704.13;SPXW  260924C07945000;0.0;0.05
2026-09-24 13:04;7950.0;7704.13;SPXW  260924C07950000;0.0;0.05
2026-09-24 13:04;7455.0;7704.13;SPXW  260924P07455000;0.0;0.05
2026-09-24 13:04;7460.0;7704.13;SPXW  260924P07460000;0.0;0.05
2026-09-24 13:04;7465.0;7704.13;SPXW  260924P07465000;0.0;0.05
2026-09-24 13:04;7470.0;7704.13;SPXW  260924P07470000;0.0;0.05
2026-09-24 13:04;7475.0;7704.13;SPXW  260924P07475000;0.0;0.05
2026-09-24 13:04;7480.0;7704.13;SPXW  260924P07480000;0.0;0.05
2026-09-24 13:04;7485.0;7704.13;SPXW  260924P07485000;0.0;0.05
2026-09-24 13:04;7490.0;7704.13;SPXW  260924P07490000;0.0;0.05
2026-09-24 13:04;7495.0;7704.13;SPXW  260924P07495000;0.0;0.05
2026-09-24 13:04;7500.0;7704.13;SPXW  260924P07500000;0.0;0.05
2026-09-24 13:04;7505.0;7704.13;SPXW  260924P07505000;0.0;0.05
2026-09-24 13:04;7510.0;7704.13;SPXW  260924P07510000;0.0;0.05
2026-09-24 13:04;7515.0;7704.13;SPXW  260924P07515000;0.0;0.05
2026-09-24 13:04;7520.0;7704.13;SPXW  260924P07520000;0.0;0.05
2026-09-24 13:04;7525.0;7704.13;SPXW  260924P07525000;0.0;0.05
2026-09-24 13:04;7530.0;7704.13;SPXW  260924P07530000;0.0;0.05
2026-09-24 13:04;7535.0;7704.13;SPXW  260924P07535000;0.0;0.05
2026-09-24 13:04;7540.0;7704.13;SPXW  260924P07540000;0.0;0.05
2026-09-24 13:04;7545.0;7704.13;SPXW  260924P07545000;0.0;0.05
2026-09-24 13:04;7550.0;7704.13;SPXW  260924P07550000;0.0;0.05
2026-09-24 13:04;7555.0;7704.13;SPXW  260924P07555000;0.0;0.05
2026-09-24 13:04;7560.0;7704.13;SPXW  260924P07560000;0.0;0.05
2026-09-24 13:04;7565.0;7704.13;SPXW  260924P07565000;0.0;0.05
2026-09-24 13:04;7570.0;7704.13;SPXW  260924P07570000;0.0;0.05
2026-09-24 13:04;7575.0;7704.13;SPXW  260924P07575000;0.0;0.05
2026-09-24 13:04;7580.0;7704.13;SPXW  260924P07580000;0.0;0.05
2026-09-24 13:04;7585.0;7704.13;SPXW  260924P07585000;0.0;0.05
2026-09-24 13:04;7590.0;7704.13;SPXW  260924P07590000;0.0;0.05
2026-09-24 13:04;7595.0;7704.13;SPXW  260924P07595000;0.0;0.05
2026-09-24 13:04;7600.0;7704.13;SPXW  260924P07600000;0.0;0.05
2026-09-24 13:04;7605.0;7704.13;SPXW  260924P07605000;0.0;0.05
2026-09-24 13:04;7610.0;7704.13;SPXW  260924P07610000;0.0;0.05
2026-09-24 13:04;7615.0;7704.13;SPXW  260924P07615000;0.0;0.05
2026-09-24 13:04;7620.0;7704.13;SPXW  260924P07620000;0.0;0.05
2026-09-24 13:04;7625.0;7704.13;SPXW  260924P07625000;0.0;0.05
2026-09-24 13:04;7630.0;7704.13;SPXW  260924P07630000;0.0;0.05
2026-09-24 13:04;7635.0;7704.13;SPXW  260924P07635000;0.0;0.05
2026-09-24 13:04;7640.0;7704.13;SPXW  260924P07640000;0.0;0.05
2026-09-24 13:04;7645.0;7704.13;SPXW  260924P07645000;0.0;0.05
2026-09-24 13:04;7650.0;7704.13;SPXW  260924P07650000;0.0;0.05
2026-09-24 13:04;7655.0;7704.13;SPXW  260924P07655000;0.0;0.05
2026-09-24 13:04;7660.0;7704.13;SPXW  260924P07660000;0.0;0.05
2026-09-24 13:04;7665.0;7704.13;SPXW  260924P07665000;0.0;0.05
2026-09-24 13:04;7670.0;7704.13;SPXW  260924P07670000;0.0;0.05
2026-09-24 13:04;7675.0;7704.13;SPXW  260924P07675000;0.0;0.05
2026-09-24 13:04;7680.0;7704.13;SPXW  260924P07680000;0.0;0.05
2026-09-24 13:04;7685.0;7704.13;SPXW  260924P07685000;0.0;0.05
2026-09-24 13:04;7690.0;7704.13;SPXW  260924P07690000;0.0;0.05
2026-09-24 13:04;7695.0;7704.13;SPXW  260924P07695000;0.0;0.05
2026-09-24 13:04;7700.0;7704.13;SPXW  260924P07700000;0.0;0.05
2026-09-24 13:04;7705.0;7704.13;SPXW  260924P07705000;0.3;0.9
2026-09-24 13:04;7710.0;7704.13;SPXW  260924P07710000;4.7;6.0
2026-09-24 13:04;7715.0;7704.13;SPXW  260924P07715000;9.7;11.6
2026-09-24 13:04;7720.0;7704.13;SPXW  260924P07720000;14.7;16.6
2026-09-24 13:04;7725.0;7704.13;SPXW  260924P07725000;19.7;21.6
2026-09-24 13:04;7730.0;7704.13;SPXW  260924P07730000;24.7;26.6
2026-09-24 13:04;7735.0;7704.13;SPXW  260924P07735000;29.7;31.6
2026-09-24 13:04;7740.0;7704.13;SPXW  260924P07740000;34.7;36.6
2026-09-24 13:04;7745.0;7704.13;SPXW  260924P07745000;39.7;41.6
2026-09-24 13:04;7750.0;7704.13;SPXW  260924P07750000;44.7;46.6
2026-09-24 13:04;7755.0;7704.13;SPXW  260924P07755000;49.7;51.6
2026-09-24 13:04;7760.0;7704.13;SPXW  260924P07760000;54.7;56.6
2026-09-24 13:04;7765.0;7704.13;SPXW  260924P07765000;59.7;61.6
2026-09-24 13:04;7770.0;7704.13;SPXW  260924P07770000;64.7;66.6
2026-09-24 13:04;7775.0;7704.13;SPXW  260924P07775000;69.7;71.6
2026-09-24 13:04;7780.0;7704.13;SPXW  260924P07780000;74.7;76.6
2026-09-24 13:04;7785.0;7704.13;SPXW  260924P07785000;79.7;81.6
2026-09-24 13:04;7790.0;7704.13;SPXW  260924P07790000;84.7;86.6
2026-09-24 13:04;7795.0;7704.13;SPXW  260924P07795000;89.7;91.6
2026-09-24 13:04;7800.0;7704.13;SPXW  260924P07800000;94.7;96.6
2026-09-24 13:04;7805.0;7704.13;SPXW  260924P07805000;99.7;101.6
2026-09-24 13:04;7810.0;7704.13;SPXW  260924P07810000;104.7;106.6
2026-09-24 13:04;7815.0;7704.13;SPXW  260924P07815000;109.7;111.6
2026-09-24 13:04;7820.0;7704.13;SPXW  260924P07820000;114.7;116.6
2026-09-24 13:04;7825.0;7704.13;SPXW  260924P07825000;119.7;121.6
2026-09-24 13:04;7830.0;7704.13;SPXW  260924P07830000;124.7;126.6
2026-09-24 13:04;7835.0;7704.13;SPXW  260924P07835000;129.7;131.6
2026-09-24 13:04;7840.0;7704.13;SPXW  260924P07840000;134.7;136.6
2026-09-24 13:04;7845.0;7704.13;SPXW  260924P07845000;139.7;141.6
2026-09-24 13:04;7850.0;7704.13;SPXW  260924P07850000;144.7;146.6
2026-09-24 13:04;7855.0;7704.13;SPXW  260924P07855000;149.7;151.6
2026-09-24 13:04;7860.0;7704.13;SPXW  260924P07860000;154.7;156.6
2026-09-24 13:04;7865.0;7704.13;SPXW  260924P07865000;159.7;161.6
2026-09-24 13:04;7870.0;7704.13;SPXW  260924P07870000;164.7;166.6
2026-09-24 13:04;7875.0;7704.13;SPXW  260924P07875000;169.7;171.6
2026-09-24 13:04;7880.0;7704.13;SPXW  260924P07880000;174.7;176.6
2026-09-24 13:04;7885.0;7704.13;SPXW  260924P07885000;179.7;181.6
2026-09-24 13:04;7890.0;7704.13;SPXW  260924P07890000;184.7;186.6
2026-09-24 13:04;7895.0;7704.13;SPXW  260924P07895000;189.7;191.6
2026-09-24 13:04;7900.0;7704.13;SPXW  260924P07900000;194.7;196.6
2026-09-24 13:04;7905.0;7704.13;SPXW  260924P07905000;194.2;206.4
2026-09-24 13:04;7910.0;7704.13;SPXW  260924P07910000;199.2;212.9
2026-09-24 13:04;7915.0;7704.13;SPXW  260924P07915000;204.2;217.9
2026-09-24 13:04;7920.0;7704.13;SPXW  260924P07920000;209.2;222.9
2026-09-24 13:04;7925.0;7704.13;SPXW  260924P07925000;210.8;228.5
2026-09-24 13:04;7930.0;7704.13;SPXW  260924P07930000;215.8;233.6
2026-09-24 13:04;7935.0;7704.13;SPXW  260924P07935000;220.8;238.6
2026-09-24 13:04;7940.0;7704.13;SPXW  260924P07940000;225.8;243.6
2026-09-24 13:04;7945.0;7704.13;SPXW  260924P07945000;230.8;246.4
2026-09-24 13:04;7950.0;7704.13;SPXW  260924P07950000;235.8;253.1
2026-09-24 13:09;7455.0;7704.13;SPXW  260924C07455000;241.8;259.2
2026-09-24 13:09;7460.0;7704.13;SPXW  260924C07460000;236.6;254.2
2026-09-24 13:09;7465.0;7704.13;SPXW  260924C07465000;231.6;249.2
2026-09-24 13:09;7470.0;7704.13;SPXW  260924C07470000;226.9;244.2
2026-09-24 13:09;7475.0;7704.13;SPXW  260924C07475000;221.8;239.2
2026-09-24 13:09;7480.0;7704.13;SPXW  260924C07480000;217.1;234.1
2026-09-24 13:09;7485.0;7704.13;SPXW  260924C07485000;212.0;229.1
2026-09-24 13:09;7490.0;7704.13;SPXW  260924C07490000;207.0;220.7
2026-09-24 13:09;7495.0;7704.13;SPXW  260924C07495000;202.0;215.7
2026-09-24 13:09;7500.0;7704.13;SPXW  260924C07500000;197.0;210.7
2026-09-24 13:09;7505.0;7704.13;SPXW  260924C07505000;198.4;200.3
2026-09-24 13:09;7510.0;7704.13;SPXW  260924C07510000;193.4;195.3
2026-09-24 13:09;7515.0;7704.13;SPXW  260924C07515000;188.4;190.3
2026-09-24 13:09;7520.0;7704.13;SPXW  260924C07520000;183.4;185.3
2026-09-24 13:09;7525.0;7704.13;SPXW  260924C07525000;178.4;180.3
2026-09-24 13:09;7530.0;7704.13;SPXW  260924C07530000;173.4;175.3
2026-09-24 13:09;7535.0;7704.13;SPXW  260924C07535000;168.4;170.3
2026-09-24 13:09;7540.0;7704.13;SPXW  260924C07540000;163.4;165.3
2026-09-24 13:09;7545.0;7704.13;SPXW  260924C07545000;158.4;160.3
2026-09-24 13:09;7550.0;7704.13;SPXW  260924C07550000;153.4;155.3
2026-09-24 13:09;7555.0;7704.13;SPXW  260924C07555000;148.4;150.3
2026-09-24 13:09;7560.0;7704.13;SPXW  260924C07560000;143.4;145.3
2026-09-24 13:09;7565.0;7704.13;SPXW  260924C07565000;138.4;140.3
2026-09-24 13:09;7570.0;7704.13;SPXW  260924C07570000;133.4;135.3
2026-09-24 13:09;7575.0;7704.13;SPXW  260924C07575000;128.4;130.3
2026-09-24 13:09;7580.0;7704.13;SPXW  260924C07580000;123.4;125.3
2026-09-24 13:09;7585.0;7704.13;SPXW  260924C07585000;118.4;120.3
2026-09-24 13:09;7590.0;7704.13;SPXW  260924C07590000;113.4;115.3
2026-09-24 13:09;7595.0;7704.13;SPXW  260924C07595000;108.4;110.3
2026-09-24 13:09;7600.0;7704.13;SPXW  260924C07600000;103.4;105.3
2026-09-24 13:09;7605.0;7704.13;SPXW  260924C07605000;98.4;100.3
2026-09-24 13:09;7610.0;7704.13;SPXW  260924C07610000;93.4;95.3
2026-09-24 13:09;7615.0;7704.13;SPXW  260924C07615000;88.4;90.3
2026-09-24 13:09;7620.0;7704.13;SPXW  260924C07620000;83.4;85.3
2026-09-24 13:09;7625.0;7704.13;SPXW  260924C07625000;78.4;80.3
2026-09-24 13:09;7630.0;7704.13;SPXW  260924C07630000;73.4;75.3
2026-09-24 13:09;7635.0;7704.13;SPXW  260924C07635000;68.4;70.3
2026-09-24 13:09;7640.0;7704.13;SPXW  260924C07640000;63.4;65.3
2026-09-24 13:09;7645.0;7704.13;SPXW  260924C07645000;58.4;60.3
2026-09-24 13:09;7650.0;7704.13;SPXW  260924C07650000;53.4;55.3
2026-09-24 13:09;7655.0;7704.13;SPXW  260924C07655000;48.4;50.3
2026-09-24 13:09;7660.0;7704.13;SPXW  260924C07660000;43.4;45.3
2026-09-24 13:09;7665.0;7704.13;SPXW  260924C07665000;38.4;40.3
2026-09-24 13:09;7670.0;7704.13;SPXW  260924C07670000;33.4;35.3
2026-09-24 13:09;7675.0;7704.13;SPXW  260924C07675000;28.5;30.3
2026-09-24 13:09;7680.0;7704.13;SPXW  260924C07680000;23.7;25.3
2026-09-24 13:09;7685.0;7704.13;SPXW  260924C07685000;18.6;20.3
2026-09-24 13:09;7690.0;7704.13;SPXW  260924C07690000;13.7;15.3
2026-09-24 13:09;7695.0;7704.13;SPXW  260924C07695000;9.0;10.3
2026-09-24 13:09;7700.0;7704.13;SPXW  260924C07700000;3.8;5.3
2026-09-24 13:09;7705.0;7704.13;SPXW  260924C07705000;0.25;0.35
2026-09-24 13:09;7710.0;7704.13;SPXW  260924C07710000;0.0;0.05
2026-09-24 13:09;7715.0;7704.13;SPXW  260924C07715000;0.0;0.05
2026-09-24 13:09;7720.0;7704.13;SPXW  260924C07720000;0.0;0.05
2026-09-24 13:09;7725.0;7704.13;SPXW  260924C07725000;0.0;0.05
2026-09-24 13:09;7730.0;7704.13;SPXW  260924C07730000;0.0;0.05
2026-09-24 13:09;7735.0;7704.13;SPXW  260924C07735000;0.0;0.05
2026-09-24 13:09;7740.0;7704.13;SPXW  260924C07740000;0.0;0.05
2026-09-24 13:09;7745.0;7704.13;SPXW  260924C07745000;0.0;0.05
2026-09-24 13:09;7750.0;7704.13;SPXW  260924C07750000;0.0;0.05
2026-09-24 13:09;7755.0;7704.13;SPXW  260924C07755000;0.0;0.05
2026-09-24 13:09;7760.0;7704.13;SPXW  260924C07760000;0.0;0.05
2026-09-24 13:09;7765.0;7704.13;SPXW  260924C07765000;0.0;0.05
2026-09-24 13:09;7770.0;7704.13;SPXW  260924C07770000;0.0;0.05
2026-09-24 13:09;7775.0;7704.13;SPXW  260924C07775000;0.0;0.05
2026-09-24 13:09;7780.0;7704.13;SPXW  260924C07780000;0.0;0.05
2026-09-24 13:09;7785.0;7704.13;SPXW  260924C07785000;0.0;0.05
2026-09-24 13:09;7790.0;7704.13;SPXW  260924C07790000;0.0;0.05
2026-09-24 13:09;7795.0;7704.13;SPXW  260924C07795000;0.0;0.05
2026-09-24 13:09;7800.0;7704.13;SPXW  260924C07800000;0.0;0.05
2026-09-24 13:09;7805.0;7704.13;SPXW  260924C07805000;0.0;0.05
2026-09-24 13:09;7810.0;7704.13;SPXW  260924C07810000;0.0;0.05
2026-09-24 13:09;7815.0;7704.13;SPXW  260924C07815000;0.0;0.05
2026-09-24 13:09;7820.0;7704.13;SPXW  260924C07820000;0.0;0.05
2026-09-24 13:09;7825.0;7704.13;SPXW  260924C07825000;0.0;0.05
2026-09-24 13:09;7830.0;7704.13;SPXW  260924C07830000;0.0;0.05
2026-09-24 13:09;7835.0;7704.13;SPXW  260924C07835000;0.0;0.05
2026-09-24 13:09;7840.0;7704.13;SPXW  260924C07840000;0.0;0.05
2026-09-24 13:09;7845.0;7704.13;SPXW  260924C07845000;0.0;0.05
2026-09-24 13:09;7850.0;7704.13;SPXW  260924C07850000;0.0;0.05
2026-09-24 13:09;7855.0;7704.13;SPXW  260924C07855000;0.0;0.05
2026-09-24 13:09;7860.0;7704.13;SPXW  260924C07860000;0.0;0.05
2026-09-24 13:09;7865.0;7704.13;SPXW  260924C07865000;0.0;0.05
2026-09-24 13:09;7870.0;7704.13;SPXW  260924C07870000;0.0;0.05
2026-09-24 13:09;7875.0;7704.13;SPXW  260924C07875000;0.0;0.05
2026-09-24 13:09;7880.0;7704.13;SPXW  260924C07880000;0.0;0.05
2026-09-24 13:09;7885.0;7704.13;SPXW  260924C07885000;0.0;0.05
2026-09-24 13:09;7890.0;7704.13;SPXW  260924C07890000;0.0;0.05
2026-09-24 13:09;7895.0;7704.13;SPXW  260924C07895000;0.0;0.05
2026-09-24 13:09;7900.0;7704.13;SPXW  260924C07900000;0.0;0.05
2026-09-24 13:09;7905.0;7704.13;SPXW  260924C07905000;0.0;0.05
2026-09-24 13:09;7910.0;7704.13;SPXW  260924C07910000;0.0;0.05
2026-09-24 13:09;7915.0;7704.13;SPXW  260924C07915000;0.0;0.05
2026-09-24 13:09;7920.0;7704.13;SPXW  260924C07920000;0.0;0.05
2026-09-24 13:09;7925.0;7704.13;SPXW  260924C07925000;0.0;0.05
2026-09-24 13:09;7930.0;7704.13;SPXW  260924C07930000;0.0;0.05
2026-09-24 13:09;7935.0;7704.13;SPXW  260924C07935000;0.0;0.05
2026-09-24 13:09;7940.0;7704.13;SPXW  260924C07940000;0.0;0.05
2026-09-24 13:09;7945.0;7704.13;SPXW  260924C07945000;0.0;0.05
2026-09-24 13:09;7950.0;7704.13;SPXW  260924C07950000;0.0;0.05
2026-09-24 13:09;7455.0;7704.13;SPXW  260924P07455000;0.0;0.05
2026-09-24 13:09;7460.0;7704.13;SPXW  260924P07460000;0.0;0.05
2026-09-24 13:09;7465.0;7704.13;SPXW  260924P07465000;0.0;0.05
2026-09-24 13:09;7470.0;7704.13;SPXW  260924P07470000;0.0;0.05
2026-09-24 13:09;7475.0;7704.13;SPXW  260924P07475000;0.0;0.05
2026-09-24 13:09;7480.0;7704.13;SPXW  260924P07480000;0.0;0.05
2026-09-24 13:09;7485.0;7704.13;SPXW  260924P07485000;0.0;0.05
2026-09-24 13:09;7490.0;7704.13;SPXW  260924P07490000;0.0;0.05
2026-09-24 13:09;7495.0;7704.13;SPXW  260924P07495000;0.0;0.05
2026-09-24 13:09;7500.0;7704.13;SPXW  260924P07500000;0.0;0.05
2026-09-24 13:09;7505.0;7704.13;SPXW  260924P07505000;0.0;0.05
2026-09-24 13:09;7510.0;7704.13;SPXW  260924P07510000;0.0;0.05
2026-09-24 13:09;7515.0;7704.13;SPXW  260924P07515000;0.0;0.05
2026-09-24 13:09;7520.0;7704.13;SPXW  260924P07520000;0.0;0.05
2026-09-24 13:09;7525.0;7704.13;SPXW  260924P07525000;0.0;0.05
2026-09-24 13:09;7530.0;7704.13;SPXW  260924P07530000;0.0;0.05
2026-09-24 13:09;7535.0;7704.13;SPXW  260924P07535000;0.0;0.05
2026-09-24 13:09;7540.0;7704.13;SPXW  260924P07540000;0.0;0.05
2026-09-24 13:09;7545.0;7704.13;SPXW  260924P07545000;0.0;0.05
2026-09-24 13:09;7550.0;7704.13;SPXW  260924P07550000;0.0;0.05
2026-09-24 13:09;7555.0;7704.13;SPXW  260924P07555000;0.0;0.05
2026-09-24 13:09;7560.0;7704.13;SPXW  260924P07560000;0.0;0.05
2026-09-24 13:09;7565.0;7704.13;SPXW  260924P07565000;0.0;0.05
2026-09-24 13:09;7570.0;7704.13;SPXW  260924P07570000;0.0;0.05
2026-09-24 13:09;7575.0;7704.13;SPXW  260924P07575000;0.0;0.05
2026-09-24 13:09;7580.0;7704.13;SPXW  260924P07580000;0.0;0.05
2026-09-24 13:09;7585.0;7704.13;SPXW  260924P07585000;0.0;0.05
2026-09-24 13:09;7590.0;7704.13;SPXW  260924P07590000;0.0;0.05
2026-09-24 13:09;7595.0;7704.13;SPXW  260924P07595000;0.0;0.05
2026-09-24 13:09;7600.0;7704.13;SPXW  260924P07600000;0.0;0.05
2026-09-24 13:09;7605.0;7704.13;SPXW  260924P07605000;0.0;0.05
2026-09-24 13:09;7610.0;7704.13;SPXW  260924P07610000;0.0;0.05
2026-09-24 13:09;7615.0;7704.13;SPXW  260924P07615000;0.0;0.05
2026-09-24 13:09;7620.0;7704.13;SPXW  260924P07620000;0.0;0.05
2026-09-24 13:09;7625.0;7704.13;SPXW  260924P07625000;0.0;0.05
2026-09-24 13:09;7630.0;7704.13;SPXW  260924P07630000;0.0;0.05
2026-09-24 13:09;7635.0;7704.13;SPXW  260924P07635000;0.0;0.05
2026-09-24 13:09;7640.0;7704.13;SPXW  260924P07640000;0.0;0.05
2026-09-24 13:09;7645.0;7704.13;SPXW  260924P07645000;0.0;0.05
2026-09-24 13:09;7650.0;7704.13;SPXW  260924P07650000;0.0;0.05
2026-09-24 13:09;7655.0;7704.13;SPXW  260924P07655000;0.0;0.05
2026-09-24 13:09;7660.0;7704.13;SPXW  260924P07660000;0.0;0.05
2026-09-24 13:09;7665.0;7704.13;SPXW  260924P07665000;0.0;0.05
2026-09-24 13:09;7670.0;7704.13;SPXW  260924P07670000;0.0;0.05
2026-09-24 13:09;7675.0;7704.13;SPXW  260924P07675000;0.0;0.05
2026-09-24 13:09;7680.0;7704.13;SPXW  260924P07680000;0.0;0.05
2026-09-24 13:09;7685.0;7704.13;SPXW  260924P07685000;0.0;0.05
2026-09-24 13:09;7690.0;7704.13;SPXW  260924P07690000;0.0;0.05
2026-09-24 13:09;7695.0;7704.13;SPXW  260924P07695000;0.0;0.05
2026-09-24 13:09;7700.0;7704.13;SPXW  260924P07700000;0.0;0.05
2026-09-24 13:09;7705.0;7704.13;SPXW  260924P07705000;0.3;0.9
2026-09-24 13:09;7710.0;7704.13;SPXW  260924P07710000;4.7;6.0
2026-09-24 13:09;7715.0;7704.13;SPXW  260924P07715000;9.7;11.6
2026-09-24 13:09;7720.0;7704.13;SPXW  260924P07720000;14.7;16.6
2026-09-24 13:09;7725.0;7704.13;SPXW  260924P07725000;19.7;21.6
2026-09-24 13:09;7730.0;7704.13;SPXW  260924P07730000;24.7;26.6
2026-09-24 13:09;7735.0;7704.13;SPXW  260924P07735000;29.7;31.6
2026-09-24 13:09;7740.0;7704.13;SPXW  260924P07740000;34.7;36.6
2026-09-24 13:09;7745.0;7704.13;SPXW  260924P07745000;39.7;41.6
2026-09-24 13:09;7750.0;7704.13;SPXW  260924P07750000;44.7;46.6
2026-09-24 13:09;7755.0;7704.13;SPXW  260924P07755000;49.7;51.6
2026-09-24 13:09;7760.0;7704.13;SPXW  260924P07760000;54.7;56.6
2026-09-24 13:09;7765.0;7704.13;SPXW  260924P07765000;59.7;61.6
2026-09-24 13:09;7770.0;7704.13;SPXW  260924P07770000;64.7;66.6
2026-09-24 13:09;7775.0;7704.13;SPXW  260924P07775000;69.7;71.6
2026-09-24 13:09;7780.0;7704.13;SPXW  260924P07780000;74.7;76.6
2026-09-24 13:09;7785.0;7704.13;SPXW  260924P07785000;79.7;81.6
2026-09-24 13:09;7790.0;7704.13;SPXW  260924P07790000;84.7;86.6
2026-09-24 13:09;7795.0;7704.13;SPXW  260924P07795000;89.7;91.6
2026-09-24 13:09;7800.0;7704.13;SPXW  260924P07800000;94.7;96.6
2026-09-24 13:09;7805.0;7704.13;SPXW  260924P07805000;99.7;101.6
2026-09-24 13:09;7810.0;7704.13;SPXW  260924P07810000;104.7;106.6
2026-09-24 13:09;7815.0;7704.13;SPXW  260924P07815000;109.7;111.6
2026-09-24 13:09;7820.0;7704.13;SPXW  260924P07820000;114.7;116.6
2026-09-24 13:09;7825.0;7704.13;SPXW  260924P07825000;119.7;121.6
2026-09-24 13:09;7830.0;7704.13;SPXW  260924P07830000;124.7;126.6
2026-09-24 13:09;7835.0;7704.13;SPXW  260924P07835000;129.7;131.6
2026-09-24 13:09;7840.0;7704.13;SPXW  260924P07840000;134.7;136.6
2026-09-24 13:09;7845.0;7704.13;SPXW  260924P07845000;139.7;141.6
2026-09-24 13:09;7850.0;7704.13;SPXW  260924P07850000;144.7;146.6
2026-09-24 13:09;7855.0;7704.13;SPXW  260924P07855000;149.7;151.6
2026-09-24 13:09;7860.0;7704.13;SPXW  260924P07860000;154.7;156.6
2026-09-24 13:09;7865.0;7704.13;SPXW  260924P07865000;159.7;161.6
2026-09-24 13:09;7870.0;7704.13;SPXW  260924P07870000;164.7;166.6
2026-09-24 13:09;7875.0;7704.13;SPXW  260924P07875000;169.7;171.6
2026-09-24 13:09;7880.0;7704.13;SPXW  260924P07880000;174.7;176.6
2026-09-24 13:09;7885.0;7704.13;SPXW  260924P07885000;179.7;181.6
2026-09-24 13:09;7890.0;7704.13;SPXW  260924P07890000;184.7;186.6
2026-09-24 13:09;7895.0;7704.13;SPXW  260924P07895000;189.7;191.6
2026-09-24 13:09;7900.0;7704.13;SPXW  260924P07900000;194.7;196.6
2026-09-24 13:09;7905.0;7704.13;SPXW  260924P07905000;194.2;206.4
2026-09-24 13:09;7910.0;7704.13;SPXW  260924P07910000;199.2;212.9
2026-09-24 13:09;7915.0;7704.13;SPXW  260924P07915000;204.2;217.9
2026-09-24 13:09;7920.0;7704.13;SPXW  260924P07920000;209.2;222.9
2026-09-24 13:09;7925.0;7704.13;SPXW  260924P07925000;210.8;228.5
2026-09-24 13:09;7930.0;7704.13;SPXW  260924P07930000;215.8;233.6
2026-09-24 13:09;7935.0;7704.13;SPXW  260924P07935000;220.8;238.6
2026-09-24 13:09;7940.0;7704.13;SPXW  260924P07940000;225.8;243.6
2026-09-24 13:09;7945.0;7704.13;SPXW  260924P07945000;230.8;246.4
2026-09-24 13:09;7950.0;7704.13;SPXW  260924P07950000;235.8;253.1
2026-09-24 13:13;7455.0;7704.13;SPXW  260924C07455000;241.8;259.2
2026-09-24 13:13;7460.0;7704.13;SPXW  260924C07460000;236.6;254.2
2026-09-24 13:13;7465.0;7704.13;SPXW  260924C07465000;231.6;249.2
2026-09-24 13:13;7470.0;7704.13;SPXW  260924C07470000;226.9;244.2
2026-09-24 13:13;7475.0;7704.13;SPXW  260924C07475000;221.8;239.2
2026-09-24 13:13;7480.0;7704.13;SPXW  260924C07480000;217.1;234.1
2026-09-24 13:13;7485.0;7704.13;SPXW  260924C07485000;212.0;229.1
2026-09-24 13:13;7490.0;7704.13;SPXW  260924C07490000;207.0;220.7
2026-09-24 13:13;7495.0;7704.13;SPXW  260924C07495000;202.0;215.7
2026-09-24 13:13;7500.0;7704.13;SPXW  260924C07500000;197.0;210.7
2026-09-24 13:13;7505.0;7704.13;SPXW  260924C07505000;198.4;200.3
2026-09-24 13:13;7510.0;7704.13;SPXW  260924C07510000;193.4;195.3
2026-09-24 13:13;7515.0;7704.13;SPXW  260924C07515000;188.4;190.3
2026-09-24 13:13;7520.0;7704.13;SPXW  260924C07520000;183.4;185.3
2026-09-24 13:13;7525.0;7704.13;SPXW  260924C07525000;178.4;180.3
2026-09-24 13:13;7530.0;7704.13;SPXW  260924C07530000;173.4;175.3
2026-09-24 13:13;7535.0;7704.13;SPXW  260924C07535000;168.4;170.3
2026-09-24 13:13;7540.0;7704.13;SPXW  260924C07540000;163.4;165.3
2026-09-24 13:13;7545.0;7704.13;SPXW  260924C07545000;158.4;160.3
2026-09-24 13:13;7550.0;7704.13;SPXW  260924C07550000;153.4;155.3
2026-09-24 13:13;7555.0;7704.13;SPXW  260924C07555000;148.4;150.3
2026-09-24 13:13;7560.0;7704.13;SPXW  260924C07560000;143.4;145.3
2026-09-24 13:13;7565.0;7704.13;SPXW  260924C07565000;138.4;140.3
2026-09-24 13:13;7570.0;7704.13;SPXW  260924C07570000;133.4;135.3
2026-09-24 13:13;7575.0;7704.13;SPXW  260924C07575000;128.4;130.3
2026-09-24 13:13;7580.0;7704.13;SPXW  260924C07580000;123.4;125.3
2026-09-24 13:13;7585.0;7704.13;SPXW  260924C07585000;118.4;120.3
2026-09-24 13:13;7590.0;7704.13;SPXW  260924C07590000;113.4;115.3
2026-09-24 13:13;7595.0;7704.13;SPXW  260924C07595000;108.4;110.3
2026-09-24 13:13;7600.0;7704.13;SPXW  260924C07600000;103.4;105.3
2026-09-24 13:13;7605.0;7704.13;SPXW  260924C07605000;98.4;100.3
2026-09-24 13:13;7610.0;7704.13;SPXW  260924C07610000;93.4;95.3
2026-09-24 13:13;7615.0;7704.13;SPXW  260924C07615000;88.4;90.3
2026-09-24 13:13;7620.0;7704.13;SPXW  260924C07620000;83.4;85.3
2026-09-24 13:13;7625.0;7704.13;SPXW  260924C07625000;78.4;80.3
2026-09-24 13:13;7630.0;7704.13;SPXW  260924C07630000;73.4;75.3
2026-09-24 13:13;7635.0;7704.13;SPXW  260924C07635000;68.4;70.3
2026-09-24 13:13;7640.0;7704.13;SPXW  260924C07640000;63.4;65.3
2026-09-24 13:13;7645.0;7704.13;SPXW  260924C07645000;58.4;60.3
2026-09-24 13:13;7650.0;7704.13;SPXW  260924C07650000;53.4;55.3
2026-09-24 13:13;7655.0;7704.13;SPXW  260924C07655000;48.4;50.3
2026-09-24 13:13;7660.0;7704.13;SPXW  260924C07660000;43.4;45.3
2026-09-24 13:13;7665.0;7704.13;SPXW  260924C07665000;38.4;40.3
2026-09-24 13:13;7670.0;7704.13;SPXW  260924C07670000;33.4;35.3
2026-09-24 13:13;7675.0;7704.13;SPXW  260924C07675000;28.5;30.3
2026-09-24 13:13;7680.0;7704.13;SPXW  260924C07680000;23.7;25.3
2026-09-24 13:13;7685.0;7704.13;SPXW  260924C07685000;18.6;20.3
2026-09-24 13:13;7690.0;7704.13;SPXW  260924C07690000;13.7;15.3
2026-09-24 13:13;7695.0;7704.13;SPXW  260924C07695000;9.0;10.3
2026-09-24 13:13;7700.0;7704.13;SPXW  260924C07700000;3.8;5.3
2026-09-24 13:13;7705.0;7704.13;SPXW  260924C07705000;0.25;0.35
2026-09-24 13:13;7710.0;7704.13;SPXW  260924C07710000;0.0;0.05
2026-09-24 13:13;7715.0;7704.13;SPXW  260924C07715000;0.0;0.05
2026-09-24 13:13;7720.0;7704.13;SPXW  260924C07720000;0.0;0.05
2026-09-24 13:13;7725.0;7704.13;SPXW  260924C07725000;0.0;0.05
2026-09-24 13:13;7730.0;7704.13;SPXW  260924C07730000;0.0;0.05
2026-09-24 13:13;7735.0;7704.13;SPXW  260924C07735000;0.0;0.05
2026-09-24 13:13;7740.0;7704.13;SPXW  260924C07740000;0.0;0.05
2026-09-24 13:13;7745.0;7704.13;SPXW  260924C07745000;0.0;0.05
2026-09-24 13:13;7750.0;7704.13;SPXW  260924C07750000;0.0;0.05
2026-09-24 13:13;7755.0;7704.13;SPXW  260924C07755000;0.0;0.05
2026-09-24 13:13;7760.0;7704.13;SPXW  260924C07760000;0.0;0.05
2026-09-24 13:13;7765.0;7704.13;SPXW  260924C07765000;0.0;0.05
2026-09-24 13:13;7770.0;7704.13;SPXW  260924C07770000;0.0;0.05
2026-09-24 13:13;7775.0;7704.13;SPXW  260924C07775000;0.0;0.05
2026-09-24 13:13;7780.0;7704.13;SPXW  260924C07780000;0.0;0.05
2026-09-24 13:13;7785.0;7704.13;SPXW  260924C07785000;0.0;0.05
2026-09-24 13:13;7790.0;7704.13;SPXW  260924C07790000;0.0;0.05
2026-09-24 13:13;7795.0;7704.13;SPXW  260924C07795000;0.0;0.05
2026-09-24 13:13;7800.0;7704.13;SPXW  260924C07800000;0.0;0.05
2026-09-24 13:13;7805.0;7704.13;SPXW  260924C07805000;0.0;0.05
2026-09-24 13:13;7810.0;7704.13;SPXW  260924C07810000;0.0;0.05
2026-09-24 13:13;7815.0;7704.13;SPXW  260924C07815000;0.0;0.05
2026-09-24 13:13;7820.0;7704.13;SPXW  260924C07820000;0.0;0.05
2026-09-24 13:13;7825.0;7704.13;SPXW  260924C07825000;0.0;0.05
2026-09-24 13:13;7830.0;7704.13;SPXW  260924C07830000;0.0;0.05
2026-09-24 13:13;7835.0;7704.13;SPXW  260924C07835000;0.0;0.05
2026-09-24 13:13;7840.0;7704.13;SPXW  260924C07840000;0.0;0.05
2026-09-24 13:13;7845.0;7704.13;SPXW  260924C07845000;0.0;0.05
2026-09-24 13:13;7850.0;7704.13;SPXW  260924C07850000;0.0;0.05
2026-09-24 13:13;7855.0;7704.13;SPXW  260924C07855000;0.0;0.05
2026-09-24 13:13;7860.0;7704.13;SPXW  260924C07860000;0.0;0.05
2026-09-24 13:13;7865.0;7704.13;SPXW  260924C07865000;0.0;0.05
2026-09-24 13:13;7870.0;7704.13;SPXW  260924C07870000;0.0;0.05
2026-09-24 13:13;7875.0;7704.13;SPXW  260924C07875000;0.0;0.05
2026-09-24 13:13;7880.0;7704.13;SPXW  260924C07880000;0.0;0.05
2026-09-24 13:13;7885.0;7704.13;SPXW  260924C07885000;0.0;0.05
2026-09-24 13:13;7890.0;7704.13;SPXW  260924C07890000;0.0;0.05
2026-09-24 13:13;7895.0;7704.13;SPXW  260924C07895000;0.0;0.05
2026-09-24 13:13;7900.0;7704.13;SPXW  260924C07900000;0.0;0.05
2026-09-24 13:13;7905.0;7704.13;SPXW  260924C07905000;0.0;0.05
2026-09-24 13:13;7910.0;7704.13;SPXW  260924C07910000;0.0;0.05
2026-09-24 13:13;7915.0;7704.13;SPXW  260924C07915000;0.0;0.05
2026-09-24 13:13;7920.0;7704.13;SPXW  260924C07920000;0.0;0.05
2026-09-24 13:13;7925.0;7704.13;SPXW  260924C07925000;0.0;0.05
2026-09-24 13:13;7930.0;7704.13;SPXW  260924C07930000;0.0;0.05
2026-09-24 13:13;7935.0;7704.13;SPXW  260924C07935000;0.0;0.05
2026-09-24 13:13;7940.0;7704.13;SPXW  260924C07940000;0.0;0.05
2026-09-24 13:13;7945.0;7704.13;SPXW  260924C07945000;0.0;0.05
2026-09-24 13:13;7950.0;7704.13;SPXW  260924C07950000;0.0;0.05
2026-09-24 13:13;7455.0;7704.13;SPXW  260924P07455000;0.0;0.05
2026-09-24 13:13;7460.0;7704.13;SPXW  260924P07460000;0.0;0.05
2026-09-24 13:13;7465.0;7704.13;SPXW  260924P07465000;0.0;0.05
2026-09-24 13:13;7470.0;7704.13;SPXW  260924P07470000;0.0;0.05
2026-09-24 13:13;7475.0;7704.13;SPXW  260924P07475000;0.0;0.05
2026-09-24 13:13;7480.0;7704.13;SPXW  260924P07480000;0.0;0.05
2026-09-24 13:13;7485.0;7704.13;SPXW  260924P07485000;0.0;0.05
2026-09-24 13:13;7490.0;7704.13;SPXW  260924P07490000;0.0;0.05
2026-09-24 13:13;7495.0;7704.13;SPXW  260924P07495000;0.0;0.05
2026-09-24 13:13;7500.0;7704.13;SPXW  260924P07500000;0.0;0.05
2026-09-24 13:13;7505.0;7704.13;SPXW  260924P07505000;0.0;0.05
2026-09-24 13:13;7510.0;7704.13;SPXW  260924P07510000;0.0;0.05
2026-09-24 13:13;7515.0;7704.13;SPXW  260924P07515000;0.0;0.05
2026-09-24 13:13;7520.0;7704.13;SPXW  260924P07520000;0.0;0.05
2026-09-24 13:13;7525.0;7704.13;SPXW  260924P07525000;0.0;0.05
2026-09-24 13:13;7530.0;7704.13;SPXW  260924P07530000;0.0;0.05
2026-09-24 13:13;7535.0;7704.13;SPXW  260924P07535000;0.0;0.05
2026-09-24 13:13;7540.0;7704.13;SPXW  260924P07540000;0.0;0.05
2026-09-24 13:13;7545.0;7704.13;SPXW  260924P07545000;0.0;0.05
2026-09-24 13:13;7550.0;7704.13;SPXW  260924P07550000;0.0;0.05
2026-09-24 13:13;7555.0;7704.13;SPXW  260924P07555000;0.0;0.05
2026-09-24 13:13;7560.0;7704.13;SPXW  260924P07560000;0.0;0.05
2026-09-24 13:13;7565.0;7704.13;SPXW  260924P07565000;0.0;0.05
2026-09-24 13:13;7570.0;7704.13;SPXW  260924P07570000;0.0;0.05
2026-09-24 13:13;7575.0;7704.13;SPXW  260924P07575000;0.0;0.05
2026-09-24 13:13;7580.0;7704.13;SPXW  260924P07580000;0.0;0.05
2026-09-24 13:13;7585.0;7704.13;SPXW  260924P07585000;0.0;0.05
2026-09-24 13:13;7590.0;7704.13;SPXW  260924P07590000;0.0;0.05
2026-09-24 13:13;7595.0;7704.13;SPXW  260924P07595000;0.0;0.05
2026-09-24 13:13;7600.0;7704.13;SPXW  260924P07600000;0.0;0.05
2026-09-24 13:13;7605.0;7704.13;SPXW  260924P07605000;0.0;0.05
2026-09-24 13:13;7610.0;7704.13;SPXW  260924P07610000;0.0;0.05
2026-09-24 13:13;7615.0;7704.13;SPXW  260924P07615000;0.0;0.05
2026-09-24 13:13;7620.0;7704.13;SPXW  260924P07620000;0.0;0.05
2026-09-24 13:13;7625.0;7704.13;SPXW  260924P07625000;0.0;0.05
2026-09-24 13:13;7630.0;7704.13;SPXW  260924P07630000;0.0;0.05
2026-09-24 13:13;7635.0;7704.13;SPXW  260924P07635000;0.0;0.05
2026-09-24 13:13;7640.0;7704.13;SPXW  260924P07640000;0.0;0.05
2026-09-24 13:13;7645.0;7704.13;SPXW  260924P07645000;0.0;0.05
2026-09-24 13:13;7650.0;7704.13;SPXW  260924P07650000;0.0;0.05
2026-09-24 13:13;7655.0;7704.13;SPXW  260924P07655000;0.0;0.05
2026-09-24 13:13;7660.0;7704.13;SPXW  260924P07660000;0.0;0.05
2026-09-24 13:13;7665.0;7704.13;SPXW  260924P07665000;0.0;0.05
2026-09-24 13:13;7670.0;7704.13;SPXW  260924P07670000;0.0;0.05
2026-09-24 13:13;7675.0;7704.13;SPXW  260924P07675000;0.0;0.05
2026-09-24 13:13;7680.0;7704.13;SPXW  260924P07680000;0.0;0.05
2026-09-24 13:13;7685.0;7704.13;SPXW  260924P07685000;0.0;0.05
2026-09-24 13:13;7690.0;7704.13;SPXW  260924P07690000;0.0;0.05
2026-09-24 13:13;7695.0;7704.13;SPXW  260924P07695000;0.0;0.05
2026-09-24 13:13;7700.0;7704.13;SPXW  260924P07700000;0.0;0.05
2026-09-24 13:13;7705.0;7704.13;SPXW  260924P07705000;0.3;0.9
2026-09-24 13:13;7710.0;7704.13;SPXW  260924P07710000;4.7;6.0
2026-09-24 13:13;7715.0;7704.13;SPXW  260924P07715000;9.7;11.6
2026-09-24 13:13;7720.0;7704.13;SPXW  260924P07720000;14.7;16.6
2026-09-24 13:13;7725.0;7704.13;SPXW  260924P07725000;19.7;21.6
2026-09-24 13:13;7730.0;7704.13;SPXW  260924P07730000;24.7;26.6
2026-09-24 13:13;7735.0;7704.13;SPXW  260924P07735000;29.7;31.6
2026-09-24 13:13;7740.0;7704.13;SPXW  260924P07740000;34.7;36.6
2026-09-24 13:13;7745.0;7704.13;SPXW  260924P07745000;39.7;41.6
2026-09-24 13:13;7750.0;7704.13;SPXW  260924P07750000;44.7;46.6
2026-09-24 13:13;7755.0;7704.13;SPXW  260924P07755000;49.7;51.6
2026-09-24 13:13;7760.0;7704.13;SPXW  260924P07760000;54.7;56.6
2026-09-24 13:13;7765.0;7704.13;SPXW  260924P07765000;59.7;61.6
2026-09-24 13:13;7770.0;7704.13;SPXW  260924P07770000;64.7;66.6
2026-09-24 13:13;7775.0;7704.13;SPXW  260924P07775000;69.7;71.6
2026-09-24 13:13;7780.0;7704.13;SPXW  260924P07780000;74.7;76.6
2026-09-24 13:13;7785.0;7704.13;SPXW  260924P07785000;79.7;81.6
2026-09-24 13:13;7790.0;7704.13;SPXW  260924P07790000;84.7;86.6
2026-09-24 13:13;7795.0;7704.13;SPXW  260924P07795000;89.7;91.6
2026-09-24 13:13;7800.0;7704.13;SPXW  260924P07800000;94.7;96.6
2026-09-24 13:13;7805.0;7704.13;SPXW  260924P07805000;99.7;101.6
2026-09-24 13:13;7810.0;7704.13;SPXW  260924P07810000;104.7;106.6
2026-09-24 13:13;7815.0;7704.13;SPXW  260924P07815000;109.7;111.6
2026-09-24 13:13;7820.0;7704.13;SPXW  260924P07820000;114.7;116.6
2026-09-24 13:13;7825.0;7704.13;SPXW  260924P07825000;119.7;121.6
2026-09-24 13:13;7830.0;7704.13;SPXW  260924P07830000;124.7;126.6
2026-09-24 13:13;7835.0;7704.13;SPXW  260924P07835000;129.7;131.6
2026-09-24 13:13;7840.0;7704.13;SPXW  260924P07840000;134.7;136.6
2026-09-24 13:13;7845.0;7704.13;SPXW  260924P07845000;139.7;141.6
2026-09-24 13:13;7850.0;7704.13;SPXW  260924P07850000;144.7;146.6
2026-09-24 13:13;7855.0;7704.13;SPXW  260924P07855000;149.7;151.6
2026-09-24 13:13;7860.0;7704.13;SPXW  260924P07860000;154.7;156.6
2026-09-24 13:13;7865.0;7704.13;SPXW  260924P07865000;159.7;161.6
2026-09-24 13:13;7870.0;7704.13;SPXW  260924P07870000;164.7;166.6
2026-09-24 13:13;7875.0;7704.13;SPXW  260924P07875000;169.7;171.6
2026-09-24 13:13;7880.0;7704.13;SPXW  260924P07880000;174.7;176.6
2026-09-24 13:13;7885.0;7704.13;SPXW  260924P07885000;179.7;181.6
2026-09-24 13:13;7890.0;7704.13;SPXW  260924P07890000;184.7;186.6
2026-09-24 13:13;7895.0;7704.13;SPXW  260924P07895000;189.7;191.6
2026-09-24 13:13;7900.0;7704.13;SPXW  260924P07900000;194.7;196.6
2026-09-24 13:13;7905.0;7704.13;SPXW  260924P07905000;194.2;206.4
2026-09-24 13:13;7910.0;7704.13;SPXW  260924P07910000;199.2;212.9
2026-09-24 13:13;7915.0;7704.13;SPXW  260924P07915000;204.2;217.9
2026-09-24 13:13;7920.0;7704.13;SPXW  260924P07920000;209.2;222.9
2026-09-24 13:13;7925.0;7704.13;SPXW  260924P07925000;210.8;228.5
2026-09-24 13:13;7930.0;7704.13;SPXW  260924P07930000;215.8;233.6
2026-09-24 13:13;7935.0;7704.13;SPXW  260924P07935000;220.8;238.6
2026-09-24 13:13;7940.0;7704.13;SPXW  260924P07940000;225.8;243.6
2026-09-24 13:13;7945.0;7704.13;SPXW  260924P07945000;230.8;246.4
2026-09-24 13:13;7950.0;7704.13;SPXW  260924P07950000;235.8;253.1
2026-09-24 13:17;7455.0;7704.13;SPXW  260924C07455000;241.8;259.2
2026-09-24 13:17;7460.0;7704.13;SPXW  260924C07460000;236.6;254.2
2026-09-24 13:17;7465.0;7704.13;SPXW  260924C07465000;231.6;249.2
2026-09-24 13:17;7470.0;7704.13;SPXW  260924C07470000;226.9;244.2
2026-09-24 13:17;7475.0;7704.13;SPXW  260924C07475000;221.8;239.2
2026-09-24 13:17;7480.0;7704.13;SPXW  260924C07480000;217.1;234.1
2026-09-24 13:17;7485.0;7704.13;SPXW  260924C07485000;212.0;229.1
2026-09-24 13:17;7490.0;7704.13;SPXW  260924C07490000;207.0;220.7
2026-09-24 13:17;7495.0;7704.13;SPXW  260924C07495000;202.0;215.7
2026-09-24 13:17;7500.0;7704.13;SPXW  260924C07500000;197.0;210.7
2026-09-24 13:17;7505.0;7704.13;SPXW  260924C07505000;198.4;200.3
2026-09-24 13:17;7510.0;7704.13;SPXW  260924C07510000;193.4;195.3
2026-09-24 13:17;7515.0;7704.13;SPXW  260924C07515000;188.4;190.3
2026-09-24 13:17;7520.0;7704.13;SPXW  260924C07520000;183.4;185.3
2026-09-24 13:17;7525.0;7704.13;SPXW  260924C07525000;178.4;180.3
2026-09-24 13:17;7530.0;7704.13;SPXW  260924C07530000;173.4;175.3
2026-09-24 13:17;7535.0;7704.13;SPXW  260924C07535000;168.4;170.3
2026-09-24 13:17;7540.0;7704.13;SPXW  260924C07540000;163.4;165.3
2026-09-24 13:17;7545.0;7704.13;SPXW  260924C07545000;158.4;160.3
2026-09-24 13:17;7550.0;7704.13;SPXW  260924C07550000;153.4;155.3
2026-09-24 13:17;7555.0;7704.13;SPXW  260924C07555000;148.4;150.3
2026-09-24 13:17;7560.0;7704.13;SPXW  260924C07560000;143.4;145.3
2026-09-24 13:17;7565.0;7704.13;SPXW  260924C07565000;138.4;140.3
2026-09-24 13:17;7570.0;7704.13;SPXW  260924C07570000;133.4;135.3
2026-09-24 13:17;7575.0;7704.13;SPXW  260924C07575000;128.4;130.3
2026-09-24 13:17;7580.0;7704.13;SPXW  260924C07580000;123.4;125.3
2026-09-24 13:17;7585.0;7704.13;SPXW  260924C07585000;118.4;120.3
2026-09-24 13:17;7590.0;7704.13;SPXW  260924C07590000;113.4;115.3
2026-09-24 13:17;7595.0;7704.13;SPXW  260924C07595000;108.4;110.3
2026-09-24 13:17;7600.0;7704.13;SPXW  260924C07600000;103.4;105.3
2026-09-24 13:17;7605.0;7704.13;SPXW  260924C07605000;98.4;100.3
2026-09-24 13:17;7610.0;7704.13;SPXW  260924C07610000;93.4;95.3
2026-09-24 13:17;7615.0;7704.13;SPXW  260924C07615000;88.4;90.3
2026-09-24 13:17;7620.0;7704.13;SPXW  260924C07620000;83.4;85.3
2026-09-24 13:17;7625.0;7704.13;SPXW  260924C07625000;78.4;80.3
2026-09-24 13:17;7630.0;7704.13;SPXW  260924C07630000;73.4;75.3
2026-09-24 13:17;7635.0;7704.13;SPXW  260924C07635000;68.4;70.3
2026-09-24 13:17;7640.0;7704.13;SPXW  260924C07640000;63.4;65.3
2026-09-24 13:17;7645.0;7704.13;SPXW  260924C07645000;58.4;60.3
2026-09-24 13:17;7650.0;7704.13;SPXW  260924C07650000;53.4;55.3
2026-09-24 13:17;7655.0;7704.13;SPXW  260924C07655000;48.4;50.3
2026-09-24 13:17;7660.0;7704.13;SPXW  260924C07660000;43.4;45.3
2026-09-24 13:17;7665.0;7704.13;SPXW  260924C07665000;38.4;40.3
2026-09-24 13:17;7670.0;7704.13;SPXW  260924C07670000;33.4;35.3
2026-09-24 13:17;7675.0;7704.13;SPXW  260924C07675000;28.5;30.3
2026-09-24 13:17;7680.0;7704.13;SPXW  260924C07680000;23.7;25.3
2026-09-24 13:17;7685.0;7704.13;SPXW  260924C07685000;18.6;20.3
2026-09-24 13:17;7690.0;7704.13;SPXW  260924C07690000;13.7;15.3
2026-09-24 13:17;7695.0;7704.13;SPXW  260924C07695000;9.0;10.3
2026-09-24 13:17;7700.0;7704.13;SPXW  260924C07700000;3.8;5.3
2026-09-24 13:17;7705.0;7704.13;SPXW  260924C07705000;0.25;0.35
2026-09-24 13:17;7710.0;7704.13;SPXW  260924C07710000;0.0;0.05
2026-09-24 13:17;7715.0;7704.13;SPXW  260924C07715000;0.0;0.05
2026-09-24 13:17;7720.0;7704.13;SPXW  260924C07720000;0.0;0.05
2026-09-24 13:17;7725.0;7704.13;SPXW  260924C07725000;0.0;0.05
2026-09-24 13:17;7730.0;7704.13;SPXW  260924C07730000;0.0;0.05
2026-09-24 13:17;7735.0;7704.13;SPXW  260924C07735000;0.0;0.05
2026-09-24 13:17;7740.0;7704.13;SPXW  260924C07740000;0.0;0.05
2026-09-24 13:17;7745.0;7704.13;SPXW  260924C07745000;0.0;0.05
2026-09-24 13:17;7750.0;7704.13;SPXW  260924C07750000;0.0;0.05
2026-09-24 13:17;7755.0;7704.13;SPXW  260924C07755000;0.0;0.05
2026-09-24 13:17;7760.0;7704.13;SPXW  260924C07760000;0.0;0.05
2026-09-24 13:17;7765.0;7704.13;SPXW  260924C07765000;0.0;0.05
2026-09-24 13:17;7770.0;7704.13;SPXW  260924C07770000;0.0;0.05
2026-09-24 13:17;7775.0;7704.13;SPXW  260924C07775000;0.0;0.05
2026-09-24 13:17;7780.0;7704.13;SPXW  260924C07780000;0.0;0.05
2026-09-24 13:17;7785.0;7704.13;SPXW  260924C07785000;0.0;0.05
2026-09-24 13:17;7790.0;7704.13;SPXW  260924C07790000;0.0;0.05
2026-09-24 13:17;7795.0;7704.13;SPXW  260924C07795000;0.0;0.05
2026-09-24 13:17;7800.0;7704.13;SPXW  260924C07800000;0.0;0.05
2026-09-24 13:17;7805.0;7704.13;SPXW  260924C07805000;0.0;0.05
2026-09-24 13:17;7810.0;7704.13;SPXW  260924C07810000;0.0;0.05
2026-09-24 13:17;7815.0;7704.13;SPXW  260924C07815000;0.0;0.05
2026-09-24 13:17;7820.0;7704.13;SPXW  260924C07820000;0.0;0.05
2026-09-24 13:17;7825.0;7704.13;SPXW  260924C07825000;0.0;0.05
2026-09-24 13:17;7830.0;7704.13;SPXW  260924C07830000;0.0;0.05
2026-09-24 13:17;7835.0;7704.13;SPXW  260924C07835000;0.0;0.05
2026-09-24 13:17;7840.0;7704.13;SPXW  260924C07840000;0.0;0.05
2026-09-24 13:17;7845.0;7704.13;SPXW  260924C07845000;0.0;0.05
2026-09-24 13:17;7850.0;7704.13;SPXW  260924C07850000;0.0;0.05
2026-09-24 13:17;7855.0;7704.13;SPXW  260924C07855000;0.0;0.05
2026-09-24 13:17;7860.0;7704.13;SPXW  260924C07860000;0.0;0.05
2026-09-24 13:17;7865.0;7704.13;SPXW  260924C07865000;0.0;0.05
2026-09-24 13:17;7870.0;7704.13;SPXW  260924C07870000;0.0;0.05
2026-09-24 13:17;7875.0;7704.13;SPXW  260924C07875000;0.0;0.05
2026-09-24 13:17;7880.0;7704.13;SPXW  260924C07880000;0.0;0.05
2026-09-24 13:17;7885.0;7704.13;SPXW  260924C07885000;0.0;0.05
2026-09-24 13:17;7890.0;7704.13;SPXW  260924C07890000;0.0;0.05
2026-09-24 13:17;7895.0;7704.13;SPXW  260924C07895000;0.0;0.05
2026-09-24 13:17;7900.0;7704.13;SPXW  260924C07900000;0.0;0.05
2026-09-24 13:17;7905.0;7704.13;SPXW  260924C07905000;0.0;0.05
2026-09-24 13:17;7910.0;7704.13;SPXW  260924C07910000;0.0;0.05
2026-09-24 13:17;7915.0;7704.13;SPXW  260924C07915000;0.0;0.05
2026-09-24 13:17;7920.0;7704.13;SPXW  260924C07920000;0.0;0.05
2026-09-24 13:17;7925.0;7704.13;SPXW  260924C07925000;0.0;0.05
2026-09-24 13:17;7930.0;7704.13;SPXW  260924C07930000;0.0;0.05
2026-09-24 13:17;7935.0;7704.13;SPXW  260924C07935000;0.0;0.05
2026-09-24 13:17;7940.0;7704.13;SPXW  260924C07940000;0.0;0.05
2026-09-24 13:17;7945.0;7704.13;SPXW  260924C07945000;0.0;0.05
2026-09-24 13:17;7950.0;7704.13;SPXW  260924C07950000;0.0;0.05
2026-09-24 13:17;7455.0;7704.13;SPXW  260924P07455000;0.0;0.05
2026-09-24 13:17;7460.0;7704.13;SPXW  260924P07460000;0.0;0.05
2026-09-24 13:17;7465.0;7704.13;SPXW  260924P07465000;0.0;0.05
2026-09-24 13:17;7470.0;7704.13;SPXW  260924P07470000;0.0;0.05
2026-09-24 13:17;7475.0;7704.13;SPXW  260924P07475000;0.0;0.05
2026-09-24 13:17;7480.0;7704.13;SPXW  260924P07480000;0.0;0.05
2026-09-24 13:17;7485.0;7704.13;SPXW  260924P07485000;0.0;0.05
2026-09-24 13:17;7490.0;7704.13;SPXW  260924P07490000;0.0;0.05
2026-09-24 13:17;7495.0;7704.13;SPXW  260924P07495000;0.0;0.05
2026-09-24 13:17;7500.0;7704.13;SPXW  260924P07500000;0.0;0.05
2026-09-24 13:17;7505.0;7704.13;SPXW  260924P07505000;0.0;0.05
2026-09-24 13:17;7510.0;7704.13;SPXW  260924P07510000;0.0;0.05
2026-09-24 13:17;7515.0;7704.13;SPXW  260924P07515000;0.0;0.05
2026-09-24 13:17;7520.0;7704.13;SPXW  260924P07520000;0.0;0.05
2026-09-24 13:17;7525.0;7704.13;SPXW  260924P07525000;0.0;0.05
2026-09-24 13:17;7530.0;7704.13;SPXW  260924P07530000;0.0;0.05
2026-09-24 13:17;7535.0;7704.13;SPXW  260924P07535000;0.0;0.05
2026-09-24 13:17;7540.0;7704.13;SPXW  260924P07540000;0.0;0.05
2026-09-24 13:17;7545.0;7704.13;SPXW  260924P07545000;0.0;0.05
2026-09-24 13:17;7550.0;7704.13;SPXW  260924P07550000;0.0;0.05
2026-09-24 13:17;7555.0;7704.13;SPXW  260924P07555000;0.0;0.05
2026-09-24 13:17;7560.0;7704.13;SPXW  260924P07560000;0.0;0.05
2026-09-24 13:17;7565.0;7704.13;SPXW  260924P07565000;0.0;0.05
2026-09-24 13:17;7570.0;7704.13;SPXW  260924P07570000;0.0;0.05
2026-09-24 13:17;7575.0;7704.13;SPXW  260924P07575000;0.0;0.05
2026-09-24 13:17;7580.0;7704.13;SPXW  260924P07580000;0.0;0.05
2026-09-24 13:17;7585.0;7704.13;SPXW  260924P07585000;0.0;0.05
2026-09-24 13:17;7590.0;7704.13;SPXW  260924P07590000;0.0;0.05
2026-09-24 13:17;7595.0;7704.13;SPXW  260924P07595000;0.0;0.05
2026-09-24 13:17;7600.0;7704.13;SPXW  260924P07600000;0.0;0.05
2026-09-24 13:17;7605.0;7704.13;SPXW  260924P07605000;0.0;0.05
2026-09-24 13:17;7610.0;7704.13;SPXW  260924P07610000;0.0;0.05
2026-09-24 13:17;7615.0;7704.13;SPXW  260924P07615000;0.0;0.05
2026-09-24 13:17;7620.0;7704.13;SPXW  260924P07620000;0.0;0.05
2026-09-24 13:17;7625.0;7704.13;SPXW  260924P07625000;0.0;0.05
2026-09-24 13:17;7630.0;7704.13;SPXW  260924P07630000;0.0;0.05
2026-09-24 13:17;7635.0;7704.13;SPXW  260924P07635000;0.0;0.05
2026-09-24 13:17;7640.0;7704.13;SPXW  260924P07640000;0.0;0.05
2026-09-24 13:17;7645.0;7704.13;SPXW  260924P07645000;0.0;0.05
2026-09-24 13:17;7650.0;7704.13;SPXW  260924P07650000;0.0;0.05
2026-09-24 13:17;7655.0;7704.13;SPXW  260924P07655000;0.0;0.05
2026-09-24 13:17;7660.0;7704.13;SPXW  260924P07660000;0.0;0.05
2026-09-24 13:17;7665.0;7704.13;SPXW  260924P07665000;0.0;0.05
2026-09-24 13:17;7670.0;7704.13;SPXW  260924P07670000;0.0;0.05
2026-09-24 13:17;7675.0;7704.13;SPXW  260924P07675000;0.0;0.05
2026-09-24 13:17;7680.0;7704.13;SPXW  260924P07680000;0.0;0.05
2026-09-24 13:17;7685.0;7704.13;SPXW  260924P07685000;0.0;0.05
2026-09-24 13:17;7690.0;7704.13;SPXW  260924P07690000;0.0;0.05
2026-09-24 13:17;7695.0;7704.13;SPXW  260924P07695000;0.0;0.05
2026-09-24 13:17;7700.0;7704.13;SPXW  260924P07700000;0.0;0.05
2026-09-24 13:17;7705.0;7704.13;SPXW  260924P07705000;0.3;0.9
2026-09-24 13:17;7710.0;7704.13;SPXW  260924P07710000;4.7;6.0
2026-09-24 13:17;7715.0;7704.13;SPXW  260924P07715000;9.7;11.6
2026-09-24 13:17;7720.0;7704.13;SPXW  260924P07720000;14.7;16.6
2026-09-24 13:17;7725.0;7704.13;SPXW  260924P07725000;19.7;21.6
2026-09-24 13:17;7730.0;7704.13;SPXW  260924P07730000;24.7;26.6
2026-09-24 13:17;7735.0;7704.13;SPXW  260924P07735000;29.7;31.6
2026-09-24 13:17;7740.0;7704.13;SPXW  260924P07740000;34.7;36.6
2026-09-24 13:17;7745.0;7704.13;SPXW  260924P07745000;39.7;41.6
2026-09-24 13:17;7750.0;7704.13;SPXW  260924P07750000;44.7;46.6
2026-09-24 13:17;7755.0;7704.13;SPXW  260924P07755000;49.7;51.6
2026-09-24 13:17;7760.0;7704.13;SPXW  260924P07760000;54.7;56.6
2026-09-24 13:17;7765.0;7704.13;SPXW  260924P07765000;59.7;61.6
2026-09-24 13:17;7770.0;7704.13;SPXW  260924P07770000;64.7;66.6
2026-09-24 13:17;7775.0;7704.13;SPXW  260924P07775000;69.7;71.6
2026-09-24 13:17;7780.0;7704.13;SPXW  260924P07780000;74.7;76.6
2026-09-24 13:17;7785.0;7704.13;SPXW  260924P07785000;79.7;81.6
2026-09-24 13:17;7790.0;7704.13;SPXW  260924P07790000;84.7;86.6
2026-09-24 13:17;7795.0;7704.13;SPXW  260924P07795000;89.7;91.6
2026-09-24 13:17;7800.0;7704.13;SPXW  260924P07800000;94.7;96.6
2026-09-24 13:17;7805.0;7704.13;SPXW  260924P07805000;99.7;101.6
2026-09-24 13:17;7810.0;7704.13;SPXW  260924P07810000;104.7;106.6
2026-09-24 13:17;7815.0;7704.13;SPXW  260924P07815000;109.7;111.6
2026-09-24 13:17;7820.0;7704.13;SPXW  260924P07820000;114.7;116.6
2026-09-24 13:17;7825.0;7704.13;SPXW  260924P07825000;119.7;121.6
2026-09-24 13:17;7830.0;7704.13;SPXW  260924P07830000;124.7;126.6
2026-09-24 13:17;7835.0;7704.13;SPXW  260924P07835000;129.7;131.6
2026-09-24 13:17;7840.0;7704.13;SPXW  260924P07840000;134.7;136.6
2026-09-24 13:17;7845.0;7704.13;SPXW  260924P07845000;139.7;141.6
2026-09-24 13:17;7850.0;7704.13;SPXW  260924P07850000;144.7;146.6
2026-09-24 13:17;7855.0;7704.13;SPXW  260924P07855000;149.7;151.6
2026-09-24 13:17;7860.0;7704.13;SPXW  260924P07860000;154.7;156.6
2026-09-24 13:17;7865.0;7704.13;SPXW  260924P07865000;159.7;161.6
2026-09-24 13:17;7870.0;7704.13;SPXW  260924P07870000;164.7;166.6
2026-09-24 13:17;7875.0;7704.13;SPXW  260924P07875000;169.7;171.6
2026-09-24 13:17;7880.0;7704.13;SPXW  260924P07880000;174.7;176.6
2026-09-24 13:17;7885.0;7704.13;SPXW  260924P07885000;179.7;181.6
2026-09-24 13:17;7890.0;7704.13;SPXW  260924P07890000;184.7;186.6
2026-09-24 13:17;7895.0;7704.13;SPXW  260924P07895000;189.7;191.6
2026-09-24 13:17;7900.0;7704.13;SPXW  260924P07900000;194.7;196.6
2026-09-24 13:17;7905.0;7704.13;SPXW  260924P07905000;194.2;206.4
2026-09-24 13:17;7910.0;7704.13;SPXW  260924P07910000;199.2;212.9
2026-09-24 13:17;7915.0;7704.13;SPXW  260924P07915000;204.2;217.9
2026-09-24 13:17;7920.0;7704.13;SPXW  260924P07920000;209.2;222.9
2026-09-24 13:17;7925.0;7704.13;SPXW  260924P07925000;210.8;228.5
2026-09-24 13:17;7930.0;7704.13;SPXW  260924P07930000;215.8;233.6
2026-09-24 13:17;7935.0;7704.13;SPXW  260924P07935000;220.8;238.6
2026-09-24 13:17;7940.0;7704.13;SPXW  260924P07940000;225.8;243.6
2026-09-24 13:17;7945.0;7704.13;SPXW  260924P07945000;230.8;246.4
2026-09-24 13:17;7950.0;7704.13;SPXW  260924P07950000;235.8;253.1
2026-09-24 13:22;7455.0;7704.13;SPXW  260924C07455000;241.8;259.2
2026-09-24 13:22;7460.0;7704.13;SPXW  260924C07460000;236.6;254.2
2026-09-24 13:22;7465.0;7704.13;SPXW  260924C07465000;231.6;249.2
2026-09-24 13:22;7470.0;7704.13;SPXW  260924C07470000;226.9;244.2
2026-09-24 13:22;7475.0;7704.13;SPXW  260924C07475000;221.8;239.2
2026-09-24 13:22;7480.0;7704.13;SPXW  260924C07480000;217.1;234.1
2026-09-24 13:22;7485.0;7704.13;SPXW  260924C07485000;212.0;229.1
2026-09-24 13:22;7490.0;7704.13;SPXW  260924C07490000;207.0;220.7
2026-09-24 13:22;7495.0;7704.13;SPXW  260924C07495000;202.0;215.7
2026-09-24 13:22;7500.0;7704.13;SPXW  260924C07500000;197.0;210.7
2026-09-24 13:22;7505.0;7704.13;SPXW  260924C07505000;198.4;200.3
2026-09-24 13:22;7510.0;7704.13;SPXW  260924C07510000;193.4;195.3
2026-09-24 13:22;7515.0;7704.13;SPXW  260924C07515000;188.4;190.3
2026-09-24 13:22;7520.0;7704.13;SPXW  260924C07520000;183.4;185.3
2026-09-24 13:22;7525.0;7704.13;SPXW  260924C07525000;178.4;180.3
2026-09-24 13:22;7530.0;7704.13;SPXW  260924C07530000;173.4;175.3
2026-09-24 13:22;7535.0;7704.13;SPXW  260924C07535000;168.4;170.3
2026-09-24 13:22;7540.0;7704.13;SPXW  260924C07540000;163.4;165.3
2026-09-24 13:22;7545.0;7704.13;SPXW  260924C07545000;158.4;160.3
2026-09-24 13:22;7550.0;7704.13;SPXW  260924C07550000;153.4;155.3
2026-09-24 13:22;7555.0;7704.13;SPXW  260924C07555000;148.4;150.3
2026-09-24 13:22;7560.0;7704.13;SPXW  260924C07560000;143.4;145.3
2026-09-24 13:22;7565.0;7704.13;SPXW  260924C07565000;138.4;140.3
2026-09-24 13:22;7570.0;7704.13;SPXW  260924C07570000;133.4;135.3
2026-09-24 13:22;7575.0;7704.13;SPXW  260924C07575000;128.4;130.3
2026-09-24 13:22;7580.0;7704.13;SPXW  260924C07580000;123.4;125.3
2026-09-24 13:22;7585.0;7704.13;SPXW  260924C07585000;118.4;120.3
2026-09-24 13:22;7590.0;7704.13;SPXW  260924C07590000;113.4;115.3
2026-09-24 13:22;7595.0;7704.13;SPXW  260924C07595000;108.4;110.3
2026-09-24 13:22;7600.0;7704.13;SPXW  260924C07600000;103.4;105.3
2026-09-24 13:22;7605.0;7704.13;SPXW  260924C07605000;98.4;100.3
2026-09-24 13:22;7610.0;7704.13;SPXW  260924C07610000;93.4;95.3
2026-09-24 13:22;7615.0;7704.13;SPXW  260924C07615000;88.4;90.3
2026-09-24 13:22;7620.0;7704.13;SPXW  260924C07620000;83.4;85.3
2026-09-24 13:22;7625.0;7704.13;SPXW  260924C07625000;78.4;80.3
2026-09-24 13:22;7630.0;7704.13;SPXW  260924C07630000;73.4;75.3
2026-09-24 13:22;7635.0;7704.13;SPXW  260924C07635000;68.4;70.3
2026-09-24 13:22;7640.0;7704.13;SPXW  260924C07640000;63.4;65.3
2026-09-24 13:22;7645.0;7704.13;SPXW  260924C07645000;58.4;60.3
2026-09-24 13:22;7650.0;7704.13;SPXW  260924C07650000;53.4;55.3
2026-09-24 13:22;7655.0;7704.13;SPXW  260924C07655000;48.4;50.3
2026-09-24 13:22;7660.0;7704.13;SPXW  260924C07660000;43.4;45.3
2026-09-24 13:22;7665.0;7704.13;SPXW  260924C07665000;38.4;40.3
2026-09-24 13:22;7670.0;7704.13;SPXW  260924C07670000;33.4;35.3
2026-09-24 13:22;7675.0;7704.13;SPXW  260924C07675000;28.5;30.3
2026-09-24 13:22;7680.0;7704.13;SPXW  260924C07680000;23.7;25.3
2026-09-24 13:22;7685.0;7704.13;SPXW  260924C07685000;18.6;20.3
2026-09-24 13:22;7690.0;7704.13;SPXW  260924C07690000;13.7;15.3
2026-09-24 13:22;7695.0;7704.13;SPXW  260924C07695000;9.0;10.3
2026-09-24 13:22;7700.0;7704.13;SPXW  260924C07700000;3.8;5.3
2026-09-24 13:22;7705.0;7704.13;SPXW  260924C07705000;0.25;0.35
2026-09-24 13:22;7710.0;7704.13;SPXW  260924C07710000;0.0;0.05
2026-09-24 13:22;7715.0;7704.13;SPXW  260924C07715000;0.0;0.05
2026-09-24 13:22;7720.0;7704.13;SPXW  260924C07720000;0.0;0.05
2026-09-24 13:22;7725.0;7704.13;SPXW  260924C07725000;0.0;0.05
2026-09-24 13:22;7730.0;7704.13;SPXW  260924C07730000;0.0;0.05
2026-09-24 13:22;7735.0;7704.13;SPXW  260924C07735000;0.0;0.05
2026-09-24 13:22;7740.0;7704.13;SPXW  260924C07740000;0.0;0.05
2026-09-24 13:22;7745.0;7704.13;SPXW  260924C07745000;0.0;0.05
2026-09-24 13:22;7750.0;7704.13;SPXW  260924C07750000;0.0;0.05
2026-09-24 13:22;7755.0;7704.13;SPXW  260924C07755000;0.0;0.05
2026-09-24 13:22;7760.0;7704.13;SPXW  260924C07760000;0.0;0.05
2026-09-24 13:22;7765.0;7704.13;SPXW  260924C07765000;0.0;0.05
2026-09-24 13:22;7770.0;7704.13;SPXW  260924C07770000;0.0;0.05
2026-09-24 13:22;7775.0;7704.13;SPXW  260924C07775000;0.0;0.05
2026-09-24 13:22;7780.0;7704.13;SPXW  260924C07780000;0.0;0.05
2026-09-24 13:22;7785.0;7704.13;SPXW  260924C07785000;0.0;0.05
2026-09-24 13:22;7790.0;7704.13;SPXW  260924C07790000;0.0;0.05
2026-09-24 13:22;7795.0;7704.13;SPXW  260924C07795000;0.0;0.05
2026-09-24 13:22;7800.0;7704.13;SPXW  260924C07800000;0.0;0.05
2026-09-24 13:22;7805.0;7704.13;SPXW  260924C07805000;0.0;0.05
2026-09-24 13:22;7810.0;7704.13;SPXW  260924C07810000;0.0;0.05
2026-09-24 13:22;7815.0;7704.13;SPXW  260924C07815000;0.0;0.05
2026-09-24 13:22;7820.0;7704.13;SPXW  260924C07820000;0.0;0.05
2026-09-24 13:22;7825.0;7704.13;SPXW  260924C07825000;0.0;0.05
2026-09-24 13:22;7830.0;7704.13;SPXW  260924C07830000;0.0;0.05
2026-09-24 13:22;7835.0;7704.13;SPXW  260924C07835000;0.0;0.05
2026-09-24 13:22;7840.0;7704.13;SPXW  260924C07840000;0.0;0.05
2026-09-24 13:22;7845.0;7704.13;SPXW  260924C07845000;0.0;0.05
2026-09-24 13:22;7850.0;7704.13;SPXW  260924C07850000;0.0;0.05
2026-09-24 13:22;7855.0;7704.13;SPXW  260924C07855000;0.0;0.05
2026-09-24 13:22;7860.0;7704.13;SPXW  260924C07860000;0.0;0.05
2026-09-24 13:22;7865.0;7704.13;SPXW  260924C07865000;0.0;0.05
2026-09-24 13:22;7870.0;7704.13;SPXW  260924C07870000;0.0;0.05
2026-09-24 13:22;7875.0;7704.13;SPXW  260924C07875000;0.0;0.05
2026-09-24 13:22;7880.0;7704.13;SPXW  260924C07880000;0.0;0.05
2026-09-24 13:22;7885.0;7704.13;SPXW  260924C07885000;0.0;0.05
2026-09-24 13:22;7890.0;7704.13;SPXW  260924C07890000;0.0;0.05
2026-09-24 13:22;7895.0;7704.13;SPXW  260924C07895000;0.0;0.05
2026-09-24 13:22;7900.0;7704.13;SPXW  260924C07900000;0.0;0.05
2026-09-24 13:22;7905.0;7704.13;SPXW  260924C07905000;0.0;0.05
2026-09-24 13:22;7910.0;7704.13;SPXW  260924C07910000;0.0;0.05
2026-09-24 13:22;7915.0;7704.13;SPXW  260924C07915000;0.0;0.05
2026-09-24 13:22;7920.0;7704.13;SPXW  260924C07920000;0.0;0.05
2026-09-24 13:22;7925.0;7704.13;SPXW  260924C07925000;0.0;0.05
2026-09-24 13:22;7930.0;7704.13;SPXW  260924C07930000;0.0;0.05
2026-09-24 13:22;7935.0;7704.13;SPXW  260924C07935000;0.0;0.05
2026-09-24 13:22;7940.0;7704.13;SPXW  260924C07940000;0.0;0.05
2026-09-24 13:22;7945.0;7704.13;SPXW  260924C07945000;0.0;0.05
2026-09-24 13:22;7950.0;7704.13;SPXW  260924C07950000;0.0;0.05
2026-09-24 13:22;7455.0;7704.13;SPXW  260924P07455000;0.0;0.05
2026-09-24 13:22;7460.0;7704.13;SPXW  260924P07460000;0.0;0.05
2026-09-24 13:22;7465.0;7704.13;SPXW  260924P07465000;0.0;0.05
2026-09-24 13:22;7470.0;7704.13;SPXW  260924P07470000;0.0;0.05
2026-09-24 13:22;7475.0;7704.13;SPXW  260924P07475000;0.0;0.05
2026-09-24 13:22;7480.0;7704.13;SPXW  260924P07480000;0.0;0.05
2026-09-24 13:22;7485.0;7704.13;SPXW  260924P07485000;0.0;0.05
2026-09-24 13:22;7490.0;7704.13;SPXW  260924P07490000;0.0;0.05
2026-09-24 13:22;7495.0;7704.13;SPXW  260924P07495000;0.0;0.05
2026-09-24 13:22;7500.0;7704.13;SPXW  260924P07500000;0.0;0.05
2026-09-24 13:22;7505.0;7704.13;SPXW  260924P07505000;0.0;0.05
2026-09-24 13:22;7510.0;7704.13;SPXW  260924P07510000;0.0;0.05
2026-09-24 13:22;7515.0;7704.13;SPXW  260924P07515000;0.0;0.05
2026-09-24 13:22;7520.0;7704.13;SPXW  260924P07520000;0.0;0.05
2026-09-24 13:22;7525.0;7704.13;SPXW  260924P07525000;0.0;0.05
2026-09-24 13:22;7530.0;7704.13;SPXW  260924P07530000;0.0;0.05
2026-09-24 13:22;7535.0;7704.13;SPXW  260924P07535000;0.0;0.05
2026-09-24 13:22;7540.0;7704.13;SPXW  260924P07540000;0.0;0.05
2026-09-24 13:22;7545.0;7704.13;SPXW  260924P07545000;0.0;0.05
2026-09-24 13:22;7550.0;7704.13;SPXW  260924P07550000;0.0;0.05
2026-09-24 13:22;7555.0;7704.13;SPXW  260924P07555000;0.0;0.05
2026-09-24 13:22;7560.0;7704.13;SPXW  260924P07560000;0.0;0.05
2026-09-24 13:22;7565.0;7704.13;SPXW  260924P07565000;0.0;0.05
2026-09-24 13:22;7570.0;7704.13;SPXW  260924P07570000;0.0;0.05
2026-09-24 13:22;7575.0;7704.13;SPXW  260924P07575000;0.0;0.05
2026-09-24 13:22;7580.0;7704.13;SPXW  260924P07580000;0.0;0.05
2026-09-24 13:22;7585.0;7704.13;SPXW  260924P07585000;0.0;0.05
2026-09-24 13:22;7590.0;7704.13;SPXW  260924P07590000;0.0;0.05
2026-09-24 13:22;7595.0;7704.13;SPXW  260924P07595000;0.0;0.05
2026-09-24 13:22;7600.0;7704.13;SPXW  260924P07600000;0.0;0.05
2026-09-24 13:22;7605.0;7704.13;SPXW  260924P07605000;0.0;0.05
2026-09-24 13:22;7610.0;7704.13;SPXW  260924P07610000;0.0;0.05
2026-09-24 13:22;7615.0;7704.13;SPXW  260924P07615000;0.0;0.05
2026-09-24 13:22;7620.0;7704.13;SPXW  260924P07620000;0.0;0.05
2026-09-24 13:22;7625.0;7704.13;SPXW  260924P07625000;0.0;0.05
2026-09-24 13:22;7630.0;7704.13;SPXW  260924P07630000;0.0;0.05
2026-09-24 13:22;7635.0;7704.13;SPXW  260924P07635000;0.0;0.05
2026-09-24 13:22;7640.0;7704.13;SPXW  260924P07640000;0.0;0.05
2026-09-24 13:22;7645.0;7704.13;SPXW  260924P07645000;0.0;0.05
2026-09-24 13:22;7650.0;7704.13;SPXW  260924P07650000;0.0;0.05
2026-09-24 13:22;7655.0;7704.13;SPXW  260924P07655000;0.0;0.05
2026-09-24 13:22;7660.0;7704.13;SPXW  260924P07660000;0.0;0.05
2026-09-24 13:22;7665.0;7704.13;SPXW  260924P07665000;0.0;0.05
2026-09-24 13:22;7670.0;7704.13;SPXW  260924P07670000;0.0;0.05
2026-09-24 13:22;7675.0;7704.13;SPXW  260924P07675000;0.0;0.05
2026-09-24 13:22;7680.0;7704.13;SPXW  260924P07680000;0.0;0.05
2026-09-24 13:22;7685.0;7704.13;SPXW  260924P07685000;0.0;0.05
2026-09-24 13:22;7690.0;7704.13;SPXW  260924P07690000;0.0;0.05
2026-09-24 13:22;7695.0;7704.13;SPXW  260924P07695000;0.0;0.05
2026-09-24 13:22;7700.0;7704.13;SPXW  260924P07700000;0.0;0.05
2026-09-24 13:22;7705.0;7704.13;SPXW  260924P07705000;0.3;0.9
2026-09-24 13:22;7710.0;7704.13;SPXW  260924P07710000;4.7;6.0
2026-09-24 13:22;7715.0;7704.13;SPXW  260924P07715000;9.7;11.6
2026-09-24 13:22;7720.0;7704.13;SPXW  260924P07720000;14.7;16.6
2026-09-24 13:22;7725.0;7704.13;SPXW  260924P07725000;19.7;21.6
2026-09-24 13:22;7730.0;7704.13;SPXW  260924P07730000;24.7;26.6
2026-09-24 13:22;7735.0;7704.13;SPXW  260924P07735000;29.7;31.6
2026-09-24 13:22;7740.0;7704.13;SPXW  260924P07740000;34.7;36.6
2026-09-24 13:22;7745.0;7704.13;SPXW  260924P07745000;39.7;41.6
2026-09-24 13:22;7750.0;7704.13;SPXW  260924P07750000;44.7;46.6
2026-09-24 13:22;7755.0;7704.13;SPXW  260924P07755000;49.7;51.6
2026-09-24 13:22;7760.0;7704.13;SPXW  260924P07760000;54.7;56.6
2026-09-24 13:22;7765.0;7704.13;SPXW  260924P07765000;59.7;61.6
2026-09-24 13:22;7770.0;7704.13;SPXW  260924P07770000;64.7;66.6
2026-09-24 13:22;7775.0;7704.13;SPXW  260924P07775000;69.7;71.6
2026-09-24 13:22;7780.0;7704.13;SPXW  260924P07780000;74.7;76.6
2026-09-24 13:22;7785.0;7704.13;SPXW  260924P07785000;79.7;81.6
2026-09-24 13:22;7790.0;7704.13;SPXW  260924P07790000;84.7;86.6
2026-09-24 13:22;7795.0;7704.13;SPXW  260924P07795000;89.7;91.6
2026-09-24 13:22;7800.0;7704.13;SPXW  260924P07800000;94.7;96.6
2026-09-24 13:22;7805.0;7704.13;SPXW  260924P07805000;99.7;101.6
2026-09-24 13:22;7810.0;7704.13;SPXW  260924P07810000;104.7;106.6
2026-09-24 13:22;7815.0;7704.13;SPXW  260924P07815000;109.7;111.6
2026-09-24 13:22;7820.0;7704.13;SPXW  260924P07820000;114.7;116.6
2026-09-24 13:22;7825.0;7704.13;SPXW  260924P07825000;119.7;121.6
2026-09-24 13:22;7830.0;7704.13;SPXW  260924P07830000;124.7;126.6
2026-09-24 13:22;7835.0;7704.13;SPXW  260924P07835000;129.7;131.6
2026-09-24 13:22;7840.0;7704.13;SPXW  260924P07840000;134.7;136.6
2026-09-24 13:22;7845.0;7704.13;SPXW  260924P07845000;139.7;141.6
2026-09-24 13:22;7850.0;7704.13;SPXW  260924P07850000;144.7;146.6
2026-09-24 13:22;7855.0;7704.13;SPXW  260924P07855000;149.7;151.6
2026-09-24 13:22;7860.0;7704.13;SPXW  260924P07860000;154.7;156.6
2026-09-24 13:22;7865.0;7704.13;SPXW  260924P07865000;159.7;161.6
2026-09-24 13:22;7870.0;7704.13;SPXW  260924P07870000;164.7;166.6
2026-09-24 13:22;7875.0;7704.13;SPXW  260924P07875000;169.7;171.6
2026-09-24 13:22;7880.0;7704.13;SPXW  260924P07880000;174.7;176.6
2026-09-24 13:22;7885.0;7704.13;SPXW  260924P07885000;179.7;181.6
2026-09-24 13:22;7890.0;7704.13;SPXW  260924P07890000;184.7;186.6
2026-09-24 13:22;7895.0;7704.13;SPXW  260924P07895000;189.7;191.6
2026-09-24 13:22;7900.0;7704.13;SPXW  260924P07900000;194.7;196.6
2026-09-24 13:22;7905.0;7704.13;SPXW  260924P07905000;194.2;206.4
2026-09-24 13:22;7910.0;7704.13;SPXW  260924P07910000;199.2;212.9
2026-09-24 13:22;7915.0;7704.13;SPXW  260924P07915000;204.2;217.9
2026-09-24 13:22;7920.0;7704.13;SPXW  260924P07920000;209.2;222.9
2026-09-24 13:22;7925.0;7704.13;SPXW  260924P07925000;210.8;228.5
2026-09-24 13:22;7930.0;7704.13;SPXW  260924P07930000;215.8;233.6
2026-09-24 13:22;7935.0;7704.13;SPXW  260924P07935000;220.8;238.6
2026-09-24 13:22;7940.0;7704.13;SPXW  260924P07940000;225.8;243.6
2026-09-24 13:22;7945.0;7704.13;SPXW  260924P07945000;230.8;246.4
2026-09-24 13:22;7950.0;7704.13;SPXW  260924P07950000;235.8;253.1
2026-09-24 13:26;7455.0;7704.13;SPXW  260924C07455000;241.8;259.2
2026-09-24 13:26;7460.0;7704.13;SPXW  260924C07460000;236.6;254.2
2026-09-24 13:26;7465.0;7704.13;SPXW  260924C07465000;231.6;249.2
2026-09-24 13:26;7470.0;7704.13;SPXW  260924C07470000;226.9;244.2
2026-09-24 13:26;7475.0;7704.13;SPXW  260924C07475000;221.8;239.2
2026-09-24 13:26;7480.0;7704.13;SPXW  260924C07480000;217.1;234.1
2026-09-24 13:26;7485.0;7704.13;SPXW  260924C07485000;212.0;229.1
2026-09-24 13:26;7490.0;7704.13;SPXW  260924C07490000;207.0;220.7
2026-09-24 13:26;7495.0;7704.13;SPXW  260924C07495000;202.0;215.7
2026-09-24 13:26;7500.0;7704.13;SPXW  260924C07500000;197.0;210.7
2026-09-24 13:26;7505.0;7704.13;SPXW  260924C07505000;198.4;200.3
2026-09-24 13:26;7510.0;7704.13;SPXW  260924C07510000;193.4;195.3
2026-09-24 13:26;7515.0;7704.13;SPXW  260924C07515000;188.4;190.3
2026-09-24 13:26;7520.0;7704.13;SPXW  260924C07520000;183.4;185.3
2026-09-24 13:26;7525.0;7704.13;SPXW  260924C07525000;178.4;180.3
2026-09-24 13:26;7530.0;7704.13;SPXW  260924C07530000;173.4;175.3
2026-09-24 13:26;7535.0;7704.13;SPXW  260924C07535000;168.4;170.3
2026-09-24 13:26;7540.0;7704.13;SPXW  260924C07540000;163.4;165.3
2026-09-24 13:26;7545.0;7704.13;SPXW  260924C07545000;158.4;160.3
2026-09-24 13:26;7550.0;7704.13;SPXW  260924C07550000;153.4;155.3
2026-09-24 13:26;7555.0;7704.13;SPXW  260924C07555000;148.4;150.3
2026-09-24 13:26;7560.0;7704.13;SPXW  260924C07560000;143.4;145.3
2026-09-24 13:26;7565.0;7704.13;SPXW  260924C07565000;138.4;140.3
2026-09-24 13:26;7570.0;7704.13;SPXW  260924C07570000;133.4;135.3
2026-09-24 13:26;7575.0;7704.13;SPXW  260924C07575000;128.4;130.3
2026-09-24 13:26;7580.0;7704.13;SPXW  260924C07580000;123.4;125.3
2026-09-24 13:26;7585.0;7704.13;SPXW  260924C07585000;118.4;120.3
2026-09-24 13:26;7590.0;7704.13;SPXW  260924C07590000;113.4;115.3
2026-09-24 13:26;7595.0;7704.13;SPXW  260924C07595000;108.4;110.3
2026-09-24 13:26;7600.0;7704.13;SPXW  260924C07600000;103.4;105.3
2026-09-24 13:26;7605.0;7704.13;SPXW  260924C07605000;98.4;100.3
2026-09-24 13:26;7610.0;7704.13;SPXW  260924C07610000;93.4;95.3
2026-09-24 13:26;7615.0;7704.13;SPXW  260924C07615000;88.4;90.3
2026-09-24 13:26;7620.0;7704.13;SPXW  260924C07620000;83.4;85.3
2026-09-24 13:26;7625.0;7704.13;SPXW  260924C07625000;78.4;80.3
2026-09-24 13:26;7630.0;7704.13;SPXW  260924C07630000;73.4;75.3
2026-09-24 13:26;7635.0;7704.13;SPXW  260924C07635000;68.4;70.3
2026-09-24 13:26;7640.0;7704.13;SPXW  260924C07640000;63.4;65.3
2026-09-24 13:26;7645.0;7704.13;SPXW  260924C07645000;58.4;60.3
2026-09-24 13:26;7650.0;7704.13;SPXW  260924C07650000;53.4;55.3
2026-09-24 13:26;7655.0;7704.13;SPXW  260924C07655000;48.4;50.3
2026-09-24 13:26;7660.0;7704.13;SPXW  260924C07660000;43.4;45.3
2026-09-24 13:26;7665.0;7704.13;SPXW  260924C07665000;38.4;40.3
2026-09-24 13:26;7670.0;7704.13;SPXW  260924C07670000;33.4;35.3
2026-09-24 13:26;7675.0;7704.13;SPXW  260924C07675000;28.5;30.3
2026-09-24 13:26;7680.0;7704.13;SPXW  260924C07680000;23.7;25.3
2026-09-24 13:26;7685.0;7704.13;SPXW  260924C07685000;18.6;20.3
2026-09-24 13:26;7690.0;7704.13;SPXW  260924C07690000;13.7;15.3
2026-09-24 13:26;7695.0;7704.13;SPXW  260924C07695000;9.0;10.3
2026-09-24 13:26;7700.0;7704.13;SPXW  260924C07700000;3.8;5.3
2026-09-24 13:26;7705.0;7704.13;SPXW  260924C07705000;0.25;0.35
2026-09-24 13:26;7710.0;7704.13;SPXW  260924C07710000;0.0;0.05
2026-09-24 13:26;7715.0;7704.13;SPXW  260924C07715000;0.0;0.05
2026-09-24 13:26;7720.0;7704.13;SPXW  260924C07720000;0.0;0.05
2026-09-24 13:26;7725.0;7704.13;SPXW  260924C07725000;0.0;0.05
2026-09-24 13:26;7730.0;7704.13;SPXW  260924C07730000;0.0;0.05
2026-09-24 13:26;7735.0;7704.13;SPXW  260924C07735000;0.0;0.05
2026-09-24 13:26;7740.0;7704.13;SPXW  260924C07740000;0.0;0.05
2026-09-24 13:26;7745.0;7704.13;SPXW  260924C07745000;0.0;0.05
2026-09-24 13:26;7750.0;7704.13;SPXW  260924C07750000;0.0;0.05
2026-09-24 13:26;7755.0;7704.13;SPXW  260924C07755000;0.0;0.05
2026-09-24 13:26;7760.0;7704.13;SPXW  260924C07760000;0.0;0.05
2026-09-24 13:26;7765.0;7704.13;SPXW  260924C07765000;0.0;0.05
2026-09-24 13:26;7770.0;7704.13;SPXW  260924C07770000;0.0;0.05
2026-09-24 13:26;7775.0;7704.13;SPXW  260924C07775000;0.0;0.05
2026-09-24 13:26;7780.0;7704.13;SPXW  260924C07780000;0.0;0.05
2026-09-24 13:26;7785.0;7704.13;SPXW  260924C07785000;0.0;0.05
2026-09-24 13:26;7790.0;7704.13;SPXW  260924C07790000;0.0;0.05
2026-09-24 13:26;7795.0;7704.13;SPXW  260924C07795000;0.0;0.05
2026-09-24 13:26;7800.0;7704.13;SPXW  260924C07800000;0.0;0.05
2026-09-24 13:26;7805.0;7704.13;SPXW  260924C07805000;0.0;0.05
2026-09-24 13:26;7810.0;7704.13;SPXW  260924C07810000;0.0;0.05
2026-09-24 13:26;7815.0;7704.13;SPXW  260924C07815000;0.0;0.05
2026-09-24 13:26;7820.0;7704.13;SPXW  260924C07820000;0.0;0.05
2026-09-24 13:26;7825.0;7704.13;SPXW  260924C07825000;0.0;0.05
2026-09-24 13:26;7830.0;7704.13;SPXW  260924C07830000;0.0;0.05
2026-09-24 13:26;7835.0;7704.13;SPXW  260924C07835000;0.0;0.05
2026-09-24 13:26;7840.0;7704.13;SPXW  260924C07840000;0.0;0.05
2026-09-24 13:26;7845.0;7704.13;SPXW  260924C07845000;0.0;0.05
2026-09-24 13:26;7850.0;7704.13;SPXW  260924C07850000;0.0;0.05
2026-09-24 13:26;7855.0;7704.13;SPXW  260924C07855000;0.0;0.05
2026-09-24 13:26;7860.0;7704.13;SPXW  260924C07860000;0.0;0.05
2026-09-24 13:26;7865.0;7704.13;SPXW  260924C07865000;0.0;0.05
2026-09-24 13:26;7870.0;7704.13;SPXW  260924C07870000;0.0;0.05
2026-09-24 13:26;7875.0;7704.13;SPXW  260924C07875000;0.0;0.05
2026-09-24 13:26;7880.0;7704.13;SPXW  260924C07880000;0.0;0.05
2026-09-24 13:26;7885.0;7704.13;SPXW  260924C07885000;0.0;0.05
2026-09-24 13:26;7890.0;7704.13;SPXW  260924C07890000;0.0;0.05
2026-09-24 13:26;7895.0;7704.13;SPXW  260924C07895000;0.0;0.05
2026-09-24 13:26;7900.0;7704.13;SPXW  260924C07900000;0.0;0.05
2026-09-24 13:26;7905.0;7704.13;SPXW  260924C07905000;0.0;0.05
2026-09-24 13:26;7910.0;7704.13;SPXW  260924C07910000;0.0;0.05
2026-09-24 13:26;7915.0;7704.13;SPXW  260924C07915000;0.0;0.05
2026-09-24 13:26;7920.0;7704.13;SPXW  260924C07920000;0.0;0.05
2026-09-24 13:26;7925.0;7704.13;SPXW  260924C07925000;0.0;0.05
2026-09-24 13:26;7930.0;7704.13;SPXW  260924C07930000;0.0;0.05
2026-09-24 13:26;7935.0;7704.13;SPXW  260924C07935000;0.0;0.05
2026-09-24 13:26;7940.0;7704.13;SPXW  260924C07940000;0.0;0.05
2026-09-24 13:26;7945.0;7704.13;SPXW  260924C07945000;0.0;0.05
2026-09-24 13:26;7950.0;7704.13;SPXW  260924C07950000;0.0;0.05
2026-09-24 13:26;7455.0;7704.13;SPXW  260924P07455000;0.0;0.05
2026-09-24 13:26;7460.0;7704.13;SPXW  260924P07460000;0.0;0.05
2026-09-24 13:26;7465.0;7704.13;SPXW  260924P07465000;0.0;0.05
2026-09-24 13:26;7470.0;7704.13;SPXW  260924P07470000;0.0;0.05
2026-09-24 13:26;7475.0;7704.13;SPXW  260924P07475000;0.0;0.05
2026-09-24 13:26;7480.0;7704.13;SPXW  260924P07480000;0.0;0.05
2026-09-24 13:26;7485.0;7704.13;SPXW  260924P07485000;0.0;0.05
2026-09-24 13:26;7490.0;7704.13;SPXW  260924P07490000;0.0;0.05
2026-09-24 13:26;7495.0;7704.13;SPXW  260924P07495000;0.0;0.05
2026-09-24 13:26;7500.0;7704.13;SPXW  260924P07500000;0.0;0.05
2026-09-24 13:26;7505.0;7704.13;SPXW  260924P07505000;0.0;0.05
2026-09-24 13:26;7510.0;7704.13;SPXW  260924P07510000;0.0;0.05
2026-09-24 13:26;7515.0;7704.13;SPXW  260924P07515000;0.0;0.05
2026-09-24 13:26;7520.0;7704.13;SPXW  260924P07520000;0.0;0.05
2026-09-24 13:26;7525.0;7704.13;SPXW  260924P07525000;0.0;0.05
2026-09-24 13:26;7530.0;7704.13;SPXW  260924P07530000;0.0;0.05
2026-09-24 13:26;7535.0;7704.13;SPXW  260924P07535000;0.0;0.05
2026-09-24 13:26;7540.0;7704.13;SPXW  260924P07540000;0.0;0.05
2026-09-24 13:26;7545.0;7704.13;SPXW  260924P07545000;0.0;0.05
2026-09-24 13:26;7550.0;7704.13;SPXW  260924P07550000;0.0;0.05
2026-09-24 13:26;7555.0;7704.13;SPXW  260924P07555000;0.0;0.05
2026-09-24 13:26;7560.0;7704.13;SPXW  260924P07560000;0.0;0.05
2026-09-24 13:26;7565.0;7704.13;SPXW  260924P07565000;0.0;0.05
2026-09-24 13:26;7570.0;7704.13;SPXW  260924P07570000;0.0;0.05
2026-09-24 13:26;7575.0;7704.13;SPXW  260924P07575000;0.0;0.05
2026-09-24 13:26;7580.0;7704.13;SPXW  260924P07580000;0.0;0.05
2026-09-24 13:26;7585.0;7704.13;SPXW  260924P07585000;0.0;0.05
2026-09-24 13:26;7590.0;7704.13;SPXW  260924P07590000;0.0;0.05
2026-09-24 13:26;7595.0;7704.13;SPXW  260924P07595000;0.0;0.05
2026-09-24 13:26;7600.0;7704.13;SPXW  260924P07600000;0.0;0.05
2026-09-24 13:26;7605.0;7704.13;SPXW  260924P07605000;0.0;0.05
2026-09-24 13:26;7610.0;7704.13;SPXW  260924P07610000;0.0;0.05
2026-09-24 13:26;7615.0;7704.13;SPXW  260924P07615000;0.0;0.05
2026-09-24 13:26;7620.0;7704.13;SPXW  260924P07620000;0.0;0.05
2026-09-24 13:26;7625.0;7704.13;SPXW  260924P07625000;0.0;0.05
2026-09-24 13:26;7630.0;7704.13;SPXW  260924P07630000;0.0;0.05
2026-09-24 13:26;7635.0;7704.13;SPXW  260924P07635000;0.0;0.05
2026-09-24 13:26;7640.0;7704.13;SPXW  260924P07640000;0.0;0.05
2026-09-24 13:26;7645.0;7704.13;SPXW  260924P07645000;0.0;0.05
2026-09-24 13:26;7650.0;7704.13;SPXW  260924P07650000;0.0;0.05
2026-09-24 13:26;7655.0;7704.13;SPXW  260924P07655000;0.0;0.05
2026-09-24 13:26;7660.0;7704.13;SPXW  260924P07660000;0.0;0.05
2026-09-24 13:26;7665.0;7704.13;SPXW  260924P07665000;0.0;0.05
2026-09-24 13:26;7670.0;7704.13;SPXW  260924P07670000;0.0;0.05
2026-09-24 13:26;7675.0;7704.13;SPXW  260924P07675000;0.0;0.05
2026-09-24 13:26;7680.0;7704.13;SPXW  260924P07680000;0.0;0.05
2026-09-24 13:26;7685.0;7704.13;SPXW  260924P07685000;0.0;0.05
2026-09-24 13:26;7690.0;7704.13;SPXW  260924P07690000;0.0;0.05
2026-09-24 13:26;7695.0;7704.13;SPXW  260924P07695000;0.0;0.05
2026-09-24 13:26;7700.0;7704.13;SPXW  260924P07700000;0.0;0.05
2026-09-24 13:26;7705.0;7704.13;SPXW  260924P07705000;0.3;0.9
2026-09-24 13:26;7710.0;7704.13;SPXW  260924P07710000;4.7;6.0
2026-09-24 13:26;7715.0;7704.13;SPXW  260924P07715000;9.7;11.6
2026-09-24 13:26;7720.0;7704.13;SPXW  260924P07720000;14.7;16.6
2026-09-24 13:26;7725.0;7704.13;SPXW  260924P07725000;19.7;21.6
2026-09-24 13:26;7730.0;7704.13;SPXW  260924P07730000;24.7;26.6
2026-09-24 13:26;7735.0;7704.13;SPXW  260924P07735000;29.7;31.6
2026-09-24 13:26;7740.0;7704.13;SPXW  260924P07740000;34.7;36.6
2026-09-24 13:26;7745.0;7704.13;SPXW  260924P07745000;39.7;41.6
2026-09-24 13:26;7750.0;7704.13;SPXW  260924P07750000;44.7;46.6
2026-09-24 13:26;7755.0;7704.13;SPXW  260924P07755000;49.7;51.6
2026-09-24 13:26;7760.0;7704.13;SPXW  260924P07760000;54.7;56.6
2026-09-24 13:26;7765.0;7704.13;SPXW  260924P07765000;59.7;61.6
2026-09-24 13:26;7770.0;7704.13;SPXW  260924P07770000;64.7;66.6
2026-09-24 13:26;7775.0;7704.13;SPXW  260924P07775000;69.7;71.6
2026-09-24 13:26;7780.0;7704.13;SPXW  260924P07780000;74.7;76.6
2026-09-24 13:26;7785.0;7704.13;SPXW  260924P07785000;79.7;81.6
2026-09-24 13:26;7790.0;7704.13;SPXW  260924P07790000;84.7;86.6
2026-09-24 13:26;7795.0;7704.13;SPXW  260924P07795000;89.7;91.6
2026-09-24 13:26;7800.0;7704.13;SPXW  260924P07800000;94.7;96.6
2026-09-24 13:26;7805.0;7704.13;SPXW  260924P07805000;99.7;101.6
2026-09-24 13:26;7810.0;7704.13;SPXW  260924P07810000;104.7;106.6
2026-09-24 13:26;7815.0;7704.13;SPXW  260924P07815000;109.7;111.6
2026-09-24 13:26;7820.0;7704.13;SPXW  260924P07820000;114.7;116.6
2026-09-24 13:26;7825.0;7704.13;SPXW  260924P07825000;119.7;121.6
2026-09-24 13:26;7830.0;7704.13;SPXW  260924P07830000;124.7;126.6
2026-09-24 13:26;7835.0;7704.13;SPXW  260924P07835000;129.7;131.6
2026-09-24 13:26;7840.0;7704.13;SPXW  260924P07840000;134.7;136.6
2026-09-24 13:26;7845.0;7704.13;SPXW  260924P07845000;139.7;141.6
2026-09-24 13:26;7850.0;7704.13;SPXW  260924P07850000;144.7;146.6
2026-09-24 13:26;7855.0;7704.13;SPXW  260924P07855000;149.7;151.6
2026-09-24 13:26;7860.0;7704.13;SPXW  260924P07860000;154.7;156.6
2026-09-24 13:26;7865.0;7704.13;SPXW  260924P07865000;159.7;161.6
2026-09-24 13:26;7870.0;7704.13;SPXW  260924P07870000;164.7;166.6
2026-09-24 13:26;7875.0;7704.13;SPXW  260924P07875000;169.7;171.6
2026-09-24 13:26;7880.0;7704.13;SPXW  260924P07880000;174.7;176.6
2026-09-24 13:26;7885.0;7704.13;SPXW  260924P07885000;179.7;181.6
2026-09-24 13:26;7890.0;7704.13;SPXW  260924P07890000;184.7;186.6
2026-09-24 13:26;7895.0;7704.13;SPXW  260924P07895000;189.7;191.6
2026-09-24 13:26;7900.0;7704.13;SPXW  260924P07900000;194.7;196.6
2026-09-24 13:26;7905.0;7704.13;SPXW  260924P07905000;194.2;206.4
2026-09-24 13:26;7910.0;7704.13;SPXW  260924P07910000;199.2;212.9
2026-09-24 13:26;7915.0;7704.13;SPXW  260924P07915000;204.2;217.9
2026-09-24 13:26;7920.0;7704.13;SPXW  260924P07920000;209.2;222.9
2026-09-24 13:26;7925.0;7704.13;SPXW  260924P07925000;210.8;228.5
2026-09-24 13:26;7930.0;7704.13;SPXW  260924P07930000;215.8;233.6
2026-09-24 13:26;7935.0;7704.13;SPXW  260924P07935000;220.8;238.6
2026-09-24 13:26;7940.0;7704.13;SPXW  260924P07940000;225.8;243.6
2026-09-24 13:26;7945.0;7704.13;SPXW  260924P07945000;230.8;246.4
2026-09-24 13:26;7950.0;7704.13;SPXW  260924P07950000;235.8;253.1
